Usage_kWh,Lagging_Current_Reactive.Power_kVarh,Leading_Current_Reactive_Power_kVarh,WeekStatus,Day_of_week,Load_Type,Leading_Current_Power_Factor,Lagging_Current_Power_Factor
2.88,3.82,0.00,Weekend,Sunday,Light_Load,100.00,60.20
60.77,48.02,0.00,Weekday,Thursday,Maximum_Load,100.00,78.46
120.42,59.65,0.00,Weekday,Friday,Maximum_Load,100.00,89.61
3.13,0.00,16.60,Weekend,Saturday,Light_Load,18.53,100.00
58.86,20.99,0.00,Weekday,Friday,Medium_Load,100.00,94.19
3.10,3.49,0.00,Weekday,Monday,Light_Load,100.00,66.41
9.40,0.00,20.52,Weekday,Tuesday,Medium_Load,41.65,100.00
3.60,3.35,0.00,Weekday,Wednesday,Light_Load,100.00,73.21
4.61,2.20,0.07,Weekday,Friday,Light_Load,99.99,90.25
3.78,3.13,0.11,Weekend,Saturday,Light_Load,99.96,77.02
2.84,5.26,0.00,Weekend,Sunday,Light_Load,100.00,47.51
3.02,5.26,0.00,Weekday,Wednesday,Light_Load,100.00,49.79
2.84,5.36,0.00,Weekday,Thursday,Light_Load,100.00,46.82
64.84,51.37,0.00,Weekday,Thursday,Maximum_Load,100.00,78.38
2.81,5.18,0.00,Weekend,Sunday,Light_Load,100.00,47.68
87.05,36.65,0.00,Weekday,Friday,Medium_Load,100.00,92.16
3.64,3.20,0.00,Weekend,Saturday,Light_Load,100.00,75.10
111.20,52.49,0.00,Weekday,Monday,Maximum_Load,100.00,90.43
72.86,56.99,0.00,Weekday,Tuesday,Maximum_Load,100.00,78.77
37.80,2.20,0.40,Weekday,Friday,Medium_Load,99.99,99.83
53.93,32.47,0.00,Weekday,Friday,Light_Load,100.00,85.67
58.93,30.38,0.00,Weekday,Friday,Maximum_Load,100.00,88.88
2.59,5.36,0.00,Weekday,Wednesday,Light_Load,100.00,43.51
3.71,0.00,20.16,Weekend,Saturday,Medium_Load,18.10,100.00
3.42,0.00,19.48,Weekday,Wednesday,Maximum_Load,17.29,100.00
2.88,4.14,0.00,Weekday,Thursday,Light_Load,100.00,57.11
64.94,29.56,0.00,Weekday,Friday,Maximum_Load,100.00,91.01
97.13,43.92,0.00,Weekday,Thursday,Medium_Load,100.00,91.12
69.55,29.77,0.00,Weekday,Monday,Medium_Load,100.00,91.93
2.59,3.38,0.00,Weekend,Sunday,Light_Load,100.00,60.82
4.68,0.00,6.34,Weekend,Sunday,Light_Load,59.39,100.00
37.30,2.88,1.22,Weekday,Wednesday,Medium_Load,99.95,99.70
3.49,6.26,0.00,Weekday,Friday,Light_Load,100.00,48.69
3.53,4.93,0.00,Weekday,Friday,Light_Load,100.00,58.22
3.10,3.71,0.00,Weekday,Thursday,Light_Load,100.00,64.12
3.53,5.26,0.00,Weekday,Tuesday,Light_Load,100.00,55.72
56.34,31.25,0.00,Weekday,Monday,Light_Load,100.00,87.45
3.31,2.77,0.00,Weekday,Thursday,Light_Load,100.00,76.69
3.38,5.76,0.00,Weekday,Thursday,Light_Load,100.00,50.61
2.66,4.79,0.00,Weekday,Wednesday,Light_Load,100.00,48.55
2.99,4.82,0.00,Weekday,Thursday,Light_Load,100.00,52.71
8.39,0.00,22.79,Weekday,Thursday,Medium_Load,34.55,100.00
3.60,3.31,0.00,Weekday,Tuesday,Light_Load,100.00,73.61
4.72,0.00,22.10,Weekend,Sunday,Medium_Load,20.89,100.00
76.18,47.41,0.00,Weekday,Monday,Maximum_Load,100.00,84.90
3.60,0.00,17.39,Weekday,Monday,Light_Load,20.27,100.00
4.90,0.00,24.01,Weekday,Monday,Medium_Load,20.00,100.00
47.20,24.48,0.00,Weekday,Friday,Medium_Load,100.00,88.77
59.04,26.28,0.00,Weekday,Friday,Maximum_Load,100.00,91.36
2.84,4.36,0.00,Weekday,Tuesday,Light_Load,100.00,54.58
64.26,38.77,0.00,Weekday,Wednesday,Maximum_Load,100.00,85.62
5.69,0.00,20.20,Weekday,Tuesday,Medium_Load,27.11,100.00
2.74,6.01,0.00,Weekday,Thursday,Light_Load,100.00,41.48
57.89,29.48,0.00,Weekday,Thursday,Maximum_Load,100.00,89.11
3.02,0.00,16.85,Weekend,Sunday,Light_Load,17.64,100.00
35.03,30.74,0.00,Weekday,Tuesday,Light_Load,100.00,75.16
5.54,0.00,19.98,Weekday,Thursday,Medium_Load,26.72,100.00
4.64,3.89,0.00,Weekend,Saturday,Light_Load,100.00,76.63
2.95,4.86,0.00,Weekday,Thursday,Light_Load,100.00,51.89
59.76,14.15,0.00,Weekday,Monday,Maximum_Load,100.00,97.31
5.22,0.00,20.70,Weekday,Thursday,Medium_Load,24.45,100.00
67.68,40.68,0.00,Weekday,Friday,Maximum_Load,100.00,85.71
118.22,54.04,0.00,Weekday,Thursday,Medium_Load,100.00,90.95
5.90,5.29,0.00,Weekday,Wednesday,Light_Load,100.00,74.45
3.17,5.33,0.00,Weekend,Saturday,Light_Load,100.00,51.12
3.17,4.79,0.00,Weekend,Sunday,Light_Load,100.00,55.19
50.08,31.97,0.00,Weekday,Wednesday,Light_Load,100.00,84.29
3.82,2.84,0.07,Weekend,Saturday,Light_Load,99.98,80.25
57.85,22.50,0.00,Weekday,Thursday,Medium_Load,100.00,93.20
27.65,17.17,0.11,Weekday,Wednesday,Light_Load,100.00,84.95
3.02,3.74,0.00,Weekday,Tuesday,Light_Load,100.00,62.82
3.28,2.41,0.07,Weekday,Tuesday,Light_Load,99.98,80.59
60.44,33.73,0.61,Weekday,Friday,Medium_Load,99.99,87.32
3.20,3.10,0.00,Weekday,Tuesday,Light_Load,100.00,71.82
37.87,14.72,0.65,Weekday,Monday,Medium_Load,99.99,93.21
40.07,8.10,0.00,Weekday,Thursday,Maximum_Load,100.00,98.02
3.13,4.90,0.00,Weekday,Tuesday,Medium_Load,100.00,53.83
3.82,3.31,0.00,Weekday,Monday,Light_Load,100.00,75.58
57.85,23.98,0.00,Weekday,Friday,Maximum_Load,100.00,92.38
47.41,29.12,0.00,Weekday,Thursday,Medium_Load,100.00,85.21
3.20,3.17,0.00,Weekday,Thursday,Light_Load,100.00,71.04
2.52,4.36,0.00,Weekday,Tuesday,Light_Load,100.00,50.04
47.23,13.21,0.00,Weekend,Saturday,Medium_Load,100.00,96.30
2.81,5.04,0.00,Weekday,Monday,Light_Load,100.00,48.70
3.82,4.86,0.00,Weekday,Wednesday,Light_Load,100.00,61.80
3.53,0.00,14.15,Weekend,Saturday,Light_Load,24.21,100.00
43.49,23.87,0.00,Weekend,Saturday,Medium_Load,100.00,87.66
3.17,6.12,0.00,Weekend,Sunday,Light_Load,100.00,45.99
2.74,4.90,0.00,Weekend,Sunday,Light_Load,100.00,48.81
5.33,5.04,0.00,Weekday,Monday,Light_Load,100.00,72.66
53.75,16.24,2.66,Weekday,Tuesday,Maximum_Load,99.88,95.73
65.16,17.64,0.00,Weekday,Wednesday,Maximum_Load,100.00,96.53
30.85,7.49,0.00,Weekend,Saturday,Maximum_Load,100.00,97.18
3.13,4.00,0.00,Weekday,Thursday,Light_Load,100.00,61.63
80.14,35.82,0.00,Weekday,Tuesday,Maximum_Load,100.00,91.30
2.63,4.07,0.00,Weekday,Tuesday,Light_Load,100.00,54.27
3.85,0.00,17.32,Weekday,Tuesday,Medium_Load,21.70,100.00
63.61,18.36,0.00,Weekday,Tuesday,Maximum_Load,100.00,96.08
48.38,28.01,0.00,Weekday,Thursday,Maximum_Load,100.00,86.54
2.88,0.00,13.54,Weekend,Saturday,Light_Load,20.80,100.00
129.13,46.58,0.00,Weekday,Monday,Medium_Load,100.00,94.07
41.69,21.17,0.00,Weekday,Wednesday,Medium_Load,100.00,89.16
75.82,43.56,0.00,Weekday,Tuesday,Medium_Load,100.00,86.71
3.53,4.54,0.00,Weekend,Saturday,Light_Load,100.00,61.38
49.00,27.72,0.00,Weekday,Wednesday,Maximum_Load,100.00,87.04
4.97,0.00,25.56,Weekday,Friday,Medium_Load,19.09,100.00
58.97,25.85,0.00,Weekday,Wednesday,Medium_Load,100.00,91.59
3.20,5.22,0.00,Weekday,Wednesday,Light_Load,100.00,52.26
117.07,46.44,0.00,Weekday,Monday,Medium_Load,100.00,92.95
3.49,4.86,0.00,Weekend,Saturday,Light_Load,100.00,58.33
21.10,2.52,2.92,Weekend,Sunday,Maximum_Load,99.06,99.29
2.74,4.68,0.00,Weekend,Sunday,Light_Load,100.00,50.52
3.46,2.56,0.04,Weekday,Thursday,Light_Load,99.99,80.39
5.00,0.00,26.46,Weekend,Sunday,Medium_Load,18.57,100.00
2.84,4.68,0.00,Weekday,Monday,Light_Load,100.00,51.88
4.39,0.00,17.17,Weekend,Saturday,Medium_Load,24.77,100.00
5.26,3.31,0.00,Weekday,Friday,Maximum_Load,100.00,84.64
58.10,52.96,0.00,Weekday,Monday,Light_Load,100.00,73.90
2.81,5.26,0.00,Weekday,Tuesday,Light_Load,100.00,47.12
67.43,44.50,0.00,Weekday,Thursday,Maximum_Load,100.00,83.46
60.30,22.10,0.00,Weekday,Friday,Medium_Load,100.00,93.89
5.00,4.82,0.00,Weekday,Thursday,Light_Load,100.00,71.99
99.58,38.99,0.00,Weekday,Thursday,Medium_Load,100.00,93.12
3.53,3.20,0.00,Weekday,Thursday,Light_Load,100.00,74.09
70.06,27.47,0.00,Weekday,Thursday,Medium_Load,100.00,93.10
3.96,3.64,0.00,Weekend,Sunday,Light_Load,100.00,73.62
4.14,5.47,0.00,Weekday,Thursday,Maximum_Load,100.00,60.35
3.38,0.00,14.62,Weekend,Sunday,Light_Load,22.52,100.00
3.06,3.67,0.00,Weekend,Sunday,Light_Load,100.00,64.04
101.27,47.59,0.00,Weekday,Monday,Maximum_Load,100.00,90.50
14.00,0.00,21.82,Weekend,Sunday,Maximum_Load,54.00,100.00
6.26,0.00,6.77,Weekend,Saturday,Light_Load,67.89,100.00
3.89,3.89,0.00,Weekday,Monday,Light_Load,100.00,70.71
4.43,0.00,21.13,Weekday,Monday,Medium_Load,20.52,100.00
4.28,3.67,0.04,Weekday,Tuesday,Light_Load,100.00,75.91
2.92,4.32,0.00,Weekday,Monday,Light_Load,100.00,56.00
51.73,17.53,0.00,Weekday,Thursday,Maximum_Load,100.00,94.71
54.11,27.22,0.00,Weekday,Monday,Maximum_Load,100.00,89.33
3.49,7.85,0.00,Weekday,Wednesday,Light_Load,100.00,40.62
94.00,36.50,0.00,Weekday,Tuesday,Maximum_Load,100.00,93.22
3.85,0.00,23.04,Weekday,Monday,Medium_Load,16.48,100.00
92.84,40.79,0.00,Weekday,Thursday,Maximum_Load,100.00,91.55
57.56,35.35,0.00,Weekday,Friday,Light_Load,100.00,85.21
3.17,4.32,0.00,Weekend,Saturday,Light_Load,100.00,59.16
5.76,10.22,0.00,Weekend,Sunday,Light_Load,100.00,49.10
67.18,19.94,0.00,Weekday,Wednesday,Medium_Load,100.00,95.87
3.56,2.74,0.14,Weekday,Monday,Light_Load,99.92,79.25
48.17,15.52,0.00,Weekday,Tuesday,Medium_Load,100.00,95.18
4.03,0.00,20.45,Weekday,Tuesday,Light_Load,19.33,100.00
3.06,5.40,0.00,Weekday,Tuesday,Medium_Load,100.00,49.30
3.38,6.41,0.00,Weekday,Friday,Light_Load,100.00,46.64
3.35,0.00,15.05,Weekend,Saturday,Light_Load,21.73,100.00
2.88,1.94,0.25,Weekday,Wednesday,Light_Load,99.63,82.94
60.59,14.98,0.00,Weekday,Wednesday,Medium_Load,100.00,97.08
3.13,5.47,0.00,Weekend,Saturday,Light_Load,100.00,49.67
88.92,65.88,0.00,Weekday,Monday,Light_Load,100.00,80.35
3.42,0.00,14.00,Weekday,Tuesday,Light_Load,23.73,100.00
47.99,7.42,0.25,Weekday,Thursday,Maximum_Load,100.00,98.83
68.80,26.39,0.00,Weekday,Wednesday,Medium_Load,100.00,93.37
139.57,58.90,0.00,Weekday,Thursday,Maximum_Load,100.00,92.13
73.62,13.25,1.69,Weekday,Wednesday,Maximum_Load,99.97,98.42
2.66,4.32,0.00,Weekday,Wednesday,Light_Load,100.00,52.43
2.66,5.18,0.00,Weekday,Monday,Light_Load,100.00,45.68
3.24,3.96,0.00,Weekday,Friday,Light_Load,100.00,63.32
15.01,0.04,13.50,Weekend,Sunday,Maximum_Load,74.35,100.00
2.63,4.54,0.00,Weekend,Sunday,Light_Load,100.00,50.13
3.13,0.00,16.42,Weekend,Saturday,Light_Load,18.72,100.00
2.66,0.00,9.94,Weekend,Sunday,Light_Load,25.85,100.00
2.63,5.36,0.00,Weekday,Wednesday,Light_Load,100.00,44.05
3.17,4.54,0.00,Weekend,Sunday,Light_Load,100.00,57.25
3.60,3.74,0.00,Weekday,Tuesday,Light_Load,100.00,69.35
3.71,0.00,26.10,Weekday,Wednesday,Medium_Load,14.07,100.00
40.68,7.38,0.36,Weekday,Friday,Medium_Load,100.00,98.39
3.38,0.00,13.14,Weekend,Saturday,Light_Load,24.91,100.00
61.67,22.43,1.73,Weekday,Monday,Medium_Load,99.96,93.98
4.93,6.26,0.00,Weekday,Thursday,Light_Load,100.00,61.87
4.00,5.47,0.00,Weekday,Wednesday,Light_Load,100.00,59.03
3.78,6.80,0.00,Weekday,Thursday,Maximum_Load,100.00,48.59
12.49,3.02,12.92,Weekday,Monday,Medium_Load,69.50,97.20
3.06,1.08,5.22,Weekend,Saturday,Light_Load,50.57,94.30
3.02,5.65,0.00,Weekday,Friday,Light_Load,100.00,47.14
2.99,5.22,0.00,Weekend,Saturday,Light_Load,100.00,49.70
2.66,5.69,0.00,Weekday,Monday,Light_Load,100.00,42.35
5.18,0.00,25.99,Weekday,Monday,Medium_Load,19.55,100.00
3.35,2.48,0.00,Weekday,Monday,Light_Load,100.00,80.37
42.05,13.14,0.43,Weekday,Friday,Maximum_Load,99.99,95.45
60.88,31.57,0.00,Weekday,Thursday,Maximum_Load,100.00,88.77
3.13,2.77,0.00,Weekend,Saturday,Light_Load,100.00,74.89
55.01,31.75,0.00,Weekday,Monday,Medium_Load,100.00,86.61
55.84,31.25,0.00,Weekday,Monday,Maximum_Load,100.00,87.26
88.85,36.76,0.00,Weekday,Friday,Maximum_Load,100.00,92.40
3.78,0.00,25.88,Weekday,Monday,Medium_Load,14.45,100.00
9.68,0.00,25.34,Weekday,Friday,Medium_Load,35.69,100.00
33.52,0.58,3.24,Weekend,Saturday,Maximum_Load,99.54,99.99
3.56,0.00,17.28,Weekend,Sunday,Light_Load,20.18,100.00
51.19,48.92,0.00,Weekday,Friday,Light_Load,100.00,72.30
2.99,4.36,0.00,Weekday,Monday,Light_Load,100.00,56.56
2.92,5.72,0.00,Weekday,Monday,Light_Load,100.00,45.47
104.54,47.95,0.00,Weekday,Thursday,Medium_Load,100.00,90.89
4.93,0.00,20.20,Weekend,Sunday,Light_Load,23.71,100.00
3.06,5.76,0.00,Weekend,Sunday,Light_Load,100.00,46.92
52.81,28.22,0.00,Weekday,Tuesday,Maximum_Load,100.00,88.20
2.88,0.00,12.24,Weekend,Sunday,Medium_Load,22.90,100.00
48.42,16.27,0.00,Weekend,Sunday,Medium_Load,100.00,94.79
58.64,44.46,0.00,Weekday,Tuesday,Medium_Load,100.00,79.69
2.95,0.00,16.45,Weekday,Thursday,Light_Load,17.65,100.00
3.20,3.13,0.00,Weekday,Thursday,Light_Load,100.00,71.49
3.60,5.04,0.00,Weekday,Thursday,Medium_Load,100.00,58.12
125.10,50.22,0.00,Weekday,Thursday,Maximum_Load,100.00,92.80
2.95,4.68,0.00,Weekday,Monday,Light_Load,100.00,53.32
2.48,2.05,2.27,Weekday,Tuesday,Light_Load,73.76,77.08
3.82,0.00,16.34,Weekday,Friday,Medium_Load,22.76,100.00
58.25,27.25,0.00,Weekday,Friday,Maximum_Load,100.00,90.58
5.00,0.00,18.18,Weekday,Thursday,Medium_Load,26.52,100.00
42.77,17.86,0.00,Weekday,Thursday,Medium_Load,100.00,92.28
68.47,44.28,0.00,Weekday,Monday,Medium_Load,100.00,83.97
3.10,0.00,15.95,Weekend,Sunday,Light_Load,19.08,100.00
4.43,4.61,0.00,Weekday,Monday,Light_Load,100.00,69.29
4.07,5.87,0.00,Weekday,Thursday,Light_Load,100.00,56.98
58.79,33.62,0.00,Weekday,Friday,Maximum_Load,100.00,86.81
5.15,0.00,25.70,Weekend,Sunday,Light_Load,19.65,100.00
59.76,16.96,0.00,Weekday,Thursday,Medium_Load,100.00,96.20
4.97,9.22,0.00,Weekday,Thursday,Medium_Load,100.00,47.45
56.74,24.62,0.00,Weekend,Saturday,Maximum_Load,100.00,91.74
6.34,0.86,13.75,Weekend,Saturday,Medium_Load,41.87,99.09
5.80,5.26,0.00,Weekday,Tuesday,Light_Load,100.00,74.07
3.92,0.00,20.74,Weekend,Saturday,Light_Load,18.57,100.00
48.28,24.44,0.00,Weekday,Wednesday,Medium_Load,100.00,89.22
4.75,0.00,21.10,Weekend,Saturday,Maximum_Load,21.96,100.00
64.87,31.50,0.00,Weekday,Thursday,Maximum_Load,100.00,89.96
2.70,5.00,0.00,Weekend,Saturday,Light_Load,100.00,47.51
3.28,4.68,0.00,Weekday,Wednesday,Light_Load,100.00,57.39
51.08,17.68,0.00,Weekday,Thursday,Medium_Load,100.00,94.50
57.28,26.17,0.00,Weekday,Friday,Maximum_Load,100.00,90.96
3.28,0.00,13.64,Weekend,Saturday,Light_Load,23.38,100.00
3.31,3.74,0.00,Weekday,Monday,Light_Load,100.00,66.27
5.33,5.80,0.00,Weekday,Thursday,Light_Load,100.00,67.66
56.66,32.62,0.00,Weekday,Friday,Maximum_Load,100.00,86.66
5.22,6.12,0.00,Weekday,Tuesday,Light_Load,100.00,64.89
9.83,3.35,9.76,Weekend,Saturday,Medium_Load,70.96,94.65
40.10,3.13,0.40,Weekday,Thursday,Medium_Load,100.00,99.70
58.79,29.66,0.00,Weekday,Monday,Medium_Load,100.00,89.28
67.36,33.98,0.00,Weekday,Tuesday,Maximum_Load,100.00,89.28
30.35,0.54,2.02,Weekend,Sunday,Maximum_Load,99.78,99.98
59.36,46.84,0.00,Weekday,Thursday,Maximum_Load,100.00,78.50
90.58,19.87,0.50,Weekend,Sunday,Medium_Load,100.00,97.68
3.06,2.38,0.00,Weekday,Wednesday,Light_Load,100.00,78.94
32.69,9.07,4.39,Weekday,Monday,Maximum_Load,99.11,96.36
3.31,0.00,4.50,Weekend,Sunday,Light_Load,59.25,100.00
3.28,2.27,0.11,Weekend,Saturday,Light_Load,99.94,82.23
2.56,5.51,0.00,Weekday,Wednesday,Light_Load,100.00,42.14
48.92,46.26,0.00,Weekday,Friday,Light_Load,100.00,72.66
71.42,12.49,0.00,Weekday,Tuesday,Medium_Load,100.00,98.51
52.42,18.25,0.00,Weekday,Wednesday,Medium_Load,100.00,94.44
3.13,0.00,16.60,Weekend,Sunday,Light_Load,18.53,100.00
86.98,45.97,0.00,Weekday,Friday,Maximum_Load,100.00,88.41
2.95,0.00,11.41,Weekend,Saturday,Light_Load,25.03,100.00
69.16,21.38,0.00,Weekday,Thursday,Maximum_Load,100.00,95.54
2.77,5.47,0.00,Weekday,Wednesday,Medium_Load,100.00,45.18
5.18,0.00,26.78,Weekday,Wednesday,Medium_Load,18.99,100.00
3.02,0.00,14.72,Weekend,Sunday,Light_Load,20.10,100.00
3.06,0.00,12.64,Weekend,Sunday,Light_Load,23.53,100.00
10.22,0.11,5.47,Weekend,Sunday,Medium_Load,88.17,99.99
81.58,26.78,0.00,Weekday,Tuesday,Medium_Load,100.00,95.01
68.51,30.53,0.00,Weekday,Tuesday,Medium_Load,100.00,91.34
5.08,4.82,0.00,Weekday,Thursday,Medium_Load,100.00,72.54
2.77,4.54,0.00,Weekend,Sunday,Light_Load,100.00,52.08
3.92,5.29,0.00,Weekday,Wednesday,Light_Load,100.00,59.54
3.53,4.57,0.00,Weekday,Thursday,Light_Load,100.00,61.13
4.79,0.00,19.26,Weekday,Wednesday,Medium_Load,24.13,100.00
41.69,22.28,0.00,Weekend,Saturday,Medium_Load,100.00,88.20
3.60,0.00,13.68,Weekend,Saturday,Light_Load,25.45,100.00
19.22,5.54,18.90,Weekday,Tuesday,Medium_Load,71.30,96.09
3.10,3.64,0.00,Weekend,Saturday,Light_Load,100.00,64.84
2.77,5.22,0.00,Weekend,Sunday,Light_Load,100.00,46.87
92.56,52.16,0.00,Weekday,Monday,Maximum_Load,100.00,87.12
55.87,26.89,0.00,Weekday,Monday,Medium_Load,100.00,90.11
3.28,0.00,16.96,Weekend,Sunday,Light_Load,18.99,100.00
90.86,15.52,0.14,Weekday,Friday,Maximum_Load,100.00,98.57
77.51,43.70,0.00,Weekday,Thursday,Maximum_Load,100.00,87.11
2.56,5.29,0.00,Weekday,Wednesday,Light_Load,100.00,43.56
62.93,33.08,0.00,Weekday,Wednesday,Medium_Load,100.00,88.52
2.74,5.11,0.00,Weekday,Monday,Light_Load,100.00,47.26
71.39,25.20,0.00,Weekday,Monday,Medium_Load,100.00,94.30
3.02,0.00,14.51,Weekend,Sunday,Light_Load,20.38,100.00
110.52,49.18,0.00,Weekday,Tuesday,Medium_Load,100.00,91.36
2.66,5.29,0.00,Weekend,Sunday,Light_Load,100.00,44.92
3.35,4.43,0.00,Weekday,Thursday,Light_Load,100.00,60.32
3.49,4.00,0.00,Weekday,Friday,Light_Load,100.00,65.74
2.99,3.67,0.00,Weekday,Thursday,Light_Load,100.00,63.16
4.97,8.68,0.00,Weekday,Monday,Maximum_Load,100.00,49.69
84.92,69.70,0.00,Weekday,Monday,Light_Load,100.00,77.30
95.26,32.15,0.00,Weekday,Friday,Medium_Load,100.00,94.75
3.10,4.36,0.00,Weekday,Monday,Light_Load,100.00,57.95
2.70,4.75,0.00,Weekend,Sunday,Light_Load,100.00,49.42
129.85,63.86,0.00,Weekday,Friday,Maximum_Load,100.00,89.74
2.95,4.03,0.00,Weekday,Tuesday,Light_Load,100.00,59.07
114.80,40.25,0.00,Weekday,Tuesday,Maximum_Load,100.00,94.37
6.41,0.00,21.10,Weekday,Wednesday,Medium_Load,29.07,100.00
106.52,42.95,0.00,Weekday,Friday,Medium_Load,100.00,92.74
3.28,2.59,0.00,Weekday,Friday,Light_Load,100.00,78.48
3.17,6.48,0.00,Weekday,Thursday,Light_Load,100.00,43.94
35.14,8.39,0.00,Weekend,Saturday,Medium_Load,100.00,97.27
65.92,27.18,0.00,Weekday,Tuesday,Medium_Load,100.00,92.45
4.21,0.00,17.78,Weekend,Sunday,Light_Load,23.04,100.00
4.21,3.64,0.04,Weekday,Wednesday,Light_Load,100.00,75.65
2.74,0.00,17.32,Weekend,Saturday,Light_Load,15.63,100.00
95.33,47.27,0.00,Weekend,Saturday,Maximum_Load,100.00,89.59
82.62,20.77,0.58,Weekday,Tuesday,Medium_Load,100.00,96.98
3.42,4.25,0.00,Weekday,Friday,Light_Load,100.00,62.69
59.69,19.98,0.00,Weekday,Wednesday,Maximum_Load,100.00,94.83
2.81,0.04,10.69,Weekend,Sunday,Light_Load,25.42,99.99
3.38,5.76,0.00,Weekday,Thursday,Medium_Load,100.00,50.61
3.10,3.71,0.00,Weekday,Monday,Light_Load,100.00,64.12
82.48,34.16,0.00,Weekday,Monday,Medium_Load,100.00,92.39
3.24,4.64,0.00,Weekend,Sunday,Light_Load,100.00,57.25
3.60,3.31,0.00,Weekday,Wednesday,Light_Load,100.00,73.61
88.60,12.64,0.00,Weekend,Saturday,Maximum_Load,100.00,99.00
3.82,0.00,22.64,Weekday,Monday,Medium_Load,16.64,100.00
111.35,42.23,0.00,Weekday,Monday,Medium_Load,100.00,93.50
3.13,5.29,0.00,Weekday,Thursday,Light_Load,100.00,50.92
67.75,32.11,0.00,Weekday,Monday,Medium_Load,100.00,90.36
2.59,4.57,0.00,Weekend,Saturday,Medium_Load,100.00,49.31
4.61,0.00,13.90,Weekday,Thursday,Medium_Load,31.48,100.00
3.96,2.34,0.58,Weekday,Wednesday,Light_Load,98.94,86.09
3.24,6.19,0.18,Weekday,Friday,Medium_Load,99.85,46.37
49.28,50.94,0.00,Weekday,Friday,Light_Load,100.00,69.53
69.88,34.02,0.00,Weekday,Thursday,Maximum_Load,100.00,89.91
4.00,3.78,0.00,Weekend,Saturday,Light_Load,100.00,72.68
92.41,31.28,0.00,Weekend,Saturday,Maximum_Load,100.00,94.72
3.02,6.44,0.00,Weekday,Thursday,Light_Load,100.00,42.46
4.10,0.00,21.35,Weekday,Monday,Light_Load,18.86,100.00
3.38,2.77,0.00,Weekend,Sunday,Light_Load,100.00,77.34
2.81,6.23,0.00,Weekday,Friday,Light_Load,100.00,41.12
100.58,29.88,0.00,Weekend,Saturday,Medium_Load,100.00,95.86
3.82,0.00,20.59,Weekday,Tuesday,Medium_Load,18.24,100.00
62.10,18.94,0.00,Weekday,Monday,Medium_Load,100.00,95.65
3.92,6.19,0.00,Weekday,Friday,Light_Load,100.00,53.50
2.63,4.46,0.00,Weekend,Sunday,Light_Load,100.00,50.79
64.91,40.57,0.00,Weekday,Thursday,Maximum_Load,100.00,84.80
32.87,12.35,2.12,Weekday,Monday,Medium_Load,99.79,93.61
3.64,4.79,0.00,Weekday,Friday,Medium_Load,100.00,60.50
140.04,63.25,0.00,Weekday,Tuesday,Maximum_Load,100.00,91.14
50.18,46.58,0.00,Weekend,Sunday,Light_Load,100.00,73.29
28.98,23.04,0.00,Weekend,Saturday,Light_Load,100.00,78.28
59.76,18.18,0.00,Weekday,Wednesday,Medium_Load,100.00,95.67
3.56,4.75,0.00,Weekday,Thursday,Light_Load,100.00,59.97
5.44,0.00,19.08,Weekday,Monday,Medium_Load,27.42,100.00
37.33,29.02,0.00,Weekday,Tuesday,Light_Load,100.00,78.95
6.88,4.07,0.00,Weekday,Tuesday,Light_Load,100.00,86.07
3.60,3.64,0.00,Weekday,Tuesday,Light_Load,100.00,70.32
59.72,18.04,0.00,Weekday,Monday,Maximum_Load,100.00,95.73
2.66,0.00,11.74,Weekday,Wednesday,Light_Load,22.10,100.00
2.92,4.25,0.00,Weekend,Saturday,Light_Load,100.00,56.63
2.74,4.97,0.00,Weekday,Monday,Light_Load,100.00,48.28
106.45,44.46,0.00,Weekday,Tuesday,Maximum_Load,100.00,92.28
52.45,23.04,3.82,Weekday,Tuesday,Medium_Load,99.74,91.56
2.70,5.26,0.00,Weekday,Wednesday,Light_Load,100.00,45.67
7.13,0.00,21.28,Weekday,Wednesday,Medium_Load,31.77,100.00
96.34,39.85,0.00,Weekday,Monday,Maximum_Load,100.00,92.41
62.21,28.98,0.00,Weekday,Wednesday,Maximum_Load,100.00,90.65
15.95,0.00,9.40,Weekday,Tuesday,Maximum_Load,86.15,100.00
3.71,3.20,0.04,Weekday,Wednesday,Light_Load,99.99,75.72
78.26,37.94,0.00,Weekend,Sunday,Maximum_Load,100.00,89.98
2.70,4.82,0.00,Weekday,Wednesday,Light_Load,100.00,48.87
3.42,3.64,0.00,Weekday,Friday,Light_Load,100.00,68.47
3.31,4.57,0.00,Weekday,Thursday,Light_Load,100.00,58.66
81.86,65.52,0.00,Weekday,Tuesday,Light_Load,100.00,78.07
39.06,37.98,0.00,Weekday,Friday,Light_Load,100.00,71.69
50.69,36.72,0.00,Weekday,Monday,Maximum_Load,100.00,80.98
43.99,20.52,0.00,Weekday,Thursday,Maximum_Load,100.00,90.63
3.71,0.00,13.82,Weekend,Saturday,Light_Load,25.93,100.00
3.74,0.00,22.32,Weekday,Thursday,Light_Load,16.53,100.00
102.20,46.69,0.00,Weekday,Tuesday,Maximum_Load,100.00,90.96
65.20,34.34,0.00,Weekday,Friday,Maximum_Load,100.00,88.48
88.56,46.84,0.00,Weekday,Tuesday,Medium_Load,100.00,88.40
7.74,0.00,25.02,Weekday,Thursday,Medium_Load,29.55,100.00
3.42,5.65,0.00,Weekend,Sunday,Maximum_Load,100.00,51.78
6.77,0.00,19.69,Weekday,Thursday,Medium_Load,32.51,100.00
19.30,21.38,0.00,Weekday,Tuesday,Light_Load,100.00,67.01
30.13,0.83,2.77,Weekend,Sunday,Medium_Load,99.58,99.96
3.06,0.00,16.78,Weekend,Sunday,Light_Load,17.94,100.00
99.47,50.65,0.00,Weekday,Thursday,Maximum_Load,100.00,89.11
4.61,5.08,0.00,Weekday,Friday,Light_Load,100.00,67.20
4.50,0.00,21.53,Weekday,Tuesday,Maximum_Load,20.46,100.00
74.48,36.36,0.00,Weekday,Monday,Maximum_Load,100.00,89.86
4.21,4.25,0.00,Weekend,Sunday,Light_Load,100.00,70.38
8.89,0.25,15.73,Weekday,Thursday,Medium_Load,49.20,99.96
3.28,0.00,17.10,Weekend,Saturday,Light_Load,18.84,100.00
2.77,5.08,0.00,Weekend,Saturday,Light_Load,100.00,47.87
3.42,2.92,0.00,Weekend,Saturday,Maximum_Load,100.00,76.05
71.14,38.99,0.00,Weekday,Wednesday,Medium_Load,100.00,87.69
53.14,30.89,0.00,Weekday,Thursday,Medium_Load,100.00,86.45
72.97,28.33,0.00,Weekday,Wednesday,Medium_Load,100.00,93.22
3.67,7.27,0.00,Weekday,Friday,Medium_Load,100.00,45.06
82.48,39.89,0.00,Weekday,Friday,Light_Load,100.00,90.02
35.93,16.42,7.70,Weekend,Saturday,Maximum_Load,97.78,90.95
59.87,33.23,0.00,Weekday,Thursday,Maximum_Load,100.00,87.44
96.26,40.79,0.00,Weekday,Wednesday,Maximum_Load,100.00,92.07
122.94,69.26,0.00,Weekday,Tuesday,Maximum_Load,100.00,87.13
3.35,3.53,0.00,Weekday,Friday,Light_Load,100.00,68.84
68.54,45.68,0.00,Weekday,Friday,Maximum_Load,100.00,83.21
69.05,9.72,0.79,Weekend,Saturday,Medium_Load,99.99,99.02
38.59,1.55,0.40,Weekend,Saturday,Maximum_Load,99.99,99.92
46.22,20.48,0.00,Weekday,Monday,Medium_Load,100.00,91.43
62.53,51.59,0.00,Weekday,Friday,Light_Load,100.00,77.14
2.81,4.32,0.00,Weekday,Monday,Light_Load,100.00,54.53
2.77,5.26,0.00,Weekend,Sunday,Light_Load,100.00,46.60
2.59,4.97,0.00,Weekend,Saturday,Light_Load,100.00,46.21
85.14,25.88,0.00,Weekday,Wednesday,Medium_Load,100.00,95.68
53.75,29.88,0.00,Weekday,Wednesday,Maximum_Load,100.00,87.40
64.19,20.16,4.90,Weekday,Tuesday,Maximum_Load,99.71,95.41
42.55,7.16,0.29,Weekday,Tuesday,Maximum_Load,100.00,98.61
2.88,0.00,10.40,Weekday,Monday,Light_Load,26.69,100.00
70.52,40.07,0.00,Weekday,Wednesday,Maximum_Load,100.00,86.94
3.53,4.18,0.00,Weekend,Sunday,Light_Load,100.00,64.52
3.06,5.87,0.00,Weekend,Saturday,Light_Load,100.00,46.23
3.49,0.00,17.35,Weekend,Sunday,Light_Load,19.72,100.00
50.94,39.17,0.00,Weekday,Friday,Medium_Load,100.00,79.27
4.00,4.39,0.00,Weekend,Saturday,Light_Load,100.00,67.35
2.74,5.11,0.00,Weekend,Sunday,Light_Load,100.00,47.26
2.70,5.29,0.00,Weekend,Saturday,Light_Load,100.00,45.46
3.20,0.00,17.89,Weekday,Wednesday,Medium_Load,17.61,100.00
4.79,6.62,0.00,Weekday,Friday,Light_Load,100.00,58.62
2.52,4.93,0.00,Weekday,Wednesday,Light_Load,100.00,45.51
62.42,21.35,0.00,Weekday,Monday,Maximum_Load,100.00,94.62
2.52,4.39,0.00,Weekend,Sunday,Light_Load,100.00,49.78
3.67,0.00,12.96,Weekday,Friday,Medium_Load,27.25,100.00
36.58,32.54,0.00,Weekday,Thursday,Light_Load,100.00,74.72
39.96,29.74,0.00,Weekday,Tuesday,Light_Load,100.00,80.22
100.98,55.19,0.00,Weekday,Tuesday,Medium_Load,100.00,87.75
3.17,5.98,0.00,Weekday,Wednesday,Light_Load,100.00,46.84
2.95,5.94,0.00,Weekend,Sunday,Light_Load,100.00,44.48
3.31,6.62,0.00,Weekday,Thursday,Light_Load,100.00,44.72
3.20,4.82,0.00,Weekday,Friday,Light_Load,100.00,55.31
59.80,14.11,0.00,Weekday,Tuesday,Maximum_Load,100.00,97.33
83.38,36.65,0.00,Weekday,Tuesday,Maximum_Load,100.00,91.55
34.74,27.94,0.00,Weekend,Sunday,Light_Load,100.00,77.92
2.56,4.93,0.00,Weekend,Sunday,Light_Load,100.00,46.08
5.18,0.00,25.85,Weekend,Sunday,Light_Load,19.65,100.00
4.00,0.00,15.01,Weekday,Tuesday,Medium_Load,25.75,100.00
2.95,0.00,17.03,Weekend,Sunday,Light_Load,17.07,100.00
3.28,0.00,13.64,Weekend,Sunday,Light_Load,23.38,100.00
3.85,4.07,0.00,Weekday,Wednesday,Light_Load,100.00,68.72
30.20,0.50,1.33,Weekend,Saturday,Medium_Load,99.90,99.99
61.85,37.62,0.00,Weekday,Wednesday,Maximum_Load,100.00,85.44
3.13,3.42,0.00,Weekday,Monday,Light_Load,100.00,67.51
68.11,28.51,0.00,Weekday,Tuesday,Maximum_Load,100.00,92.24
7.31,0.00,26.71,Weekday,Thursday,Medium_Load,26.40,100.00
3.17,3.17,0.00,Weekday,Wednesday,Light_Load,100.00,70.71
2.84,0.00,11.59,Weekend,Sunday,Light_Load,23.80,100.00
2.95,4.50,0.00,Weekday,Wednesday,Light_Load,100.00,54.83
51.77,14.04,0.50,Weekday,Wednesday,Maximum_Load,100.00,96.51
3.46,4.28,0.00,Weekend,Sunday,Light_Load,100.00,62.87
3.92,3.89,0.00,Weekday,Friday,Light_Load,100.00,70.98
60.19,20.81,0.00,Weekday,Friday,Maximum_Load,100.00,94.51
40.00,14.47,4.21,Weekday,Tuesday,Maximum_Load,99.45,94.04
5.47,0.00,26.46,Weekday,Thursday,Medium_Load,20.24,100.00
53.50,28.37,0.00,Weekday,Monday,Maximum_Load,100.00,88.35
3.06,3.64,0.00,Weekday,Thursday,Light_Load,100.00,64.35
3.06,0.00,12.89,Weekend,Sunday,Light_Load,23.10,100.00
33.70,1.26,5.04,Weekday,Monday,Medium_Load,98.90,99.93
75.46,38.20,0.00,Weekday,Wednesday,Light_Load,100.00,89.22
3.56,2.66,0.00,Weekday,Tuesday,Light_Load,100.00,80.11
3.02,5.62,0.00,Weekday,Friday,Light_Load,100.00,47.34
40.14,29.45,0.00,Weekday,Tuesday,Light_Load,100.00,80.63
60.55,32.51,0.00,Weekday,Tuesday,Maximum_Load,100.00,88.10
2.95,4.28,0.00,Weekend,Saturday,Light_Load,100.00,56.75
3.06,5.90,0.00,Weekday,Tuesday,Light_Load,100.00,46.04
105.70,49.82,0.00,Weekday,Friday,Maximum_Load,100.00,90.46
4.61,7.70,0.00,Weekend,Sunday,Light_Load,100.00,51.37
2.56,4.18,0.00,Weekend,Sunday,Light_Load,100.00,52.23
6.19,0.00,16.96,Weekday,Wednesday,Medium_Load,34.29,100.00
3.02,3.20,0.00,Weekday,Wednesday,Light_Load,100.00,68.64
57.24,29.59,0.00,Weekday,Friday,Medium_Load,100.00,88.83
44.50,10.80,0.32,Weekend,Sunday,Medium_Load,100.00,97.18
39.20,16.70,0.00,Weekday,Monday,Medium_Load,100.00,92.00
4.00,0.00,6.73,Weekday,Wednesday,Medium_Load,51.09,100.00
84.20,37.73,0.00,Weekday,Tuesday,Maximum_Load,100.00,91.26
53.53,5.47,1.48,Weekend,Saturday,Maximum_Load,99.96,99.48
42.19,30.67,0.00,Weekday,Monday,Maximum_Load,100.00,80.89
105.12,31.86,0.00,Weekday,Wednesday,Medium_Load,100.00,95.70
3.02,0.00,16.49,Weekend,Sunday,Light_Load,18.01,100.00
61.02,16.78,0.00,Weekday,Wednesday,Medium_Load,100.00,96.42
3.17,4.64,0.00,Weekday,Friday,Light_Load,100.00,56.41
3.17,6.19,0.00,Weekday,Wednesday,Light_Load,100.00,45.58
2.99,5.58,0.00,Weekday,Wednesday,Light_Load,100.00,47.23
94.97,35.06,0.00,Weekday,Tuesday,Medium_Load,100.00,93.81
3.64,6.66,0.00,Weekday,Friday,Light_Load,100.00,47.96
3.42,0.00,17.28,Weekend,Sunday,Light_Load,19.42,100.00
99.83,48.13,0.00,Weekday,Friday,Medium_Load,100.00,90.08
70.31,38.27,0.00,Weekday,Tuesday,Light_Load,100.00,87.83
3.49,0.00,14.11,Weekday,Tuesday,Light_Load,24.01,100.00
67.61,39.82,0.00,Weekday,Friday,Medium_Load,100.00,86.17
2.70,4.21,0.00,Weekend,Sunday,Light_Load,100.00,53.98
26.32,0.58,1.84,Weekend,Saturday,Maximum_Load,99.76,99.98
2.92,5.87,0.00,Weekend,Saturday,Light_Load,100.00,44.54
3.85,3.89,0.00,Weekend,Saturday,Light_Load,100.00,70.34
61.24,52.34,0.00,Weekday,Wednesday,Maximum_Load,100.00,76.02
82.58,46.33,0.00,Weekday,Monday,Medium_Load,100.00,87.21
44.14,11.27,0.00,Weekend,Sunday,Maximum_Load,100.00,96.89
11.38,0.36,18.47,Weekday,Thursday,Medium_Load,52.46,99.95
58.54,27.22,0.00,Weekday,Tuesday,Maximum_Load,100.00,90.68
5.94,0.00,20.38,Weekend,Saturday,Medium_Load,27.98,100.00
89.21,41.29,0.00,Weekday,Monday,Light_Load,100.00,90.75
4.14,0.00,4.18,Weekend,Sunday,Light_Load,70.37,100.00
3.31,0.00,9.25,Weekend,Sunday,Light_Load,33.69,100.00
2.84,4.72,0.00,Weekday,Friday,Light_Load,100.00,51.56
3.49,0.00,22.10,Weekend,Sunday,Light_Load,15.60,100.00
3.67,4.54,0.00,Weekday,Tuesday,Light_Load,100.00,62.87
70.09,26.60,0.00,Weekday,Monday,Medium_Load,100.00,93.49
82.26,36.76,0.00,Weekday,Monday,Maximum_Load,100.00,91.30
109.58,56.20,0.00,Weekday,Tuesday,Maximum_Load,100.00,88.98
3.02,4.21,0.00,Weekday,Tuesday,Light_Load,100.00,58.29
58.32,25.70,0.00,Weekday,Thursday,Medium_Load,100.00,91.51
3.17,2.92,0.00,Weekday,Thursday,Light_Load,100.00,73.55
5.44,0.00,26.57,Weekday,Wednesday,Medium_Load,20.06,100.00
2.99,4.39,0.00,Weekday,Friday,Light_Load,100.00,56.29
3.02,3.67,0.00,Weekday,Thursday,Light_Load,100.00,63.54
6.37,5.36,0.00,Weekday,Friday,Light_Load,100.00,76.52
3.13,3.35,0.00,Weekend,Sunday,Light_Load,100.00,68.27
5.00,2.41,0.79,Weekday,Wednesday,Light_Load,98.77,90.08
44.35,32.47,0.00,Weekday,Friday,Light_Load,100.00,80.69
3.06,4.36,0.00,Weekday,Tuesday,Light_Load,100.00,57.45
3.64,0.00,17.57,Weekend,Saturday,Medium_Load,20.29,100.00
33.30,2.52,0.86,Weekend,Sunday,Maximum_Load,99.97,99.71
2.59,0.00,12.02,Weekday,Wednesday,Light_Load,21.06,100.00
46.30,18.11,0.00,Weekday,Tuesday,Maximum_Load,100.00,93.13
2.88,5.69,0.00,Weekday,Thursday,Medium_Load,100.00,45.16
3.28,5.00,0.00,Weekday,Monday,Light_Load,100.00,54.85
5.04,6.16,0.00,Weekday,Thursday,Light_Load,100.00,63.32
146.88,70.49,0.00,Weekday,Monday,Maximum_Load,100.00,90.16
3.24,4.61,0.00,Weekday,Wednesday,Light_Load,100.00,57.50
2.63,5.00,0.00,Weekend,Sunday,Light_Load,100.00,46.55
8.10,1.66,15.55,Weekday,Wednesday,Medium_Load,46.20,97.96
3.67,0.00,18.47,Weekend,Saturday,Medium_Load,19.49,100.00
2.88,5.83,0.00,Weekday,Monday,Light_Load,100.00,44.29
4.57,8.10,0.00,Weekday,Tuesday,Light_Load,100.00,49.14
80.24,53.03,0.00,Weekday,Thursday,Light_Load,100.00,83.43
45.11,15.84,0.00,Weekday,Friday,Maximum_Load,100.00,94.35
4.97,0.00,26.89,Weekend,Sunday,Light_Load,18.17,100.00
3.17,5.18,0.00,Weekend,Saturday,Light_Load,100.00,52.20
86.62,19.87,0.83,Weekday,Thursday,Maximum_Load,100.00,97.47
3.92,6.95,0.00,Weekday,Monday,Light_Load,100.00,49.13
3.24,4.39,0.00,Weekday,Wednesday,Light_Load,100.00,59.38
130.21,55.94,0.00,Weekday,Monday,Medium_Load,100.00,91.88
71.35,55.48,0.00,Weekday,Monday,Maximum_Load,100.00,78.94
3.60,3.24,0.04,Weekend,Saturday,Light_Load,99.99,74.33
3.49,5.15,0.00,Weekday,Thursday,Medium_Load,100.00,56.10
3.46,0.00,12.74,Weekend,Sunday,Light_Load,26.21,100.00
4.61,0.00,18.00,Weekend,Saturday,Light_Load,24.81,100.00
3.60,3.92,0.00,Weekday,Monday,Light_Load,100.00,67.64
2.84,4.18,0.00,Weekday,Wednesday,Light_Load,100.00,56.20
59.11,29.38,0.00,Weekday,Monday,Maximum_Load,100.00,89.55
6.41,0.00,25.60,Weekend,Saturday,Medium_Load,24.29,100.00
86.54,38.16,0.00,Weekday,Thursday,Maximum_Load,100.00,91.50
2.66,4.90,0.00,Weekday,Thursday,Light_Load,100.00,47.71
2.56,5.47,0.00,Weekday,Wednesday,Light_Load,100.00,42.39
4.64,4.46,0.00,Weekday,Wednesday,Light_Load,100.00,72.10
90.25,32.33,0.00,Weekday,Monday,Maximum_Load,100.00,94.14
2.77,5.40,0.00,Weekend,Sunday,Light_Load,100.00,45.64
86.11,38.38,0.00,Weekday,Monday,Medium_Load,100.00,91.34
3.74,0.00,24.84,Weekday,Monday,Medium_Load,14.89,100.00
5.58,0.00,26.28,Weekend,Saturday,Light_Load,20.77,100.00
2.88,6.26,0.00,Weekday,Friday,Light_Load,100.00,41.80
69.80,11.16,0.68,Weekday,Thursday,Medium_Load,100.00,98.75
50.26,29.48,0.00,Weekday,Friday,Maximum_Load,100.00,86.26
3.06,4.25,0.00,Weekday,Wednesday,Light_Load,100.00,58.43
3.20,0.00,17.14,Weekend,Sunday,Light_Load,18.35,100.00
3.67,0.00,17.39,Weekend,Saturday,Light_Load,20.65,100.00
3.49,7.63,0.00,Weekend,Saturday,Light_Load,100.00,41.60
3.38,0.00,19.19,Weekend,Saturday,Light_Load,17.35,100.00
70.45,47.95,0.00,Weekday,Tuesday,Maximum_Load,100.00,82.67
60.77,27.50,0.00,Weekend,Saturday,Medium_Load,100.00,91.11
31.00,0.18,5.29,Weekend,Sunday,Maximum_Load,98.58,100.00
5.44,0.00,26.10,Weekday,Tuesday,Medium_Load,20.40,100.00
2.92,4.39,0.00,Weekday,Tuesday,Light_Load,100.00,55.38
3.56,3.92,0.00,Weekday,Friday,Light_Load,100.00,67.23
4.07,0.00,16.99,Weekday,Monday,Medium_Load,23.30,100.00
3.06,3.60,0.00,Weekday,Friday,Light_Load,100.00,64.76
3.89,0.00,16.16,Weekday,Monday,Medium_Load,23.40,100.00
3.46,0.00,11.16,Weekend,Sunday,Light_Load,29.61,100.00
3.56,3.49,0.00,Weekday,Monday,Light_Load,100.00,71.41
2.56,4.39,0.00,Weekend,Sunday,Light_Load,100.00,50.37
3.53,5.36,0.00,Weekday,Wednesday,Light_Load,100.00,55.00
4.32,4.39,0.00,Weekday,Wednesday,Light_Load,100.00,70.14
2.59,5.65,0.00,Weekday,Monday,Light_Load,100.00,41.67
3.35,3.60,0.00,Weekday,Friday,Light_Load,100.00,68.12
4.00,0.00,16.31,Weekend,Sunday,Medium_Load,23.82,100.00
3.42,5.51,0.00,Weekday,Thursday,Light_Load,100.00,52.74
2.77,5.62,0.00,Weekday,Monday,Light_Load,100.00,44.21
3.02,3.60,0.00,Weekday,Thursday,Light_Load,100.00,64.27
60.73,27.76,0.00,Weekday,Wednesday,Maximum_Load,100.00,90.95
62.50,38.38,0.32,Weekday,Monday,Maximum_Load,100.00,85.22
63.14,25.81,0.00,Weekday,Thursday,Light_Load,100.00,92.56
58.43,36.25,0.00,Weekday,Tuesday,Medium_Load,100.00,84.98
20.63,0.22,14.40,Weekend,Saturday,Medium_Load,82.00,99.99
3.64,4.39,0.00,Weekday,Wednesday,Light_Load,100.00,63.83
5.76,0.00,22.64,Weekday,Tuesday,Medium_Load,24.66,100.00
43.70,30.20,0.00,Weekday,Wednesday,Maximum_Load,100.00,82.27
2.88,4.68,0.00,Weekday,Monday,Light_Load,100.00,52.41
2.74,4.50,0.00,Weekday,Wednesday,Light_Load,100.00,52.01
3.10,3.17,0.00,Weekend,Saturday,Light_Load,100.00,69.92
3.06,3.85,0.00,Weekday,Monday,Light_Load,100.00,62.22
61.06,40.18,0.00,Weekday,Monday,Light_Load,100.00,83.54
134.60,66.24,0.00,Weekday,Monday,Maximum_Load,100.00,89.72
3.60,4.46,0.00,Weekday,Wednesday,Light_Load,100.00,62.81
2.70,5.18,0.00,Weekday,Wednesday,Light_Load,100.00,46.22
2.77,5.62,0.00,Weekday,Monday,Light_Load,100.00,44.21
41.83,15.84,0.00,Weekday,Friday,Maximum_Load,100.00,93.52
3.49,6.19,0.00,Weekend,Saturday,Light_Load,100.00,49.11
4.72,0.00,16.96,Weekday,Monday,Medium_Load,26.81,100.00
2.59,4.28,0.00,Weekday,Tuesday,Light_Load,100.00,51.77
2.84,4.39,0.00,Weekday,Monday,Light_Load,100.00,54.32
3.74,4.61,0.00,Weekday,Monday,Light_Load,100.00,63.00
53.75,30.89,0.00,Weekday,Friday,Maximum_Load,100.00,86.70
3.92,5.65,0.00,Weekday,Thursday,Light_Load,100.00,57.00
2.88,5.11,0.00,Weekday,Wednesday,Light_Load,100.00,49.10
37.51,0.04,4.36,Weekday,Friday,Medium_Load,99.33,100.00
2.66,3.78,0.00,Weekday,Tuesday,Light_Load,100.00,57.55
58.72,34.49,0.00,Weekday,Thursday,Maximum_Load,100.00,86.23
2.74,3.96,0.00,Weekend,Sunday,Light_Load,100.00,56.90
104.72,41.44,0.00,Weekday,Friday,Medium_Load,100.00,92.98
42.88,6.77,6.26,Weekday,Monday,Medium_Load,98.95,98.78
3.49,0.00,18.65,Weekend,Sunday,Light_Load,18.39,100.00
4.61,0.00,15.98,Weekday,Monday,Medium_Load,27.72,100.00
5.76,4.72,0.00,Weekday,Tuesday,Light_Load,100.00,77.35
39.71,29.63,0.00,Weekday,Tuesday,Light_Load,100.00,80.15
2.56,5.36,0.00,Weekday,Wednesday,Light_Load,100.00,43.10
2.81,5.44,0.00,Weekday,Wednesday,Medium_Load,100.00,45.89
77.72,39.60,0.00,Weekend,Saturday,Light_Load,100.00,89.10
2.70,5.08,0.00,Weekday,Friday,Light_Load,100.00,46.93
3.56,4.07,0.00,Weekday,Thursday,Light_Load,100.00,65.84
2.92,4.90,0.00,Weekday,Thursday,Light_Load,100.00,51.19
109.04,69.70,0.00,Weekday,Friday,Maximum_Load,100.00,84.26
68.54,10.15,1.08,Weekday,Thursday,Maximum_Load,99.99,98.92
57.53,25.85,0.00,Weekday,Wednesday,Maximum_Load,100.00,91.21
4.36,0.00,16.42,Weekday,Friday,Medium_Load,25.66,100.00
84.35,26.10,0.00,Weekday,Monday,Maximum_Load,100.00,95.53
36.50,12.89,0.72,Weekday,Tuesday,Medium_Load,99.98,94.29
67.07,36.14,0.00,Weekday,Thursday,Maximum_Load,100.00,88.03
64.22,44.96,0.00,Weekday,Wednesday,Maximum_Load,100.00,81.92
55.94,26.71,0.00,Weekday,Friday,Maximum_Load,100.00,90.24
3.71,3.82,0.00,Weekday,Thursday,Light_Load,100.00,69.67
56.81,35.32,0.00,Weekday,Friday,Light_Load,100.00,84.92
3.46,4.18,0.00,Weekend,Sunday,Light_Load,100.00,63.76
66.38,56.56,0.00,Weekday,Tuesday,Light_Load,100.00,76.12
4.90,7.63,0.00,Weekend,Saturday,Light_Load,100.00,54.04
2.99,4.72,0.00,Weekday,Wednesday,Light_Load,100.00,53.51
2.99,4.68,0.00,Weekday,Friday,Light_Load,100.00,53.84
30.06,3.13,0.61,Weekday,Friday,Medium_Load,99.98,99.46
3.89,3.74,0.00,Weekday,Wednesday,Light_Load,100.00,72.09
2.52,4.64,0.00,Weekend,Sunday,Light_Load,100.00,47.73
5.44,0.00,20.92,Weekend,Saturday,Light_Load,25.17,100.00
75.20,55.33,0.00,Weekday,Thursday,Medium_Load,100.00,80.55
3.02,4.43,0.00,Weekday,Wednesday,Light_Load,100.00,56.33
117.97,41.72,0.00,Weekday,Thursday,Medium_Load,100.00,94.28
60.55,43.06,0.00,Weekday,Friday,Light_Load,100.00,81.49
37.01,8.53,0.47,Weekend,Saturday,Maximum_Load,99.99,97.45
5.00,0.00,26.46,Weekend,Sunday,Light_Load,18.57,100.00
6.37,6.70,0.00,Weekday,Thursday,Light_Load,100.00,68.90
70.20,18.58,0.00,Weekday,Thursday,Medium_Load,100.00,96.67
4.07,0.00,8.71,Weekday,Friday,Medium_Load,42.33,100.00
34.31,8.28,2.30,Weekday,Monday,Medium_Load,99.78,97.21
57.38,25.74,0.00,Weekday,Monday,Maximum_Load,100.00,91.24
77.58,25.49,0.00,Weekday,Tuesday,Maximum_Load,100.00,95.00
2.70,4.07,0.00,Weekday,Tuesday,Light_Load,100.00,55.28
3.02,4.93,0.00,Weekday,Thursday,Light_Load,100.00,52.24
76.46,24.34,4.25,Weekday,Wednesday,Medium_Load,99.85,95.29
3.13,3.56,0.00,Weekday,Friday,Light_Load,100.00,66.03
3.53,3.71,0.00,Weekday,Tuesday,Light_Load,100.00,68.93
4.43,0.00,17.21,Weekend,Sunday,Medium_Load,24.93,100.00
100.30,77.58,0.00,Weekday,Thursday,Maximum_Load,100.00,79.10
2.84,4.39,0.00,Weekday,Monday,Light_Load,100.00,54.32
2.63,4.32,0.00,Weekend,Saturday,Light_Load,100.00,52.00
96.37,50.00,0.00,Weekday,Wednesday,Maximum_Load,100.00,88.76
3.67,4.18,0.00,Weekday,Friday,Light_Load,100.00,65.98
53.71,20.41,0.00,Weekday,Wednesday,Maximum_Load,100.00,93.48
58.03,21.24,0.00,Weekday,Thursday,Maximum_Load,100.00,93.91
3.38,0.00,13.39,Weekend,Sunday,Light_Load,24.47,100.00
5.26,0.00,21.31,Weekday,Friday,Medium_Load,23.96,100.00
38.95,28.58,0.00,Weekday,Wednesday,Light_Load,100.00,80.62
59.69,22.54,0.00,Weekday,Monday,Medium_Load,100.00,93.55
47.74,12.06,0.07,Weekday,Wednesday,Medium_Load,100.00,96.95
60.30,22.14,0.00,Weekday,Wednesday,Medium_Load,100.00,93.87
2.92,5.36,0.00,Weekday,Friday,Light_Load,100.00,47.84
2.92,2.66,0.00,Weekend,Saturday,Medium_Load,100.00,73.93
4.57,4.00,0.00,Weekend,Sunday,Maximum_Load,100.00,75.25
3.64,7.42,0.00,Weekday,Friday,Light_Load,100.00,44.04
2.59,3.67,0.00,Weekday,Monday,Light_Load,100.00,57.66
3.60,5.08,0.00,Weekday,Tuesday,Medium_Load,100.00,57.82
3.56,4.75,0.00,Weekend,Sunday,Light_Load,100.00,59.97
73.51,28.51,0.00,Weekday,Thursday,Maximum_Load,100.00,93.23
59.80,39.24,0.00,Weekday,Thursday,Maximum_Load,100.00,83.61
25.78,2.05,1.26,Weekend,Sunday,Maximum_Load,99.88,99.69
3.02,0.00,11.34,Weekend,Sunday,Light_Load,25.73,100.00
2.92,6.08,0.00,Weekend,Saturday,Light_Load,100.00,43.29
4.10,0.00,24.41,Weekend,Saturday,Light_Load,16.56,100.00
3.38,0.00,16.85,Weekend,Sunday,Light_Load,19.67,100.00
4.10,3.89,0.00,Weekend,Saturday,Light_Load,100.00,72.54
52.31,33.62,0.00,Weekday,Friday,Medium_Load,100.00,84.12
3.38,3.06,0.00,Weekend,Saturday,Light_Load,100.00,74.13
94.18,24.84,0.00,Weekend,Saturday,Maximum_Load,100.00,96.69
119.66,54.07,0.00,Weekday,Thursday,Maximum_Load,100.00,91.13
2.95,4.32,0.00,Weekend,Sunday,Light_Load,100.00,56.39
37.73,6.91,0.00,Weekend,Saturday,Medium_Load,100.00,98.36
2.99,6.48,0.00,Weekend,Sunday,Light_Load,100.00,41.90
39.49,29.70,0.00,Weekday,Monday,Light_Load,100.00,79.92
3.13,0.00,17.14,Weekend,Saturday,Light_Load,17.96,100.00
53.68,15.91,0.00,Weekday,Tuesday,Maximum_Load,100.00,95.88
5.36,6.19,0.00,Weekday,Wednesday,Maximum_Load,100.00,65.46
3.10,5.65,0.00,Weekday,Thursday,Light_Load,100.00,48.10
38.12,1.26,0.97,Weekend,Saturday,Medium_Load,99.97,99.95
2.59,0.00,7.09,Weekend,Sunday,Light_Load,34.31,100.00
100.26,33.44,0.00,Weekday,Friday,Medium_Load,100.00,94.86
2.81,0.00,13.79,Weekend,Sunday,Light_Load,19.97,100.00
77.29,28.33,0.00,Weekday,Tuesday,Medium_Load,100.00,93.89
3.89,6.80,0.00,Weekend,Saturday,Maximum_Load,100.00,49.66
4.50,5.47,0.00,Weekday,Tuesday,Light_Load,100.00,63.53
3.56,3.89,0.00,Weekday,Thursday,Light_Load,100.00,67.51
20.66,0.65,13.72,Weekday,Thursday,Medium_Load,83.30,99.95
2.59,3.67,0.00,Weekend,Sunday,Light_Load,100.00,57.66
25.60,11.05,0.00,Weekend,Saturday,Medium_Load,100.00,91.81
4.18,4.72,0.00,Weekday,Friday,Light_Load,100.00,66.30
3.42,0.00,15.01,Weekday,Thursday,Light_Load,22.22,100.00
126.43,56.84,0.00,Weekday,Monday,Medium_Load,100.00,91.21
46.19,19.37,0.00,Weekday,Wednesday,Maximum_Load,100.00,92.22
3.89,3.20,0.00,Weekday,Monday,Light_Load,100.00,77.23
54.50,34.13,0.00,Weekday,Thursday,Medium_Load,100.00,84.75
5.18,0.00,26.64,Weekday,Thursday,Medium_Load,19.09,100.00
68.22,36.86,0.00,Weekday,Thursday,Medium_Load,100.00,87.98
58.86,18.58,1.37,Weekday,Wednesday,Medium_Load,99.97,95.36
40.14,11.88,0.94,Weekend,Saturday,Maximum_Load,99.97,95.89
3.67,0.00,17.32,Weekday,Monday,Light_Load,20.73,100.00
4.14,3.20,0.22,Weekday,Tuesday,Light_Load,99.86,79.12
3.46,0.00,17.86,Weekend,Saturday,Medium_Load,19.02,100.00
3.17,0.00,16.96,Weekend,Sunday,Light_Load,18.37,100.00
5.58,0.00,26.39,Weekday,Tuesday,Medium_Load,20.69,100.00
2.84,0.00,4.75,Weekday,Wednesday,Medium_Load,51.32,100.00
3.71,5.54,0.00,Weekday,Monday,Medium_Load,100.00,55.64
61.16,22.75,0.00,Weekday,Thursday,Maximum_Load,100.00,93.73
3.74,0.00,22.46,Weekday,Wednesday,Medium_Load,16.43,100.00
2.66,4.86,0.00,Weekend,Sunday,Light_Load,100.00,48.01
2.59,5.72,0.00,Weekday,Tuesday,Light_Load,100.00,41.25
153.14,70.45,0.00,Weekday,Monday,Medium_Load,100.00,90.85
3.35,4.75,0.00,Weekday,Wednesday,Light_Load,100.00,57.63
28.12,0.00,10.26,Weekend,Sunday,Medium_Load,93.94,100.00
2.95,4.72,0.00,Weekday,Monday,Light_Load,100.00,53.00
3.10,3.67,0.00,Weekend,Sunday,Light_Load,100.00,64.53
2.99,5.00,0.00,Weekday,Thursday,Light_Load,100.00,51.32
4.86,4.68,0.00,Weekday,Tuesday,Medium_Load,100.00,72.03
76.68,40.64,0.00,Weekday,Wednesday,Maximum_Load,100.00,88.36
2.59,3.74,0.00,Weekday,Friday,Light_Load,100.00,56.93
79.56,44.28,0.00,Weekday,Wednesday,Maximum_Load,100.00,87.38
48.02,13.21,0.00,Weekday,Friday,Medium_Load,100.00,96.42
3.02,3.53,0.00,Weekday,Thursday,Light_Load,100.00,65.01
3.42,4.03,0.00,Weekday,Tuesday,Light_Load,100.00,64.70
80.78,37.73,0.00,Weekday,Wednesday,Maximum_Load,100.00,90.60
3.02,0.00,16.74,Weekend,Sunday,Light_Load,17.75,100.00
90.61,48.46,0.00,Weekday,Monday,Light_Load,100.00,88.18
57.67,25.02,0.00,Weekday,Tuesday,Maximum_Load,100.00,91.74
26.89,6.62,5.15,Weekend,Saturday,Maximum_Load,98.21,97.10
4.61,4.39,0.00,Weekend,Saturday,Maximum_Load,100.00,72.42
2.84,0.00,11.59,Weekend,Sunday,Light_Load,23.80,100.00
3.71,0.00,21.89,Weekend,Sunday,Light_Load,16.71,100.00
2.56,4.93,0.00,Weekday,Monday,Light_Load,100.00,46.08
48.17,17.42,0.00,Weekday,Tuesday,Maximum_Load,100.00,94.04
4.43,0.00,26.39,Weekend,Saturday,Light_Load,16.56,100.00
2.77,5.22,0.00,Weekday,Thursday,Light_Load,100.00,46.87
59.51,28.55,0.00,Weekday,Thursday,Medium_Load,100.00,90.16
95.00,46.33,0.00,Weekday,Wednesday,Light_Load,100.00,89.88
132.30,70.06,0.00,Weekend,Saturday,Medium_Load,100.00,88.37
39.78,0.79,1.73,Weekday,Wednesday,Medium_Load,99.91,99.98
53.06,12.10,0.11,Weekday,Friday,Medium_Load,100.00,97.50
3.71,1.51,5.47,Weekday,Thursday,Medium_Load,56.13,92.62
47.88,7.92,0.04,Weekday,Wednesday,Maximum_Load,100.00,98.66
45.32,18.72,0.00,Weekday,Monday,Maximum_Load,100.00,92.43
2.84,3.89,0.00,Weekday,Wednesday,Light_Load,100.00,58.97
98.35,39.02,0.00,Weekday,Friday,Maximum_Load,100.00,92.95
3.06,3.53,0.00,Weekend,Saturday,Medium_Load,100.00,65.50
27.68,0.40,2.38,Weekend,Saturday,Medium_Load,99.63,99.99
2.84,5.94,0.00,Weekend,Saturday,Light_Load,100.00,43.13
3.10,5.54,0.00,Weekday,Friday,Light_Load,100.00,48.83
4.28,6.88,0.00,Weekday,Thursday,Medium_Load,100.00,52.82
3.49,0.00,18.32,Weekday,Thursday,Medium_Load,18.71,100.00
4.46,3.49,0.04,Weekday,Friday,Light_Load,100.00,78.75
55.80,16.42,0.00,Weekday,Wednesday,Medium_Load,100.00,95.93
3.64,5.00,0.00,Weekday,Wednesday,Light_Load,100.00,58.86
3.17,5.98,0.00,Weekday,Wednesday,Light_Load,100.00,46.84
3.06,4.46,0.00,Weekday,Friday,Light_Load,100.00,56.57
3.06,5.87,0.00,Weekend,Sunday,Light_Load,100.00,46.23
62.53,34.92,0.00,Weekday,Monday,Medium_Load,100.00,87.31
4.64,5.83,0.00,Weekday,Tuesday,Light_Load,100.00,62.27
3.06,3.53,0.00,Weekend,Sunday,Light_Load,100.00,65.50
2.70,4.36,0.00,Weekend,Saturday,Light_Load,100.00,52.65
3.38,4.10,0.00,Weekend,Saturday,Light_Load,100.00,63.61
3.96,0.00,23.58,Weekday,Thursday,Medium_Load,16.56,100.00
79.02,33.05,0.00,Weekday,Wednesday,Maximum_Load,100.00,92.26
16.24,0.00,18.76,Weekday,Friday,Medium_Load,65.45,100.00
4.82,6.37,0.00,Weekday,Thursday,Maximum_Load,100.00,60.34
3.56,3.67,0.00,Weekday,Friday,Light_Load,100.00,69.63
36.65,7.02,0.90,Weekend,Saturday,Maximum_Load,99.97,98.21
42.66,27.00,0.00,Weekday,Monday,Medium_Load,100.00,84.50
4.18,0.00,25.24,Weekday,Tuesday,Medium_Load,16.34,100.00
3.06,5.36,0.00,Weekday,Friday,Light_Load,100.00,49.58
2.63,4.82,0.00,Weekday,Monday,Light_Load,100.00,47.90
42.55,8.17,0.00,Weekday,Thursday,Maximum_Load,100.00,98.21
3.67,3.71,0.00,Weekday,Thursday,Light_Load,100.00,70.33
58.86,25.38,0.00,Weekday,Monday,Light_Load,100.00,91.83
58.54,29.23,0.00,Weekday,Thursday,Maximum_Load,100.00,89.47
3.46,6.59,0.00,Weekday,Tuesday,Light_Load,100.00,46.49
4.64,8.96,0.00,Weekday,Thursday,Light_Load,100.00,45.99
2.88,5.18,0.00,Weekday,Friday,Light_Load,100.00,48.59
3.60,5.29,0.00,Weekday,Thursday,Light_Load,100.00,56.26
4.21,0.00,23.80,Weekend,Sunday,Light_Load,17.42,100.00
60.12,45.65,0.00,Weekday,Monday,Maximum_Load,100.00,79.64
40.03,30.24,0.00,Weekend,Sunday,Light_Load,100.00,79.79
3.67,3.96,0.00,Weekday,Tuesday,Light_Load,100.00,67.97
3.10,0.00,16.92,Weekday,Tuesday,Light_Load,18.02,100.00
54.72,42.95,0.00,Weekday,Wednesday,Light_Load,100.00,78.66
87.52,36.47,0.00,Weekday,Monday,Medium_Load,100.00,92.31
2.74,4.86,0.00,Weekday,Thursday,Light_Load,100.00,49.11
3.13,4.14,0.00,Weekday,Friday,Light_Load,100.00,60.31
2.99,0.00,11.20,Weekend,Saturday,Medium_Load,25.79,100.00
51.37,28.15,0.00,Weekday,Monday,Maximum_Load,100.00,87.70
141.66,60.01,0.00,Weekday,Thursday,Maximum_Load,100.00,92.08
2.99,0.00,17.14,Weekend,Sunday,Light_Load,17.19,100.00
3.06,3.96,0.00,Weekend,Sunday,Light_Load,100.00,61.14
51.34,27.14,0.00,Weekday,Friday,Medium_Load,100.00,88.41
3.60,6.37,0.00,Weekday,Tuesday,Light_Load,100.00,49.20
124.27,59.11,0.00,Weekday,Tuesday,Medium_Load,100.00,90.30
3.17,0.00,10.58,Weekend,Sunday,Light_Load,28.70,100.00
3.06,4.61,0.00,Weekday,Thursday,Light_Load,100.00,55.30
2.74,0.00,11.88,Weekend,Sunday,Light_Load,22.47,100.00
73.69,25.99,0.00,Weekday,Tuesday,Maximum_Load,100.00,94.31
3.31,4.10,0.00,Weekday,Monday,Light_Load,100.00,62.82
3.35,0.00,6.44,Weekend,Saturday,Medium_Load,46.15,100.00
32.15,10.58,0.00,Weekday,Tuesday,Medium_Load,100.00,94.99
49.21,13.43,0.00,Weekday,Tuesday,Medium_Load,100.00,96.47
92.41,65.66,0.00,Weekday,Monday,Light_Load,100.00,81.52
110.09,73.30,0.00,Weekday,Wednesday,Maximum_Load,100.00,83.24
94.61,58.90,0.00,Weekday,Wednesday,Light_Load,100.00,84.89
87.30,59.51,0.00,Weekday,Monday,Light_Load,100.00,82.63
5.94,5.65,0.00,Weekday,Tuesday,Light_Load,100.00,72.46
18.76,16.81,0.00,Weekend,Sunday,Light_Load,100.00,74.48
8.21,0.00,26.21,Weekday,Wednesday,Medium_Load,29.89,100.00
2.63,4.43,0.00,Weekday,Tuesday,Light_Load,100.00,51.05
71.64,20.59,0.00,Weekday,Monday,Medium_Load,100.00,96.11
68.87,43.06,0.00,Weekday,Monday,Medium_Load,100.00,84.79
52.06,19.22,0.00,Weekday,Wednesday,Maximum_Load,100.00,93.81
3.10,5.18,0.00,Weekend,Saturday,Light_Load,100.00,51.35
63.50,25.09,0.00,Weekday,Tuesday,Maximum_Load,100.00,93.00
3.78,5.29,0.00,Weekend,Saturday,Light_Load,100.00,58.14
52.16,23.94,0.00,Weekday,Wednesday,Maximum_Load,100.00,90.88
2.52,4.50,0.00,Weekend,Saturday,Light_Load,100.00,48.86
2.92,4.72,0.00,Weekday,Wednesday,Light_Load,100.00,52.61
2.74,5.18,0.00,Weekday,Friday,Light_Load,100.00,46.76
4.28,0.00,23.29,Weekday,Thursday,Medium_Load,18.07,100.00
2.88,4.39,0.00,Weekday,Monday,Light_Load,100.00,54.85
3.82,0.00,25.74,Weekend,Saturday,Medium_Load,14.68,100.00
62.35,20.27,0.00,Weekday,Friday,Maximum_Load,100.00,95.10
2.84,0.00,11.74,Weekend,Sunday,Light_Load,23.51,100.00
3.02,0.00,13.32,Weekday,Wednesday,Medium_Load,22.11,100.00
106.74,42.84,0.00,Weekday,Friday,Maximum_Load,100.00,92.80
40.03,8.64,0.00,Weekday,Friday,Medium_Load,100.00,97.75
5.90,0.00,17.86,Weekday,Tuesday,Medium_Load,31.37,100.00
3.82,4.72,0.00,Weekday,Tuesday,Light_Load,100.00,62.91
106.49,69.55,0.00,Weekday,Thursday,Light_Load,100.00,83.73
3.71,3.10,0.14,Weekend,Saturday,Light_Load,99.93,76.74
3.35,0.00,21.89,Weekend,Saturday,Light_Load,15.13,100.00
3.60,0.00,3.89,Weekday,Friday,Medium_Load,67.92,100.00
3.49,2.52,0.00,Weekday,Monday,Light_Load,100.00,81.07
21.89,13.18,0.32,Weekday,Monday,Light_Load,99.99,85.67
2.77,4.50,0.00,Weekday,Monday,Medium_Load,100.00,52.42
2.59,0.00,8.17,Weekday,Wednesday,Light_Load,30.22,100.00
10.37,0.22,11.88,Weekend,Sunday,Light_Load,65.76,99.98
3.71,0.00,16.78,Weekday,Monday,Medium_Load,21.59,100.00
77.87,22.93,0.00,Weekday,Friday,Medium_Load,100.00,95.93
2.77,5.08,0.00,Weekend,Sunday,Medium_Load,100.00,47.87
2.66,5.47,0.00,Weekday,Wednesday,Light_Load,100.00,43.73
90.79,46.69,0.00,Weekday,Tuesday,Maximum_Load,100.00,88.93
44.71,13.10,0.00,Weekday,Friday,Medium_Load,100.00,95.97
45.18,22.54,0.00,Weekday,Friday,Maximum_Load,100.00,89.48
2.77,4.57,0.00,Weekday,Tuesday,Light_Load,100.00,51.83
80.21,37.01,0.00,Weekday,Thursday,Medium_Load,100.00,90.80
89.71,38.41,0.00,Weekend,Saturday,Maximum_Load,100.00,91.93
2.99,0.00,16.92,Weekend,Sunday,Light_Load,17.40,100.00
3.02,3.06,0.00,Weekend,Sunday,Light_Load,100.00,70.24
4.03,0.00,17.10,Weekend,Sunday,Medium_Load,22.94,100.00
3.56,3.42,0.00,Weekday,Friday,Light_Load,100.00,72.11
41.26,1.33,1.08,Weekday,Wednesday,Medium_Load,99.97,99.95
49.79,12.42,0.00,Weekday,Monday,Medium_Load,100.00,97.03
52.99,21.02,0.00,Weekday,Thursday,Maximum_Load,100.00,92.95
41.11,0.43,1.94,Weekday,Tuesday,Medium_Load,99.89,99.99
3.60,6.55,0.00,Weekday,Thursday,Light_Load,100.00,48.17
5.18,0.00,17.14,Weekday,Friday,Medium_Load,28.93,100.00
3.82,2.56,0.40,Weekday,Friday,Light_Load,99.46,83.07
2.74,4.90,0.00,Weekend,Sunday,Light_Load,100.00,48.81
53.35,27.54,0.00,Weekday,Wednesday,Medium_Load,100.00,88.86
29.92,0.54,4.97,Weekday,Tuesday,Medium_Load,98.65,99.98
45.54,17.17,0.04,Weekday,Friday,Medium_Load,100.00,93.57
2.95,4.54,0.00,Weekday,Monday,Light_Load,100.00,54.49
3.10,5.22,0.00,Weekend,Saturday,Light_Load,100.00,51.06
103.79,43.02,0.00,Weekday,Monday,Maximum_Load,100.00,92.38
3.02,2.16,0.11,Weekday,Monday,Light_Load,99.93,81.34
3.64,6.80,0.00,Weekday,Monday,Light_Load,100.00,47.19
3.31,2.41,0.00,Weekend,Sunday,Light_Load,100.00,80.84
2.70,5.04,0.00,Weekday,Wednesday,Light_Load,100.00,47.22
3.02,4.57,0.00,Weekday,Wednesday,Light_Load,100.00,55.13
3.06,3.71,0.00,Weekend,Sunday,Light_Load,100.00,63.63
71.53,37.76,0.00,Weekend,Saturday,Maximum_Load,100.00,88.43
47.23,12.06,0.04,Weekday,Tuesday,Medium_Load,100.00,96.89
2.74,5.00,0.00,Weekend,Sunday,Light_Load,100.00,48.06
3.46,3.38,0.00,Weekday,Friday,Medium_Load,100.00,71.53
3.82,6.34,0.00,Weekday,Thursday,Light_Load,100.00,51.61
2.84,6.16,0.00,Weekday,Friday,Light_Load,100.00,41.87
5.08,5.65,0.00,Weekday,Thursday,Light_Load,100.00,66.86
4.61,4.39,0.00,Weekday,Wednesday,Light_Load,100.00,72.42
3.20,5.36,0.00,Weekend,Saturday,Light_Load,100.00,51.26
3.92,5.22,0.00,Weekday,Wednesday,Light_Load,100.00,60.05
3.46,4.07,0.00,Weekday,Monday,Medium_Load,100.00,64.77
49.54,51.23,0.00,Weekday,Tuesday,Light_Load,100.00,69.52
2.95,5.54,0.00,Weekend,Saturday,Light_Load,100.00,47.00
2.92,3.28,0.00,Weekend,Saturday,Light_Load,100.00,66.49
3.28,3.78,0.00,Weekday,Wednesday,Light_Load,100.00,65.54
3.06,0.00,16.24,Weekend,Sunday,Light_Load,18.52,100.00
53.35,41.15,0.00,Weekday,Monday,Light_Load,100.00,79.18
83.48,39.89,0.00,Weekday,Monday,Maximum_Load,100.00,90.23
3.53,6.08,0.00,Weekend,Saturday,Light_Load,100.00,50.21
64.19,35.78,0.00,Weekday,Friday,Maximum_Load,100.00,87.35
3.06,0.00,14.40,Weekend,Sunday,Light_Load,20.79,100.00
4.03,0.00,18.76,Weekend,Sunday,Light_Load,21.00,100.00
3.64,0.00,14.00,Weekend,Sunday,Light_Load,25.16,100.00
3.60,4.18,0.00,Weekday,Wednesday,Light_Load,100.00,65.26
2.99,1.08,3.17,Weekend,Sunday,Medium_Load,68.62,94.05
116.60,56.52,0.00,Weekday,Thursday,Medium_Load,100.00,89.99
3.85,7.49,0.00,Weekday,Friday,Light_Load,100.00,45.72
2.84,5.22,0.00,Weekday,Monday,Light_Load,100.00,47.79
2.95,0.00,3.92,Weekday,Tuesday,Light_Load,60.13,100.00
3.89,2.70,0.29,Weekday,Friday,Light_Load,99.72,82.15
71.24,42.55,0.00,Weekday,Thursday,Maximum_Load,100.00,85.85
50.62,21.67,0.00,Weekend,Saturday,Maximum_Load,100.00,91.93
38.23,0.90,2.41,Weekend,Saturday,Medium_Load,99.80,99.97
3.53,4.14,0.00,Weekday,Friday,Light_Load,100.00,64.88
3.67,4.07,0.00,Weekday,Thursday,Light_Load,100.00,66.97
3.53,5.90,0.00,Weekday,Tuesday,Light_Load,100.00,51.34
4.64,2.41,0.07,Weekday,Friday,Light_Load,99.99,88.74
74.63,36.07,0.00,Weekday,Tuesday,Maximum_Load,100.00,90.04
3.74,0.00,25.13,Weekend,Saturday,Medium_Load,14.72,100.00
3.89,5.29,0.00,Weekday,Friday,Light_Load,100.00,59.24
2.66,4.82,0.00,Weekend,Sunday,Light_Load,100.00,48.32
3.02,5.87,0.00,Weekend,Saturday,Light_Load,100.00,45.75
48.35,9.04,0.00,Weekday,Tuesday,Maximum_Load,100.00,98.30
51.88,22.18,0.00,Weekday,Friday,Medium_Load,100.00,91.95
4.90,1.98,15.08,Weekday,Wednesday,Maximum_Load,30.90,92.72
3.24,0.00,17.71,Weekend,Sunday,Light_Load,18.00,100.00
45.07,33.80,0.00,Weekday,Friday,Maximum_Load,100.00,80.00
3.17,4.18,0.00,Weekend,Sunday,Light_Load,100.00,60.43
2.95,5.26,0.00,Weekend,Saturday,Light_Load,100.00,48.92
4.57,0.00,11.45,Weekend,Saturday,Medium_Load,37.07,100.00
3.24,0.00,16.27,Weekday,Tuesday,Light_Load,19.53,100.00
4.10,5.44,0.00,Weekday,Thursday,Light_Load,100.00,60.19
2.95,5.44,0.00,Weekday,Monday,Light_Load,100.00,47.67
3.67,4.79,0.00,Weekday,Thursday,Light_Load,100.00,60.82
3.31,5.11,0.00,Weekday,Monday,Light_Load,100.00,54.37
101.20,63.22,0.00,Weekday,Monday,Maximum_Load,100.00,84.81
4.46,4.39,0.00,Weekday,Monday,Light_Load,100.00,71.27
3.42,4.46,0.00,Weekday,Tuesday,Light_Load,100.00,60.85
2.95,6.26,0.00,Weekday,Friday,Light_Load,100.00,42.63
2.56,5.04,0.00,Weekday,Monday,Light_Load,100.00,45.29
4.64,3.64,0.04,Weekday,Monday,Light_Load,100.00,78.68
119.34,52.81,0.00,Weekday,Thursday,Medium_Load,100.00,91.45
3.06,4.18,0.00,Weekday,Monday,Light_Load,100.00,59.07
3.28,0.00,16.78,Weekend,Sunday,Light_Load,19.18,100.00
2.84,4.50,0.00,Weekend,Sunday,Light_Load,100.00,53.37
3.20,4.57,0.00,Weekend,Saturday,Light_Load,100.00,57.36
3.24,5.15,0.00,Weekday,Wednesday,Light_Load,100.00,53.25
118.66,69.26,0.00,Weekday,Friday,Light_Load,100.00,86.36
55.40,37.94,0.00,Weekday,Wednesday,Maximum_Load,100.00,82.51
27.86,0.00,10.80,Weekend,Sunday,Maximum_Load,93.24,100.00
4.93,0.00,23.51,Weekday,Monday,Medium_Load,20.52,100.00
24.23,0.76,2.09,Weekend,Saturday,Medium_Load,99.63,99.95
4.50,4.64,0.00,Weekday,Monday,Light_Load,100.00,69.62
4.61,5.54,0.00,Weekday,Tuesday,Light_Load,100.00,63.96
50.87,11.70,0.18,Weekday,Friday,Maximum_Load,100.00,97.46
45.22,15.70,0.00,Weekday,Wednesday,Medium_Load,100.00,94.47
3.67,0.00,12.46,Weekday,Tuesday,Medium_Load,28.25,100.00
76.28,4.10,0.61,Weekend,Saturday,Maximum_Load,100.00,99.86
3.82,4.50,0.00,Weekday,Wednesday,Light_Load,100.00,64.72
21.13,19.30,0.00,Weekend,Sunday,Light_Load,100.00,73.84
3.85,2.74,0.36,Weekday,Tuesday,Light_Load,99.57,81.47
2.95,5.76,0.00,Weekday,Thursday,Light_Load,100.00,45.58
3.13,0.00,16.92,Weekend,Sunday,Light_Load,18.19,100.00
3.64,4.10,0.00,Weekday,Tuesday,Light_Load,100.00,66.39
6.23,0.00,20.84,Weekday,Monday,Medium_Load,28.64,100.00
4.18,5.29,0.00,Weekday,Wednesday,Light_Load,100.00,62.00
3.13,0.00,15.59,Weekend,Sunday,Light_Load,19.68,100.00
39.13,13.00,0.00,Weekday,Monday,Maximum_Load,100.00,94.90
3.56,4.10,0.00,Weekday,Tuesday,Light_Load,100.00,65.56
49.75,20.92,0.00,Weekday,Monday,Maximum_Load,100.00,92.18
3.02,3.89,0.00,Weekend,Saturday,Light_Load,100.00,61.32
3.10,3.42,0.00,Weekday,Monday,Light_Load,100.00,67.16
2.99,3.53,0.00,Weekend,Sunday,Light_Load,100.00,64.63
52.88,28.12,0.00,Weekday,Monday,Maximum_Load,100.00,88.29
40.46,11.34,0.00,Weekday,Thursday,Maximum_Load,100.00,96.29
32.47,0.00,10.87,Weekend,Saturday,Medium_Load,94.83,100.00
3.89,0.00,16.02,Weekday,Thursday,Medium_Load,23.60,100.00
60.62,27.47,0.00,Weekday,Monday,Maximum_Load,100.00,91.08
3.46,5.18,0.00,Weekday,Wednesday,Light_Load,100.00,55.54
2.92,4.68,0.00,Weekday,Tuesday,Light_Load,100.00,52.93
59.00,45.86,0.00,Weekday,Monday,Light_Load,100.00,78.95
6.44,0.00,17.42,Weekday,Thursday,Medium_Load,34.68,100.00
4.93,3.85,0.00,Weekday,Friday,Light_Load,100.00,78.81
117.47,56.16,0.00,Weekday,Tuesday,Light_Load,100.00,90.22
90.25,49.75,0.00,Weekday,Tuesday,Maximum_Load,100.00,87.58
3.20,5.83,0.00,Weekday,Friday,Light_Load,100.00,48.12
4.86,1.76,15.44,Weekend,Saturday,Maximum_Load,30.02,94.02
31.21,0.00,6.77,Weekday,Friday,Medium_Load,97.73,100.00
3.02,5.22,0.00,Weekday,Tuesday,Light_Load,100.00,50.08
13.03,9.47,0.00,Weekday,Wednesday,Light_Load,100.00,80.89
92.05,26.14,0.00,Weekend,Sunday,Medium_Load,100.00,96.20
3.53,4.25,0.00,Weekday,Thursday,Light_Load,100.00,63.89
4.97,4.18,0.00,Weekday,Tuesday,Maximum_Load,100.00,76.53
3.89,4.90,0.00,Weekday,Friday,Light_Load,100.00,62.18
50.62,15.34,0.00,Weekday,Tuesday,Medium_Load,100.00,95.70
4.10,0.00,25.92,Weekend,Sunday,Medium_Load,15.62,100.00
4.39,0.00,17.06,Weekday,Wednesday,Medium_Load,24.92,100.00
2.95,0.00,12.02,Weekend,Sunday,Light_Load,23.84,100.00
4.25,0.00,19.55,Weekend,Saturday,Medium_Load,21.24,100.00
2.81,5.54,0.00,Weekday,Friday,Light_Load,100.00,45.24
4.93,0.00,18.07,Weekend,Saturday,Medium_Load,26.32,100.00
3.82,3.92,0.29,Weekend,Saturday,Maximum_Load,99.71,69.79
63.58,62.42,0.00,Weekday,Friday,Light_Load,100.00,71.36
3.20,3.17,0.00,Weekday,Friday,Light_Load,100.00,71.04
61.85,30.17,0.00,Weekday,Friday,Maximum_Load,100.00,89.88
42.84,13.90,0.00,Weekday,Tuesday,Maximum_Load,100.00,95.12
3.49,0.00,16.81,Weekday,Friday,Light_Load,20.33,100.00
4.90,1.62,14.98,Weekday,Friday,Medium_Load,31.09,94.95
3.96,3.74,0.00,Weekday,Wednesday,Light_Load,100.00,72.70
4.28,0.00,25.42,Weekday,Thursday,Medium_Load,16.60,100.00
3.74,7.34,0.00,Weekend,Saturday,Light_Load,100.00,45.40
53.64,32.69,0.00,Weekday,Tuesday,Maximum_Load,100.00,85.39
71.71,14.65,2.56,Weekday,Thursday,Medium_Load,99.94,97.98
2.81,4.54,0.00,Weekend,Saturday,Light_Load,100.00,52.63
2.56,4.00,0.00,Weekend,Saturday,Light_Load,100.00,53.91
38.84,3.31,0.40,Weekday,Wednesday,Maximum_Load,99.99,99.64
3.38,4.54,0.00,Weekday,Friday,Light_Load,100.00,59.72
4.25,0.00,18.07,Weekend,Sunday,Medium_Load,22.89,100.00
7.38,0.00,25.34,Weekday,Tuesday,Medium_Load,27.96,100.00
3.28,5.40,0.00,Weekday,Monday,Light_Load,100.00,51.91
41.33,12.53,0.11,Weekday,Tuesday,Medium_Load,100.00,95.70
52.88,29.16,0.00,Weekday,Friday,Maximum_Load,100.00,87.57
2.99,0.00,17.35,Weekend,Saturday,Light_Load,16.98,100.00
2.81,4.10,0.00,Weekday,Monday,Light_Load,100.00,56.53
72.36,29.41,0.00,Weekend,Saturday,Maximum_Load,100.00,92.64
3.38,3.28,0.00,Weekend,Saturday,Light_Load,100.00,71.76
93.53,66.10,0.00,Weekday,Thursday,Light_Load,100.00,81.66
2.84,4.57,0.00,Weekday,Monday,Light_Load,100.00,52.78
117.40,62.35,0.00,Weekday,Tuesday,Maximum_Load,100.00,88.32
3.13,4.36,0.00,Weekday,Thursday,Light_Load,100.00,58.32
5.44,0.00,21.17,Weekday,Friday,Medium_Load,24.89,100.00
2.74,4.21,0.00,Weekday,Wednesday,Light_Load,100.00,54.55
66.71,31.00,0.00,Weekday,Monday,Medium_Load,100.00,90.69
3.28,0.00,17.42,Weekend,Sunday,Light_Load,18.50,100.00
3.20,2.23,0.54,Weekend,Sunday,Light_Load,98.61,82.04
41.11,0.65,1.66,Weekday,Friday,Medium_Load,99.92,99.99
3.67,0.00,11.77,Weekend,Saturday,Medium_Load,29.77,100.00
97.52,33.01,0.00,Weekday,Friday,Medium_Load,100.00,94.72
2.88,3.74,0.00,Weekend,Saturday,Light_Load,100.00,61.01
70.70,61.38,0.00,Weekday,Monday,Maximum_Load,100.00,75.51
44.78,16.96,0.00,Weekday,Tuesday,Maximum_Load,100.00,93.52
2.70,4.25,0.40,Weekend,Sunday,Light_Load,98.92,53.62
55.76,33.01,0.00,Weekday,Friday,Medium_Load,100.00,86.05
3.82,4.86,0.00,Weekend,Sunday,Light_Load,100.00,61.80
24.12,5.33,5.44,Weekend,Saturday,Maximum_Load,97.55,97.64
3.46,0.00,17.10,Weekend,Sunday,Light_Load,19.83,100.00
63.18,45.90,0.00,Weekday,Thursday,Light_Load,100.00,80.90
2.81,4.79,0.00,Weekend,Sunday,Light_Load,100.00,50.60
2.84,4.39,0.00,Weekday,Monday,Light_Load,100.00,54.32
56.84,44.35,0.00,Weekday,Monday,Light_Load,100.00,78.84
5.26,0.00,22.32,Weekday,Thursday,Medium_Load,22.94,100.00
2.63,4.97,0.00,Weekend,Sunday,Light_Load,100.00,46.77
95.83,67.61,0.00,Weekday,Monday,Light_Load,100.00,81.71
5.15,3.02,0.00,Weekday,Friday,Maximum_Load,100.00,86.26
115.24,60.62,0.00,Weekday,Thursday,Maximum_Load,100.00,88.50
3.89,3.24,0.14,Weekday,Friday,Light_Load,99.94,76.84
2.95,5.54,0.00,Weekday,Tuesday,Light_Load,100.00,47.00
89.46,24.73,0.00,Weekend,Sunday,Medium_Load,100.00,96.39
3.06,4.32,0.00,Weekday,Wednesday,Light_Load,100.00,57.80
2.77,0.00,5.04,Weekday,Wednesday,Light_Load,48.17,100.00
122.76,61.49,0.00,Weekday,Wednesday,Maximum_Load,100.00,89.41
3.38,4.54,0.00,Weekday,Monday,Light_Load,100.00,59.72
56.02,21.71,0.00,Weekday,Friday,Maximum_Load,100.00,93.24
57.20,9.76,0.00,Weekday,Thursday,Maximum_Load,100.00,98.58
32.51,13.39,6.77,Weekday,Tuesday,Medium_Load,97.90,92.46
68.76,28.73,0.00,Weekday,Friday,Maximum_Load,100.00,92.27
4.10,0.00,21.67,Weekday,Monday,Maximum_Load,18.59,100.00
3.06,3.82,0.00,Weekend,Sunday,Light_Load,100.00,62.52
2.95,4.39,0.00,Weekday,Monday,Light_Load,100.00,55.78
91.73,34.42,0.00,Weekday,Monday,Medium_Load,100.00,93.63
4.14,0.00,21.78,Weekday,Thursday,Medium_Load,18.67,100.00
25.96,0.04,7.88,Weekday,Tuesday,Medium_Load,95.69,100.00
3.20,4.07,0.00,Weekday,Monday,Light_Load,100.00,61.81
7.38,3.53,0.04,Weekday,Thursday,Light_Load,100.00,90.21
57.74,23.18,0.00,Weekday,Tuesday,Maximum_Load,100.00,92.80
3.35,5.51,0.00,Weekday,Tuesday,Light_Load,100.00,51.95
56.70,25.52,0.00,Weekday,Thursday,Maximum_Load,100.00,91.19
48.67,16.27,0.00,Weekday,Monday,Maximum_Load,100.00,94.84
4.18,0.00,20.20,Weekday,Tuesday,Light_Load,20.26,100.00
101.48,58.57,0.00,Weekday,Monday,Maximum_Load,100.00,86.61
4.61,4.46,0.00,Weekday,Monday,Light_Load,100.00,71.87
3.89,3.49,0.04,Weekday,Tuesday,Light_Load,99.99,74.43
43.20,20.20,0.00,Weekday,Friday,Medium_Load,100.00,90.59
38.41,0.18,3.31,Weekend,Saturday,Medium_Load,99.63,100.00
2.88,0.00,4.54,Weekday,Friday,Light_Load,53.57,100.00
58.79,21.13,0.00,Weekday,Friday,Medium_Load,100.00,94.11
39.28,23.94,0.00,Weekday,Friday,Light_Load,100.00,85.39
2.74,4.68,0.00,Weekend,Sunday,Light_Load,100.00,50.52
108.68,63.36,0.00,Weekday,Wednesday,Maximum_Load,100.00,86.39
5.87,0.00,16.27,Weekday,Wednesday,Medium_Load,33.94,100.00
29.74,1.58,1.51,Weekday,Thursday,Medium_Load,99.87,99.86
15.52,0.14,17.03,Weekend,Saturday,Maximum_Load,67.36,100.00
32.00,21.20,0.00,Weekday,Wednesday,Light_Load,100.00,83.36
3.92,3.82,0.00,Weekday,Friday,Light_Load,100.00,71.62
3.31,4.32,0.00,Weekday,Friday,Light_Load,100.00,60.82
6.91,0.00,21.67,Weekday,Monday,Medium_Load,30.38,100.00
2.92,5.58,0.00,Weekday,Friday,Light_Load,100.00,46.37
4.68,5.29,0.00,Weekday,Tuesday,Light_Load,100.00,66.26
125.89,67.93,0.00,Weekday,Tuesday,Maximum_Load,100.00,88.01
39.67,0.32,2.48,Weekday,Thursday,Medium_Load,99.81,100.00
3.89,4.03,0.00,Weekday,Wednesday,Light_Load,100.00,69.45
2.92,4.46,0.00,Weekday,Thursday,Light_Load,100.00,54.78
49.90,46.80,0.00,Weekday,Friday,Light_Load,100.00,72.94
3.24,5.33,0.00,Weekday,Wednesday,Light_Load,100.00,51.94
16.09,1.55,7.52,Weekday,Monday,Maximum_Load,90.59,99.54
2.92,5.00,0.00,Weekend,Saturday,Light_Load,100.00,50.43
6.12,5.00,0.00,Weekend,Saturday,Light_Load,100.00,77.44
4.00,0.00,26.68,Weekend,Saturday,Medium_Load,14.83,100.00
75.64,31.61,0.00,Weekday,Tuesday,Medium_Load,100.00,92.27
50.58,40.90,0.00,Weekday,Monday,Light_Load,100.00,77.76
3.46,0.00,21.20,Weekend,Sunday,Light_Load,16.11,100.00
5.83,5.22,0.00,Weekday,Tuesday,Light_Load,100.00,74.50
50.40,54.25,0.00,Weekday,Wednesday,Light_Load,100.00,68.06
96.26,42.77,0.00,Weekday,Monday,Medium_Load,100.00,91.39
57.78,35.39,0.00,Weekday,Friday,Light_Load,100.00,85.28
2.77,4.03,0.00,Weekday,Monday,Light_Load,100.00,56.64
4.00,0.00,20.92,Weekday,Monday,Light_Load,18.78,100.00
35.60,1.80,3.31,Weekday,Monday,Medium_Load,99.57,99.87
3.13,4.00,0.00,Weekend,Sunday,Light_Load,100.00,61.63
65.59,20.52,0.00,Weekday,Tuesday,Medium_Load,100.00,95.44
3.31,3.60,0.00,Weekday,Wednesday,Light_Load,100.00,67.68
54.22,32.22,0.00,Weekday,Monday,Medium_Load,100.00,85.97
54.18,22.61,0.00,Weekday,Monday,Maximum_Load,100.00,92.29
51.52,52.70,0.00,Weekday,Friday,Light_Load,100.00,69.91
2.92,4.82,0.00,Weekday,Friday,Light_Load,100.00,51.81
37.22,6.30,0.32,Weekend,Saturday,Maximum_Load,100.00,98.60
2.56,5.15,0.00,Weekday,Monday,Light_Load,100.00,44.51
3.10,0.00,16.24,Weekend,Sunday,Light_Load,18.75,100.00
5.00,0.00,22.54,Weekday,Tuesday,Medium_Load,21.66,100.00
3.92,0.00,17.64,Weekend,Saturday,Light_Load,21.69,100.00
4.10,0.00,16.88,Weekend,Saturday,Light_Load,23.60,100.00
2.74,4.03,0.00,Weekend,Saturday,Light_Load,100.00,56.23
65.92,22.61,0.00,Weekday,Wednesday,Medium_Load,100.00,94.59
72.86,54.04,0.00,Weekday,Thursday,Light_Load,100.00,80.32
49.43,18.83,0.00,Weekday,Tuesday,Maximum_Load,100.00,93.45
4.43,0.00,14.69,Weekday,Wednesday,Medium_Load,28.87,100.00
3.42,4.43,0.00,Weekday,Wednesday,Light_Load,100.00,61.11
5.29,0.00,25.99,Weekday,Friday,Medium_Load,19.95,100.00
71.14,34.70,0.00,Weekday,Wednesday,Maximum_Load,100.00,89.88
3.02,3.28,0.00,Weekday,Friday,Light_Load,100.00,67.73
125.21,62.96,0.00,Weekday,Monday,Maximum_Load,100.00,89.34
4.28,6.19,0.00,Weekday,Thursday,Light_Load,100.00,56.87
6.55,5.04,0.00,Weekday,Tuesday,Light_Load,100.00,79.25
4.50,4.43,0.00,Weekday,Wednesday,Light_Load,100.00,71.26
29.56,0.00,8.21,Weekday,Thursday,Medium_Load,96.35,100.00
2.81,4.72,0.00,Weekend,Sunday,Light_Load,100.00,51.15
4.57,6.95,0.00,Weekday,Tuesday,Light_Load,100.00,54.94
74.99,56.02,0.00,Weekday,Tuesday,Maximum_Load,100.00,80.11
58.43,26.24,0.00,Weekday,Monday,Maximum_Load,100.00,91.22
16.09,0.00,14.58,Weekday,Monday,Medium_Load,74.10,100.00
4.39,5.04,0.00,Weekday,Tuesday,Light_Load,100.00,65.68
3.53,5.98,0.00,Weekend,Saturday,Light_Load,100.00,50.83
4.14,2.30,0.36,Weekday,Friday,Light_Load,99.62,87.42
47.59,18.97,0.00,Weekday,Wednesday,Maximum_Load,100.00,92.89
4.03,3.56,0.00,Weekend,Sunday,Light_Load,100.00,74.95
54.86,21.56,0.00,Weekday,Thursday,Maximum_Load,100.00,93.07
2.74,4.90,0.00,Weekend,Sunday,Light_Load,100.00,48.81
5.26,0.00,17.24,Weekend,Saturday,Medium_Load,29.18,100.00
29.05,14.08,0.00,Weekday,Friday,Medium_Load,100.00,89.99
66.46,28.15,0.00,Weekday,Friday,Light_Load,100.00,92.08
3.56,4.18,0.00,Weekday,Tuesday,Light_Load,100.00,64.84
4.07,0.00,17.14,Weekend,Saturday,Medium_Load,23.10,100.00
130.18,50.08,0.00,Weekday,Friday,Medium_Load,100.00,93.33
27.32,2.56,3.28,Weekday,Wednesday,Maximum_Load,99.29,99.56
58.64,43.70,0.00,Weekday,Monday,Maximum_Load,100.00,80.18
3.06,0.00,17.39,Weekend,Saturday,Light_Load,17.33,100.00
3.67,0.00,18.07,Weekend,Saturday,Medium_Load,19.90,100.00
81.90,55.22,0.00,Weekday,Tuesday,Maximum_Load,100.00,82.91
64.15,29.59,0.00,Weekday,Tuesday,Maximum_Load,100.00,90.81
36.25,0.97,2.52,Weekend,Saturday,Maximum_Load,99.76,99.96
48.96,11.95,0.00,Weekday,Thursday,Maximum_Load,100.00,97.15
52.02,26.71,0.00,Weekend,Saturday,Maximum_Load,100.00,88.96
3.06,5.76,0.00,Weekday,Thursday,Light_Load,100.00,46.92
93.35,15.34,0.00,Weekday,Wednesday,Medium_Load,100.00,98.68
2.52,4.72,0.00,Weekday,Monday,Light_Load,100.00,47.10
4.75,5.22,0.00,Weekday,Friday,Light_Load,100.00,67.30
2.56,4.54,0.00,Weekend,Saturday,Light_Load,100.00,49.12
3.64,2.95,0.11,Weekday,Monday,Light_Load,99.95,77.69
3.42,0.00,17.78,Weekend,Sunday,Light_Load,18.89,100.00
6.66,0.00,21.56,Weekday,Wednesday,Medium_Load,29.51,100.00
22.14,1.84,9.76,Weekday,Thursday,Maximum_Load,91.50,99.66
3.49,0.00,3.85,Weekday,Tuesday,Light_Load,67.16,100.00
3.67,5.51,0.00,Weekday,Thursday,Light_Load,100.00,55.44
103.39,73.76,0.00,Weekday,Thursday,Light_Load,100.00,81.41
71.68,35.10,0.00,Weekday,Monday,Medium_Load,100.00,89.81
2.88,3.71,0.00,Weekday,Tuesday,Light_Load,100.00,61.32
46.76,12.78,0.00,Weekday,Friday,Maximum_Load,100.00,96.46
3.35,4.18,0.00,Weekday,Tuesday,Light_Load,100.00,62.54
40.90,0.43,1.73,Weekend,Saturday,Medium_Load,99.91,99.99
31.46,13.82,0.22,Weekend,Saturday,Maximum_Load,100.00,91.56
63.79,11.52,1.69,Weekday,Wednesday,Maximum_Load,99.96,98.41
67.93,33.12,0.00,Weekday,Friday,Maximum_Load,100.00,89.89
62.14,6.16,0.83,Weekday,Monday,Maximum_Load,99.99,99.51
3.96,0.00,26.10,Weekday,Monday,Medium_Load,15.00,100.00
89.68,12.64,0.00,Weekday,Friday,Medium_Load,100.00,99.02
3.31,5.33,0.00,Weekday,Tuesday,Light_Load,100.00,52.76
66.71,42.19,0.00,Weekday,Wednesday,Maximum_Load,100.00,84.52
2.70,4.32,0.00,Weekday,Wednesday,Light_Load,100.00,53.00
8.17,0.00,21.42,Weekday,Friday,Medium_Load,35.64,100.00
2.99,3.31,0.00,Weekday,Wednesday,Light_Load,100.00,67.03
3.42,2.63,0.00,Weekend,Sunday,Light_Load,100.00,79.27
3.10,3.67,0.00,Weekday,Thursday,Light_Load,100.00,64.53
34.24,7.56,0.07,Weekday,Thursday,Medium_Load,100.00,97.65
3.10,5.98,0.00,Weekday,Wednesday,Light_Load,100.00,46.02
62.03,63.83,0.00,Weekday,Monday,Light_Load,100.00,69.69
3.89,4.50,0.00,Weekend,Saturday,Light_Load,100.00,65.40
41.65,32.26,0.00,Weekday,Wednesday,Light_Load,100.00,79.06
3.31,3.74,0.00,Weekday,Monday,Light_Load,100.00,66.27
6.73,0.00,25.56,Weekday,Wednesday,Medium_Load,25.46,100.00
47.45,35.64,0.00,Weekday,Wednesday,Maximum_Load,100.00,79.96
3.42,0.00,15.62,Weekday,Wednesday,Medium_Load,21.39,100.00
4.18,0.00,16.78,Weekend,Sunday,Light_Load,24.17,100.00
32.58,8.78,0.00,Weekend,Saturday,Maximum_Load,100.00,96.56
104.36,26.93,0.00,Weekday,Tuesday,Medium_Load,100.00,96.83
3.42,4.57,0.00,Weekday,Thursday,Light_Load,100.00,59.92
56.34,17.39,0.00,Weekday,Tuesday,Maximum_Load,100.00,95.55
5.76,2.92,0.32,Weekday,Wednesday,Light_Load,99.85,89.19
67.72,64.80,0.00,Weekday,Monday,Light_Load,100.00,72.25
3.56,0.00,17.75,Weekend,Saturday,Medium_Load,19.66,100.00
63.58,29.27,0.00,Weekday,Friday,Maximum_Load,100.00,90.84
6.73,0.00,21.89,Weekday,Monday,Maximum_Load,29.39,100.00
91.51,52.27,0.00,Weekday,Wednesday,Maximum_Load,100.00,86.83
2.84,4.90,0.00,Weekday,Thursday,Light_Load,100.00,50.15
2.88,0.00,4.68,Weekday,Friday,Light_Load,52.41,100.00
67.28,23.33,0.00,Weekday,Tuesday,Medium_Load,100.00,94.48
56.05,36.54,0.00,Weekday,Wednesday,Maximum_Load,100.00,83.77
3.82,2.66,0.36,Weekday,Friday,Light_Load,99.56,82.06
2.88,0.00,16.70,Weekend,Saturday,Light_Load,16.99,100.00
38.41,7.60,0.00,Weekend,Sunday,Medium_Load,100.00,98.10
4.21,0.00,16.13,Weekend,Saturday,Medium_Load,25.25,100.00
70.56,28.91,0.00,Weekday,Monday,Medium_Load,100.00,92.53
40.39,15.48,0.00,Weekend,Saturday,Maximum_Load,100.00,93.38
4.79,0.00,25.49,Weekday,Tuesday,Medium_Load,18.47,100.00
47.66,24.73,0.00,Weekday,Tuesday,Maximum_Load,100.00,88.76
5.47,0.00,20.02,Weekday,Tuesday,Medium_Load,26.36,100.00
3.64,0.00,4.32,Weekday,Monday,Medium_Load,64.44,100.00
2.59,6.05,0.00,Weekday,Monday,Light_Load,100.00,39.36
3.24,6.77,0.00,Weekend,Saturday,Medium_Load,100.00,43.17
3.31,0.00,17.50,Weekend,Sunday,Light_Load,18.58,100.00
3.10,6.08,0.00,Weekday,Tuesday,Light_Load,100.00,45.42
3.56,3.92,0.00,Weekend,Sunday,Light_Load,100.00,67.23
54.29,3.10,1.19,Weekday,Monday,Medium_Load,99.98,99.84
3.20,1.91,9.18,Weekday,Tuesday,Medium_Load,32.92,85.87
95.36,48.17,0.00,Weekday,Monday,Medium_Load,100.00,89.26
114.19,68.08,0.00,Weekday,Friday,Light_Load,100.00,85.89
3.31,6.88,0.00,Weekday,Wednesday,Light_Load,100.00,43.35
3.82,4.03,0.00,Weekend,Sunday,Light_Load,100.00,68.79
3.42,5.58,0.00,Weekday,Thursday,Light_Load,100.00,52.26
81.22,29.77,0.00,Weekday,Tuesday,Maximum_Load,100.00,93.89
51.77,27.40,0.00,Weekday,Friday,Maximum_Load,100.00,88.38
3.28,4.32,0.00,Weekday,Tuesday,Light_Load,100.00,60.47
3.06,3.96,0.00,Weekend,Saturday,Light_Load,100.00,61.14
2.84,0.00,5.26,Weekend,Sunday,Light_Load,47.51,100.00
3.89,4.68,0.00,Weekday,Wednesday,Light_Load,100.00,63.92
146.34,66.92,0.00,Weekday,Friday,Medium_Load,100.00,90.94
114.59,40.50,0.00,Weekday,Friday,Medium_Load,100.00,94.28
2.95,0.00,16.99,Weekend,Sunday,Light_Load,17.11,100.00
4.43,0.00,24.19,Weekday,Wednesday,Medium_Load,18.01,100.00
100.48,29.41,0.00,Weekday,Wednesday,Medium_Load,100.00,95.97
44.82,21.06,0.00,Weekday,Wednesday,Maximum_Load,100.00,90.51
78.23,50.72,0.00,Weekday,Monday,Light_Load,100.00,83.91
3.67,6.88,0.00,Weekday,Tuesday,Light_Load,100.00,47.07
4.93,3.67,0.00,Weekday,Friday,Light_Load,100.00,80.21
46.94,20.77,0.00,Weekday,Thursday,Medium_Load,100.00,91.45
2.74,0.00,4.82,Weekend,Sunday,Light_Load,49.42,100.00
45.54,26.42,0.00,Weekday,Monday,Maximum_Load,100.00,86.50
5.44,0.00,18.94,Weekday,Friday,Medium_Load,27.61,100.00
66.89,49.82,0.00,Weekday,Thursday,Maximum_Load,100.00,80.20
32.22,6.37,0.14,Weekday,Thursday,Medium_Load,100.00,98.10
3.10,3.82,0.00,Weekend,Sunday,Light_Load,100.00,63.01
2.92,0.00,12.42,Weekend,Sunday,Light_Load,22.89,100.00
71.14,47.63,0.00,Weekday,Tuesday,Maximum_Load,100.00,83.10
2.81,5.58,0.00,Weekday,Friday,Light_Load,100.00,44.98
2.84,5.00,0.00,Weekend,Sunday,Light_Load,100.00,49.39
75.35,37.80,0.00,Weekday,Thursday,Medium_Load,100.00,89.38
3.28,0.00,16.31,Weekend,Sunday,Light_Load,19.72,100.00
31.32,11.59,18.72,Weekday,Friday,Medium_Load,85.84,93.78
3.92,4.75,0.00,Weekday,Friday,Light_Load,100.00,63.65
3.13,5.94,0.00,Weekend,Sunday,Medium_Load,100.00,46.62
6.16,6.26,0.00,Weekday,Tuesday,Maximum_Load,100.00,70.14
2.63,4.46,0.00,Weekend,Sunday,Light_Load,100.00,50.79
112.36,49.82,0.00,Weekday,Friday,Medium_Load,100.00,91.42
3.82,0.00,16.24,Weekday,Monday,Medium_Load,22.90,100.00
3.06,4.79,0.00,Weekday,Thursday,Light_Load,100.00,53.84
122.94,55.08,0.00,Weekday,Friday,Maximum_Load,100.00,91.26
3.71,7.56,0.00,Weekday,Thursday,Maximum_Load,100.00,44.06
3.02,0.00,14.69,Weekend,Sunday,Light_Load,20.14,100.00
64.58,38.70,0.00,Weekday,Monday,Light_Load,100.00,85.78
56.38,28.08,0.00,Weekday,Friday,Maximum_Load,100.00,89.51
4.07,0.00,22.86,Weekend,Sunday,Light_Load,17.53,100.00
104.40,39.38,0.00,Weekday,Tuesday,Medium_Load,100.00,93.56
2.77,3.67,0.00,Weekend,Sunday,Light_Load,100.00,60.24
3.42,0.00,17.21,Weekday,Thursday,Light_Load,19.49,100.00
3.28,0.00,8.28,Weekend,Sunday,Light_Load,36.83,100.00
130.46,60.23,0.00,Weekday,Wednesday,Medium_Load,100.00,90.79
66.78,27.97,0.00,Weekday,Wednesday,Maximum_Load,100.00,92.24
3.74,3.10,0.14,Weekend,Sunday,Light_Load,99.93,76.99
28.87,6.19,0.79,Weekday,Wednesday,Medium_Load,99.96,97.78
63.22,33.98,0.00,Weekday,Thursday,Medium_Load,100.00,88.08
5.94,7.24,0.00,Weekday,Friday,Light_Load,100.00,63.43
6.70,0.00,14.72,Weekday,Friday,Medium_Load,41.43,100.00
60.16,28.73,0.00,Weekday,Thursday,Maximum_Load,100.00,90.24
2.74,4.82,0.00,Weekend,Sunday,Light_Load,100.00,49.42
3.06,3.46,0.00,Weekday,Tuesday,Light_Load,100.00,66.25
3.02,0.00,15.59,Weekday,Friday,Light_Load,19.02,100.00
85.03,35.17,0.00,Weekday,Wednesday,Medium_Load,100.00,92.41
3.67,4.75,0.00,Weekday,Thursday,Light_Load,100.00,61.14
2.92,5.29,0.00,Weekday,Tuesday,Light_Load,100.00,48.33
3.85,0.00,17.53,Weekend,Saturday,Light_Load,21.45,100.00
3.17,5.98,0.00,Weekday,Thursday,Light_Load,100.00,46.84
50.11,21.53,0.00,Weekday,Friday,Maximum_Load,100.00,91.88
2.84,4.46,0.00,Weekday,Friday,Light_Load,100.00,53.71
3.49,0.00,16.85,Weekday,Friday,Light_Load,20.28,100.00
38.09,28.84,0.00,Weekend,Saturday,Light_Load,100.00,79.73
3.13,3.02,0.00,Weekday,Wednesday,Light_Load,100.00,71.96
3.74,6.91,0.00,Weekday,Wednesday,Maximum_Load,100.00,47.60
2.95,5.87,0.00,Weekend,Saturday,Light_Load,100.00,44.90
30.56,23.44,0.00,Weekday,Tuesday,Light_Load,100.00,79.35
2.63,4.64,0.00,Weekday,Thursday,Light_Load,100.00,49.31
61.20,30.35,0.00,Weekday,Monday,Maximum_Load,100.00,89.59
42.37,30.64,0.00,Weekday,Thursday,Light_Load,100.00,81.03
2.70,4.28,0.11,Weekend,Sunday,Medium_Load,99.92,53.35
4.00,0.00,15.98,Weekend,Sunday,Medium_Load,24.28,100.00
5.87,4.79,0.00,Weekend,Saturday,Light_Load,100.00,77.48
2.99,5.22,0.00,Weekend,Sunday,Light_Load,100.00,49.70
35.86,1.37,1.51,Weekend,Saturday,Maximum_Load,99.91,99.93
69.30,39.92,0.00,Weekday,Thursday,Medium_Load,100.00,86.65
3.53,6.08,0.00,Weekday,Friday,Medium_Load,100.00,50.21
2.77,0.00,7.06,Weekend,Sunday,Light_Load,36.52,100.00
5.29,5.58,0.00,Weekday,Wednesday,Light_Load,100.00,68.80
109.98,87.70,0.00,Weekday,Thursday,Light_Load,100.00,78.19
2.84,5.22,0.00,Weekday,Monday,Light_Load,100.00,47.79
80.68,34.85,0.00,Weekday,Thursday,Medium_Load,100.00,91.80
3.82,2.59,0.36,Weekday,Friday,Light_Load,99.56,82.77
9.61,0.00,25.67,Weekday,Tuesday,Medium_Load,35.06,100.00
3.85,4.36,0.00,Weekday,Friday,Medium_Load,100.00,66.19
3.46,6.37,0.00,Weekend,Saturday,Light_Load,100.00,47.73
4.21,0.00,25.38,Weekday,Wednesday,Light_Load,16.36,100.00
2.99,3.74,0.00,Weekday,Friday,Light_Load,100.00,62.44
5.36,0.00,26.57,Weekday,Wednesday,Medium_Load,19.77,100.00
2.84,5.98,0.00,Weekend,Saturday,Light_Load,100.00,42.90
3.60,3.17,0.00,Weekday,Wednesday,Light_Load,100.00,75.05
2.77,5.15,0.00,Weekday,Monday,Light_Load,100.00,47.37
58.10,29.59,0.00,Weekday,Wednesday,Maximum_Load,100.00,89.11
2.84,5.51,0.00,Weekday,Friday,Light_Load,100.00,45.81
50.51,16.42,0.00,Weekend,Saturday,Medium_Load,100.00,95.10
87.37,57.71,0.00,Weekday,Wednesday,Light_Load,100.00,83.44
2.84,5.29,0.00,Weekend,Sunday,Light_Load,100.00,47.30
2.88,5.08,0.00,Weekday,Tuesday,Light_Load,100.00,49.32
3.71,0.00,17.93,Weekend,Saturday,Maximum_Load,20.26,100.00
88.09,24.44,0.00,Weekday,Tuesday,Medium_Load,100.00,96.36
34.34,2.30,1.22,Weekend,Sunday,Medium_Load,99.94,99.78
37.33,27.18,0.00,Weekday,Wednesday,Light_Load,100.00,80.84
2.99,0.00,16.56,Weekend,Sunday,Light_Load,17.77,100.00
44.32,22.50,0.00,Weekday,Tuesday,Maximum_Load,100.00,89.17
34.56,10.94,7.31,Weekday,Wednesday,Maximum_Load,97.84,95.34
35.10,24.30,0.00,Weekday,Thursday,Light_Load,100.00,82.22
14.94,2.74,19.01,Weekday,Friday,Medium_Load,61.79,98.36
56.52,26.24,0.00,Weekday,Thursday,Maximum_Load,100.00,90.70
4.82,4.18,0.00,Weekend,Saturday,Light_Load,100.00,75.55
2.74,4.46,0.00,Weekend,Saturday,Light_Load,100.00,52.35
4.25,0.00,6.73,Weekend,Sunday,Light_Load,53.39,100.00
4.03,2.77,0.36,Weekday,Thursday,Light_Load,99.60,82.41
3.35,1.73,13.57,Weekend,Sunday,Light_Load,23.97,88.85
5.83,5.18,0.00,Weekday,Tuesday,Light_Load,100.00,74.76
4.90,6.91,0.00,Weekday,Friday,Light_Load,100.00,57.84
4.00,2.63,0.50,Weekday,Friday,Light_Load,99.23,83.56
92.99,16.38,0.00,Weekend,Saturday,Maximum_Load,100.00,98.48
3.17,5.29,0.00,Weekday,Friday,Light_Load,100.00,51.40
31.07,0.18,10.12,Weekday,Friday,Medium_Load,95.08,100.00
3.96,0.00,15.70,Weekday,Friday,Medium_Load,24.46,100.00
2.84,4.28,0.00,Weekday,Monday,Light_Load,100.00,55.29
67.43,31.21,0.00,Weekday,Wednesday,Medium_Load,100.00,90.75
55.33,30.96,0.00,Weekday,Wednesday,Medium_Load,100.00,87.27
4.68,0.00,16.34,Weekday,Friday,Medium_Load,27.53,100.00
5.29,0.00,18.04,Weekend,Saturday,Medium_Load,28.14,100.00
3.56,0.00,15.34,Weekday,Monday,Light_Load,22.61,100.00
59.18,31.61,0.00,Weekend,Saturday,Maximum_Load,100.00,88.21
2.63,4.32,0.00,Weekday,Thursday,Light_Load,100.00,52.00
2.59,4.21,0.00,Weekend,Sunday,Light_Load,100.00,52.40
57.46,31.18,0.00,Weekday,Monday,Medium_Load,100.00,87.89
42.52,19.15,0.22,Weekday,Wednesday,Medium_Load,100.00,91.18
3.67,0.00,13.93,Weekend,Saturday,Light_Load,25.48,100.00
8.96,0.00,23.36,Weekday,Wednesday,Medium_Load,35.81,100.00
93.74,26.64,0.00,Weekday,Tuesday,Maximum_Load,100.00,96.19
55.62,18.00,0.00,Weekday,Monday,Maximum_Load,100.00,95.14
4.93,0.00,27.04,Weekend,Sunday,Maximum_Load,17.94,100.00
6.05,5.04,0.00,Weekday,Friday,Light_Load,100.00,76.83
3.53,3.42,0.00,Weekday,Monday,Light_Load,100.00,71.82
5.15,0.00,18.04,Weekday,Friday,Medium_Load,27.45,100.00
104.44,42.91,0.00,Weekday,Tuesday,Light_Load,100.00,92.50
71.68,57.89,0.00,Weekday,Thursday,Maximum_Load,100.00,77.80
3.20,6.23,0.00,Weekday,Tuesday,Light_Load,100.00,45.69
2.56,4.54,0.00,Weekend,Sunday,Light_Load,100.00,49.12
4.18,0.00,16.74,Weekend,Sunday,Light_Load,24.23,100.00
68.08,50.51,0.00,Weekday,Friday,Maximum_Load,100.00,80.31
2.70,5.04,0.00,Weekend,Saturday,Light_Load,100.00,47.22
6.59,0.00,25.20,Weekday,Tuesday,Medium_Load,25.30,100.00
3.49,3.60,0.00,Weekend,Saturday,Light_Load,100.00,69.61
3.74,4.68,0.00,Weekday,Monday,Medium_Load,100.00,62.43
4.03,0.00,15.95,Weekend,Sunday,Medium_Load,24.50,100.00
3.28,3.17,0.00,Weekend,Sunday,Light_Load,100.00,71.91
8.32,0.00,25.88,Weekday,Wednesday,Medium_Load,30.61,100.00
83.70,31.28,0.00,Weekday,Tuesday,Maximum_Load,100.00,93.67
3.71,3.60,0.00,Weekday,Thursday,Light_Load,100.00,71.77
65.30,35.68,0.00,Weekday,Friday,Medium_Load,100.00,87.75
3.42,4.21,0.14,Weekend,Sunday,Light_Load,99.92,63.05
23.65,14.54,0.00,Weekday,Tuesday,Light_Load,100.00,85.19
61.70,29.30,0.00,Weekday,Friday,Maximum_Load,100.00,90.33
3.13,0.00,18.07,Weekend,Sunday,Light_Load,17.07,100.00
3.67,4.64,0.00,Weekday,Tuesday,Light_Load,100.00,62.04
74.12,13.18,1.44,Weekday,Wednesday,Maximum_Load,99.98,98.46
3.74,7.27,0.00,Weekend,Saturday,Light_Load,100.00,45.75
87.55,42.37,0.00,Weekend,Saturday,Light_Load,100.00,90.01
49.46,25.09,0.00,Weekday,Thursday,Maximum_Load,100.00,89.18
2.77,1.98,0.18,Weekend,Saturday,Light_Load,99.79,81.35
4.21,6.59,0.00,Weekday,Monday,Light_Load,100.00,53.84
54.22,24.95,0.00,Weekday,Monday,Medium_Load,100.00,90.84
66.92,30.13,0.00,Weekday,Monday,Maximum_Load,100.00,91.18
2.74,5.26,0.00,Weekday,Monday,Light_Load,100.00,46.20
103.72,61.13,0.00,Weekday,Friday,Maximum_Load,100.00,86.15
104.04,57.60,0.00,Weekday,Wednesday,Medium_Load,100.00,87.49
3.06,3.35,0.00,Weekday,Monday,Light_Load,100.00,67.44
30.06,0.04,6.52,Weekday,Friday,Medium_Load,97.73,100.00
28.30,0.00,8.39,Weekend,Saturday,Medium_Load,95.88,100.00
2.99,3.53,0.00,Weekday,Monday,Light_Load,100.00,64.63
28.58,0.00,8.46,Weekday,Tuesday,Medium_Load,95.89,100.00
4.07,5.15,0.00,Weekday,Thursday,Light_Load,100.00,62.00
2.70,4.75,0.00,Weekday,Thursday,Light_Load,100.00,49.42
45.40,10.98,0.07,Weekday,Wednesday,Maximum_Load,100.00,97.20
100.30,40.46,0.00,Weekday,Friday,Medium_Load,100.00,92.74
4.97,4.00,0.00,Weekday,Friday,Light_Load,100.00,77.90
45.90,39.64,0.00,Weekday,Thursday,Maximum_Load,100.00,75.68
3.20,5.98,0.00,Weekday,Friday,Light_Load,100.00,47.18
4.61,4.68,0.00,Weekday,Thursday,Light_Load,100.00,70.18
3.71,4.72,0.00,Weekday,Thursday,Light_Load,100.00,61.80
3.46,6.23,0.00,Weekday,Thursday,Medium_Load,100.00,48.55
3.10,0.00,4.10,Weekday,Friday,Light_Load,60.31,100.00
2.88,0.00,10.84,Weekday,Monday,Light_Load,25.68,100.00
3.78,0.00,16.02,Weekday,Thursday,Medium_Load,22.96,100.00
3.38,6.48,0.00,Weekday,Thursday,Light_Load,100.00,46.25
57.89,38.70,0.11,Weekday,Friday,Maximum_Load,100.00,83.13
3.78,3.67,0.00,Weekend,Sunday,Light_Load,100.00,71.75
6.37,0.00,14.90,Weekday,Monday,Maximum_Load,39.31,100.00
4.61,4.90,0.00,Weekday,Thursday,Light_Load,100.00,68.52
36.58,1.55,0.65,Weekday,Tuesday,Maximum_Load,99.98,99.91
18.14,17.28,0.00,Weekday,Wednesday,Light_Load,100.00,72.41
4.64,3.96,0.00,Weekend,Saturday,Light_Load,100.00,76.06
45.61,23.80,0.00,Weekend,Saturday,Maximum_Load,100.00,88.66
4.07,0.00,14.76,Weekend,Sunday,Light_Load,26.58,100.00
3.42,0.00,16.88,Weekend,Sunday,Medium_Load,19.86,100.00
2.84,3.49,0.00,Weekend,Saturday,Light_Load,100.00,63.12
2.84,0.00,17.24,Weekday,Wednesday,Light_Load,16.25,100.00
4.43,0.00,20.38,Weekday,Tuesday,Medium_Load,21.24,100.00
3.85,5.29,0.00,Weekday,Wednesday,Light_Load,100.00,58.84
3.06,5.87,0.00,Weekday,Tuesday,Light_Load,100.00,46.23
110.95,37.87,0.00,Weekday,Thursday,Medium_Load,100.00,94.64
75.92,23.11,0.00,Weekday,Wednesday,Maximum_Load,100.00,95.67
52.06,27.32,0.00,Weekday,Friday,Medium_Load,100.00,88.55
63.50,32.94,0.00,Weekday,Thursday,Medium_Load,100.00,88.77
2.81,5.72,0.00,Weekday,Monday,Light_Load,100.00,44.09
2.84,4.90,0.00,Weekend,Sunday,Light_Load,100.00,50.15
3.89,0.00,11.23,Weekday,Thursday,Medium_Load,32.73,100.00
93.96,20.30,0.36,Weekend,Sunday,Medium_Load,100.00,97.74
73.01,28.19,0.00,Weekday,Wednesday,Medium_Load,100.00,93.29
2.77,5.04,0.00,Weekday,Thursday,Light_Load,100.00,48.17
4.00,1.44,14.18,Weekday,Wednesday,Medium_Load,27.15,94.09
2.59,5.65,0.00,Weekday,Tuesday,Light_Load,100.00,41.67
2.95,0.00,16.42,Weekday,Thursday,Light_Load,17.68,100.00
3.64,0.00,24.95,Weekend,Sunday,Medium_Load,14.44,100.00
50.00,20.56,0.00,Weekday,Tuesday,Medium_Load,100.00,92.49
3.78,7.09,0.00,Weekday,Thursday,Medium_Load,100.00,47.05
3.02,4.00,0.00,Weekday,Thursday,Light_Load,100.00,60.26
5.76,4.75,0.00,Weekday,Monday,Maximum_Load,100.00,77.15
44.28,29.38,0.00,Weekday,Monday,Maximum_Load,100.00,83.33
2.92,5.76,0.00,Weekend,Saturday,Light_Load,100.00,45.22
2.81,5.26,0.00,Weekday,Thursday,Light_Load,100.00,47.12
78.62,48.49,0.00,Weekday,Monday,Light_Load,100.00,85.11
3.38,6.23,0.18,Weekend,Saturday,Medium_Load,99.86,47.69
3.06,3.82,0.00,Weekday,Wednesday,Light_Load,100.00,62.52
2.99,4.75,0.00,Weekend,Saturday,Light_Load,100.00,53.27
2.88,3.82,0.00,Weekday,Wednesday,Light_Load,100.00,60.20
76.07,17.82,0.00,Weekday,Monday,Medium_Load,100.00,97.36
41.90,30.20,0.00,Weekday,Thursday,Light_Load,100.00,81.12
4.39,0.00,13.32,Weekday,Tuesday,Medium_Load,31.30,100.00
4.39,4.39,0.00,Weekday,Thursday,Light_Load,100.00,70.71
45.11,29.77,0.00,Weekend,Saturday,Light_Load,100.00,83.46
3.53,0.00,5.15,Weekend,Sunday,Medium_Load,56.54,100.00
4.57,0.00,15.98,Weekday,Thursday,Medium_Load,27.50,100.00
45.07,5.80,3.42,Weekday,Wednesday,Medium_Load,99.71,99.18
3.56,5.18,0.00,Weekday,Friday,Light_Load,100.00,56.64
60.98,38.30,0.00,Weekday,Friday,Light_Load,100.00,84.68
6.12,0.00,22.46,Weekend,Saturday,Light_Load,26.29,100.00
2.81,0.00,4.75,Weekend,Sunday,Light_Load,50.92,100.00
34.88,14.83,1.22,Weekday,Friday,Medium_Load,99.94,92.03
4.36,0.00,6.73,Weekday,Friday,Light_Load,54.37,100.00
3.49,5.04,0.00,Weekday,Monday,Light_Load,100.00,56.93
3.20,2.30,0.07,Weekday,Friday,Light_Load,99.98,81.20
88.92,20.34,0.00,Weekday,Thursday,Medium_Load,100.00,97.48
64.04,32.58,0.00,Weekday,Friday,Medium_Load,100.00,89.13
3.35,2.70,0.00,Weekend,Sunday,Light_Load,100.00,77.86
2.95,3.56,0.00,Weekday,Wednesday,Light_Load,100.00,63.81
99.61,29.66,0.00,Weekday,Monday,Medium_Load,100.00,95.84
4.79,3.78,0.00,Weekend,Saturday,Light_Load,100.00,78.50
3.60,3.82,0.00,Weekday,Tuesday,Light_Load,100.00,68.58
2.63,4.43,0.00,Weekday,Tuesday,Light_Load,100.00,51.05
78.62,15.12,1.40,Weekend,Sunday,Maximum_Load,99.98,98.20
4.36,5.33,0.00,Weekday,Friday,Light_Load,100.00,63.32
3.06,3.82,0.00,Weekday,Monday,Light_Load,100.00,62.52
2.92,5.76,0.00,Weekday,Tuesday,Light_Load,100.00,45.22
96.84,34.13,0.00,Weekday,Wednesday,Maximum_Load,100.00,94.31
94.07,17.03,0.00,Weekday,Monday,Medium_Load,100.00,98.40
62.93,28.04,0.00,Weekday,Wednesday,Medium_Load,100.00,91.34
3.82,5.44,0.00,Weekend,Saturday,Light_Load,100.00,57.47
3.02,0.00,14.76,Weekend,Sunday,Light_Load,20.05,100.00
3.96,4.21,0.00,Weekday,Tuesday,Light_Load,100.00,68.51
76.32,14.51,0.90,Weekday,Thursday,Maximum_Load,99.99,98.24
5.51,0.00,23.00,Weekend,Sunday,Maximum_Load,23.30,100.00
2.95,0.00,5.00,Weekend,Sunday,Light_Load,50.81,100.00
5.94,5.72,0.00,Weekday,Wednesday,Light_Load,100.00,72.03
43.31,25.85,0.22,Weekday,Monday,Medium_Load,100.00,85.87
2.99,0.97,10.33,Weekday,Wednesday,Medium_Load,27.80,95.12
64.76,36.65,0.00,Weekday,Friday,Maximum_Load,100.00,87.03
99.61,34.20,0.00,Weekday,Tuesday,Maximum_Load,100.00,94.58
3.24,0.00,12.06,Weekend,Saturday,Light_Load,25.95,100.00
3.74,0.00,6.84,Weekend,Saturday,Medium_Load,47.98,100.00
59.18,17.57,0.00,Weekday,Monday,Maximum_Load,100.00,95.86
54.61,11.48,0.00,Weekday,Monday,Maximum_Load,100.00,97.86
2.81,4.54,0.00,Weekday,Tuesday,Light_Load,100.00,52.63
2.95,0.00,16.60,Weekend,Sunday,Medium_Load,17.50,100.00
2.81,0.00,10.87,Weekend,Saturday,Light_Load,25.03,100.00
24.48,23.83,0.00,Weekend,Saturday,Light_Load,100.00,71.66
2.99,4.54,0.00,Weekday,Tuesday,Light_Load,100.00,55.00
3.35,6.70,0.00,Weekday,Thursday,Light_Load,100.00,44.72
54.65,35.78,0.00,Weekday,Friday,Maximum_Load,100.00,83.66
3.85,0.00,18.76,Weekend,Sunday,Light_Load,20.10,100.00
91.19,34.13,0.00,Weekend,Saturday,Medium_Load,100.00,93.66
4.72,0.00,24.91,Weekday,Tuesday,Medium_Load,18.62,100.00
3.35,0.00,6.37,Weekend,Saturday,Light_Load,46.55,100.00
62.21,26.82,0.00,Weekday,Wednesday,Maximum_Load,100.00,91.83
3.35,5.00,0.00,Weekday,Monday,Light_Load,100.00,55.66
3.46,4.28,0.00,Weekday,Wednesday,Medium_Load,100.00,62.87
2.84,5.87,0.00,Weekend,Saturday,Light_Load,100.00,43.55
124.92,40.39,0.00,Weekday,Tuesday,Medium_Load,100.00,95.15
4.18,5.83,0.00,Weekend,Saturday,Light_Load,100.00,58.27
5.47,0.00,25.67,Weekday,Wednesday,Medium_Load,20.84,100.00
3.67,0.00,25.88,Weekday,Friday,Medium_Load,14.04,100.00
3.74,7.45,0.00,Weekend,Sunday,Light_Load,100.00,44.87
72.11,33.59,0.00,Weekday,Friday,Maximum_Load,100.00,90.65
65.70,33.55,0.00,Weekday,Friday,Medium_Load,100.00,89.06
4.50,0.00,13.07,Weekday,Friday,Medium_Load,32.55,100.00
3.74,0.00,13.46,Weekday,Tuesday,Medium_Load,26.77,100.00
2.84,3.85,0.00,Weekday,Monday,Light_Load,100.00,59.36
3.74,4.54,0.00,Weekday,Thursday,Light_Load,100.00,63.58
2.63,4.32,0.00,Weekday,Thursday,Light_Load,100.00,52.00
35.10,0.47,5.08,Weekday,Friday,Medium_Load,98.97,99.99
3.56,5.00,0.00,Weekday,Thursday,Medium_Load,100.00,58.00
3.13,4.28,0.00,Weekday,Tuesday,Light_Load,100.00,59.03
2.66,5.04,0.00,Weekday,Friday,Light_Load,100.00,46.68
54.94,18.04,0.00,Weekday,Tuesday,Medium_Load,100.00,95.01
2.92,5.40,0.00,Weekday,Friday,Light_Load,100.00,47.57
3.13,3.28,0.00,Weekend,Saturday,Light_Load,100.00,69.04
35.10,5.62,0.14,Weekend,Sunday,Medium_Load,100.00,98.74
39.96,21.92,0.00,Weekday,Thursday,Medium_Load,100.00,87.68
40.61,27.97,0.43,Weekday,Tuesday,Medium_Load,99.99,82.36
2.77,4.75,0.00,Weekday,Monday,Light_Load,100.00,50.38
4.36,0.00,20.74,Weekday,Tuesday,Medium_Load,20.57,100.00
3.74,3.28,0.04,Weekend,Sunday,Light_Load,99.99,75.18
4.21,7.27,0.00,Weekday,Monday,Light_Load,100.00,50.11
42.59,8.24,0.04,Weekday,Monday,Medium_Load,100.00,98.18
97.27,32.29,0.00,Weekday,Monday,Medium_Load,100.00,94.91
5.65,0.00,21.53,Weekday,Friday,Medium_Load,25.38,100.00
37.73,1.01,9.00,Weekday,Monday,Maximum_Load,97.27,99.96
51.16,25.34,0.00,Weekday,Tuesday,Maximum_Load,100.00,89.61
3.74,0.00,17.03,Weekend,Saturday,Light_Load,21.45,100.00
106.67,46.87,0.00,Weekday,Friday,Maximum_Load,100.00,91.55
3.20,4.82,0.00,Weekday,Thursday,Light_Load,100.00,55.31
3.02,4.90,0.00,Weekend,Sunday,Light_Load,100.00,52.47
8.53,7.56,0.79,Weekend,Sunday,Light_Load,99.57,74.84
3.92,0.00,17.14,Weekday,Thursday,Medium_Load,22.29,100.00
4.07,5.11,0.00,Weekend,Saturday,Light_Load,100.00,62.30
4.46,0.00,21.46,Weekday,Monday,Medium_Load,20.35,100.00
4.10,0.00,17.35,Weekend,Saturday,Medium_Load,23.00,100.00
2.88,5.69,0.00,Weekday,Monday,Light_Load,100.00,45.16
39.31,18.72,0.72,Weekday,Friday,Medium_Load,99.98,90.29
5.87,4.43,0.00,Weekend,Saturday,Light_Load,100.00,79.82
2.95,5.40,0.00,Weekday,Thursday,Light_Load,100.00,47.94
59.47,51.62,0.00,Weekday,Thursday,Light_Load,100.00,75.52
3.24,3.31,0.00,Weekend,Sunday,Light_Load,100.00,69.95
3.49,3.53,0.00,Weekday,Friday,Light_Load,100.00,70.31
4.54,4.43,0.00,Weekday,Wednesday,Light_Load,100.00,71.57
78.12,34.38,0.00,Weekday,Friday,Medium_Load,100.00,91.53
9.72,0.00,25.24,Weekday,Tuesday,Medium_Load,35.94,100.00
53.57,32.62,0.00,Weekday,Thursday,Maximum_Load,100.00,85.41
3.46,5.36,0.00,Weekday,Friday,Medium_Load,100.00,54.23
32.40,16.24,0.00,Weekday,Wednesday,Medium_Load,100.00,89.40
96.41,36.00,0.00,Weekday,Monday,Maximum_Load,100.00,93.68
3.64,4.54,0.00,Weekday,Thursday,Light_Load,100.00,62.55
2.92,5.11,0.00,Weekend,Saturday,Light_Load,100.00,49.61
2.84,1.87,0.32,Weekday,Wednesday,Light_Load,99.37,83.52
2.99,0.00,6.44,Weekend,Sunday,Light_Load,42.11,100.00
53.21,20.27,0.04,Weekday,Wednesday,Medium_Load,100.00,93.45
3.20,4.90,0.00,Weekday,Friday,Light_Load,100.00,54.68
3.10,5.33,0.00,Weekday,Tuesday,Light_Load,100.00,50.28
119.12,73.12,0.00,Weekday,Thursday,Light_Load,100.00,85.22
3.74,3.74,0.00,Weekday,Wednesday,Light_Load,100.00,70.71
44.78,15.62,0.00,Weekday,Thursday,Maximum_Load,100.00,94.42
2.95,0.00,14.58,Weekday,Tuesday,Light_Load,19.83,100.00
5.98,6.05,0.00,Weekday,Tuesday,Light_Load,100.00,70.30
2.59,3.49,0.00,Weekday,Tuesday,Light_Load,100.00,59.59
4.79,0.00,9.58,Weekend,Saturday,Medium_Load,44.72,100.00
9.58,0.00,20.34,Weekday,Friday,Maximum_Load,42.61,100.00
3.17,0.00,16.63,Weekend,Sunday,Light_Load,18.72,100.00
3.31,0.00,13.86,Weekend,Sunday,Light_Load,23.23,100.00
42.66,15.48,5.54,Weekday,Monday,Medium_Load,99.17,94.00
3.17,3.74,0.00,Weekend,Saturday,Light_Load,100.00,64.66
4.97,5.54,0.00,Weekday,Tuesday,Light_Load,100.00,66.78
76.00,26.14,0.00,Weekday,Friday,Maximum_Load,100.00,94.56
68.00,37.37,0.00,Weekday,Friday,Medium_Load,100.00,87.64
3.10,5.11,0.00,Weekday,Friday,Light_Load,100.00,51.87
2.66,4.82,0.00,Weekday,Thursday,Light_Load,100.00,48.32
2.77,3.85,0.00,Weekday,Wednesday,Light_Load,100.00,58.40
63.65,32.54,0.00,Weekday,Monday,Medium_Load,100.00,89.04
3.10,2.59,0.00,Weekday,Thursday,Light_Load,100.00,76.74
23.76,22.90,0.00,Weekend,Saturday,Light_Load,100.00,72.00
105.84,47.99,0.00,Weekday,Friday,Medium_Load,100.00,91.08
3.02,5.90,0.00,Weekday,Wednesday,Light_Load,100.00,45.56
45.97,2.09,2.88,Weekday,Friday,Medium_Load,99.80,99.90
55.58,33.41,0.00,Weekday,Tuesday,Medium_Load,100.00,85.71
2.84,6.05,0.00,Weekday,Friday,Light_Load,100.00,42.49
3.78,7.49,0.00,Weekend,Saturday,Light_Load,100.00,45.05
2.95,0.00,10.04,Weekend,Sunday,Light_Load,28.19,100.00
63.58,38.12,0.00,Weekday,Tuesday,Maximum_Load,100.00,85.77
3.64,6.23,0.00,Weekday,Wednesday,Light_Load,100.00,50.45
67.82,39.13,0.00,Weekday,Thursday,Maximum_Load,100.00,86.62
84.35,14.87,0.94,Weekday,Wednesday,Medium_Load,99.99,98.48
55.62,22.00,0.00,Weekend,Saturday,Medium_Load,100.00,92.99
2.88,0.00,5.22,Weekend,Saturday,Light_Load,48.31,100.00
3.42,0.00,26.53,Weekend,Saturday,Medium_Load,12.79,100.00
84.46,51.16,0.00,Weekday,Thursday,Maximum_Load,100.00,85.53
3.56,3.82,0.00,Weekday,Tuesday,Light_Load,100.00,68.18
96.41,29.48,0.00,Weekday,Tuesday,Medium_Load,100.00,95.63
35.64,22.07,0.00,Weekend,Saturday,Light_Load,100.00,85.02
3.17,4.86,0.00,Weekend,Saturday,Light_Load,100.00,54.63
2.88,0.00,4.86,Weekend,Sunday,Light_Load,50.98,100.00
125.75,53.57,0.00,Weekday,Friday,Maximum_Load,100.00,92.00
46.58,17.60,0.00,Weekend,Saturday,Maximum_Load,100.00,93.55
62.35,31.54,0.00,Weekday,Thursday,Medium_Load,100.00,89.23
17.28,0.07,14.72,Weekend,Saturday,Maximum_Load,76.12,100.00
3.56,0.00,11.95,Weekday,Wednesday,Medium_Load,28.55,100.00
3.10,2.59,0.00,Weekend,Saturday,Light_Load,100.00,76.74
2.81,0.00,17.32,Weekend,Saturday,Light_Load,16.01,100.00
55.48,17.21,0.00,Weekday,Tuesday,Medium_Load,100.00,95.51
3.13,4.03,0.00,Weekend,Saturday,Light_Load,100.00,61.34
115.78,37.19,0.00,Weekday,Wednesday,Maximum_Load,100.00,95.21
67.54,37.51,0.00,Weekday,Monday,Medium_Load,100.00,87.42
55.66,46.15,0.00,Weekday,Friday,Light_Load,100.00,76.98
3.53,0.00,16.70,Weekend,Sunday,Light_Load,20.68,100.00
93.53,67.36,0.00,Weekday,Tuesday,Maximum_Load,100.00,81.15
2.88,0.00,10.15,Weekend,Sunday,Light_Load,27.30,100.00
58.61,28.91,0.00,Weekday,Tuesday,Medium_Load,100.00,89.68
63.18,31.72,0.00,Weekday,Monday,Maximum_Load,100.00,89.37
3.64,3.24,0.04,Weekend,Saturday,Light_Load,99.99,74.70
3.78,6.34,0.00,Weekday,Wednesday,Light_Load,100.00,51.21
2.84,4.79,0.00,Weekday,Tuesday,Light_Load,100.00,51.00
3.31,0.00,13.75,Weekend,Saturday,Light_Load,23.40,100.00
52.49,23.33,0.00,Weekday,Friday,Medium_Load,100.00,91.38
68.04,27.97,0.00,Weekday,Tuesday,Maximum_Load,100.00,92.49
34.74,28.87,0.00,Weekday,Thursday,Light_Load,100.00,76.91
43.31,17.68,0.00,Weekday,Tuesday,Medium_Load,100.00,92.58
3.17,0.00,16.96,Weekend,Sunday,Light_Load,18.37,100.00
42.62,7.09,1.94,Weekday,Monday,Medium_Load,99.90,98.64
2.74,4.43,0.00,Weekday,Tuesday,Light_Load,100.00,52.60
5.04,3.20,0.47,Weekday,Wednesday,Maximum_Load,99.57,84.42
2.63,4.93,0.00,Weekend,Saturday,Light_Load,100.00,47.07
7.24,1.30,9.54,Weekday,Wednesday,Medium_Load,60.45,98.43
3.10,2.77,0.00,Weekend,Saturday,Light_Load,100.00,74.57
3.46,6.30,0.00,Weekday,Monday,Light_Load,100.00,48.14
3.60,2.45,0.40,Weekday,Friday,Light_Load,99.39,82.67
2.59,4.54,0.00,Weekend,Sunday,Light_Load,100.00,49.55
3.64,0.00,14.51,Weekend,Sunday,Light_Load,24.33,100.00
61.74,33.59,0.00,Weekday,Wednesday,Medium_Load,100.00,87.84
2.48,5.22,0.00,Weekday,Wednesday,Light_Load,100.00,42.91
41.18,21.38,0.00,Weekday,Friday,Maximum_Load,100.00,88.75
2.84,5.15,0.00,Weekday,Tuesday,Light_Load,100.00,48.29
65.34,33.88,0.00,Weekday,Monday,Medium_Load,100.00,88.78
50.54,50.51,0.00,Weekday,Monday,Light_Load,100.00,70.73
3.92,0.00,18.32,Weekday,Wednesday,Medium_Load,20.92,100.00
90.83,35.82,0.00,Weekday,Tuesday,Medium_Load,100.00,93.03
68.04,34.45,0.00,Weekday,Friday,Medium_Load,100.00,89.22
5.36,0.00,26.89,Weekday,Tuesday,Medium_Load,19.55,100.00
24.44,4.68,4.86,Weekday,Thursday,Medium_Load,98.08,98.22
63.83,11.16,0.25,Weekday,Tuesday,Medium_Load,100.00,98.51
2.77,4.86,0.00,Weekend,Sunday,Light_Load,100.00,49.52
73.94,27.25,0.00,Weekday,Thursday,Medium_Load,100.00,93.83
4.57,7.20,0.00,Weekday,Friday,Light_Load,100.00,53.59
4.36,0.00,16.92,Weekday,Friday,Medium_Load,24.95,100.00
71.93,43.38,0.00,Weekday,Wednesday,Maximum_Load,100.00,85.63
26.14,25.88,0.00,Weekday,Friday,Light_Load,100.00,71.06
57.46,27.83,0.00,Weekday,Thursday,Medium_Load,100.00,90.00
2.92,3.96,0.00,Weekday,Friday,Light_Load,100.00,59.35
3.71,3.06,0.00,Weekday,Wednesday,Light_Load,100.00,77.14
94.64,42.19,0.00,Weekday,Thursday,Maximum_Load,100.00,91.34
3.89,0.00,18.04,Weekend,Sunday,Light_Load,21.08,100.00
6.01,6.26,0.00,Weekday,Tuesday,Maximum_Load,100.00,69.26
3.92,0.00,26.57,Weekday,Wednesday,Medium_Load,14.60,100.00
115.49,49.97,0.00,Weekday,Wednesday,Maximum_Load,100.00,91.78
3.67,0.00,11.20,Weekend,Saturday,Medium_Load,31.14,100.00
31.86,14.11,0.00,Weekend,Saturday,Maximum_Load,100.00,91.43
6.12,0.00,16.99,Weekday,Thursday,Medium_Load,33.89,100.00
5.90,5.26,0.00,Weekday,Tuesday,Light_Load,100.00,74.64
3.67,3.02,0.07,Weekday,Monday,Light_Load,99.98,77.22
5.26,0.00,25.06,Weekday,Friday,Medium_Load,20.54,100.00
2.66,0.00,11.95,Weekend,Sunday,Light_Load,21.73,100.00
2.81,5.33,0.00,Weekend,Sunday,Light_Load,100.00,46.64
2.63,5.47,0.00,Weekday,Monday,Light_Load,100.00,43.33
3.06,3.92,0.00,Weekend,Sunday,Light_Load,100.00,61.53
4.21,0.00,25.81,Weekday,Monday,Medium_Load,16.10,100.00
3.92,0.00,17.17,Weekday,Wednesday,Medium_Load,22.26,100.00
83.99,30.71,0.00,Weekday,Thursday,Maximum_Load,100.00,93.92
56.70,29.23,0.00,Weekday,Friday,Medium_Load,100.00,88.88
20.16,1.01,13.00,Weekday,Thursday,Medium_Load,84.04,99.87
4.32,0.11,13.00,Weekday,Monday,Medium_Load,31.54,99.97
5.47,0.00,26.96,Weekday,Thursday,Medium_Load,19.88,100.00
2.95,0.00,16.74,Weekend,Saturday,Light_Load,17.36,100.00
21.92,0.94,9.94,Weekend,Saturday,Maximum_Load,91.07,99.91
3.02,0.00,17.10,Weekend,Sunday,Medium_Load,17.39,100.00
39.38,3.74,1.12,Weekday,Wednesday,Medium_Load,99.96,99.55
4.03,0.00,16.20,Weekend,Sunday,Light_Load,24.14,100.00
4.03,0.00,20.95,Weekend,Sunday,Light_Load,18.89,100.00
3.67,3.85,0.00,Weekday,Friday,Light_Load,100.00,69.00
3.82,0.00,23.58,Weekend,Sunday,Light_Load,15.99,100.00
48.02,22.68,0.00,Weekday,Tuesday,Maximum_Load,100.00,90.42
3.64,0.00,16.99,Weekend,Sunday,Light_Load,20.95,100.00
3.35,0.00,17.60,Weekday,Thursday,Light_Load,18.70,100.00
5.83,3.13,0.22,Weekday,Wednesday,Light_Load,99.93,88.11
3.64,6.34,0.00,Weekday,Friday,Light_Load,100.00,49.79
103.03,40.03,0.00,Weekend,Saturday,Maximum_Load,100.00,93.21
2.63,5.04,0.00,Weekday,Monday,Light_Load,100.00,46.26
4.32,7.16,0.00,Weekday,Monday,Light_Load,100.00,51.66
3.20,5.65,0.00,Weekday,Friday,Light_Load,100.00,49.28
89.06,43.78,0.00,Weekday,Thursday,Medium_Load,100.00,89.74
4.21,3.53,0.07,Weekday,Tuesday,Light_Load,99.99,76.63
2.70,4.82,0.00,Weekend,Sunday,Light_Load,100.00,48.87
124.52,47.12,0.00,Weekday,Monday,Medium_Load,100.00,93.53
2.92,5.44,0.00,Weekend,Sunday,Light_Load,100.00,47.29
3.38,5.69,0.00,Weekend,Saturday,Light_Load,100.00,51.07
2.74,4.54,0.00,Weekend,Sunday,Light_Load,100.00,51.67
2.81,5.94,0.00,Weekday,Wednesday,Light_Load,100.00,42.76
71.64,32.00,0.00,Weekday,Friday,Light_Load,100.00,91.31
5.47,0.00,19.48,Weekday,Monday,Medium_Load,27.03,100.00
2.74,0.00,5.40,Weekday,Wednesday,Light_Load,45.25,100.00
50.08,15.30,0.00,Weekday,Monday,Medium_Load,100.00,95.64
3.71,3.31,0.00,Weekend,Saturday,Light_Load,100.00,74.62
122.87,63.07,0.00,Weekday,Thursday,Maximum_Load,100.00,88.96
42.12,37.66,0.00,Weekday,Tuesday,Light_Load,100.00,74.55
3.71,0.00,16.31,Weekend,Sunday,Light_Load,22.18,100.00
3.24,0.00,13.82,Weekend,Saturday,Light_Load,22.83,100.00
100.01,48.10,0.00,Weekend,Saturday,Medium_Load,100.00,90.12
2.92,5.80,0.00,Weekend,Saturday,Light_Load,100.00,44.97
88.74,34.49,0.00,Weekday,Monday,Medium_Load,100.00,93.21
72.54,47.41,0.00,Weekday,Monday,Maximum_Load,100.00,83.71
29.02,6.08,0.97,Weekday,Friday,Medium_Load,99.94,97.87
3.56,4.28,0.00,Weekday,Tuesday,Light_Load,100.00,63.95
95.65,33.08,0.00,Weekend,Saturday,Maximum_Load,100.00,94.51
3.24,0.00,10.19,Weekend,Saturday,Light_Load,30.30,100.00
3.56,4.10,0.00,Weekday,Monday,Medium_Load,100.00,65.56
4.86,0.00,25.13,Weekday,Wednesday,Medium_Load,18.99,100.00
3.13,3.92,0.00,Weekend,Saturday,Light_Load,100.00,62.40
43.81,16.27,0.00,Weekday,Tuesday,Maximum_Load,100.00,93.74
2.92,5.04,0.00,Weekday,Friday,Light_Load,100.00,50.13
3.74,2.77,0.00,Weekday,Tuesday,Light_Load,100.00,80.36
3.46,4.68,0.00,Weekend,Saturday,Light_Load,100.00,59.45
3.20,4.57,0.00,Weekday,Tuesday,Light_Load,100.00,57.36
25.27,0.04,4.39,Weekday,Monday,Medium_Load,98.52,100.00
7.67,6.01,0.36,Weekend,Saturday,Light_Load,99.89,78.71
54.00,33.16,0.00,Weekday,Tuesday,Maximum_Load,100.00,85.22
2.88,2.70,0.00,Weekday,Tuesday,Light_Load,100.00,72.95
100.98,33.84,0.00,Weekday,Monday,Maximum_Load,100.00,94.82
44.82,24.80,0.00,Weekend,Sunday,Maximum_Load,100.00,87.50
62.28,26.60,0.00,Weekday,Thursday,Medium_Load,100.00,91.96
2.59,4.79,0.00,Weekend,Sunday,Light_Load,100.00,47.56
69.30,34.02,0.58,Weekday,Monday,Medium_Load,100.00,89.77
102.82,43.38,0.00,Weekday,Tuesday,Maximum_Load,100.00,92.14
6.30,2.41,0.07,Weekday,Thursday,Light_Load,99.99,93.40
3.71,0.00,13.68,Weekend,Saturday,Medium_Load,26.17,100.00
111.78,56.16,0.00,Weekday,Friday,Maximum_Load,100.00,89.36
3.24,2.99,0.00,Weekend,Saturday,Light_Load,100.00,73.49
2.56,5.04,0.00,Weekend,Sunday,Light_Load,100.00,45.29
54.79,40.28,0.00,Weekday,Friday,Maximum_Load,100.00,80.57
4.79,0.00,26.75,Weekend,Saturday,Light_Load,17.63,100.00
3.17,3.82,0.00,Weekday,Thursday,Light_Load,100.00,63.86
2.88,0.00,4.25,Weekday,Thursday,Light_Load,56.10,100.00
36.90,0.61,6.34,Weekday,Friday,Medium_Load,98.56,99.99
59.36,39.96,0.00,Weekday,Wednesday,Maximum_Load,100.00,82.95
2.74,0.00,11.81,Weekend,Sunday,Light_Load,22.60,100.00
3.53,0.00,15.59,Weekend,Saturday,Light_Load,22.08,100.00
98.93,41.76,0.00,Weekday,Monday,Medium_Load,100.00,92.13
2.70,4.46,0.00,Weekend,Saturday,Light_Load,100.00,51.79
37.26,3.60,0.18,Weekday,Tuesday,Medium_Load,100.00,99.54
2.84,4.21,0.00,Weekday,Thursday,Light_Load,100.00,55.92
7.96,0.04,25.67,Weekday,Friday,Medium_Load,29.62,100.00
3.56,6.23,0.00,Weekday,Friday,Medium_Load,100.00,49.61
3.74,3.13,0.14,Weekend,Sunday,Light_Load,99.93,76.69
5.51,6.70,0.00,Weekday,Wednesday,Light_Load,100.00,63.52
6.34,0.00,21.20,Weekday,Thursday,Medium_Load,28.65,100.00
3.06,4.97,0.00,Weekday,Wednesday,Light_Load,100.00,52.43
6.05,6.08,0.00,Weekday,Wednesday,Light_Load,100.00,70.54
56.81,25.06,0.00,Weekday,Friday,Maximum_Load,100.00,91.49
2.84,0.00,11.63,Weekend,Sunday,Light_Load,23.72,100.00
62.82,27.36,0.00,Weekday,Thursday,Medium_Load,100.00,91.68
4.25,0.00,25.85,Weekday,Monday,Medium_Load,16.22,100.00
3.17,0.00,16.92,Weekend,Sunday,Light_Load,18.41,100.00
2.99,0.00,16.52,Weekday,Friday,Light_Load,17.81,100.00
3.60,5.29,0.00,Weekday,Friday,Light_Load,100.00,56.26
5.58,0.00,16.34,Weekday,Wednesday,Medium_Load,32.32,100.00
96.55,47.84,0.00,Weekday,Monday,Medium_Load,100.00,89.60
64.62,40.10,0.00,Weekday,Tuesday,Medium_Load,100.00,84.97
4.54,0.00,26.50,Weekend,Saturday,Light_Load,16.89,100.00
69.70,41.76,0.00,Weekday,Monday,Maximum_Load,100.00,85.78
2.84,5.80,0.00,Weekend,Sunday,Light_Load,100.00,43.98
2.92,0.00,16.74,Weekend,Sunday,Light_Load,17.18,100.00
82.08,27.04,0.00,Weekday,Friday,Medium_Load,100.00,94.98
2.77,4.43,0.00,Weekday,Wednesday,Light_Load,100.00,53.02
92.99,39.92,0.00,Weekday,Monday,Maximum_Load,100.00,91.89
82.22,30.13,0.00,Weekday,Tuesday,Medium_Load,100.00,93.89
2.74,4.68,0.00,Weekday,Wednesday,Light_Load,100.00,50.52
69.84,27.32,0.04,Weekday,Tuesday,Medium_Load,100.00,93.13
4.57,4.68,0.00,Weekday,Wednesday,Light_Load,100.00,69.86
2.56,5.47,0.00,Weekday,Tuesday,Light_Load,100.00,42.39
31.93,3.71,1.69,Weekday,Tuesday,Maximum_Load,99.86,99.33
19.66,0.40,13.82,Weekday,Tuesday,Medium_Load,81.81,99.98
54.61,34.38,0.50,Weekday,Monday,Maximum_Load,100.00,84.63
56.20,34.74,0.00,Weekday,Wednesday,Light_Load,100.00,85.06
4.21,4.07,0.00,Weekend,Saturday,Light_Load,100.00,71.90
57.17,45.65,0.00,Weekday,Monday,Light_Load,100.00,78.14
48.96,51.26,0.00,Weekday,Monday,Light_Load,100.00,69.07
59.11,38.09,0.00,Weekday,Wednesday,Maximum_Load,100.00,84.06
3.17,2.12,0.22,Weekday,Friday,Light_Load,99.76,83.12
4.21,0.00,27.65,Weekday,Thursday,Medium_Load,15.05,100.00
3.71,5.29,0.00,Weekday,Tuesday,Medium_Load,100.00,57.42
2.77,3.96,0.00,Weekend,Sunday,Light_Load,100.00,57.32
4.50,0.00,26.53,Weekend,Saturday,Medium_Load,16.72,100.00
58.36,22.36,0.00,Weekday,Wednesday,Medium_Load,100.00,93.38
3.42,3.96,0.00,Weekend,Sunday,Light_Load,100.00,65.36
4.00,0.00,13.75,Weekend,Saturday,Medium_Load,27.93,100.00
2.95,0.00,16.96,Weekend,Sunday,Light_Load,17.14,100.00
2.81,0.00,11.20,Weekend,Sunday,Light_Load,24.34,100.00
3.82,5.04,0.00,Weekday,Wednesday,Light_Load,100.00,60.40
42.66,10.69,0.00,Weekday,Thursday,Maximum_Load,100.00,97.00
98.53,46.19,0.00,Weekday,Thursday,Medium_Load,100.00,90.54
37.30,1.87,0.47,Weekend,Saturday,Medium_Load,99.99,99.87
68.62,39.96,0.00,Weekday,Monday,Light_Load,100.00,86.42
62.96,31.46,0.00,Weekday,Tuesday,Maximum_Load,100.00,89.45
2.99,0.00,3.56,Weekday,Tuesday,Light_Load,64.31,100.00
3.10,5.80,0.00,Weekday,Tuesday,Light_Load,100.00,47.14
6.44,3.17,0.00,Weekday,Thursday,Light_Load,100.00,89.72
56.99,25.92,0.00,Weekend,Saturday,Maximum_Load,100.00,91.03
3.60,4.00,0.00,Weekday,Monday,Medium_Load,100.00,66.90
66.06,59.36,0.00,Weekday,Thursday,Light_Load,100.00,74.38
4.14,0.00,21.56,Weekday,Monday,Maximum_Load,18.86,100.00
3.10,0.00,15.08,Weekend,Sunday,Light_Load,20.14,100.00
2.88,0.00,16.96,Weekend,Saturday,Medium_Load,16.74,100.00
4.07,3.85,0.00,Weekday,Monday,Light_Load,100.00,72.65
31.86,0.00,6.59,Weekend,Saturday,Maximum_Load,97.93,100.00
3.20,5.69,0.00,Weekend,Saturday,Light_Load,100.00,49.02
70.96,30.71,0.00,Weekday,Monday,Medium_Load,100.00,91.77
3.42,0.00,14.58,Weekend,Saturday,Light_Load,22.84,100.00
3.17,6.12,0.00,Weekday,Monday,Light_Load,100.00,45.99
45.58,4.39,0.04,Weekday,Friday,Maximum_Load,100.00,99.54
4.03,6.30,0.00,Weekday,Thursday,Light_Load,100.00,53.89
34.81,3.46,1.91,Weekday,Tuesday,Medium_Load,99.85,99.51
3.67,0.00,10.87,Weekday,Thursday,Medium_Load,31.99,100.00
74.27,33.84,0.00,Weekday,Wednesday,Maximum_Load,100.00,91.00
4.03,6.16,0.00,Weekend,Saturday,Light_Load,100.00,54.75
110.74,79.78,0.00,Weekday,Tuesday,Light_Load,100.00,81.14
38.12,16.85,0.00,Weekday,Friday,Medium_Load,100.00,91.46
3.13,5.90,0.00,Weekend,Saturday,Light_Load,100.00,46.86
72.83,37.04,0.00,Weekday,Monday,Maximum_Load,100.00,89.13
32.94,0.07,3.46,Weekday,Thursday,Maximum_Load,99.45,100.00
109.33,61.70,0.00,Weekday,Monday,Maximum_Load,100.00,87.09
4.72,5.58,0.00,Weekday,Wednesday,Light_Load,100.00,64.58
3.56,0.00,10.44,Weekend,Saturday,Medium_Load,32.27,100.00
4.10,4.21,0.00,Weekday,Wednesday,Light_Load,100.00,69.77
3.06,3.10,0.00,Weekend,Saturday,Light_Load,100.00,70.25
124.70,50.47,0.00,Weekday,Friday,Medium_Load,100.00,92.70
93.06,44.60,0.00,Weekday,Tuesday,Maximum_Load,100.00,90.18
74.34,30.56,0.00,Weekday,Monday,Maximum_Load,100.00,92.49
3.06,0.00,17.14,Weekend,Sunday,Light_Load,17.58,100.00
4.82,6.77,0.00,Weekday,Friday,Light_Load,100.00,58.00
28.22,9.25,0.00,Weekend,Sunday,Maximum_Load,100.00,95.03
50.58,8.32,0.07,Weekday,Friday,Medium_Load,100.00,98.67
43.34,33.41,0.00,Weekday,Monday,Medium_Load,100.00,79.20
59.40,44.71,0.00,Weekday,Monday,Maximum_Load,100.00,79.90
49.64,27.68,0.00,Weekday,Friday,Maximum_Load,100.00,87.34
3.35,4.28,0.00,Weekday,Wednesday,Light_Load,100.00,61.64
51.08,12.78,0.00,Weekday,Wednesday,Light_Load,100.00,97.01
3.24,3.74,0.00,Weekend,Sunday,Light_Load,100.00,65.48
64.22,26.06,0.00,Weekday,Monday,Medium_Load,100.00,92.66
74.45,20.63,0.00,Weekday,Thursday,Maximum_Load,100.00,96.37
54.94,36.07,0.00,Weekday,Monday,Maximum_Load,100.00,83.59
3.10,3.92,0.00,Weekend,Sunday,Light_Load,100.00,62.03
2.88,4.93,0.00,Weekday,Wednesday,Light_Load,100.00,50.44
3.60,4.61,0.00,Weekday,Wednesday,Light_Load,100.00,61.55
3.35,4.50,0.00,Weekday,Friday,Light_Load,100.00,59.71
3.13,6.12,0.00,Weekend,Saturday,Light_Load,100.00,45.53
3.10,0.00,4.28,Weekday,Friday,Light_Load,58.66,100.00
66.92,49.97,0.00,Weekday,Friday,Light_Load,100.00,80.13
2.84,5.62,0.00,Weekday,Thursday,Light_Load,100.00,45.10
52.06,35.32,0.00,Weekday,Tuesday,Light_Load,100.00,82.75
4.97,0.00,13.97,Weekday,Monday,Medium_Load,33.52,100.00
3.64,6.30,0.00,Weekday,Monday,Light_Load,100.00,50.03
4.32,3.42,0.00,Weekday,Tuesday,Light_Load,100.00,78.40
105.48,38.23,0.00,Weekday,Tuesday,Medium_Load,100.00,94.02
2.92,4.61,0.00,Weekday,Tuesday,Light_Load,100.00,53.51
3.64,5.00,0.00,Weekday,Monday,Medium_Load,100.00,58.86
3.13,0.00,16.74,Weekend,Sunday,Light_Load,18.38,100.00
3.10,0.00,16.99,Weekend,Saturday,Medium_Load,17.95,100.00
3.38,4.68,0.00,Weekday,Monday,Light_Load,100.00,58.55
6.01,7.67,0.00,Weekend,Sunday,Light_Load,100.00,61.68
45.65,18.54,0.00,Weekday,Thursday,Medium_Load,100.00,92.65
45.14,12.38,0.00,Weekend,Saturday,Medium_Load,100.00,96.44
3.10,2.88,0.00,Weekday,Thursday,Light_Load,100.00,73.26
3.06,5.04,0.00,Weekday,Thursday,Light_Load,100.00,51.90
32.54,0.29,4.18,Weekend,Saturday,Maximum_Load,99.19,100.00
80.53,39.53,0.00,Weekday,Wednesday,Maximum_Load,100.00,89.77
25.56,0.00,9.43,Weekday,Friday,Medium_Load,93.82,100.00
55.01,37.73,0.00,Weekday,Friday,Light_Load,100.00,82.47
3.06,3.71,0.00,Weekday,Thursday,Light_Load,100.00,63.63
2.63,4.14,0.00,Weekend,Sunday,Light_Load,100.00,53.62
3.78,0.00,15.59,Weekend,Sunday,Light_Load,23.56,100.00
3.24,6.05,0.00,Weekday,Friday,Light_Load,100.00,47.21
3.20,0.00,16.96,Weekend,Sunday,Light_Load,18.54,100.00
2.84,0.00,4.39,Weekday,Friday,Light_Load,54.32,100.00
4.68,1.22,15.66,Weekend,Sunday,Light_Load,28.63,96.77
57.20,26.60,0.00,Weekday,Thursday,Medium_Load,100.00,90.67
2.84,4.39,0.00,Weekday,Tuesday,Light_Load,100.00,54.32
4.57,4.50,0.00,Weekday,Thursday,Light_Load,100.00,71.25
125.28,80.46,0.00,Weekday,Tuesday,Medium_Load,100.00,84.14
71.10,17.93,0.94,Weekday,Friday,Maximum_Load,99.99,96.96
3.06,3.60,0.00,Weekday,Friday,Light_Load,100.00,64.76
66.46,57.20,0.00,Weekday,Tuesday,Light_Load,100.00,75.79
38.09,21.13,0.50,Weekday,Friday,Medium_Load,99.99,87.45
4.18,0.00,26.89,Weekend,Saturday,Medium_Load,15.36,100.00
3.60,6.91,0.00,Weekday,Thursday,Light_Load,100.00,46.20
3.06,4.93,0.00,Weekday,Tuesday,Light_Load,100.00,52.74
2.95,0.00,17.32,Weekend,Sunday,Light_Load,16.79,100.00
41.98,4.79,0.29,Weekend,Saturday,Maximum_Load,100.00,99.36
2.66,3.96,0.00,Weekend,Saturday,Light_Load,100.00,55.76
42.44,38.88,0.00,Weekend,Saturday,Light_Load,100.00,73.74
52.67,30.96,0.00,Weekday,Thursday,Medium_Load,100.00,86.21
35.17,2.74,4.93,Weekday,Monday,Medium_Load,99.03,99.70
2.99,3.85,0.00,Weekday,Friday,Light_Load,100.00,61.34
76.97,39.56,0.00,Weekday,Thursday,Medium_Load,100.00,88.94
48.38,22.25,0.00,Weekday,Monday,Medium_Load,100.00,90.85
66.38,29.74,0.00,Weekday,Tuesday,Medium_Load,100.00,91.26
2.77,4.28,0.00,Weekend,Sunday,Light_Load,100.00,54.33
3.82,4.28,0.00,Weekday,Friday,Medium_Load,100.00,66.59
3.64,6.37,0.00,Weekday,Thursday,Light_Load,100.00,49.61
3.31,4.97,0.00,Weekend,Sunday,Light_Load,100.00,55.43
99.47,40.03,0.00,Weekday,Thursday,Maximum_Load,100.00,92.77
19.69,0.00,11.74,Weekday,Friday,Medium_Load,85.89,100.00
2.92,5.00,0.00,Weekend,Saturday,Light_Load,100.00,50.43
3.20,4.32,0.00,Weekend,Sunday,Light_Load,100.00,59.52
2.92,0.00,16.60,Weekday,Thursday,Light_Load,17.32,100.00
2.88,0.00,11.41,Weekday,Wednesday,Medium_Load,24.47,100.00
2.95,5.80,0.00,Weekday,Friday,Light_Load,100.00,45.34
3.42,0.00,16.85,Weekday,Friday,Light_Load,19.89,100.00
52.20,18.14,0.00,Weekday,Tuesday,Maximum_Load,100.00,94.46
56.12,32.15,0.00,Weekday,Tuesday,Medium_Load,100.00,86.77
39.42,0.68,1.80,Weekday,Friday,Maximum_Load,99.90,99.99
3.38,4.72,0.00,Weekday,Thursday,Light_Load,100.00,58.22
15.52,0.00,11.95,Weekday,Tuesday,Medium_Load,79.23,100.00
103.39,25.63,0.00,Weekday,Friday,Medium_Load,100.00,97.06
146.27,76.79,0.00,Weekday,Monday,Medium_Load,100.00,88.54
4.00,5.80,0.00,Weekend,Saturday,Light_Load,100.00,56.77
2.52,4.21,0.00,Weekday,Wednesday,Light_Load,100.00,51.36
56.12,15.01,0.04,Weekday,Friday,Medium_Load,100.00,96.60
58.68,35.42,0.00,Weekday,Thursday,Maximum_Load,100.00,85.61
3.02,5.44,0.00,Weekend,Sunday,Light_Load,100.00,48.54
36.43,3.13,0.47,Weekend,Saturday,Medium_Load,99.99,99.63
33.52,11.45,0.25,Weekday,Wednesday,Medium_Load,100.00,94.63
37.08,4.18,1.94,Weekday,Wednesday,Maximum_Load,99.86,99.37
3.92,4.18,0.00,Weekday,Tuesday,Light_Load,100.00,68.41
77.44,45.25,0.00,Weekday,Wednesday,Maximum_Load,100.00,86.34
3.38,5.72,0.00,Weekend,Saturday,Light_Load,100.00,50.87
86.51,52.31,0.00,Weekday,Wednesday,Medium_Load,100.00,85.57
35.60,4.32,1.26,Weekend,Saturday,Maximum_Load,99.94,99.27
3.85,6.59,0.00,Weekend,Saturday,Light_Load,100.00,50.44
111.28,44.57,0.00,Weekday,Friday,Maximum_Load,100.00,92.83
4.14,6.08,0.00,Weekday,Thursday,Light_Load,100.00,56.28
4.82,0.00,17.10,Weekend,Sunday,Light_Load,27.13,100.00
6.77,0.00,20.20,Weekday,Tuesday,Medium_Load,31.78,100.00
2.84,0.00,17.21,Weekend,Saturday,Medium_Load,16.28,100.00
2.77,6.52,0.00,Weekend,Saturday,Light_Load,100.00,39.10
3.10,3.28,0.00,Weekend,Sunday,Light_Load,100.00,68.69
3.38,6.48,0.00,Weekend,Sunday,Light_Load,100.00,46.25
34.70,7.92,0.00,Weekend,Saturday,Maximum_Load,100.00,97.49
78.59,47.34,0.00,Weekday,Monday,Medium_Load,100.00,85.66
3.46,5.47,0.00,Weekday,Thursday,Light_Load,100.00,53.46
6.37,0.00,26.21,Weekend,Saturday,Maximum_Load,23.62,100.00
4.75,3.89,0.00,Weekday,Tuesday,Light_Load,100.00,77.37
106.67,43.74,0.00,Weekday,Friday,Maximum_Load,100.00,92.52
2.84,5.22,0.00,Weekday,Tuesday,Light_Load,100.00,47.79
4.00,2.99,0.00,Weekend,Sunday,Maximum_Load,100.00,80.10
4.57,4.46,0.00,Weekend,Sunday,Light_Load,100.00,71.57
30.64,8.71,4.68,Weekday,Wednesday,Medium_Load,98.85,96.19
2.63,4.75,0.00,Weekend,Sunday,Light_Load,100.00,48.44
2.81,0.00,11.56,Weekend,Sunday,Light_Load,23.62,100.00
3.28,4.10,0.00,Weekday,Tuesday,Light_Load,100.00,62.47
3.28,6.41,0.00,Weekday,Monday,Light_Load,100.00,45.55
3.78,0.14,3.89,Weekend,Sunday,Light_Load,69.69,99.93
4.64,6.01,0.00,Weekday,Tuesday,Light_Load,100.00,61.11
60.73,27.40,0.00,Weekday,Wednesday,Maximum_Load,100.00,91.15
46.87,15.34,4.28,Weekday,Friday,Maximum_Load,99.59,95.04
3.06,3.24,0.00,Weekend,Sunday,Light_Load,100.00,68.66
3.17,3.78,0.00,Weekend,Saturday,Light_Load,100.00,64.26
3.38,4.03,0.00,Weekday,Wednesday,Light_Load,100.00,64.26
3.92,4.82,0.00,Weekday,Tuesday,Medium_Load,100.00,63.10
45.04,11.20,0.14,Weekday,Tuesday,Medium_Load,100.00,97.04
7.60,0.00,22.36,Weekday,Wednesday,Medium_Load,32.18,100.00
2.92,5.83,0.00,Weekend,Sunday,Light_Load,100.00,44.78
2.99,5.72,0.00,Weekday,Wednesday,Medium_Load,100.00,46.33
45.43,22.28,7.31,Weekday,Wednesday,Maximum_Load,98.73,89.78
7.81,4.97,0.00,Weekday,Friday,Light_Load,100.00,84.37
3.28,5.87,0.04,Weekday,Friday,Medium_Load,99.99,48.78
3.92,0.00,24.41,Weekday,Wednesday,Light_Load,15.86,100.00
3.49,3.02,0.00,Weekday,Wednesday,Light_Load,100.00,75.62
4.61,4.21,0.00,Weekend,Sunday,Maximum_Load,100.00,73.84
3.24,4.32,0.00,Weekday,Wednesday,Light_Load,100.00,60.00
103.82,45.50,0.00,Weekend,Saturday,Maximum_Load,100.00,91.59
4.14,3.46,0.07,Weekend,Saturday,Light_Load,99.99,76.73
35.50,19.01,0.65,Weekday,Monday,Medium_Load,99.98,88.16
4.93,6.05,0.00,Weekday,Monday,Medium_Load,100.00,63.17
3.31,0.00,17.35,Weekend,Saturday,Medium_Load,18.74,100.00
4.46,0.00,24.66,Weekday,Wednesday,Medium_Load,17.80,100.00
3.71,1.44,14.58,Weekday,Friday,Medium_Load,24.66,93.22
2.92,4.97,0.00,Weekend,Saturday,Light_Load,100.00,50.66
3.38,2.88,0.00,Weekend,Saturday,Light_Load,100.00,76.12
68.08,44.71,0.00,Weekday,Thursday,Maximum_Load,100.00,83.59
3.24,3.71,0.00,Weekday,Wednesday,Light_Load,100.00,65.78
3.46,0.00,15.34,Weekend,Saturday,Light_Load,22.00,100.00
3.64,0.00,18.07,Weekday,Tuesday,Medium_Load,19.75,100.00
5.22,0.00,26.71,Weekday,Wednesday,Medium_Load,19.18,100.00
3.71,3.02,0.07,Weekday,Thursday,Light_Load,99.98,77.55
2.66,3.38,0.00,Weekend,Sunday,Light_Load,100.00,61.84
71.68,23.72,0.00,Weekday,Monday,Maximum_Load,100.00,94.94
2.88,3.96,0.00,Weekend,Saturday,Light_Load,100.00,58.82
3.13,3.60,0.00,Weekend,Saturday,Light_Load,100.00,65.61
3.38,6.73,0.00,Weekday,Tuesday,Medium_Load,100.00,44.88
114.59,57.60,0.00,Weekday,Wednesday,Maximum_Load,100.00,89.35
3.71,0.00,18.14,Weekend,Sunday,Light_Load,20.04,100.00
86.76,35.06,0.00,Weekday,Wednesday,Medium_Load,100.00,92.72
9.61,0.00,26.03,Weekday,Monday,Medium_Load,34.63,100.00
3.67,4.18,0.00,Weekday,Tuesday,Light_Load,100.00,65.98
4.43,4.75,0.00,Weekday,Wednesday,Light_Load,100.00,68.20
2.70,3.60,0.00,Weekend,Saturday,Light_Load,100.00,60.00
2.84,0.00,20.30,Weekday,Wednesday,Light_Load,13.86,100.00
61.34,29.95,1.37,Weekday,Monday,Maximum_Load,99.98,89.86
67.61,38.05,0.00,Weekday,Thursday,Medium_Load,100.00,87.15
54.18,19.69,0.00,Weekday,Tuesday,Maximum_Load,100.00,93.99
3.56,0.00,18.43,Weekend,Sunday,Light_Load,18.97,100.00
5.87,0.00,10.37,Weekday,Wednesday,Maximum_Load,49.26,100.00
2.59,4.14,0.00,Weekend,Saturday,Light_Load,100.00,53.04
99.29,34.42,0.00,Weekday,Monday,Medium_Load,100.00,94.48
2.81,0.00,10.66,Weekend,Saturday,Light_Load,25.49,100.00
47.63,12.35,0.00,Weekday,Monday,Medium_Load,100.00,96.80
3.64,6.52,0.00,Weekday,Friday,Light_Load,100.00,48.75
2.59,4.50,0.00,Weekday,Tuesday,Light_Load,100.00,49.88
2.95,2.84,0.00,Weekend,Saturday,Light_Load,100.00,72.04
60.08,21.56,0.00,Weekday,Monday,Maximum_Load,100.00,94.12
3.60,3.49,0.00,Weekend,Saturday,Light_Load,100.00,71.80
120.60,51.88,0.00,Weekday,Tuesday,Maximum_Load,100.00,91.86
3.89,0.00,16.27,Weekday,Wednesday,Medium_Load,23.25,100.00
74.59,25.78,0.00,Weekday,Tuesday,Medium_Load,100.00,94.51
35.82,7.02,1.04,Weekend,Saturday,Maximum_Load,99.96,98.13
2.92,4.36,0.00,Weekend,Sunday,Light_Load,100.00,55.65
103.46,28.87,0.00,Weekday,Friday,Medium_Load,100.00,96.32
49.18,19.58,0.00,Weekday,Monday,Medium_Load,100.00,92.91
2.99,6.05,0.00,Weekday,Thursday,Light_Load,100.00,44.31
3.46,2.63,0.22,Weekend,Sunday,Light_Load,99.80,79.61
3.02,5.65,0.00,Weekday,Friday,Light_Load,100.00,47.14
50.08,20.20,0.00,Weekday,Wednesday,Maximum_Load,100.00,92.74
3.42,4.61,0.00,Weekday,Monday,Light_Load,100.00,59.58
2.81,0.00,11.81,Weekend,Saturday,Medium_Load,23.15,100.00
71.24,54.07,0.00,Weekday,Thursday,Light_Load,100.00,79.66
49.57,12.24,0.04,Weekday,Monday,Maximum_Load,100.00,97.08
3.24,2.45,0.04,Weekday,Tuesday,Light_Load,99.99,79.76
3.13,0.00,16.88,Weekend,Sunday,Light_Load,18.23,100.00
3.74,2.92,0.00,Weekday,Wednesday,Light_Load,100.00,78.82
2.92,0.00,5.11,Weekday,Wednesday,Light_Load,49.61,100.00
49.25,18.50,0.00,Weekday,Wednesday,Maximum_Load,100.00,93.61
5.18,0.00,26.64,Weekday,Wednesday,Medium_Load,19.09,100.00
76.93,41.76,0.00,Weekday,Monday,Light_Load,100.00,87.89
3.06,0.00,17.42,Weekend,Sunday,Light_Load,17.30,100.00
103.90,50.51,0.00,Weekday,Tuesday,Maximum_Load,100.00,89.94
71.14,42.19,0.00,Weekday,Thursday,Maximum_Load,100.00,86.01
3.13,2.70,0.00,Weekday,Thursday,Light_Load,100.00,75.72
46.55,43.31,0.00,Weekend,Saturday,Light_Load,100.00,73.21
62.71,37.30,0.00,Weekday,Tuesday,Medium_Load,100.00,85.95
6.34,7.06,0.00,Weekday,Friday,Light_Load,100.00,66.81
3.96,5.58,0.00,Weekday,Thursday,Light_Load,100.00,57.87
59.18,35.14,0.00,Weekday,Monday,Maximum_Load,100.00,85.98
26.39,0.00,12.67,Weekday,Friday,Maximum_Load,90.15,100.00
61.92,30.85,0.00,Weekday,Wednesday,Medium_Load,100.00,89.51
3.35,5.72,0.00,Weekend,Saturday,Light_Load,100.00,50.54
76.32,11.41,0.29,Weekday,Wednesday,Maximum_Load,100.00,98.90
4.00,6.98,0.00,Weekday,Tuesday,Light_Load,100.00,49.72
48.31,13.50,0.00,Weekday,Tuesday,Maximum_Load,100.00,96.31
2.95,0.00,11.66,Weekend,Sunday,Medium_Load,24.53,100.00
2.92,4.14,0.00,Weekend,Sunday,Light_Load,100.00,57.64
3.64,5.36,0.00,Weekday,Wednesday,Light_Load,100.00,56.18
53.42,31.32,0.00,Weekday,Tuesday,Maximum_Load,100.00,86.27
5.90,5.80,0.00,Weekday,Tuesday,Light_Load,100.00,71.31
52.99,17.35,0.00,Weekday,Tuesday,Maximum_Load,100.00,95.04
3.49,5.62,0.00,Weekend,Saturday,Light_Load,100.00,52.76
3.10,0.00,16.99,Weekend,Sunday,Light_Load,17.95,100.00
2.77,5.08,0.00,Weekday,Monday,Light_Load,100.00,47.87
59.44,36.65,0.00,Weekday,Tuesday,Medium_Load,100.00,85.12
3.85,3.38,0.00,Weekday,Monday,Light_Load,100.00,75.15
4.68,7.02,0.00,Weekday,Monday,Light_Load,100.00,55.47
2.74,5.00,0.00,Weekday,Thursday,Light_Load,100.00,48.06
3.13,0.00,5.54,Weekend,Sunday,Light_Load,49.19,100.00
68.94,25.49,0.00,Weekday,Thursday,Maximum_Load,100.00,93.79
2.63,4.64,0.00,Weekend,Sunday,Light_Load,100.00,49.31
3.96,7.20,0.00,Weekday,Thursday,Maximum_Load,100.00,48.19
66.10,33.12,0.00,Weekday,Thursday,Medium_Load,100.00,89.40
74.38,32.15,0.00,Weekday,Tuesday,Medium_Load,100.00,91.79
5.65,0.00,26.78,Weekday,Tuesday,Medium_Load,20.64,100.00
2.81,0.00,10.91,Weekend,Sunday,Light_Load,24.94,100.00
3.20,5.51,0.00,Weekday,Tuesday,Light_Load,100.00,50.22
4.75,4.21,0.00,Weekday,Tuesday,Light_Load,100.00,74.84
41.98,30.24,0.00,Weekday,Wednesday,Light_Load,100.00,81.14
39.17,9.72,0.00,Weekday,Monday,Maximum_Load,100.00,97.06
67.90,38.92,0.00,Weekday,Thursday,Maximum_Load,100.00,86.76
58.61,23.76,0.00,Weekend,Saturday,Maximum_Load,100.00,92.67
3.96,3.31,0.11,Weekend,Saturday,Light_Load,99.96,76.73
3.24,4.54,0.00,Weekday,Thursday,Light_Load,100.00,58.09
3.13,3.89,0.00,Weekday,Friday,Light_Load,100.00,62.69
64.15,35.42,0.00,Weekday,Monday,Maximum_Load,100.00,87.54
31.64,7.34,5.72,Weekday,Friday,Medium_Load,98.40,97.41
5.29,0.00,25.70,Weekday,Friday,Medium_Load,20.16,100.00
33.16,1.30,1.66,Weekend,Sunday,Medium_Load,99.87,99.92
3.78,0.00,17.96,Weekend,Sunday,Maximum_Load,20.60,100.00
2.88,0.00,16.85,Weekday,Friday,Light_Load,16.85,100.00
45.40,20.45,0.00,Weekday,Tuesday,Medium_Load,100.00,91.18
55.26,27.04,0.36,Weekday,Tuesday,Maximum_Load,100.00,89.82
3.31,2.12,0.22,Weekday,Tuesday,Light_Load,99.78,84.21
3.67,0.00,16.74,Weekend,Saturday,Light_Load,21.41,100.00
3.17,0.00,11.48,Weekend,Sunday,Light_Load,26.62,100.00
5.83,5.76,0.00,Weekend,Sunday,Light_Load,100.00,71.14
34.92,29.66,0.00,Weekday,Friday,Light_Load,100.00,76.22
2.99,0.00,6.30,Weekday,Wednesday,Medium_Load,42.88,100.00
3.74,0.00,16.78,Weekend,Saturday,Medium_Load,21.75,100.00
3.06,0.00,13.86,Weekend,Sunday,Medium_Load,21.56,100.00
3.82,0.00,18.94,Weekend,Saturday,Medium_Load,19.77,100.00
106.52,47.12,0.00,Weekday,Wednesday,Maximum_Load,100.00,91.45
51.01,10.15,0.36,Weekday,Thursday,Maximum_Load,100.00,98.08
2.63,4.75,0.00,Weekday,Tuesday,Light_Load,100.00,48.44
62.71,5.72,1.04,Weekday,Friday,Medium_Load,99.99,99.59
96.08,13.14,0.32,Weekday,Tuesday,Maximum_Load,100.00,99.08
3.24,0.00,18.04,Weekend,Sunday,Light_Load,17.68,100.00
2.74,0.00,11.77,Weekend,Sunday,Light_Load,22.67,100.00
2.45,4.00,0.00,Weekend,Saturday,Light_Load,100.00,52.23
55.44,22.82,0.00,Weekday,Wednesday,Medium_Load,100.00,92.47
88.06,38.02,0.00,Weekday,Thursday,Light_Load,100.00,91.81
7.06,2.88,3.96,Weekday,Thursday,Medium_Load,87.22,92.59
2.66,4.64,0.00,Weekend,Saturday,Light_Load,100.00,49.73
42.26,19.73,0.00,Weekday,Monday,Maximum_Load,100.00,90.61
5.51,0.00,26.53,Weekday,Monday,Medium_Load,20.33,100.00
39.60,15.52,0.00,Weekday,Monday,Maximum_Load,100.00,93.10
3.71,4.50,0.00,Weekend,Saturday,Light_Load,100.00,63.61
3.56,7.09,0.00,Weekend,Saturday,Light_Load,100.00,44.87
113.33,45.94,0.00,Weekday,Thursday,Medium_Load,100.00,92.68
38.48,4.25,0.25,Weekday,Monday,Medium_Load,100.00,99.40
4.36,0.00,16.88,Weekday,Thursday,Medium_Load,25.01,100.00
3.49,4.00,0.00,Weekday,Thursday,Light_Load,100.00,65.74
2.63,4.14,0.00,Weekend,Saturday,Light_Load,100.00,53.62
64.66,41.51,0.00,Weekday,Friday,Maximum_Load,100.00,84.15
3.10,2.56,0.00,Weekend,Saturday,Light_Load,100.00,77.11
60.37,14.90,5.22,Weekday,Friday,Maximum_Load,99.63,97.09
4.97,4.90,0.00,Weekday,Friday,Light_Load,100.00,71.21
3.60,4.90,0.00,Weekday,Friday,Light_Load,100.00,59.21
97.88,43.67,0.00,Weekday,Wednesday,Medium_Load,100.00,91.32
63.11,18.40,0.00,Weekday,Monday,Medium_Load,100.00,96.00
2.63,5.36,0.11,Weekend,Sunday,Light_Load,99.91,44.05
3.10,3.31,0.11,Weekend,Sunday,Light_Load,99.94,68.36
2.92,0.00,12.06,Weekend,Sunday,Light_Load,23.53,100.00
47.38,9.32,0.00,Weekday,Monday,Medium_Load,100.00,98.12
2.88,4.54,0.00,Weekday,Thursday,Light_Load,100.00,53.57
3.31,5.18,0.00,Weekday,Tuesday,Light_Load,100.00,53.85
47.66,15.12,0.00,Weekday,Tuesday,Maximum_Load,100.00,95.32
86.44,30.42,0.00,Weekday,Tuesday,Medium_Load,100.00,94.33
9.72,12.82,0.00,Weekend,Saturday,Light_Load,100.00,60.42
3.38,2.56,0.00,Weekend,Sunday,Light_Load,100.00,79.72
108.32,46.91,0.00,Weekday,Monday,Maximum_Load,100.00,91.76
2.95,2.12,0.14,Weekday,Tuesday,Light_Load,99.89,81.21
8.39,0.00,25.38,Weekday,Monday,Medium_Load,31.39,100.00
4.61,3.92,0.00,Weekday,Tuesday,Maximum_Load,100.00,76.18
101.27,55.04,0.00,Weekday,Thursday,Light_Load,100.00,87.86
2.52,4.82,0.00,Weekday,Thursday,Light_Load,100.00,46.33
2.88,3.89,0.00,Weekday,Monday,Light_Load,100.00,59.50
23.00,7.02,4.03,Weekend,Saturday,Maximum_Load,98.50,95.64
33.62,12.46,0.00,Weekday,Tuesday,Medium_Load,100.00,93.77
4.61,5.33,0.00,Weekday,Friday,Light_Load,100.00,65.42
3.85,5.51,0.00,Weekday,Tuesday,Light_Load,100.00,57.28
2.92,5.98,0.00,Weekday,Friday,Light_Load,100.00,43.88
59.83,11.66,0.00,Weekday,Thursday,Maximum_Load,100.00,98.15
2.77,4.50,0.00,Weekend,Sunday,Light_Load,100.00,52.42
59.26,37.66,0.00,Weekday,Thursday,Maximum_Load,100.00,84.40
3.60,4.39,0.00,Weekday,Tuesday,Light_Load,100.00,63.41
3.78,6.34,0.00,Weekday,Friday,Light_Load,100.00,51.21
42.73,13.82,0.00,Weekday,Wednesday,Maximum_Load,100.00,95.15
3.02,0.00,16.20,Weekday,Friday,Light_Load,18.33,100.00
10.30,0.00,25.74,Weekday,Thursday,Medium_Load,37.15,100.00
40.39,39.20,0.00,Weekend,Saturday,Light_Load,100.00,71.76
75.67,42.66,0.00,Weekday,Thursday,Maximum_Load,100.00,87.11
2.66,4.25,0.00,Weekend,Saturday,Light_Load,100.00,53.05
59.83,37.44,0.00,Weekday,Tuesday,Maximum_Load,100.00,84.77
65.92,34.13,0.00,Weekday,Wednesday,Maximum_Load,100.00,88.80
3.56,6.08,0.00,Weekday,Thursday,Light_Load,100.00,50.53
2.59,3.85,0.00,Weekday,Wednesday,Light_Load,100.00,55.82
3.46,4.54,0.00,Weekend,Sunday,Light_Load,100.00,60.61
2.52,4.79,0.00,Weekend,Sunday,Light_Load,100.00,46.56
4.10,3.89,0.00,Weekend,Sunday,Light_Load,100.00,72.54
3.60,3.24,0.00,Weekend,Saturday,Light_Load,100.00,74.33
3.42,0.00,11.16,Weekend,Sunday,Light_Load,29.30,100.00
4.79,0.00,20.70,Weekend,Saturday,Medium_Load,22.54,100.00
6.73,6.59,0.00,Weekday,Wednesday,Light_Load,100.00,71.45
39.35,28.22,0.00,Weekday,Tuesday,Light_Load,100.00,81.26
60.30,31.57,0.00,Weekday,Monday,Medium_Load,100.00,88.59
4.68,4.03,0.00,Weekday,Tuesday,Light_Load,100.00,75.78
110.81,50.00,0.00,Weekday,Friday,Medium_Load,100.00,91.15
33.84,15.37,5.00,Weekday,Friday,Maximum_Load,98.93,91.05
49.32,3.13,2.92,Weekend,Saturday,Maximum_Load,99.83,99.80
4.79,3.82,0.00,Weekend,Saturday,Light_Load,100.00,78.18
47.38,29.63,0.00,Weekday,Monday,Medium_Load,100.00,84.79
30.96,0.00,12.42,Weekday,Monday,Maximum_Load,92.81,100.00
62.60,27.94,0.00,Weekday,Monday,Medium_Load,100.00,91.32
3.24,5.29,0.00,Weekday,Wednesday,Light_Load,100.00,52.23
3.24,0.00,16.56,Weekend,Saturday,Medium_Load,19.20,100.00
51.98,26.53,0.00,Weekday,Friday,Medium_Load,100.00,89.07
4.14,0.00,26.50,Weekday,Friday,Medium_Load,15.44,100.00
49.54,19.69,0.00,Weekday,Wednesday,Maximum_Load,100.00,92.93
3.67,4.86,0.00,Weekday,Friday,Light_Load,100.00,60.26
3.56,0.00,26.50,Weekend,Saturday,Medium_Load,13.31,100.00
2.92,6.05,0.00,Weekday,Thursday,Light_Load,100.00,43.47
3.53,0.00,17.86,Weekend,Saturday,Medium_Load,19.39,100.00
4.68,0.00,22.03,Weekend,Sunday,Light_Load,20.78,100.00
61.38,40.39,0.00,Weekday,Thursday,Maximum_Load,100.00,83.54
4.50,8.71,0.00,Weekday,Wednesday,Medium_Load,100.00,45.90
2.81,5.00,0.00,Weekday,Monday,Light_Load,100.00,48.99
3.92,0.00,26.89,Weekday,Wednesday,Medium_Load,14.43,100.00
3.20,4.10,0.00,Weekday,Thursday,Light_Load,100.00,61.53
3.38,0.00,18.76,Weekend,Saturday,Light_Load,17.73,100.00
3.06,6.77,0.00,Weekday,Tuesday,Light_Load,100.00,41.19
3.46,6.44,0.00,Weekend,Sunday,Light_Load,100.00,47.33
3.71,0.00,13.00,Weekend,Saturday,Light_Load,27.44,100.00
6.77,0.00,25.56,Weekend,Saturday,Maximum_Load,25.60,100.00
133.78,45.72,0.00,Weekday,Friday,Medium_Load,100.00,94.63
2.77,5.18,0.00,Weekend,Sunday,Light_Load,100.00,47.16
46.91,12.46,0.00,Weekday,Friday,Medium_Load,100.00,96.65
3.53,0.00,16.24,Weekend,Sunday,Light_Load,21.24,100.00
4.54,0.00,21.38,Weekend,Sunday,Medium_Load,20.77,100.00
4.68,5.58,0.00,Weekday,Tuesday,Light_Load,100.00,64.26
3.38,5.65,0.00,Weekday,Monday,Light_Load,100.00,51.34
5.29,0.00,26.68,Weekday,Wednesday,Medium_Load,19.45,100.00
3.38,2.23,0.00,Weekend,Saturday,Light_Load,100.00,83.47
3.89,2.77,0.32,Weekday,Friday,Light_Load,99.66,81.46
52.45,22.79,0.00,Weekday,Friday,Maximum_Load,100.00,91.72
69.73,34.34,0.00,Weekday,Friday,Medium_Load,100.00,89.71
38.38,0.65,2.48,Weekend,Saturday,Maximum_Load,99.79,99.99
3.10,0.00,16.60,Weekend,Sunday,Light_Load,18.36,100.00
2.70,5.18,0.00,Weekday,Tuesday,Light_Load,100.00,46.22
39.67,13.46,0.25,Weekend,Saturday,Maximum_Load,100.00,94.70
4.10,0.00,20.23,Weekend,Sunday,Light_Load,19.86,100.00
3.06,4.32,0.00,Weekend,Sunday,Light_Load,100.00,57.80
4.07,3.24,0.00,Weekend,Saturday,Light_Load,100.00,78.24
56.99,35.93,0.00,Weekday,Monday,Medium_Load,100.00,84.59
2.88,4.82,0.00,Weekday,Monday,Light_Load,100.00,51.29
4.90,6.05,0.00,Weekday,Friday,Light_Load,100.00,62.94
2.99,4.82,0.00,Weekday,Wednesday,Light_Load,100.00,52.71
4.75,4.93,0.00,Weekday,Friday,Maximum_Load,100.00,69.38
3.56,0.00,21.67,Weekend,Saturday,Light_Load,16.21,100.00
3.28,0.00,16.92,Weekend,Sunday,Light_Load,19.03,100.00
49.64,14.76,0.00,Weekday,Monday,Maximum_Load,100.00,95.85
98.42,26.86,0.00,Weekday,Wednesday,Maximum_Load,100.00,96.47
69.77,39.17,0.00,Weekday,Friday,Maximum_Load,100.00,87.20
85.86,50.08,0.00,Weekday,Monday,Medium_Load,100.00,86.38
5.33,2.59,0.04,Weekday,Friday,Light_Load,100.00,89.94
53.06,41.33,0.00,Weekday,Monday,Maximum_Load,100.00,78.89
2.74,3.89,0.00,Weekend,Sunday,Light_Load,100.00,57.59
32.58,0.14,3.28,Weekday,Monday,Maximum_Load,99.50,100.00
2.88,4.72,0.00,Weekday,Wednesday,Light_Load,100.00,52.09
54.65,18.22,0.00,Weekday,Friday,Maximum_Load,100.00,94.87
62.53,21.35,0.54,Weekday,Tuesday,Medium_Load,100.00,94.64
3.35,4.75,0.14,Weekend,Sunday,Light_Load,99.91,57.63
88.20,42.44,0.00,Weekday,Wednesday,Light_Load,100.00,90.11
2.99,3.92,0.00,Weekday,Tuesday,Light_Load,100.00,60.65
3.13,0.00,16.67,Weekend,Saturday,Light_Load,18.45,100.00
5.18,0.00,26.46,Weekend,Saturday,Maximum_Load,19.21,100.00
40.39,11.52,0.00,Weekend,Saturday,Maximum_Load,100.00,96.16
3.13,3.67,0.00,Weekend,Sunday,Light_Load,100.00,64.89
34.27,1.73,0.36,Weekday,Tuesday,Medium_Load,99.99,99.87
55.37,25.02,0.00,Weekday,Wednesday,Maximum_Load,100.00,91.13
58.90,32.33,0.00,Weekday,Tuesday,Maximum_Load,100.00,87.66
3.17,3.85,0.00,Weekend,Saturday,Light_Load,100.00,63.56
3.06,4.61,0.00,Weekday,Monday,Light_Load,100.00,55.30
41.76,44.35,0.00,Weekday,Tuesday,Light_Load,100.00,68.55
3.13,0.00,17.14,Weekend,Sunday,Light_Load,17.96,100.00
51.08,22.25,0.00,Weekday,Friday,Maximum_Load,100.00,91.68
54.25,19.51,0.00,Weekday,Thursday,Maximum_Load,100.00,94.10
3.10,6.19,0.00,Weekday,Tuesday,Light_Load,100.00,44.78
3.89,5.76,0.00,Weekday,Thursday,Light_Load,100.00,55.97
56.48,28.15,0.00,Weekday,Friday,Medium_Load,100.00,89.50
65.23,28.55,0.00,Weekday,Friday,Maximum_Load,100.00,91.61
109.40,52.81,0.00,Weekday,Monday,Maximum_Load,100.00,90.06
54.07,22.03,0.00,Weekday,Wednesday,Maximum_Load,100.00,92.61
3.49,0.00,18.25,Weekday,Thursday,Medium_Load,18.78,100.00
59.11,25.31,0.58,Weekday,Wednesday,Maximum_Load,100.00,91.93
7.81,0.00,25.52,Weekday,Monday,Medium_Load,29.26,100.00
3.10,4.07,0.00,Weekday,Thursday,Light_Load,100.00,60.59
3.85,6.70,0.18,Weekday,Tuesday,Medium_Load,99.89,49.82
108.65,33.84,0.00,Weekday,Wednesday,Maximum_Load,100.00,95.48
3.13,5.22,0.00,Weekend,Saturday,Light_Load,100.00,51.43
3.31,4.86,0.00,Weekday,Thursday,Light_Load,100.00,56.29
2.59,4.72,0.00,Weekday,Wednesday,Light_Load,100.00,48.11
2.88,5.54,0.00,Weekday,Friday,Light_Load,100.00,46.13
3.89,0.00,17.32,Weekday,Monday,Medium_Load,21.91,100.00
2.59,4.28,0.00,Weekend,Sunday,Light_Load,100.00,51.77
6.12,7.63,0.00,Weekend,Saturday,Light_Load,100.00,62.57
57.02,26.78,0.00,Weekday,Monday,Medium_Load,100.00,90.51
4.43,6.66,0.00,Weekday,Monday,Light_Load,100.00,55.38
2.95,4.00,0.00,Weekend,Sunday,Light_Load,100.00,59.35
110.27,48.71,0.00,Weekday,Thursday,Medium_Load,100.00,91.47
3.17,3.20,0.00,Weekday,Wednesday,Light_Load,100.00,70.38
71.10,34.49,0.00,Weekday,Tuesday,Maximum_Load,100.00,89.97
36.32,26.06,0.00,Weekday,Tuesday,Maximum_Load,100.00,81.25
63.22,3.35,1.69,Weekend,Saturday,Medium_Load,99.96,99.86
33.91,2.63,8.53,Weekday,Monday,Maximum_Load,96.98,99.70
75.60,38.38,0.00,Weekend,Saturday,Medium_Load,100.00,89.17
4.07,0.00,17.03,Weekend,Saturday,Medium_Load,23.24,100.00
63.29,24.16,0.00,Weekday,Thursday,Medium_Load,100.00,93.42
4.10,3.78,0.00,Weekend,Sunday,Light_Load,100.00,73.52
2.99,0.00,16.20,Weekday,Friday,Light_Load,18.15,100.00
73.55,9.54,0.29,Weekday,Friday,Medium_Load,100.00,99.17
47.52,31.28,0.00,Weekday,Wednesday,Medium_Load,100.00,83.53
4.18,3.67,0.00,Weekday,Wednesday,Light_Load,100.00,75.15
4.82,6.37,0.00,Weekday,Thursday,Light_Load,100.00,60.34
40.75,5.47,4.25,Weekday,Wednesday,Medium_Load,99.46,99.11
2.99,4.32,0.00,Weekday,Monday,Light_Load,100.00,56.91
50.90,32.40,0.00,Weekday,Tuesday,Medium_Load,100.00,84.36
4.54,0.00,22.21,Weekend,Saturday,Medium_Load,20.03,100.00
3.56,0.00,21.56,Weekend,Sunday,Light_Load,16.29,100.00
2.66,5.62,0.00,Weekday,Tuesday,Light_Load,100.00,42.78
60.73,30.49,0.00,Weekday,Tuesday,Medium_Load,100.00,89.37
68.40,39.28,0.00,Weekday,Thursday,Maximum_Load,100.00,86.72
5.40,0.00,21.13,Weekday,Monday,Medium_Load,24.76,100.00
2.99,0.00,14.51,Weekend,Sunday,Light_Load,20.18,100.00
3.56,0.00,14.11,Weekend,Sunday,Light_Load,24.46,100.00
2.66,5.18,0.00,Weekday,Monday,Light_Load,100.00,45.68
91.04,24.08,0.00,Weekend,Sunday,Maximum_Load,100.00,96.68
5.90,0.00,17.96,Weekday,Wednesday,Medium_Load,31.21,100.00
3.20,4.79,0.00,Weekday,Friday,Light_Load,100.00,55.55
110.48,68.65,0.00,Weekday,Friday,Medium_Load,100.00,84.94
5.69,0.00,20.56,Weekday,Tuesday,Medium_Load,26.67,100.00
95.18,46.44,0.00,Weekend,Saturday,Medium_Load,100.00,89.87
4.82,1.73,5.18,Weekend,Sunday,Light_Load,68.12,94.12
5.47,0.00,26.17,Weekday,Monday,Medium_Load,20.46,100.00
6.88,0.00,20.45,Weekday,Thursday,Medium_Load,31.89,100.00
58.90,36.68,0.00,Weekday,Monday,Medium_Load,100.00,84.89
2.70,0.00,4.75,Weekend,Sunday,Light_Load,49.42,100.00
58.68,27.90,0.00,Weekday,Friday,Maximum_Load,100.00,90.31
66.35,26.32,0.00,Weekday,Wednesday,Maximum_Load,100.00,92.95
57.96,34.09,0.00,Weekday,Friday,Light_Load,100.00,86.20
3.92,0.00,17.86,Weekend,Sunday,Maximum_Load,21.44,100.00
73.26,29.63,0.00,Weekday,Tuesday,Maximum_Load,100.00,92.70
3.17,3.02,0.00,Weekend,Sunday,Light_Load,100.00,72.40
68.18,22.14,0.00,Weekday,Tuesday,Maximum_Load,100.00,95.11
110.70,83.41,0.00,Weekend,Saturday,Light_Load,100.00,79.87
2.74,0.00,5.51,Weekday,Monday,Light_Load,44.53,100.00
66.85,50.72,0.00,Weekday,Thursday,Maximum_Load,100.00,79.67
55.40,11.12,0.00,Weekend,Saturday,Maximum_Load,100.00,98.04
2.92,5.62,0.00,Weekend,Sunday,Light_Load,100.00,46.11
4.68,5.76,0.00,Weekday,Wednesday,Maximum_Load,100.00,63.06
107.14,39.85,0.00,Weekday,Friday,Medium_Load,100.00,93.73
3.38,0.00,16.52,Weekend,Saturday,Light_Load,20.04,100.00
3.42,4.28,0.00,Weekday,Friday,Light_Load,100.00,62.42
5.18,0.00,26.64,Weekend,Sunday,Maximum_Load,19.09,100.00
3.64,0.00,19.69,Weekend,Saturday,Light_Load,18.18,100.00
2.81,0.68,6.30,Weekend,Sunday,Light_Load,40.73,97.19
46.69,39.71,0.04,Weekday,Thursday,Light_Load,100.00,76.18
35.71,25.09,0.00,Weekday,Wednesday,Light_Load,100.00,81.82
13.43,2.92,9.86,Weekend,Sunday,Maximum_Load,80.61,97.72
2.84,4.10,0.00,Weekend,Sunday,Light_Load,100.00,56.94
4.25,0.00,16.13,Weekday,Friday,Medium_Load,25.48,100.00
3.13,0.00,11.84,Weekend,Sunday,Medium_Load,25.56,100.00
94.36,27.58,0.00,Weekday,Friday,Medium_Load,100.00,95.98
2.74,4.36,0.00,Weekend,Saturday,Light_Load,100.00,53.21
4.14,0.00,20.52,Weekend,Sunday,Light_Load,19.78,100.00
105.84,64.12,0.00,Weekday,Monday,Maximum_Load,100.00,85.53
3.17,4.25,0.00,Weekday,Wednesday,Light_Load,100.00,59.79
3.89,3.49,0.04,Weekday,Tuesday,Light_Load,99.99,74.43
118.04,69.08,0.00,Weekday,Monday,Maximum_Load,100.00,86.31
2.88,0.00,16.74,Weekend,Saturday,Light_Load,16.96,100.00
3.46,2.34,0.14,Weekday,Tuesday,Light_Load,99.92,82.83
101.20,37.91,0.00,Weekend,Saturday,Medium_Load,100.00,93.65
2.84,4.93,0.00,Weekend,Sunday,Light_Load,100.00,49.92
3.02,5.83,0.00,Weekday,Tuesday,Light_Load,100.00,46.00
49.07,22.32,0.00,Weekday,Friday,Maximum_Load,100.00,91.03
3.20,6.34,0.07,Weekend,Saturday,Medium_Load,99.98,45.06
3.42,0.00,16.92,Weekday,Friday,Light_Load,19.81,100.00
50.62,22.32,0.00,Weekend,Saturday,Maximum_Load,100.00,91.50
35.78,1.62,1.22,Weekend,Sunday,Maximum_Load,99.94,99.90
53.35,15.16,0.00,Weekday,Thursday,Maximum_Load,100.00,96.19
4.43,0.00,18.76,Weekend,Saturday,Light_Load,22.98,100.00
3.67,7.02,0.00,Weekday,Tuesday,Light_Load,100.00,46.33
4.82,0.00,20.48,Weekday,Wednesday,Medium_Load,22.91,100.00
56.63,56.81,0.00,Weekday,Wednesday,Light_Load,100.00,70.60
36.43,1.04,2.38,Weekday,Tuesday,Medium_Load,99.79,99.96
111.42,53.10,0.00,Weekday,Friday,Maximum_Load,100.00,90.27
5.18,0.00,9.61,Weekend,Saturday,Light_Load,47.45,100.00
57.96,27.97,0.00,Weekday,Monday,Maximum_Load,100.00,90.06
38.27,9.58,2.41,Weekday,Monday,Medium_Load,99.80,97.01
3.64,3.82,0.00,Weekday,Friday,Medium_Load,100.00,68.98
3.46,0.00,16.70,Weekday,Friday,Light_Load,20.29,100.00
3.96,0.00,22.21,Weekend,Sunday,Light_Load,17.55,100.00
3.06,5.29,0.00,Weekday,Friday,Light_Load,100.00,50.07
91.98,23.72,0.00,Weekday,Tuesday,Medium_Load,100.00,96.83
47.27,10.62,0.00,Weekday,Friday,Maximum_Load,100.00,97.57
2.88,4.00,0.00,Weekday,Monday,Light_Load,100.00,58.43
49.57,19.91,0.00,Weekday,Tuesday,Medium_Load,100.00,92.79
51.80,3.96,1.73,Weekend,Saturday,Maximum_Load,99.94,99.71
50.11,28.73,0.00,Weekday,Monday,Medium_Load,100.00,86.75
36.97,0.68,2.20,Weekend,Saturday,Maximum_Load,99.82,99.98
2.52,4.75,0.00,Weekday,Monday,Light_Load,100.00,46.87
3.17,4.82,0.00,Weekend,Sunday,Light_Load,100.00,54.95
39.56,40.00,0.00,Weekday,Tuesday,Light_Load,100.00,70.32
128.81,41.04,0.00,Weekday,Thursday,Maximum_Load,100.00,95.28
5.11,2.30,14.26,Weekday,Friday,Medium_Load,33.73,91.19
8.57,0.00,15.08,Weekday,Friday,Maximum_Load,49.41,100.00
5.22,0.00,26.78,Weekday,Friday,Medium_Load,19.13,100.00
37.91,27.07,0.00,Weekday,Thursday,Light_Load,100.00,81.38
2.88,4.75,0.00,Weekday,Monday,Light_Load,100.00,51.85
2.95,0.00,16.96,Weekend,Sunday,Light_Load,17.14,100.00
2.92,5.00,0.00,Weekend,Sunday,Light_Load,100.00,50.43
3.67,5.36,0.00,Weekday,Tuesday,Medium_Load,100.00,56.50
2.81,5.62,0.00,Weekday,Thursday,Light_Load,100.00,44.72
2.92,2.99,0.00,Weekday,Monday,Light_Load,100.00,69.87
4.57,4.32,0.00,Weekday,Wednesday,Light_Load,100.00,72.67
2.70,0.00,11.63,Weekday,Tuesday,Light_Load,22.61,100.00
107.50,28.69,0.00,Weekday,Thursday,Medium_Load,100.00,96.62
99.11,33.41,0.00,Weekday,Tuesday,Maximum_Load,100.00,94.76
50.40,27.32,0.00,Weekday,Wednesday,Maximum_Load,100.00,87.91
33.48,0.00,9.04,Weekday,Monday,Maximum_Load,96.54,100.00
3.10,3.92,0.00,Weekend,Sunday,Light_Load,100.00,62.03
5.83,5.72,0.00,Weekend,Sunday,Light_Load,100.00,71.38
24.62,0.00,9.22,Weekend,Saturday,Maximum_Load,93.65,100.00
35.24,10.98,0.14,Weekday,Wednesday,Maximum_Load,100.00,95.47
2.84,4.86,0.00,Weekend,Sunday,Light_Load,100.00,50.45
3.71,0.00,17.50,Weekend,Sunday,Light_Load,20.74,100.00
3.96,5.94,0.00,Weekday,Thursday,Light_Load,100.00,55.47
3.71,4.68,0.00,Weekday,Wednesday,Light_Load,100.00,62.12
71.39,34.96,0.00,Weekday,Friday,Medium_Load,100.00,89.81
65.63,34.42,0.00,Weekday,Monday,Maximum_Load,100.00,88.56
2.92,5.26,0.00,Weekday,Thursday,Light_Load,100.00,48.54
3.13,5.33,0.00,Weekend,Saturday,Light_Load,100.00,50.64
8.17,0.00,20.95,Weekday,Monday,Medium_Load,36.33,100.00
3.89,0.00,20.63,Weekend,Saturday,Light_Load,18.53,100.00
37.69,5.26,2.38,Weekend,Saturday,Medium_Load,99.80,99.04
104.69,32.36,0.00,Weekday,Wednesday,Maximum_Load,100.00,95.54
2.99,0.00,13.00,Weekend,Sunday,Light_Load,22.41,100.00
4.18,3.53,0.04,Weekday,Friday,Light_Load,100.00,76.40
3.89,2.70,0.40,Weekend,Saturday,Light_Load,99.48,82.15
94.14,24.59,0.00,Weekday,Wednesday,Maximum_Load,100.00,96.75
3.46,5.72,0.00,Weekday,Monday,Light_Load,100.00,51.76
79.99,28.37,0.00,Weekend,Saturday,Maximum_Load,100.00,94.25
43.49,7.74,0.00,Weekday,Monday,Maximum_Load,100.00,98.45
4.64,0.00,21.10,Weekend,Saturday,Medium_Load,21.48,100.00
2.81,5.29,0.00,Weekend,Saturday,Light_Load,100.00,46.91
2.95,5.15,0.00,Weekday,Thursday,Light_Load,100.00,49.70
3.17,2.38,0.00,Weekend,Sunday,Light_Load,100.00,79.97
87.70,41.44,0.00,Weekday,Monday,Maximum_Load,100.00,90.41
96.12,41.51,0.00,Weekday,Monday,Medium_Load,100.00,91.80
75.24,9.32,1.55,Weekday,Wednesday,Medium_Load,99.98,99.24
2.77,5.22,0.00,Weekday,Friday,Light_Load,100.00,46.87
3.56,7.34,0.00,Weekend,Saturday,Light_Load,100.00,43.64
2.95,0.00,17.50,Weekend,Sunday,Light_Load,16.62,100.00
58.14,26.14,0.00,Weekday,Wednesday,Maximum_Load,100.00,91.21
38.74,19.44,0.00,Weekday,Friday,Maximum_Load,100.00,89.38
3.20,5.36,0.00,Weekday,Monday,Light_Load,100.00,51.26
84.13,64.15,0.00,Weekday,Thursday,Maximum_Load,100.00,79.52
29.70,0.36,5.62,Weekday,Monday,Medium_Load,98.26,99.99
3.13,3.82,0.00,Weekday,Tuesday,Light_Load,100.00,63.38
3.64,3.28,0.00,Weekday,Monday,Light_Load,100.00,74.29
5.90,5.40,0.00,Weekday,Wednesday,Light_Load,100.00,73.77
3.38,6.26,0.00,Weekend,Sunday,Light_Load,100.00,47.51
4.03,0.00,26.17,Weekend,Saturday,Medium_Load,15.22,100.00
60.23,34.38,0.00,Weekday,Friday,Medium_Load,100.00,86.85
57.06,37.37,0.00,Weekday,Wednesday,Light_Load,100.00,83.66
7.99,6.37,0.00,Weekday,Tuesday,Light_Load,100.00,78.19
3.13,0.00,13.18,Weekend,Sunday,Medium_Load,23.11,100.00
3.42,0.00,9.79,Weekday,Monday,Light_Load,32.98,100.00
3.67,0.00,16.34,Weekend,Sunday,Light_Load,21.91,100.00
3.60,5.83,0.00,Weekend,Saturday,Light_Load,100.00,52.54
5.47,0.00,25.78,Weekday,Monday,Medium_Load,20.76,100.00
3.06,2.41,0.00,Weekday,Thursday,Light_Load,100.00,78.56
3.24,5.29,0.00,Weekday,Thursday,Light_Load,100.00,52.23
66.71,34.88,0.00,Weekday,Wednesday,Maximum_Load,100.00,88.62
49.79,24.73,0.00,Weekday,Wednesday,Medium_Load,100.00,89.56
4.25,0.00,22.36,Weekend,Saturday,Light_Load,18.67,100.00
2.59,0.00,6.19,Weekday,Tuesday,Light_Load,38.60,100.00
5.00,0.00,27.00,Weekend,Sunday,Medium_Load,18.21,100.00
3.13,0.00,14.54,Weekend,Sunday,Light_Load,21.04,100.00
122.65,65.30,0.00,Weekday,Tuesday,Maximum_Load,100.00,88.27
63.11,31.10,0.00,Weekday,Thursday,Maximum_Load,100.00,89.70
3.35,4.21,0.00,Weekday,Thursday,Light_Load,100.00,62.27
2.92,5.33,0.00,Weekend,Sunday,Light_Load,100.00,48.05
3.24,4.00,0.00,Weekday,Friday,Light_Load,100.00,62.94
3.13,3.85,0.00,Weekday,Tuesday,Light_Load,100.00,63.08
42.59,19.94,0.00,Weekday,Monday,Medium_Load,100.00,90.57
69.08,53.21,0.00,Weekday,Thursday,Light_Load,100.00,79.22
49.21,18.76,0.61,Weekday,Friday,Maximum_Load,99.99,93.44
3.31,5.76,0.00,Weekday,Thursday,Light_Load,100.00,49.82
2.77,4.61,0.00,Weekday,Thursday,Light_Load,100.00,51.50
3.24,0.00,14.36,Weekend,Sunday,Medium_Load,22.01,100.00
4.21,0.00,24.26,Weekday,Monday,Light_Load,17.10,100.00
68.08,37.87,0.00,Weekday,Friday,Maximum_Load,100.00,87.39
88.60,46.08,0.00,Weekday,Monday,Maximum_Load,100.00,88.72
3.31,2.88,0.00,Weekend,Saturday,Light_Load,100.00,75.44
32.26,7.45,0.18,Weekday,Thursday,Maximum_Load,100.00,97.44
3.85,0.00,19.19,Weekend,Sunday,Medium_Load,19.67,100.00
2.92,5.80,0.00,Weekday,Wednesday,Light_Load,100.00,44.97
4.54,0.00,17.14,Weekday,Thursday,Medium_Load,25.60,100.00
3.38,5.40,0.00,Weekday,Monday,Light_Load,100.00,53.06
61.42,33.77,0.00,Weekday,Monday,Maximum_Load,100.00,87.63
45.54,20.81,0.00,Weekday,Friday,Medium_Load,100.00,90.95
4.07,4.68,0.00,Weekday,Monday,Medium_Load,100.00,65.62
3.06,4.72,0.00,Weekday,Monday,Light_Load,100.00,54.40
55.62,19.66,0.00,Weekday,Friday,Maximum_Load,100.00,94.28
2.92,0.00,5.08,Weekend,Saturday,Light_Load,49.83,100.00
3.35,0.00,14.87,Weekend,Saturday,Light_Load,21.98,100.00
44.50,15.41,0.00,Weekday,Thursday,Maximum_Load,100.00,94.49
43.13,27.90,0.00,Weekday,Friday,Medium_Load,100.00,83.96
3.67,6.16,0.00,Weekend,Sunday,Light_Load,100.00,51.18
2.66,4.28,0.00,Weekday,Monday,Light_Load,100.00,52.79
4.97,0.00,26.96,Weekend,Sunday,Medium_Load,18.13,100.00
50.51,39.49,0.00,Weekday,Wednesday,Maximum_Load,100.00,78.78
2.56,5.11,0.00,Weekend,Sunday,Light_Load,100.00,44.79
136.98,53.93,0.00,Weekday,Monday,Medium_Load,100.00,93.05
2.88,4.39,0.00,Weekday,Monday,Light_Load,100.00,54.85
53.96,40.43,0.00,Weekday,Friday,Maximum_Load,100.00,80.03
124.88,49.32,0.00,Weekday,Wednesday,Medium_Load,100.00,93.01
3.49,0.00,11.16,Weekday,Thursday,Medium_Load,29.85,100.00
3.35,2.77,0.00,Weekend,Saturday,Light_Load,100.00,77.07
3.89,6.77,0.00,Weekday,Monday,Light_Load,100.00,49.82
3.82,3.67,0.00,Weekend,Sunday,Light_Load,100.00,72.11
3.17,5.33,0.00,Weekday,Friday,Light_Load,100.00,51.12
3.82,0.00,19.01,Weekday,Monday,Light_Load,19.70,100.00
31.21,0.18,7.06,Weekday,Monday,Medium_Load,97.54,100.00
2.74,0.00,14.18,Weekend,Sunday,Light_Load,18.97,100.00
3.78,4.46,0.00,Weekday,Tuesday,Light_Load,100.00,64.66
2.84,4.03,0.00,Weekend,Sunday,Light_Load,100.00,57.60
3.96,2.95,0.36,Weekday,Wednesday,Maximum_Load,99.59,80.19
2.99,4.97,0.00,Weekend,Sunday,Light_Load,100.00,51.55
4.21,5.62,0.00,Weekend,Saturday,Light_Load,100.00,59.95
3.74,0.00,25.09,Weekday,Monday,Medium_Load,14.74,100.00
2.59,4.18,0.00,Weekend,Sunday,Light_Load,100.00,52.67
5.87,5.87,0.00,Weekend,Sunday,Light_Load,100.00,70.71
2.74,4.97,0.00,Weekend,Sunday,Light_Load,100.00,48.28
3.28,5.22,0.00,Weekday,Friday,Light_Load,100.00,53.20
61.81,26.86,0.00,Weekend,Sunday,Maximum_Load,100.00,91.71
2.81,4.28,0.00,Weekend,Saturday,Light_Load,100.00,54.88
3.56,0.00,12.85,Weekend,Saturday,Light_Load,26.70,100.00
4.00,0.00,26.60,Weekday,Thursday,Medium_Load,14.87,100.00
3.82,5.00,0.00,Weekday,Wednesday,Light_Load,100.00,60.71
3.64,3.02,0.00,Weekend,Sunday,Light_Load,100.00,76.96
4.82,7.70,0.00,Weekday,Wednesday,Light_Load,100.00,53.06
4.10,0.00,16.13,Weekday,Monday,Medium_Load,24.64,100.00
3.02,0.00,13.07,Weekend,Saturday,Light_Load,22.51,100.00
3.71,3.20,0.04,Weekend,Saturday,Light_Load,99.99,75.72
39.49,7.09,0.40,Weekday,Wednesday,Medium_Load,99.99,98.43
58.64,30.10,0.00,Weekday,Tuesday,Maximum_Load,100.00,88.96
3.20,4.36,0.00,Weekday,Tuesday,Light_Load,100.00,59.17
51.80,12.35,4.03,Weekday,Thursday,Medium_Load,99.70,97.27
61.74,58.25,0.00,Weekday,Friday,Light_Load,100.00,72.74
3.96,0.04,16.13,Weekday,Tuesday,Medium_Load,23.84,99.99
52.92,29.92,0.00,Weekday,Wednesday,Medium_Load,100.00,87.05
3.78,3.53,0.00,Weekday,Wednesday,Light_Load,100.00,73.09
6.48,5.26,0.00,Weekend,Saturday,Light_Load,100.00,77.64
2.88,5.36,0.00,Weekday,Friday,Light_Load,100.00,47.33
2.99,0.00,16.99,Weekend,Sunday,Light_Load,17.33,100.00
4.46,0.00,21.92,Weekday,Monday,Maximum_Load,19.94,100.00
4.64,0.00,25.74,Weekday,Wednesday,Medium_Load,17.74,100.00
2.84,4.07,0.00,Weekday,Monday,Light_Load,100.00,57.22
4.32,0.00,16.27,Weekend,Sunday,Light_Load,25.66,100.00
3.02,5.80,0.00,Weekday,Friday,Light_Load,100.00,46.18
20.20,16.42,0.00,Weekend,Sunday,Light_Load,100.00,77.60
28.58,0.83,4.72,Weekend,Saturday,Medium_Load,98.66,99.96
5.80,0.54,10.62,Weekday,Thursday,Medium_Load,47.93,99.57
47.38,23.65,0.00,Weekday,Thursday,Maximum_Load,100.00,89.47
64.94,33.44,0.00,Weekday,Friday,Medium_Load,100.00,88.91
3.64,5.62,0.00,Weekday,Friday,Light_Load,100.00,54.36
49.93,14.36,0.00,Weekday,Wednesday,Maximum_Load,100.00,96.10
55.76,32.65,0.00,Weekday,Tuesday,Maximum_Load,100.00,86.29
5.40,1.80,15.44,Weekday,Thursday,Medium_Load,33.01,94.87
63.04,28.30,0.00,Weekday,Tuesday,Maximum_Load,100.00,91.23
51.95,24.08,0.00,Weekday,Monday,Medium_Load,100.00,90.73
2.59,5.76,0.00,Weekday,Tuesday,Light_Load,100.00,41.01
59.29,34.20,0.00,Weekday,Monday,Medium_Load,100.00,86.62
2.52,4.10,0.00,Weekend,Saturday,Light_Load,100.00,52.36
54.86,20.30,0.00,Weekday,Monday,Maximum_Load,100.00,93.79
40.68,22.39,0.00,Weekday,Wednesday,Medium_Load,100.00,87.61
39.38,5.94,0.25,Weekday,Tuesday,Maximum_Load,100.00,98.88
2.74,5.04,0.00,Weekend,Saturday,Light_Load,100.00,47.76
3.10,3.71,0.00,Weekday,Tuesday,Light_Load,100.00,64.12
3.60,4.14,0.00,Weekday,Monday,Light_Load,100.00,65.62
3.42,0.00,5.00,Weekday,Monday,Light_Load,56.46,100.00
3.49,0.00,15.55,Weekend,Sunday,Light_Load,21.90,100.00
110.52,60.98,0.00,Weekday,Thursday,Maximum_Load,100.00,87.56
3.71,4.28,0.00,Weekend,Saturday,Light_Load,100.00,65.50
131.00,62.42,0.00,Weekday,Friday,Maximum_Load,100.00,90.28
4.79,0.00,20.70,Weekend,Saturday,Medium_Load,22.54,100.00
2.99,0.00,16.81,Weekend,Sunday,Light_Load,17.51,100.00
116.89,48.10,0.00,Weekday,Friday,Medium_Load,100.00,92.48
3.46,4.68,0.00,Weekend,Sunday,Light_Load,100.00,59.45
76.14,30.60,0.00,Weekday,Tuesday,Medium_Load,100.00,92.79
83.30,39.92,0.00,Weekday,Wednesday,Medium_Load,100.00,90.18
68.40,42.30,0.00,Weekday,Wednesday,Medium_Load,100.00,85.05
12.38,0.00,17.50,Weekday,Thursday,Medium_Load,57.75,100.00
75.13,28.80,0.00,Weekday,Wednesday,Maximum_Load,100.00,93.37
66.74,37.12,0.00,Weekday,Wednesday,Medium_Load,100.00,87.39
3.02,0.00,16.27,Weekday,Tuesday,Medium_Load,18.25,100.00
89.46,33.77,0.00,Weekday,Monday,Maximum_Load,100.00,93.56
3.17,3.82,0.00,Weekday,Thursday,Light_Load,100.00,63.86
72.14,19.26,4.64,Weekday,Tuesday,Medium_Load,99.79,96.62
5.62,0.00,17.46,Weekday,Monday,Medium_Load,30.64,100.00
2.70,5.62,0.00,Weekday,Thursday,Light_Load,100.00,43.30
2.77,4.64,0.00,Weekend,Sunday,Light_Load,100.00,51.26
3.20,5.58,0.00,Weekday,Tuesday,Light_Load,100.00,49.75
3.38,6.01,0.00,Weekday,Tuesday,Light_Load,100.00,49.02
3.42,0.00,16.92,Weekday,Friday,Light_Load,19.81,100.00
3.31,4.21,0.00,Weekday,Thursday,Light_Load,100.00,61.81
4.10,0.00,17.03,Weekend,Sunday,Medium_Load,23.41,100.00
3.74,6.66,0.00,Weekday,Wednesday,Light_Load,100.00,48.96
89.32,40.32,0.00,Weekday,Monday,Maximum_Load,100.00,91.14
4.14,2.88,0.32,Weekday,Wednesday,Light_Load,99.70,82.09
2.92,4.90,0.00,Weekday,Thursday,Light_Load,100.00,51.19
3.53,4.90,0.00,Weekday,Tuesday,Light_Load,100.00,58.45
3.10,0.00,16.70,Weekday,Thursday,Light_Load,18.25,100.00
2.74,5.04,0.00,Weekend,Saturday,Light_Load,100.00,47.76
28.73,22.90,0.00,Weekday,Tuesday,Light_Load,100.00,78.20
55.15,11.52,0.07,Weekday,Friday,Medium_Load,100.00,97.89
3.38,7.31,0.00,Weekday,Wednesday,Light_Load,100.00,41.97
2.92,5.40,0.00,Weekday,Monday,Light_Load,100.00,47.57
52.49,19.73,0.00,Weekday,Monday,Maximum_Load,100.00,93.61
3.82,0.00,17.10,Weekday,Wednesday,Medium_Load,21.80,100.00
3.20,4.54,0.00,Weekday,Wednesday,Light_Load,100.00,57.61
5.94,5.94,0.00,Weekend,Sunday,Light_Load,100.00,70.71
3.67,0.00,20.52,Weekend,Saturday,Light_Load,17.61,100.00
91.40,49.64,0.00,Weekday,Wednesday,Maximum_Load,100.00,87.88
48.96,13.54,0.00,Weekday,Wednesday,Maximum_Load,100.00,96.38
64.40,31.43,0.00,Weekday,Friday,Maximum_Load,100.00,89.87
55.30,40.03,0.00,Weekday,Wednesday,Light_Load,100.00,81.00
41.76,16.34,0.00,Weekday,Monday,Maximum_Load,100.00,93.12
3.35,0.00,14.00,Weekend,Saturday,Light_Load,23.27,100.00
4.64,4.79,0.00,Weekend,Sunday,Light_Load,100.00,69.58
4.64,5.18,0.00,Weekday,Thursday,Light_Load,100.00,66.72
3.02,0.00,16.74,Weekend,Sunday,Light_Load,17.75,100.00
2.56,5.11,0.00,Weekday,Wednesday,Light_Load,100.00,44.79
107.10,43.38,3.82,Weekday,Friday,Medium_Load,99.94,92.69
2.95,4.61,0.00,Weekday,Monday,Light_Load,100.00,53.90
2.95,4.32,0.00,Weekday,Wednesday,Light_Load,100.00,56.39
48.38,40.21,0.00,Weekday,Friday,Maximum_Load,100.00,76.91
77.15,42.88,0.00,Weekday,Thursday,Maximum_Load,100.00,87.41
5.94,4.97,0.00,Weekend,Saturday,Light_Load,100.00,76.69
3.85,4.93,0.00,Weekend,Saturday,Light_Load,100.00,61.55
70.60,26.10,0.00,Weekday,Wednesday,Medium_Load,100.00,93.80
36.86,4.32,0.00,Weekday,Monday,Medium_Load,100.00,99.32
4.82,3.85,0.00,Weekday,Tuesday,Light_Load,100.00,78.13
3.53,0.00,17.06,Weekend,Sunday,Light_Load,20.26,100.00
7.81,0.00,26.06,Weekday,Thursday,Medium_Load,28.71,100.00
3.74,3.96,0.00,Weekend,Sunday,Light_Load,100.00,68.66
56.66,36.40,0.00,Weekday,Friday,Maximum_Load,100.00,84.13
2.88,4.75,0.00,Weekend,Saturday,Light_Load,100.00,51.85
57.10,14.00,0.00,Weekday,Tuesday,Medium_Load,100.00,97.12
48.89,17.60,0.00,Weekday,Tuesday,Medium_Load,100.00,94.09
88.42,36.14,0.00,Weekday,Thursday,Maximum_Load,100.00,92.57
41.18,16.42,0.36,Weekend,Saturday,Light_Load,100.00,92.89
63.86,45.43,0.00,Weekday,Tuesday,Maximum_Load,100.00,81.48
3.28,4.97,0.00,Weekday,Friday,Light_Load,100.00,55.08
65.23,27.97,0.00,Weekday,Thursday,Medium_Load,100.00,91.91
113.15,69.91,0.00,Weekday,Thursday,Maximum_Load,100.00,85.07
4.10,6.37,0.00,Weekday,Tuesday,Light_Load,100.00,54.12
3.10,5.69,0.00,Weekday,Friday,Light_Load,100.00,47.84
52.99,8.86,0.18,Weekday,Monday,Maximum_Load,100.00,98.63
2.77,5.15,0.00,Weekday,Tuesday,Light_Load,100.00,47.37
2.63,3.71,0.00,Weekday,Tuesday,Light_Load,100.00,57.83
3.35,2.48,0.04,Weekend,Sunday,Light_Load,99.99,80.37
2.70,3.56,0.00,Weekend,Saturday,Light_Load,100.00,60.43
3.06,3.38,0.00,Weekend,Sunday,Light_Load,100.00,67.11
54.00,38.92,0.00,Weekday,Thursday,Maximum_Load,100.00,81.12
4.32,4.07,0.00,Weekday,Monday,Light_Load,100.00,72.79
3.17,5.98,0.00,Weekday,Thursday,Light_Load,100.00,46.84
3.49,6.08,0.00,Weekday,Monday,Light_Load,100.00,49.78
2.88,4.03,0.00,Weekend,Saturday,Light_Load,100.00,58.14
104.76,36.22,0.00,Weekday,Thursday,Maximum_Load,100.00,94.51
103.68,33.34,0.00,Weekday,Tuesday,Maximum_Load,100.00,95.20
2.92,6.16,0.00,Weekday,Friday,Light_Load,100.00,42.83
3.96,3.31,0.04,Weekday,Wednesday,Light_Load,99.99,76.73
3.20,0.00,17.06,Weekend,Sunday,Light_Load,18.44,100.00
2.84,4.64,0.00,Weekday,Monday,Light_Load,100.00,52.20
5.11,0.00,17.14,Weekday,Wednesday,Medium_Load,28.57,100.00
3.38,0.00,17.35,Weekend,Saturday,Light_Load,19.12,100.00
3.24,0.00,14.87,Weekday,Monday,Light_Load,21.29,100.00
5.90,6.23,0.00,Weekend,Sunday,Light_Load,100.00,68.76
3.02,3.85,0.00,Weekend,Saturday,Light_Load,100.00,61.72
2.70,0.00,11.88,Weekend,Sunday,Light_Load,22.16,100.00
124.13,57.46,0.00,Weekday,Wednesday,Maximum_Load,100.00,90.75
130.03,63.79,0.00,Weekday,Friday,Maximum_Load,100.00,89.78
4.93,0.00,27.04,Weekend,Sunday,Medium_Load,17.94,100.00
3.85,3.02,0.25,Weekday,Thursday,Maximum_Load,99.79,78.68
54.58,22.50,0.00,Weekday,Wednesday,Maximum_Load,100.00,92.45
3.24,3.53,0.00,Weekday,Monday,Light_Load,100.00,67.62
3.64,0.00,18.68,Weekend,Saturday,Light_Load,19.13,100.00
35.78,0.94,1.76,Weekday,Thursday,Medium_Load,99.88,99.97
4.72,3.89,0.00,Weekday,Tuesday,Light_Load,100.00,77.17
69.30,37.62,0.00,Weekday,Monday,Medium_Load,100.00,87.89
62.50,42.70,0.00,Weekday,Tuesday,Medium_Load,100.00,82.57
110.05,61.06,0.00,Weekday,Thursday,Maximum_Load,100.00,87.44
4.25,6.62,0.00,Weekday,Friday,Light_Load,100.00,54.02
3.06,0.00,16.78,Weekday,Wednesday,Medium_Load,17.94,100.00
54.22,28.62,0.00,Weekday,Friday,Maximum_Load,100.00,88.44
3.85,0.00,26.17,Weekend,Saturday,Light_Load,14.55,100.00
4.03,4.61,0.00,Weekday,Thursday,Light_Load,100.00,65.82
2.88,4.54,0.00,Weekday,Friday,Light_Load,100.00,53.57
3.60,3.82,0.00,Weekday,Friday,Medium_Load,100.00,68.58
32.29,24.19,0.00,Weekday,Thursday,Light_Load,100.00,80.03
60.01,44.78,0.00,Weekday,Friday,Maximum_Load,100.00,80.15
124.63,67.07,0.00,Weekday,Friday,Maximum_Load,100.00,88.06
106.16,45.76,0.00,Weekday,Friday,Medium_Load,100.00,91.83
4.93,3.56,0.00,Weekday,Thursday,Medium_Load,100.00,81.07
3.89,6.55,0.11,Weekday,Friday,Medium_Load,99.96,51.06
55.73,51.48,0.00,Weekday,Friday,Light_Load,100.00,73.46
2.88,5.51,0.00,Weekday,Monday,Light_Load,100.00,46.32
3.85,3.85,0.00,Weekday,Friday,Light_Load,100.00,70.71
28.37,2.16,7.52,Weekday,Monday,Medium_Load,96.66,99.71
96.41,62.96,0.00,Weekday,Tuesday,Maximum_Load,100.00,83.73
2.84,0.00,7.52,Weekend,Sunday,Light_Load,35.33,100.00
46.55,17.82,0.00,Weekend,Saturday,Maximum_Load,100.00,93.39
2.77,0.00,11.23,Weekend,Sunday,Light_Load,23.95,100.00
105.37,56.70,0.00,Weekday,Thursday,Maximum_Load,100.00,88.06
3.17,0.00,16.38,Weekend,Sunday,Light_Load,19.00,100.00
43.85,20.88,0.00,Weekday,Thursday,Maximum_Load,100.00,90.29
30.85,1.15,1.66,Weekend,Sunday,Maximum_Load,99.86,99.93
3.56,4.64,0.00,Weekday,Thursday,Light_Load,100.00,60.87
4.07,0.00,22.57,Weekday,Monday,Light_Load,17.75,100.00
4.61,4.64,0.00,Weekday,Thursday,Light_Load,100.00,70.48
3.64,0.00,18.22,Weekday,Tuesday,Medium_Load,19.59,100.00
50.94,15.70,0.00,Weekday,Monday,Maximum_Load,100.00,95.56
111.02,44.14,0.00,Weekday,Monday,Medium_Load,100.00,92.92
7.16,0.00,20.52,Weekday,Wednesday,Medium_Load,32.94,100.00
63.36,32.98,0.00,Weekday,Wednesday,Maximum_Load,100.00,88.70
39.53,7.78,0.32,Weekday,Tuesday,Medium_Load,100.00,98.12
2.95,5.15,0.00,Weekend,Sunday,Light_Load,100.00,49.70
36.97,0.25,6.84,Weekday,Thursday,Maximum_Load,98.33,100.00
4.54,4.36,0.00,Weekday,Monday,Light_Load,100.00,72.13
57.06,26.21,0.00,Weekday,Monday,Maximum_Load,100.00,90.87
76.18,31.28,0.00,Weekday,Thursday,Medium_Load,100.00,92.51
3.13,4.39,0.00,Weekday,Wednesday,Light_Load,100.00,58.05
57.13,36.94,0.00,Weekday,Friday,Maximum_Load,100.00,83.97
2.74,5.29,0.00,Weekend,Sunday,Light_Load,100.00,45.99
41.98,39.89,0.00,Weekend,Saturday,Light_Load,100.00,72.49
54.00,19.08,5.62,Weekday,Thursday,Medium_Load,99.46,94.29
3.02,0.00,4.57,Weekday,Thursday,Light_Load,55.13,100.00
54.65,25.20,0.00,Weekday,Thursday,Maximum_Load,100.00,90.81
46.98,11.23,0.18,Weekday,Monday,Medium_Load,100.00,97.26
3.28,0.00,16.34,Weekend,Saturday,Medium_Load,19.68,100.00
54.04,22.28,0.00,Weekday,Monday,Maximum_Load,100.00,92.45
47.48,18.72,0.00,Weekend,Saturday,Maximum_Load,100.00,93.03
68.62,7.45,0.65,Weekday,Monday,Maximum_Load,100.00,99.42
66.02,36.22,0.00,Weekday,Tuesday,Medium_Load,100.00,87.67
33.77,7.99,7.27,Weekday,Friday,Maximum_Load,97.76,97.31
83.63,43.09,0.00,Weekday,Thursday,Medium_Load,100.00,88.89
3.42,5.04,0.00,Weekday,Monday,Light_Load,100.00,56.15
66.60,28.87,3.60,Weekday,Wednesday,Medium_Load,99.85,91.75
46.04,19.08,0.00,Weekday,Thursday,Medium_Load,100.00,92.38
63.04,30.24,0.00,Weekday,Tuesday,Medium_Load,100.00,90.16
3.64,0.00,22.32,Weekday,Thursday,Light_Load,16.10,100.00
4.93,0.00,25.99,Weekday,Tuesday,Medium_Load,18.64,100.00
5.58,0.00,26.17,Weekday,Monday,Medium_Load,20.85,100.00
3.96,5.76,0.00,Weekday,Thursday,Light_Load,100.00,56.65
64.15,50.15,0.00,Weekday,Wednesday,Maximum_Load,100.00,78.78
2.77,5.47,0.00,Weekday,Thursday,Light_Load,100.00,45.18
3.06,3.78,0.00,Weekday,Monday,Light_Load,100.00,62.92
5.58,2.84,0.29,Weekday,Tuesday,Light_Load,99.87,89.12
3.13,5.54,0.00,Weekend,Saturday,Light_Load,100.00,49.19
56.48,6.55,2.23,Weekday,Thursday,Medium_Load,99.92,99.33
3.13,3.17,0.00,Weekday,Monday,Light_Load,100.00,70.26
90.07,38.05,0.00,Weekday,Monday,Maximum_Load,100.00,92.12
132.77,70.99,0.00,Weekday,Thursday,Maximum_Load,100.00,88.19
3.74,0.00,18.14,Weekend,Saturday,Medium_Load,20.19,100.00
2.99,4.50,0.00,Weekday,Wednesday,Light_Load,100.00,55.34
2.84,4.21,0.00,Weekday,Tuesday,Light_Load,100.00,55.92
2.88,5.69,0.00,Weekday,Thursday,Light_Load,100.00,45.16
4.61,4.61,0.00,Weekday,Wednesday,Light_Load,100.00,70.71
2.52,5.22,0.00,Weekend,Sunday,Light_Load,100.00,43.47
50.29,20.56,0.00,Weekday,Monday,Medium_Load,100.00,92.56
2.92,0.00,16.78,Weekday,Tuesday,Medium_Load,17.14,100.00
106.16,35.60,0.00,Weekday,Thursday,Medium_Load,100.00,94.81
3.60,3.20,0.00,Weekday,Wednesday,Light_Load,100.00,74.74
76.79,23.98,0.00,Weekday,Monday,Medium_Load,100.00,95.45
3.71,0.00,18.07,Weekend,Saturday,Maximum_Load,20.11,100.00
36.43,34.85,0.00,Weekday,Thursday,Light_Load,100.00,72.26
32.72,2.16,1.84,Weekend,Sunday,Maximum_Load,99.84,99.78
61.99,29.34,0.00,Weekday,Thursday,Maximum_Load,100.00,90.39
109.22,50.65,0.00,Weekday,Monday,Medium_Load,100.00,90.72
2.70,0.00,5.40,Weekday,Wednesday,Light_Load,44.72,100.00
39.20,11.20,0.36,Weekday,Wednesday,Maximum_Load,100.00,96.15
3.74,5.47,0.00,Weekday,Tuesday,Medium_Load,100.00,56.44
5.29,0.04,19.04,Weekday,Monday,Medium_Load,26.77,100.00
60.70,27.11,0.00,Weekday,Wednesday,Maximum_Load,100.00,91.31
31.50,0.00,7.99,Weekday,Wednesday,Maximum_Load,96.93,100.00
5.15,0.00,27.07,Weekday,Monday,Medium_Load,18.69,100.00
3.17,0.00,16.99,Weekend,Sunday,Light_Load,18.34,100.00
51.77,33.08,0.00,Weekday,Friday,Medium_Load,100.00,84.27
79.85,9.18,1.84,Weekday,Tuesday,Maximum_Load,99.97,99.35
59.62,32.94,0.00,Weekday,Friday,Maximum_Load,100.00,87.53
4.21,0.00,16.74,Weekend,Sunday,Light_Load,24.39,100.00
72.07,37.01,0.00,Weekend,Saturday,Light_Load,100.00,88.96
74.84,23.87,0.00,Weekday,Friday,Medium_Load,100.00,95.27
96.16,50.26,0.00,Weekday,Tuesday,Maximum_Load,100.00,88.62
46.33,8.78,2.88,Weekday,Monday,Medium_Load,99.81,98.25
2.81,4.32,0.00,Weekend,Saturday,Light_Load,100.00,54.53
6.55,8.64,0.00,Weekend,Saturday,Light_Load,100.00,60.41
2.92,0.00,16.92,Weekend,Saturday,Light_Load,17.01,100.00
66.06,31.54,0.00,Weekday,Friday,Maximum_Load,100.00,90.24
3.06,3.64,0.00,Weekday,Thursday,Light_Load,100.00,64.35
67.61,41.58,0.00,Weekday,Friday,Maximum_Load,100.00,85.18
2.84,5.62,0.00,Weekday,Friday,Light_Load,100.00,45.10
42.48,10.87,0.00,Weekday,Thursday,Medium_Load,100.00,96.88
4.10,3.82,0.00,Weekend,Saturday,Light_Load,100.00,73.16
2.56,3.67,0.00,Weekend,Sunday,Light_Load,100.00,57.21
54.00,30.67,0.00,Weekday,Monday,Maximum_Load,100.00,86.95
52.88,29.09,0.00,Weekday,Wednesday,Maximum_Load,100.00,87.62
100.73,36.83,0.00,Weekday,Wednesday,Medium_Load,100.00,93.92
3.24,0.00,7.13,Weekend,Saturday,Medium_Load,41.37,100.00
3.71,4.68,0.00,Weekday,Thursday,Medium_Load,100.00,62.12
3.67,0.00,18.50,Weekend,Saturday,Light_Load,19.46,100.00
72.90,8.50,0.36,Weekday,Monday,Medium_Load,100.00,99.33
2.66,5.62,0.00,Weekday,Monday,Medium_Load,100.00,42.78
6.73,4.54,0.00,Weekday,Tuesday,Light_Load,100.00,82.90
2.66,4.75,0.00,Weekend,Sunday,Light_Load,100.00,48.86
3.49,0.61,13.32,Weekend,Sunday,Light_Load,25.35,98.51
40.28,4.43,0.07,Weekday,Thursday,Medium_Load,100.00,99.40
24.73,1.66,4.18,Weekday,Monday,Maximum_Load,98.60,99.78
21.56,21.28,0.00,Weekend,Sunday,Light_Load,100.00,71.17
87.26,45.32,0.00,Weekday,Wednesday,Medium_Load,100.00,88.74
21.82,0.18,12.92,Weekend,Saturday,Medium_Load,86.05,100.00
136.69,50.94,0.00,Weekday,Tuesday,Medium_Load,100.00,93.70
46.15,9.86,0.00,Weekday,Friday,Medium_Load,100.00,97.79
35.93,2.09,1.12,Weekend,Saturday,Maximum_Load,99.95,99.83
66.28,28.19,0.00,Weekday,Friday,Medium_Load,100.00,92.02
70.27,36.25,0.00,Weekday,Tuesday,Medium_Load,100.00,88.87
34.38,1.22,0.72,Weekday,Monday,Medium_Load,99.98,99.94
2.63,4.39,0.00,Weekday,Wednesday,Light_Load,100.00,51.39
3.10,1.84,0.43,Weekday,Wednesday,Light_Load,99.05,85.99
2.84,4.50,0.00,Weekend,Sunday,Light_Load,100.00,53.37
2.88,5.36,0.00,Weekday,Tuesday,Light_Load,100.00,47.33
76.64,41.54,0.00,Weekday,Thursday,Light_Load,100.00,87.92
2.92,4.61,0.00,Weekday,Thursday,Light_Load,100.00,53.51
2.77,4.00,0.00,Weekend,Sunday,Light_Load,100.00,56.93
47.23,30.24,0.00,Weekday,Thursday,Maximum_Load,100.00,84.22
2.99,3.35,0.00,Weekday,Wednesday,Light_Load,100.00,66.59
5.44,0.00,26.96,Weekend,Sunday,Medium_Load,19.78,100.00
83.41,36.22,0.00,Weekday,Tuesday,Maximum_Load,100.00,91.73
3.35,3.92,0.00,Weekday,Monday,Light_Load,100.00,64.97
63.94,19.37,0.00,Weekday,Friday,Maximum_Load,100.00,95.70
87.41,27.43,0.00,Weekday,Tuesday,Medium_Load,100.00,95.41
22.46,15.37,0.00,Weekday,Wednesday,Light_Load,100.00,82.53
2.74,4.93,0.00,Weekend,Sunday,Light_Load,100.00,48.58
37.91,8.60,0.04,Weekday,Friday,Medium_Load,100.00,97.52
3.17,1.26,3.17,Weekend,Sunday,Light_Load,70.71,92.93
80.21,22.86,0.00,Weekday,Thursday,Medium_Load,100.00,96.17
3.71,0.00,13.46,Weekend,Sunday,Light_Load,26.57,100.00
4.68,4.46,0.00,Weekday,Wednesday,Light_Load,100.00,72.39
4.93,0.00,24.84,Weekday,Tuesday,Medium_Load,19.47,100.00
2.88,5.08,0.00,Weekend,Sunday,Light_Load,100.00,49.32
5.94,0.00,16.31,Weekday,Friday,Medium_Load,34.22,100.00
49.97,26.39,0.00,Weekday,Tuesday,Medium_Load,100.00,88.43
76.64,33.62,0.00,Weekday,Tuesday,Medium_Load,100.00,91.58
6.55,0.00,16.52,Weekday,Thursday,Medium_Load,36.86,100.00
3.17,4.00,0.00,Weekday,Tuesday,Light_Load,100.00,62.11
98.93,37.22,0.00,Weekday,Wednesday,Maximum_Load,100.00,93.60
2.70,3.67,0.00,Weekday,Monday,Light_Load,100.00,59.26
47.30,50.87,0.00,Weekday,Thursday,Light_Load,100.00,68.09
4.86,4.86,0.00,Weekday,Monday,Light_Load,100.00,70.71
24.88,15.66,0.00,Weekday,Tuesday,Maximum_Load,100.00,84.63
5.80,4.93,0.00,Weekday,Tuesday,Light_Load,100.00,76.19
3.78,0.00,13.03,Weekday,Friday,Medium_Load,27.86,100.00
3.31,0.00,11.09,Weekend,Saturday,Medium_Load,28.60,100.00
43.60,5.76,0.72,Weekday,Thursday,Maximum_Load,99.99,99.14
55.08,43.24,0.00,Weekday,Tuesday,Maximum_Load,100.00,78.66
22.97,0.00,13.54,Weekend,Saturday,Maximum_Load,86.15,100.00
3.02,3.20,0.00,Weekend,Sunday,Light_Load,100.00,68.64
56.99,27.90,0.00,Weekday,Wednesday,Maximum_Load,100.00,89.81
93.31,26.42,0.00,Weekend,Sunday,Maximum_Load,100.00,96.22
4.00,3.85,0.04,Weekday,Thursday,Light_Load,100.00,72.05
3.31,6.23,0.07,Weekday,Tuesday,Medium_Load,99.98,46.92
3.17,3.02,0.00,Weekend,Sunday,Light_Load,100.00,72.40
5.76,2.77,0.04,Weekday,Thursday,Light_Load,100.00,90.12
3.64,6.08,0.00,Weekday,Wednesday,Light_Load,100.00,51.37
3.60,6.91,0.00,Weekday,Friday,Light_Load,100.00,46.20
61.70,57.17,0.00,Weekday,Friday,Maximum_Load,100.00,73.35
34.81,7.38,0.29,Weekday,Thursday,Medium_Load,100.00,97.83
2.92,5.51,0.00,Weekend,Saturday,Light_Load,100.00,46.83
2.99,4.32,0.00,Weekday,Tuesday,Light_Load,100.00,56.91
2.95,0.00,12.78,Weekend,Saturday,Light_Load,22.49,100.00
3.42,0.00,9.07,Weekend,Sunday,Light_Load,35.28,100.00
123.84,52.06,0.00,Weekday,Friday,Maximum_Load,100.00,92.19
3.06,0.00,16.24,Weekend,Sunday,Light_Load,18.52,100.00
48.56,29.88,0.00,Weekday,Friday,Light_Load,100.00,85.17
108.47,52.56,0.00,Weekend,Sunday,Maximum_Load,100.00,89.99
86.18,36.94,0.00,Weekday,Tuesday,Medium_Load,100.00,91.91
2.77,4.79,0.00,Weekend,Saturday,Light_Load,100.00,50.06
58.03,63.86,0.00,Weekday,Friday,Light_Load,100.00,67.25
32.08,11.81,0.00,Weekday,Friday,Maximum_Load,100.00,93.84
22.82,0.00,11.30,Weekend,Saturday,Maximum_Load,89.61,100.00
2.59,3.17,0.00,Weekend,Saturday,Light_Load,100.00,63.27
3.35,4.18,0.00,Weekend,Sunday,Light_Load,100.00,62.54
3.64,0.00,13.68,Weekend,Sunday,Light_Load,25.71,100.00
56.95,21.31,0.00,Weekday,Friday,Maximum_Load,100.00,93.66
2.81,6.23,0.00,Weekend,Saturday,Light_Load,100.00,41.12
42.08,3.24,2.16,Weekend,Saturday,Medium_Load,99.87,99.70
3.60,4.79,0.00,Weekday,Wednesday,Light_Load,100.00,60.08
2.95,0.00,12.53,Weekend,Sunday,Light_Load,22.92,100.00
41.72,14.15,0.00,Weekend,Saturday,Maximum_Load,100.00,94.70
3.56,6.91,0.00,Weekend,Saturday,Light_Load,100.00,45.80
65.48,31.43,0.00,Weekday,Friday,Medium_Load,100.00,90.15
29.48,8.42,0.00,Weekend,Sunday,Maximum_Load,100.00,96.15
5.40,6.12,0.00,Weekday,Wednesday,Maximum_Load,100.00,66.16
3.74,4.64,0.00,Weekday,Thursday,Light_Load,100.00,62.76
3.02,5.62,0.00,Weekday,Friday,Light_Load,100.00,47.34
3.13,4.50,0.00,Weekday,Thursday,Light_Load,100.00,57.10
3.71,4.28,0.00,Weekend,Saturday,Light_Load,100.00,65.50
2.99,5.76,0.00,Weekday,Thursday,Light_Load,100.00,46.07
4.46,6.05,0.00,Weekday,Monday,Light_Load,100.00,59.34
3.64,0.00,16.02,Weekday,Thursday,Medium_Load,22.16,100.00
57.74,36.90,0.00,Weekday,Friday,Light_Load,100.00,84.26
5.44,0.00,26.57,Weekday,Wednesday,Medium_Load,20.06,100.00
3.60,3.46,0.00,Weekday,Thursday,Light_Load,100.00,72.10
2.63,4.54,0.00,Weekend,Sunday,Light_Load,100.00,50.13
3.13,4.93,0.00,Weekday,Thursday,Light_Load,100.00,53.60
2.84,5.04,0.00,Weekday,Monday,Light_Load,100.00,49.09
4.03,0.00,7.81,Weekend,Saturday,Maximum_Load,45.86,100.00
48.31,30.20,0.00,Weekday,Monday,Light_Load,100.00,84.79
54.61,29.20,0.00,Weekday,Friday,Maximum_Load,100.00,88.19
4.75,3.71,0.00,Weekend,Saturday,Maximum_Load,100.00,78.81
56.38,44.57,0.00,Weekday,Friday,Maximum_Load,100.00,78.45
3.13,0.00,16.52,Weekend,Sunday,Light_Load,18.62,100.00
45.47,8.21,0.07,Weekday,Wednesday,Maximum_Load,100.00,98.41
66.60,40.39,0.00,Weekday,Monday,Light_Load,100.00,85.50
45.83,12.28,0.00,Weekday,Thursday,Maximum_Load,100.00,96.59
3.64,3.46,0.00,Weekday,Thursday,Light_Load,100.00,72.48
4.64,4.61,0.00,Weekday,Wednesday,Light_Load,100.00,70.94
32.72,14.22,0.00,Weekend,Saturday,Maximum_Load,100.00,91.71
3.24,2.92,0.00,Weekday,Monday,Light_Load,100.00,74.28
49.18,9.90,0.00,Weekend,Saturday,Medium_Load,100.00,98.03
4.07,6.37,0.00,Weekday,Friday,Light_Load,100.00,53.84
50.29,19.58,0.00,Weekday,Tuesday,Medium_Load,100.00,93.19
3.13,4.54,0.00,Weekday,Wednesday,Light_Load,100.00,56.76
3.56,4.97,0.00,Weekday,Wednesday,Light_Load,100.00,58.23
3.20,1.73,0.72,Weekend,Sunday,Light_Load,97.56,87.97
3.24,5.33,0.00,Weekday,Thursday,Light_Load,100.00,51.94
57.56,25.09,0.00,Weekday,Thursday,Medium_Load,100.00,91.67
3.46,4.36,0.00,Weekday,Friday,Light_Load,100.00,62.16
33.16,24.98,0.00,Weekday,Thursday,Light_Load,100.00,79.87
33.12,0.47,4.28,Weekday,Friday,Medium_Load,99.18,99.99
60.98,37.87,0.00,Weekday,Friday,Maximum_Load,100.00,84.95
88.63,48.24,0.00,Weekday,Monday,Medium_Load,100.00,87.83
2.92,0.00,13.57,Weekday,Wednesday,Medium_Load,21.04,100.00
3.67,6.34,0.00,Weekday,Tuesday,Light_Load,100.00,50.10
4.10,3.46,0.07,Weekday,Friday,Light_Load,99.99,76.42
5.83,0.00,20.20,Weekday,Friday,Medium_Load,27.73,100.00
2.74,4.79,0.00,Weekday,Monday,Light_Load,100.00,49.65
4.86,2.81,0.00,Weekday,Friday,Light_Load,100.00,86.57
66.17,49.86,0.00,Weekday,Wednesday,Maximum_Load,100.00,79.87
3.02,0.00,10.91,Weekend,Sunday,Light_Load,26.68,100.00
54.00,35.50,0.00,Weekday,Thursday,Maximum_Load,100.00,83.56
2.95,3.53,0.00,Weekend,Saturday,Light_Load,100.00,64.13
3.20,5.44,0.00,Weekend,Saturday,Light_Load,100.00,50.70
3.10,2.48,0.00,Weekend,Sunday,Light_Load,100.00,78.09
3.96,0.00,16.92,Weekday,Tuesday,Medium_Load,22.79,100.00
41.80,31.82,0.00,Weekday,Friday,Light_Load,100.00,79.57
2.84,3.71,0.00,Weekend,Sunday,Light_Load,100.00,60.78
5.58,2.74,0.25,Weekday,Monday,Light_Load,99.90,89.76
3.06,1.91,0.32,Weekday,Friday,Light_Load,99.46,84.83
46.80,9.11,0.00,Weekday,Monday,Maximum_Load,100.00,98.16
65.84,25.13,0.00,Weekday,Tuesday,Medium_Load,100.00,93.43
49.54,15.16,0.00,Weekday,Monday,Maximum_Load,100.00,95.62
4.39,7.85,0.00,Weekday,Wednesday,Light_Load,100.00,48.81
3.60,7.49,0.00,Weekday,Thursday,Light_Load,100.00,43.32
66.46,31.07,0.00,Weekday,Friday,Maximum_Load,100.00,90.59
2.92,2.81,0.00,Weekend,Sunday,Light_Load,100.00,72.05
56.74,40.61,0.00,Weekday,Tuesday,Maximum_Load,100.00,81.32
3.56,5.22,0.00,Weekday,Wednesday,Light_Load,100.00,56.34
4.61,4.79,0.00,Weekday,Friday,Light_Load,100.00,69.34
49.54,13.43,0.00,Weekend,Saturday,Medium_Load,100.00,96.52
3.82,4.82,0.00,Weekend,Sunday,Light_Load,100.00,62.11
2.99,0.00,17.28,Weekend,Sunday,Light_Load,17.05,100.00
53.96,50.26,0.00,Weekday,Wednesday,Light_Load,100.00,73.17
4.14,3.42,0.11,Weekday,Wednesday,Light_Load,99.96,77.10
6.62,0.00,21.35,Weekday,Thursday,Medium_Load,29.62,100.00
3.17,2.59,0.00,Weekend,Sunday,Light_Load,100.00,77.44
105.37,40.50,0.00,Weekday,Friday,Medium_Load,100.00,93.34
2.74,5.22,0.00,Weekday,Thursday,Light_Load,100.00,46.48
2.95,5.72,0.00,Weekday,Monday,Light_Load,100.00,45.84
31.79,0.00,4.79,Weekend,Saturday,Medium_Load,98.88,100.00
3.71,4.00,0.00,Weekday,Monday,Medium_Load,100.00,68.00
2.81,5.47,0.00,Weekend,Saturday,Light_Load,100.00,45.69
3.53,0.00,7.78,Weekend,Sunday,Medium_Load,41.32,100.00
110.09,43.99,0.00,Weekday,Thursday,Maximum_Load,100.00,92.86
2.74,4.79,0.00,Weekday,Monday,Light_Load,100.00,49.65
71.14,26.39,0.00,Weekday,Monday,Maximum_Load,100.00,93.76
8.24,0.00,26.06,Weekday,Tuesday,Medium_Load,30.15,100.00
3.13,0.00,16.24,Weekend,Saturday,Light_Load,18.93,100.00
2.99,1.12,3.74,Weekend,Sunday,Light_Load,62.44,93.65
8.21,9.54,0.00,Weekday,Thursday,Light_Load,100.00,65.23
9.22,0.00,25.31,Weekday,Thursday,Medium_Load,34.23,100.00
8.28,0.00,23.36,Weekday,Tuesday,Medium_Load,33.41,100.00
5.36,0.00,20.02,Weekend,Saturday,Medium_Load,25.86,100.00
3.31,0.00,17.53,Weekend,Saturday,Medium_Load,18.55,100.00
3.28,5.00,0.00,Weekend,Saturday,Light_Load,100.00,54.85
55.91,30.53,0.00,Weekend,Saturday,Maximum_Load,100.00,87.77
67.86,59.08,0.00,Weekday,Tuesday,Light_Load,100.00,75.42
3.67,0.00,22.57,Weekday,Wednesday,Light_Load,16.05,100.00
53.82,35.68,0.04,Weekday,Monday,Medium_Load,100.00,83.35
59.76,28.98,0.00,Weekday,Tuesday,Maximum_Load,100.00,89.98
4.32,3.28,0.18,Weekday,Wednesday,Light_Load,99.91,79.64
3.17,6.08,0.00,Weekend,Sunday,Light_Load,100.00,46.23
4.00,4.25,0.00,Weekday,Wednesday,Maximum_Load,100.00,68.54
2.95,0.00,5.11,Weekend,Sunday,Light_Load,50.00,100.00
5.15,5.29,0.00,Weekday,Wednesday,Light_Load,100.00,69.76
43.49,9.04,0.11,Weekday,Wednesday,Medium_Load,100.00,97.91
3.31,4.07,0.00,Weekday,Monday,Light_Load,100.00,63.10
4.07,3.92,0.00,Weekend,Saturday,Light_Load,100.00,72.03
34.88,25.24,0.00,Weekday,Thursday,Light_Load,100.00,81.01
2.99,0.00,4.68,Weekend,Saturday,Light_Load,53.84,100.00
3.06,5.72,0.00,Weekday,Tuesday,Light_Load,100.00,47.17
2.63,4.43,0.00,Weekday,Friday,Medium_Load,100.00,51.05
56.02,20.88,0.00,Weekday,Monday,Maximum_Load,100.00,93.70
61.24,20.16,0.00,Weekday,Wednesday,Medium_Load,100.00,94.99
36.72,9.86,0.00,Weekday,Friday,Maximum_Load,100.00,96.58
4.21,3.13,0.22,Weekday,Thursday,Light_Load,99.86,80.25
56.66,28.26,0.00,Weekday,Friday,Medium_Load,100.00,89.49
3.35,4.93,0.00,Weekday,Wednesday,Light_Load,100.00,56.20
11.30,1.55,9.65,Weekday,Tuesday,Medium_Load,76.04,99.07
4.00,0.00,21.82,Weekday,Wednesday,Light_Load,18.03,100.00
4.25,0.00,17.53,Weekday,Friday,Medium_Load,23.56,100.00
57.96,20.70,0.00,Weekday,Friday,Medium_Load,100.00,94.17
52.06,23.94,0.00,Weekday,Wednesday,Medium_Load,100.00,90.85
35.96,3.35,0.04,Weekday,Monday,Medium_Load,100.00,99.57
69.41,43.56,0.00,Weekday,Wednesday,Medium_Load,100.00,84.70
4.18,0.00,17.50,Weekday,Friday,Medium_Load,23.23,100.00
2.99,4.00,0.00,Weekday,Wednesday,Light_Load,100.00,59.87
33.08,0.36,6.01,Weekday,Wednesday,Medium_Load,98.39,99.99
2.77,4.03,0.00,Weekday,Monday,Light_Load,100.00,56.64
2.74,4.97,0.00,Weekend,Saturday,Medium_Load,100.00,48.28
3.67,2.34,0.47,Weekday,Friday,Light_Load,99.19,84.32
81.04,41.51,0.00,Weekday,Thursday,Maximum_Load,100.00,89.00
2.92,4.10,0.00,Weekday,Monday,Light_Load,100.00,58.01
3.46,2.84,0.00,Weekend,Sunday,Light_Load,100.00,77.30
78.52,28.58,0.00,Weekday,Thursday,Maximum_Load,100.00,93.97
2.70,5.22,0.00,Weekday,Friday,Light_Load,100.00,45.94
2.92,2.05,0.11,Weekend,Saturday,Light_Load,99.93,81.84
3.49,3.28,0.00,Weekday,Thursday,Light_Load,100.00,72.87
53.82,37.33,0.00,Weekday,Monday,Medium_Load,100.00,82.17
3.35,2.38,0.07,Weekday,Monday,Light_Load,99.98,81.52
6.01,6.52,0.00,Weekday,Thursday,Light_Load,100.00,67.78
3.35,3.20,0.00,Weekday,Friday,Medium_Load,100.00,72.31
2.95,0.00,17.17,Weekend,Sunday,Light_Load,16.93,100.00
13.43,0.00,11.12,Weekend,Sunday,Maximum_Load,77.02,100.00
124.42,39.92,0.00,Weekday,Monday,Medium_Load,100.00,95.22
60.73,36.68,0.00,Weekday,Thursday,Maximum_Load,100.00,85.60
108.65,38.30,0.00,Weekday,Thursday,Medium_Load,100.00,94.31
3.64,3.92,0.00,Weekday,Thursday,Light_Load,100.00,68.05
3.35,0.00,5.36,Weekend,Sunday,Light_Load,53.00,100.00
2.74,4.82,0.00,Weekday,Tuesday,Light_Load,100.00,49.42
4.79,5.00,0.00,Weekday,Friday,Maximum_Load,100.00,69.18
54.14,21.82,0.00,Weekday,Monday,Maximum_Load,100.00,92.75
112.64,72.36,0.00,Weekday,Tuesday,Light_Load,100.00,84.14
3.02,5.08,0.00,Weekday,Wednesday,Light_Load,100.00,51.10
4.10,5.18,0.00,Weekday,Friday,Light_Load,100.00,62.06
2.70,5.11,0.00,Weekday,Thursday,Light_Load,100.00,46.72
4.54,5.18,0.00,Weekday,Tuesday,Light_Load,100.00,65.91
98.82,17.71,0.00,Weekday,Wednesday,Medium_Load,100.00,98.43
3.82,4.79,0.00,Weekday,Wednesday,Light_Load,100.00,62.35
3.13,0.00,6.01,Weekend,Sunday,Light_Load,46.19,100.00
34.27,2.16,2.38,Weekend,Saturday,Maximum_Load,99.76,99.80
3.17,5.90,0.00,Weekend,Saturday,Light_Load,100.00,47.33
50.18,25.38,0.00,Weekday,Tuesday,Maximum_Load,100.00,89.24
3.02,0.00,14.76,Weekend,Sunday,Light_Load,20.05,100.00
3.20,1.33,9.79,Weekend,Saturday,Medium_Load,31.07,92.34
32.58,3.31,1.01,Weekday,Friday,Maximum_Load,99.95,99.49
3.82,3.46,0.00,Weekend,Sunday,Light_Load,100.00,74.12
138.06,57.13,0.00,Weekday,Friday,Medium_Load,100.00,92.40
36.90,27.29,0.00,Weekday,Wednesday,Light_Load,100.00,80.40
2.81,5.04,0.00,Weekend,Saturday,Light_Load,100.00,48.70
57.67,32.18,0.00,Weekday,Thursday,Maximum_Load,100.00,87.32
3.13,6.16,0.00,Weekend,Saturday,Light_Load,100.00,45.30
3.10,3.35,0.00,Weekday,Wednesday,Light_Load,100.00,67.92
69.41,31.72,0.00,Weekday,Tuesday,Light_Load,100.00,90.95
2.77,5.40,0.00,Weekend,Saturday,Light_Load,100.00,45.64
4.79,0.00,15.84,Weekday,Thursday,Medium_Load,28.95,100.00
3.85,6.23,0.00,Weekday,Wednesday,Light_Load,100.00,52.57
3.71,1.08,5.11,Weekday,Wednesday,Medium_Load,58.75,96.01
2.66,5.65,0.00,Weekday,Tuesday,Light_Load,100.00,42.60
3.78,7.63,0.00,Weekend,Saturday,Light_Load,100.00,44.39
3.60,7.27,0.00,Weekday,Monday,Medium_Load,100.00,44.38
2.84,5.44,0.00,Weekday,Monday,Light_Load,100.00,46.28
3.06,3.60,0.00,Weekday,Monday,Light_Load,100.00,64.76
4.90,0.00,25.24,Weekend,Saturday,Medium_Load,19.06,100.00
84.24,45.54,0.00,Weekday,Tuesday,Maximum_Load,100.00,87.97
4.75,4.72,0.00,Weekday,Thursday,Light_Load,100.00,70.93
4.14,5.33,0.00,Weekday,Friday,Light_Load,100.00,61.34
3.38,2.63,0.00,Weekday,Thursday,Light_Load,100.00,78.92
3.10,0.00,16.92,Weekend,Sunday,Light_Load,18.02,100.00
2.74,4.86,0.00,Weekday,Wednesday,Light_Load,100.00,49.11
3.13,4.43,0.00,Weekday,Wednesday,Light_Load,100.00,57.70
38.02,8.78,0.00,Weekday,Wednesday,Maximum_Load,100.00,97.44
36.50,5.00,0.18,Weekday,Tuesday,Medium_Load,100.00,99.07
2.92,4.07,0.00,Weekday,Friday,Light_Load,100.00,58.29
32.54,3.60,0.00,Weekend,Sunday,Maximum_Load,100.00,99.39
3.53,0.00,16.67,Weekend,Sunday,Light_Load,20.72,100.00
3.24,2.63,0.04,Weekday,Friday,Light_Load,99.99,77.64
3.49,0.00,16.81,Weekday,Wednesday,Light_Load,20.33,100.00
4.57,0.00,13.79,Weekend,Saturday,Medium_Load,31.46,100.00
5.94,4.07,0.00,Weekday,Tuesday,Light_Load,100.00,82.49
3.10,0.00,13.75,Weekend,Sunday,Light_Load,21.99,100.00
40.39,22.79,0.00,Weekday,Wednesday,Medium_Load,100.00,87.09
5.22,0.00,26.53,Weekday,Thursday,Maximum_Load,19.31,100.00
2.74,4.86,0.00,Weekend,Sunday,Light_Load,100.00,49.11
81.07,35.75,0.00,Weekday,Thursday,Medium_Load,100.00,91.50
3.71,0.00,14.69,Weekend,Sunday,Light_Load,24.49,100.00
3.56,4.36,0.00,Weekday,Thursday,Light_Load,100.00,63.25
3.06,0.00,17.39,Weekend,Sunday,Light_Load,17.33,100.00
3.20,5.04,0.00,Weekend,Sunday,Light_Load,100.00,53.60
49.90,25.60,0.00,Weekday,Thursday,Medium_Load,100.00,88.97
3.10,0.00,16.88,Weekend,Sunday,Medium_Load,18.06,100.00
5.65,5.51,0.00,Weekday,Thursday,Light_Load,100.00,71.59
90.14,38.74,0.00,Weekday,Tuesday,Maximum_Load,100.00,91.87
30.92,5.98,0.76,Weekday,Monday,Medium_Load,99.97,98.18
2.77,5.62,0.00,Weekday,Thursday,Light_Load,100.00,44.21
3.35,0.00,17.39,Weekend,Sunday,Light_Load,18.92,100.00
121.46,56.20,0.00,Weekday,Wednesday,Medium_Load,100.00,90.76
26.78,1.33,2.02,Weekday,Thursday,Medium_Load,99.72,99.88
105.59,40.86,0.00,Weekend,Saturday,Maximum_Load,100.00,93.26
5.00,0.00,16.85,Weekend,Saturday,Maximum_Load,28.45,100.00
81.83,21.42,0.07,Weekday,Friday,Medium_Load,100.00,96.74
2.81,5.90,0.00,Weekend,Sunday,Light_Load,100.00,43.00
35.89,27.43,0.00,Weekday,Thursday,Maximum_Load,100.00,79.45
46.26,8.82,0.50,Weekday,Wednesday,Medium_Load,99.99,98.23
59.08,35.82,0.29,Weekday,Monday,Maximum_Load,100.00,85.51
3.10,0.00,10.69,Weekend,Sunday,Light_Load,27.85,100.00
4.03,4.86,0.00,Weekday,Friday,Light_Load,100.00,63.83
3.74,1.26,5.29,Weekday,Monday,Light_Load,57.73,94.77
60.66,21.82,0.00,Weekday,Friday,Maximum_Load,100.00,94.10
7.38,0.00,26.57,Weekday,Friday,Medium_Load,26.76,100.00
2.95,2.81,0.00,Weekday,Monday,Light_Load,100.00,72.41
4.64,4.54,0.00,Weekday,Wednesday,Light_Load,100.00,71.48
3.06,4.50,0.00,Weekday,Friday,Light_Load,100.00,56.23
3.17,0.00,15.98,Weekend,Sunday,Light_Load,19.46,100.00
70.96,39.96,0.00,Weekday,Tuesday,Medium_Load,100.00,87.13
69.26,39.67,0.00,Weekday,Thursday,Light_Load,100.00,86.77
99.04,55.98,0.07,Weekday,Tuesday,Maximum_Load,100.00,87.06
2.66,0.00,11.59,Weekday,Tuesday,Light_Load,22.37,100.00
3.64,5.00,0.00,Weekday,Thursday,Light_Load,100.00,58.86
64.62,29.48,0.00,Weekday,Thursday,Medium_Load,100.00,90.98
3.38,0.00,17.42,Weekend,Saturday,Medium_Load,19.05,100.00
64.62,13.25,0.00,Weekday,Monday,Medium_Load,100.00,97.96
25.70,8.93,0.18,Weekend,Saturday,Maximum_Load,100.00,94.46
4.18,4.03,0.00,Weekday,Wednesday,Light_Load,100.00,71.99
4.10,3.31,0.07,Weekday,Wednesday,Light_Load,99.99,77.81
33.16,2.74,0.22,Weekday,Thursday,Medium_Load,100.00,99.66
3.60,3.56,0.00,Weekday,Tuesday,Light_Load,100.00,71.10
2.70,4.14,0.00,Weekend,Sunday,Light_Load,100.00,54.63
3.31,6.34,0.00,Weekday,Monday,Light_Load,100.00,46.28
3.28,4.68,0.00,Weekday,Thursday,Light_Load,100.00,57.39
17.71,0.43,6.66,Weekend,Sunday,Maximum_Load,93.60,99.97
54.83,18.40,0.00,Weekday,Thursday,Maximum_Load,100.00,94.80
70.13,43.49,0.00,Weekday,Tuesday,Light_Load,100.00,84.99
52.49,23.62,0.00,Weekday,Monday,Medium_Load,100.00,91.19
3.10,3.96,0.00,Weekday,Monday,Light_Load,100.00,61.64
2.95,4.50,0.00,Weekday,Friday,Light_Load,100.00,54.83
49.03,13.28,0.00,Weekday,Wednesday,Maximum_Load,100.00,96.52
6.01,6.41,0.00,Weekday,Thursday,Light_Load,100.00,68.40
67.07,9.22,0.04,Weekend,Saturday,Maximum_Load,100.00,99.07
58.39,38.16,0.00,Weekday,Friday,Maximum_Load,100.00,83.71
43.67,15.55,0.00,Weekday,Monday,Maximum_Load,100.00,94.21
37.37,25.09,0.00,Weekday,Tuesday,Light_Load,100.00,83.02
3.78,0.00,8.46,Weekend,Saturday,Medium_Load,40.79,100.00
2.74,0.00,11.66,Weekday,Wednesday,Light_Load,22.88,100.00
52.09,26.75,0.00,Weekday,Monday,Maximum_Load,100.00,88.96
7.92,0.40,13.86,Weekday,Thursday,Medium_Load,49.61,99.87
27.76,10.08,5.29,Weekday,Thursday,Maximum_Load,98.23,94.00
121.07,44.35,0.00,Weekday,Thursday,Medium_Load,100.00,93.90
4.25,3.46,0.40,Weekday,Tuesday,Maximum_Load,99.56,77.55
3.64,2.34,0.00,Weekday,Monday,Light_Load,100.00,84.12
41.83,2.20,1.73,Weekday,Monday,Maximum_Load,99.91,99.86
56.88,18.22,0.04,Weekday,Wednesday,Maximum_Load,100.00,95.23
33.73,31.57,0.00,Weekday,Wednesday,Light_Load,100.00,73.01
2.92,0.00,4.57,Weekday,Monday,Light_Load,53.84,100.00
98.06,58.28,0.00,Weekday,Wednesday,Light_Load,100.00,85.96
49.18,15.41,0.00,Weekday,Monday,Medium_Load,100.00,95.43
3.53,5.80,0.00,Weekday,Friday,Light_Load,100.00,51.99
4.28,0.00,20.52,Weekend,Saturday,Light_Load,20.42,100.00
2.88,3.92,0.00,Weekend,Sunday,Light_Load,100.00,59.21
3.53,5.08,0.00,Weekday,Tuesday,Light_Load,100.00,57.06
6.98,7.31,0.25,Weekend,Sunday,Light_Load,99.94,69.06
3.17,5.11,0.00,Weekend,Saturday,Light_Load,100.00,52.72
87.16,41.80,0.00,Weekday,Thursday,Maximum_Load,100.00,90.17
3.10,6.23,0.00,Weekend,Saturday,Light_Load,100.00,44.55
2.84,6.08,0.00,Weekday,Friday,Light_Load,100.00,42.32
3.42,0.00,7.42,Weekend,Sunday,Medium_Load,41.86,100.00
3.17,3.82,0.00,Weekend,Saturday,Light_Load,100.00,63.86
3.60,0.00,24.70,Weekend,Saturday,Medium_Load,14.42,100.00
3.35,4.57,0.00,Weekday,Monday,Light_Load,100.00,59.12
51.52,25.06,0.00,Weekday,Wednesday,Maximum_Load,100.00,89.93
2.88,5.76,0.00,Weekday,Tuesday,Medium_Load,100.00,44.72
3.38,5.54,0.00,Weekday,Friday,Light_Load,100.00,52.08
2.70,5.11,0.00,Weekday,Tuesday,Light_Load,100.00,46.72
61.52,25.74,0.00,Weekday,Tuesday,Medium_Load,100.00,92.25
4.75,0.00,26.21,Weekday,Friday,Medium_Load,17.83,100.00
50.26,21.67,1.94,Weekday,Friday,Maximum_Load,99.93,91.83
4.10,0.00,22.46,Weekend,Sunday,Light_Load,17.96,100.00
3.89,0.00,18.25,Weekend,Saturday,Maximum_Load,20.85,100.00
2.88,5.40,0.00,Weekday,Thursday,Light_Load,100.00,47.06
3.28,5.11,0.00,Weekday,Thursday,Light_Load,100.00,54.02
4.10,0.00,16.78,Weekend,Sunday,Light_Load,23.74,100.00
45.43,20.09,0.00,Weekday,Wednesday,Medium_Load,100.00,91.46
6.62,0.00,21.31,Weekend,Saturday,Light_Load,29.67,100.00
65.45,39.28,0.00,Weekday,Tuesday,Maximum_Load,100.00,85.74
3.60,4.00,0.00,Weekday,Wednesday,Light_Load,100.00,66.90
3.56,0.00,15.91,Weekend,Sunday,Medium_Load,21.84,100.00
3.82,1.04,5.11,Weekday,Tuesday,Medium_Load,59.87,96.49
7.20,4.57,0.00,Weekend,Saturday,Light_Load,100.00,84.43
3.02,3.02,0.00,Weekday,Tuesday,Light_Load,100.00,70.71
42.59,31.39,0.00,Weekday,Wednesday,Light_Load,100.00,80.50
4.10,0.00,26.10,Weekend,Saturday,Medium_Load,15.52,100.00
4.39,4.03,0.00,Weekend,Sunday,Light_Load,100.00,73.67
85.97,54.86,0.00,Weekday,Monday,Maximum_Load,100.00,84.30
46.01,36.25,0.00,Weekday,Thursday,Maximum_Load,100.00,78.55
63.18,23.98,3.20,Weekday,Monday,Medium_Load,99.87,93.49
46.51,16.99,0.00,Weekday,Tuesday,Medium_Load,100.00,93.93
47.99,27.29,0.00,Weekday,Friday,Maximum_Load,100.00,86.93
4.14,0.00,16.88,Weekend,Saturday,Maximum_Load,23.82,100.00
2.74,5.36,0.00,Weekday,Friday,Light_Load,100.00,45.52
3.10,4.36,0.00,Weekend,Sunday,Light_Load,100.00,57.95
2.84,3.78,0.00,Weekday,Tuesday,Light_Load,100.00,60.07
3.74,6.70,0.00,Weekday,Monday,Light_Load,100.00,48.74
3.46,0.00,16.96,Weekday,Friday,Light_Load,19.99,100.00
130.18,54.54,0.00,Weekday,Friday,Medium_Load,100.00,92.23
55.01,30.28,0.00,Weekday,Wednesday,Medium_Load,100.00,87.61
5.33,6.01,0.00,Weekday,Thursday,Light_Load,100.00,66.35
3.17,0.00,11.88,Weekend,Sunday,Maximum_Load,25.78,100.00
3.10,4.43,0.00,Weekday,Thursday,Light_Load,100.00,57.33
3.28,4.79,0.00,Weekend,Sunday,Light_Load,100.00,56.50
32.29,14.90,4.18,Weekday,Tuesday,Maximum_Load,99.17,90.80
35.68,30.56,0.00,Weekend,Saturday,Maximum_Load,100.00,75.95
3.96,4.07,0.00,Weekday,Thursday,Light_Load,100.00,69.74
104.51,48.64,0.00,Weekend,Saturday,Maximum_Load,100.00,90.66
37.30,9.54,0.00,Weekday,Wednesday,Light_Load,100.00,96.88
3.13,4.36,0.00,Weekday,Thursday,Light_Load,100.00,58.32
3.02,3.74,0.00,Weekday,Friday,Light_Load,100.00,62.82
3.02,5.58,0.00,Weekend,Saturday,Light_Load,100.00,47.60
64.04,29.95,0.00,Weekday,Tuesday,Maximum_Load,100.00,90.58
6.80,4.25,0.00,Weekend,Saturday,Light_Load,100.00,84.80
2.74,4.64,0.00,Weekend,Sunday,Light_Load,100.00,50.85
2.99,5.90,0.00,Weekend,Sunday,Light_Load,100.00,45.20
44.57,23.33,0.00,Weekday,Tuesday,Maximum_Load,100.00,88.60
4.54,4.90,0.00,Weekday,Thursday,Light_Load,100.00,67.96
58.21,26.42,0.00,Weekend,Saturday,Maximum_Load,100.00,91.06
2.95,0.00,11.30,Weekend,Saturday,Medium_Load,25.26,100.00
2.81,5.26,0.00,Weekend,Sunday,Light_Load,100.00,47.12
4.14,1.87,13.72,Weekday,Tuesday,Medium_Load,28.89,91.13
2.92,5.00,0.00,Weekday,Thursday,Light_Load,100.00,50.43
3.56,3.82,0.00,Weekday,Thursday,Light_Load,100.00,68.18
51.01,30.24,0.00,Weekday,Thursday,Maximum_Load,100.00,86.02
50.80,53.46,0.00,Weekday,Thursday,Light_Load,100.00,68.88
5.26,2.59,0.07,Weekday,Thursday,Light_Load,99.99,89.71
3.10,3.85,0.00,Weekday,Monday,Light_Load,100.00,62.72
2.81,5.80,0.00,Weekday,Monday,Light_Load,100.00,43.60
77.04,13.86,1.12,Weekday,Tuesday,Medium_Load,99.99,98.42
50.65,5.00,5.18,Weekend,Saturday,Maximum_Load,99.48,99.52
2.95,0.00,16.34,Weekday,Thursday,Light_Load,17.77,100.00
3.28,4.36,0.00,Weekend,Sunday,Light_Load,100.00,60.12
2.81,4.50,0.00,Weekend,Sunday,Light_Load,100.00,52.97
79.27,34.16,0.00,Weekday,Wednesday,Medium_Load,100.00,91.84
4.68,5.83,0.00,Weekday,Tuesday,Light_Load,100.00,62.60
4.68,4.39,0.00,Weekday,Monday,Light_Load,100.00,72.93
3.46,0.00,17.53,Weekend,Sunday,Light_Load,19.36,100.00
3.46,7.31,0.07,Weekday,Tuesday,Medium_Load,99.98,42.78
5.54,0.00,21.56,Weekday,Monday,Medium_Load,24.89,100.00
79.52,32.08,0.00,Weekday,Wednesday,Medium_Load,100.00,92.74
3.78,6.70,0.00,Weekday,Friday,Medium_Load,100.00,49.14
32.72,2.02,6.98,Weekday,Wednesday,Medium_Load,97.80,99.81
4.75,4.07,0.00,Weekend,Saturday,Light_Load,100.00,75.94
2.81,4.28,0.00,Weekend,Saturday,Light_Load,100.00,54.88
3.38,0.00,13.64,Weekend,Saturday,Light_Load,24.05,100.00
3.20,4.07,0.00,Weekday,Friday,Light_Load,100.00,61.81
2.88,5.83,0.00,Weekday,Friday,Light_Load,100.00,44.29
3.02,0.00,4.57,Weekend,Saturday,Light_Load,55.13,100.00
2.52,3.60,0.00,Weekend,Sunday,Light_Load,100.00,57.35
110.77,52.06,0.00,Weekday,Tuesday,Maximum_Load,100.00,90.50
45.04,24.59,0.00,Weekday,Thursday,Medium_Load,100.00,87.77
3.10,3.96,0.00,Weekday,Monday,Light_Load,100.00,61.64
3.17,0.00,16.20,Weekend,Sunday,Light_Load,19.20,100.00
2.63,0.00,11.99,Weekend,Sunday,Light_Load,21.43,100.00
39.13,17.24,0.00,Weekday,Monday,Medium_Load,100.00,91.51
3.17,4.03,0.00,Weekday,Thursday,Light_Load,100.00,61.83
2.59,4.86,0.00,Weekday,Tuesday,Light_Load,100.00,47.03
5.76,0.00,27.22,Weekend,Saturday,Light_Load,20.70,100.00
3.53,0.00,18.68,Weekend,Saturday,Medium_Load,18.57,100.00
3.60,4.57,0.00,Weekday,Tuesday,Medium_Load,100.00,61.88
56.34,32.40,0.00,Weekday,Friday,Medium_Load,100.00,86.69
3.06,2.20,0.07,Weekday,Monday,Light_Load,99.97,81.19
3.02,0.00,11.48,Weekend,Sunday,Light_Load,25.44,100.00
52.20,4.64,2.09,Weekday,Tuesday,Maximum_Load,99.92,99.61
10.62,7.81,0.00,Weekday,Tuesday,Light_Load,100.00,80.56
2.92,5.36,0.00,Weekday,Thursday,Light_Load,100.00,47.84
3.82,0.00,16.78,Weekend,Sunday,Medium_Load,22.20,100.00
4.93,3.92,0.00,Weekday,Friday,Maximum_Load,100.00,78.27
2.84,5.22,0.00,Weekday,Tuesday,Light_Load,100.00,47.79
6.01,0.00,26.96,Weekday,Wednesday,Medium_Load,21.76,100.00
59.22,21.53,0.00,Weekday,Tuesday,Maximum_Load,100.00,93.98
3.89,0.00,12.89,Weekend,Sunday,Light_Load,28.89,100.00
3.02,3.85,0.00,Weekday,Thursday,Light_Load,100.00,61.72
3.74,0.00,18.47,Weekend,Saturday,Maximum_Load,19.85,100.00
54.54,25.06,0.00,Weekday,Wednesday,Medium_Load,100.00,90.87
5.33,0.00,21.53,Weekday,Monday,Maximum_Load,24.03,100.00
54.61,27.36,0.00,Weekday,Thursday,Medium_Load,100.00,89.41
3.53,4.86,0.00,Weekday,Wednesday,Light_Load,100.00,58.77
3.24,5.51,0.00,Weekend,Sunday,Light_Load,100.00,50.69
2.92,5.04,0.00,Weekend,Saturday,Light_Load,100.00,50.13
6.01,7.60,0.00,Weekend,Saturday,Light_Load,100.00,62.03
3.46,5.65,0.00,Weekday,Thursday,Light_Load,100.00,52.22
2.81,4.10,0.00,Weekday,Monday,Light_Load,100.00,56.53
53.32,28.15,0.00,Weekday,Tuesday,Maximum_Load,100.00,88.43
75.74,31.50,6.66,Weekday,Monday,Medium_Load,99.62,92.33
3.06,5.22,0.00,Weekday,Tuesday,Medium_Load,100.00,50.57
73.80,44.17,0.00,Weekday,Monday,Maximum_Load,100.00,85.81
64.94,21.82,0.00,Weekday,Monday,Medium_Load,100.00,94.79
34.09,3.53,5.54,Weekday,Thursday,Medium_Load,98.71,99.47
5.90,5.54,0.00,Weekday,Friday,Light_Load,100.00,72.90
3.42,5.83,0.00,Weekday,Thursday,Light_Load,100.00,50.60
41.22,26.71,0.00,Weekday,Thursday,Medium_Load,100.00,83.92
5.94,5.47,0.00,Weekday,Tuesday,Light_Load,100.00,73.56
12.06,8.42,0.22,Weekend,Sunday,Light_Load,99.98,81.99
3.06,0.00,14.47,Weekend,Sunday,Light_Load,20.69,100.00
44.75,27.14,0.00,Weekday,Wednesday,Maximum_Load,100.00,85.50
3.82,3.24,0.04,Weekend,Saturday,Light_Load,99.99,76.26
48.89,13.93,0.00,Weekday,Thursday,Medium_Load,100.00,96.17
6.05,0.00,20.95,Weekday,Monday,Medium_Load,27.74,100.00
91.66,43.81,0.00,Weekend,Saturday,Light_Load,100.00,90.22
3.67,3.38,0.00,Weekday,Monday,Light_Load,100.00,73.56
4.10,0.00,21.10,Weekday,Thursday,Medium_Load,19.07,100.00
3.42,4.57,0.00,Weekday,Thursday,Light_Load,100.00,59.92
37.58,1.84,0.43,Weekday,Thursday,Medium_Load,99.99,99.88
36.94,25.99,0.00,Weekday,Wednesday,Maximum_Load,100.00,81.79
3.42,0.00,13.39,Weekday,Monday,Light_Load,24.75,100.00
3.20,0.00,14.08,Weekend,Sunday,Light_Load,22.16,100.00
44.78,2.20,1.76,Weekday,Monday,Maximum_Load,99.92,99.88
81.61,28.26,0.00,Weekday,Tuesday,Medium_Load,100.00,94.49
3.20,0.00,17.24,Weekend,Saturday,Light_Load,18.25,100.00
73.08,33.23,0.00,Weekday,Wednesday,Medium_Load,100.00,91.03
87.91,63.50,0.00,Weekday,Wednesday,Light_Load,100.00,81.06
51.08,21.89,0.00,Weekday,Monday,Maximum_Load,100.00,91.92
60.05,14.22,0.00,Weekend,Sunday,Maximum_Load,100.00,97.31
120.17,64.76,0.00,Weekday,Thursday,Medium_Load,100.00,88.03
100.12,38.38,0.00,Weekday,Thursday,Medium_Load,100.00,93.37
3.06,0.00,13.97,Weekend,Saturday,Light_Load,21.40,100.00
56.66,12.28,0.00,Weekday,Friday,Medium_Load,100.00,97.73
38.52,17.39,0.00,Weekday,Friday,Maximum_Load,100.00,91.14
2.63,6.16,0.00,Weekday,Tuesday,Light_Load,100.00,39.27
3.13,0.00,16.96,Weekend,Sunday,Light_Load,18.15,100.00
5.36,3.17,0.00,Weekday,Thursday,Maximum_Load,100.00,86.07
3.02,5.47,0.00,Weekend,Saturday,Light_Load,100.00,48.33
5.26,0.00,26.53,Weekday,Tuesday,Medium_Load,19.45,100.00
55.40,31.36,0.00,Weekday,Tuesday,Maximum_Load,100.00,87.02
4.97,0.00,26.82,Weekend,Saturday,Maximum_Load,18.22,100.00
5.36,0.00,10.15,Weekday,Monday,Medium_Load,46.70,100.00
54.54,19.55,0.00,Weekday,Thursday,Maximum_Load,100.00,94.14
65.66,36.61,0.00,Weekday,Friday,Light_Load,100.00,87.34
4.68,4.32,0.00,Weekday,Tuesday,Light_Load,100.00,73.48
3.02,5.18,0.00,Weekday,Monday,Light_Load,100.00,50.37
40.93,3.46,0.54,Weekday,Thursday,Medium_Load,99.99,99.64
4.97,0.00,19.04,Weekday,Wednesday,Medium_Load,25.26,100.00
50.87,40.39,0.00,Weekday,Friday,Light_Load,100.00,78.32
54.90,29.02,0.00,Weekday,Friday,Maximum_Load,100.00,88.41
2.92,5.22,0.00,Weekday,Monday,Light_Load,100.00,48.82
40.46,8.93,0.00,Weekday,Thursday,Maximum_Load,100.00,97.65
2.95,0.00,16.99,Weekend,Sunday,Light_Load,17.11,100.00
46.04,19.98,0.00,Weekday,Friday,Maximum_Load,100.00,91.73
45.47,9.07,0.00,Weekday,Tuesday,Medium_Load,100.00,98.07
63.32,32.11,0.00,Weekday,Tuesday,Maximum_Load,100.00,89.19
43.67,9.00,0.00,Weekend,Saturday,Medium_Load,100.00,97.94
2.95,0.00,14.54,Weekend,Sunday,Light_Load,19.88,100.00
3.02,3.67,0.00,Weekday,Thursday,Light_Load,100.00,63.54
98.71,31.07,0.00,Weekend,Saturday,Maximum_Load,100.00,95.39
118.69,45.83,0.00,Weekday,Friday,Maximum_Load,100.00,93.29
2.84,3.78,0.00,Weekday,Wednesday,Light_Load,100.00,60.07
4.72,4.25,0.00,Weekend,Saturday,Light_Load,100.00,74.31
59.72,35.64,0.00,Weekday,Friday,Medium_Load,100.00,85.87
4.07,0.00,7.85,Weekend,Saturday,Light_Load,46.03,100.00
2.77,4.64,0.00,Weekday,Monday,Light_Load,100.00,51.26
3.24,3.96,0.00,Weekday,Thursday,Light_Load,100.00,63.32
42.12,12.02,0.00,Weekday,Tuesday,Maximum_Load,100.00,96.16
2.95,0.00,17.28,Weekend,Sunday,Light_Load,16.83,100.00
3.42,7.49,0.00,Weekday,Wednesday,Light_Load,100.00,41.54
4.72,5.58,0.00,Weekday,Tuesday,Light_Load,100.00,64.58
3.92,2.59,0.07,Weekday,Thursday,Light_Load,99.98,83.43
6.48,5.40,0.00,Weekend,Saturday,Light_Load,100.00,76.82
2.95,4.64,0.00,Weekday,Wednesday,Light_Load,100.00,53.65
55.15,51.30,0.00,Weekday,Tuesday,Light_Load,100.00,73.22
119.34,50.40,0.00,Weekday,Monday,Maximum_Load,100.00,92.12
110.56,58.25,0.00,Weekday,Tuesday,Medium_Load,100.00,88.47
34.27,7.34,0.29,Weekday,Friday,Medium_Load,100.00,97.78
2.77,4.97,0.00,Weekend,Sunday,Light_Load,100.00,48.68
67.72,11.66,1.55,Weekend,Sunday,Maximum_Load,99.97,98.55
6.01,0.00,24.88,Weekday,Monday,Medium_Load,23.48,100.00
31.90,6.73,0.83,Weekend,Saturday,Maximum_Load,99.97,97.85
3.06,3.56,0.00,Weekday,Tuesday,Light_Load,100.00,65.18
80.50,44.96,0.00,Weekday,Wednesday,Maximum_Load,100.00,87.31
2.74,0.00,17.21,Weekday,Wednesday,Light_Load,15.72,100.00
77.40,21.31,0.00,Weekday,Thursday,Maximum_Load,100.00,96.41
5.08,1.55,15.37,Weekday,Wednesday,Medium_Load,31.38,95.65
10.62,0.00,21.60,Weekend,Saturday,Maximum_Load,44.12,100.00
3.78,0.00,20.48,Weekday,Wednesday,Medium_Load,18.15,100.00
3.28,5.44,0.00,Weekday,Friday,Light_Load,100.00,51.63
3.85,3.38,0.04,Weekday,Tuesday,Light_Load,99.99,75.15
3.89,5.51,0.00,Weekday,Thursday,Light_Load,100.00,57.67
3.42,3.67,0.00,Weekday,Friday,Light_Load,100.00,68.17
62.89,37.22,0.00,Weekday,Thursday,Medium_Load,100.00,86.06
6.91,2.34,13.93,Weekday,Thursday,Medium_Load,44.44,94.72
66.71,33.01,0.00,Weekday,Monday,Medium_Load,100.00,89.63
2.99,4.64,0.00,Weekday,Monday,Light_Load,100.00,54.17
57.60,28.48,0.00,Weekday,Monday,Maximum_Load,100.00,89.64
3.56,0.00,17.78,Weekend,Saturday,Medium_Load,19.63,100.00
74.27,32.62,0.00,Weekday,Monday,Maximum_Load,100.00,91.56
3.53,0.00,17.82,Weekday,Monday,Medium_Load,19.43,100.00
4.21,0.00,18.83,Weekend,Sunday,Light_Load,21.82,100.00
3.24,5.36,0.00,Weekend,Saturday,Light_Load,100.00,51.73
54.40,14.94,0.00,Weekday,Friday,Maximum_Load,100.00,96.43
2.74,5.29,0.00,Weekend,Saturday,Light_Load,100.00,45.99
3.28,4.93,0.00,Weekday,Wednesday,Light_Load,100.00,55.39
4.07,3.78,0.00,Weekday,Tuesday,Light_Load,100.00,73.27
2.95,4.90,0.00,Weekday,Tuesday,Light_Load,100.00,51.58
3.53,4.43,0.00,Weekday,Friday,Light_Load,100.00,62.32
5.44,0.00,20.27,Weekend,Sunday,Medium_Load,25.92,100.00
37.51,3.92,0.25,Weekday,Tuesday,Medium_Load,100.00,99.46
3.31,0.00,13.39,Weekend,Saturday,Medium_Load,24.00,100.00
4.79,0.00,16.16,Weekend,Saturday,Medium_Load,28.42,100.00
60.08,26.57,0.00,Weekday,Thursday,Medium_Load,100.00,91.46
3.42,6.12,0.00,Weekday,Friday,Light_Load,100.00,48.78
3.10,0.00,13.97,Weekend,Saturday,Light_Load,21.66,100.00
84.46,50.65,0.00,Weekday,Wednesday,Medium_Load,100.00,85.76
3.24,5.22,0.00,Weekend,Saturday,Light_Load,100.00,52.74
3.67,5.26,0.00,Weekday,Thursday,Light_Load,100.00,57.22
3.13,5.22,0.00,Weekday,Friday,Light_Load,100.00,51.43
3.20,3.10,0.00,Weekday,Thursday,Light_Load,100.00,71.82
4.57,4.36,0.00,Weekday,Wednesday,Light_Load,100.00,72.35
3.31,3.17,1.69,Weekend,Saturday,Light_Load,89.06,72.22
77.87,21.82,0.00,Weekday,Wednesday,Medium_Load,100.00,96.29
3.10,3.28,0.00,Weekday,Friday,Light_Load,100.00,68.69
5.00,0.00,23.22,Weekday,Monday,Medium_Load,21.05,100.00
3.06,3.53,0.00,Weekend,Sunday,Light_Load,100.00,65.50
2.74,0.00,11.70,Weekday,Wednesday,Light_Load,22.80,100.00
3.28,0.00,13.07,Weekend,Sunday,Light_Load,24.34,100.00
2.99,4.25,0.00,Weekday,Thursday,Light_Load,100.00,57.54
3.10,4.68,0.00,Weekend,Sunday,Light_Load,100.00,55.22
69.08,31.39,0.00,Weekday,Wednesday,Maximum_Load,100.00,91.04
3.96,0.00,25.85,Weekend,Saturday,Medium_Load,15.14,100.00
24.62,15.01,0.00,Weekday,Wednesday,Light_Load,100.00,85.38
62.78,30.20,0.00,Weekday,Thursday,Maximum_Load,100.00,90.12
40.10,5.87,0.68,Weekday,Monday,Medium_Load,99.99,98.95
90.25,44.78,0.00,Weekday,Monday,Maximum_Load,100.00,89.58
3.82,1.84,14.80,Weekday,Thursday,Medium_Load,24.99,90.09
48.38,20.09,0.00,Weekday,Tuesday,Maximum_Load,100.00,92.35
52.38,25.99,0.00,Weekday,Monday,Maximum_Load,100.00,89.58
3.74,4.54,0.00,Weekday,Friday,Medium_Load,100.00,63.58
2.92,0.00,17.42,Weekend,Sunday,Light_Load,16.53,100.00
59.36,19.94,2.88,Weekday,Thursday,Maximum_Load,99.88,94.79
4.21,2.84,0.40,Weekday,Wednesday,Light_Load,99.55,82.90
68.72,32.33,0.00,Weekday,Thursday,Maximum_Load,100.00,90.49
3.17,2.77,0.00,Weekend,Saturday,Light_Load,100.00,75.30
44.89,28.30,0.00,Weekday,Wednesday,Maximum_Load,100.00,84.59
60.34,25.74,0.00,Weekday,Friday,Maximum_Load,100.00,91.98
3.60,0.00,21.17,Weekend,Sunday,Light_Load,16.76,100.00
81.07,39.06,0.00,Weekday,Monday,Maximum_Load,100.00,90.09
46.37,35.50,0.00,Weekday,Tuesday,Maximum_Load,100.00,79.40
2.77,0.00,5.22,Weekend,Saturday,Light_Load,46.87,100.00
3.20,4.21,0.00,Weekend,Saturday,Light_Load,100.00,60.51
3.31,3.42,0.00,Weekday,Friday,Light_Load,100.00,69.55
80.46,31.10,0.00,Weekday,Thursday,Maximum_Load,100.00,93.27
2.95,4.64,0.00,Weekday,Thursday,Light_Load,100.00,53.65
43.74,13.61,0.00,Weekday,Monday,Medium_Load,100.00,95.48
5.54,0.00,21.10,Weekday,Friday,Maximum_Load,25.40,100.00
97.85,31.68,0.00,Weekend,Sunday,Maximum_Load,100.00,95.14
37.33,23.44,0.00,Weekday,Wednesday,Light_Load,100.00,84.69
36.40,26.06,0.00,Weekday,Tuesday,Light_Load,100.00,81.31
3.64,6.30,0.00,Weekday,Thursday,Medium_Load,100.00,50.03
2.59,3.02,0.00,Weekday,Monday,Light_Load,100.00,65.10
90.79,46.73,0.00,Weekday,Tuesday,Maximum_Load,100.00,88.91
3.20,2.30,0.07,Weekday,Tuesday,Light_Load,99.98,81.20
6.62,0.00,25.06,Weekday,Tuesday,Medium_Load,25.54,100.00
26.86,0.07,7.31,Weekend,Saturday,Medium_Load,96.49,100.00
3.24,6.80,0.00,Weekday,Friday,Light_Load,100.00,43.01
3.38,0.00,18.00,Weekend,Saturday,Light_Load,18.46,100.00
5.26,0.00,16.78,Weekday,Wednesday,Medium_Load,29.91,100.00
3.89,0.00,10.76,Weekend,Sunday,Light_Load,34.00,100.00
48.64,27.83,0.00,Weekday,Monday,Maximum_Load,100.00,86.80
2.66,4.14,0.00,Weekday,Monday,Light_Load,100.00,54.06
10.87,9.90,0.00,Weekend,Saturday,Maximum_Load,100.00,73.93
3.71,3.49,0.00,Weekday,Tuesday,Light_Load,100.00,72.84
3.02,5.22,0.00,Weekday,Thursday,Light_Load,100.00,50.08
2.52,4.10,0.00,Weekday,Friday,Light_Load,100.00,52.36
53.64,29.84,0.00,Weekday,Wednesday,Medium_Load,100.00,87.39
47.84,20.66,0.00,Weekday,Thursday,Maximum_Load,100.00,91.80
3.64,3.42,0.00,Weekday,Tuesday,Light_Load,100.00,72.88
3.10,0.00,16.34,Weekend,Sunday,Light_Load,18.64,100.00
3.31,0.00,14.15,Weekend,Sunday,Light_Load,22.78,100.00
2.59,4.86,0.00,Weekday,Tuesday,Light_Load,100.00,47.03
58.39,36.61,0.00,Weekday,Thursday,Light_Load,100.00,84.72
2.56,4.64,0.00,Weekday,Tuesday,Light_Load,100.00,48.31
5.98,2.84,0.04,Weekday,Monday,Light_Load,100.00,90.33
2.70,3.64,0.00,Weekend,Sunday,Light_Load,100.00,59.58
113.15,54.97,0.00,Weekday,Thursday,Medium_Load,100.00,89.95
4.54,6.80,0.00,Weekday,Tuesday,Light_Load,100.00,55.53
121.93,43.56,0.00,Weekday,Thursday,Medium_Load,100.00,94.17
2.92,0.00,10.76,Weekday,Thursday,Light_Load,26.19,100.00
48.10,14.62,0.00,Weekday,Monday,Medium_Load,100.00,95.68
20.74,0.04,14.90,Weekday,Wednesday,Medium_Load,81.21,100.00
5.54,0.00,26.39,Weekend,Saturday,Medium_Load,20.54,100.00
96.23,53.03,0.00,Weekday,Tuesday,Maximum_Load,100.00,87.58
38.84,8.75,0.00,Weekday,Thursday,Medium_Load,100.00,97.56
3.74,0.00,18.50,Weekend,Saturday,Medium_Load,19.82,100.00
58.50,42.80,0.47,Weekday,Thursday,Medium_Load,100.00,80.71
2.52,4.28,0.00,Weekday,Tuesday,Light_Load,100.00,50.74
75.20,51.84,0.00,Weekday,Thursday,Maximum_Load,100.00,82.33
2.99,0.00,10.84,Weekend,Sunday,Light_Load,26.59,100.00
5.44,0.00,23.69,Weekday,Wednesday,Medium_Load,22.38,100.00
3.60,2.77,0.00,Weekday,Monday,Light_Load,100.00,79.25
2.74,3.60,0.00,Weekend,Saturday,Light_Load,100.00,60.56
3.56,5.15,0.00,Weekday,Thursday,Light_Load,100.00,56.86
2.99,0.00,11.52,Weekend,Saturday,Medium_Load,25.12,100.00
4.57,0.00,17.24,Weekday,Monday,Medium_Load,25.62,100.00
2.77,3.64,0.00,Weekend,Sunday,Light_Load,100.00,60.56
69.66,31.03,0.00,Weekday,Wednesday,Maximum_Load,100.00,91.35
61.92,24.23,0.00,Weekday,Tuesday,Maximum_Load,100.00,93.12
48.35,38.02,0.00,Weekday,Monday,Light_Load,100.00,78.61
47.30,19.62,0.00,Weekday,Monday,Maximum_Load,100.00,92.37
2.63,2.81,0.00,Weekend,Sunday,Light_Load,100.00,68.33
71.50,17.64,0.04,Weekday,Wednesday,Medium_Load,100.00,97.09
3.38,2.74,0.00,Weekend,Sunday,Light_Load,100.00,77.68
62.75,49.18,0.00,Weekday,Wednesday,Light_Load,100.00,78.71
4.46,5.22,0.00,Weekend,Sunday,Light_Load,100.00,64.96
3.64,1.66,13.00,Weekday,Friday,Medium_Load,26.96,90.99
2.84,4.68,0.00,Weekend,Saturday,Light_Load,100.00,51.88
2.92,3.35,0.00,Weekend,Sunday,Light_Load,100.00,65.71
3.10,3.78,0.00,Weekday,Monday,Light_Load,100.00,63.41
3.60,0.00,25.16,Weekday,Friday,Medium_Load,14.16,100.00
3.28,3.67,0.00,Weekday,Tuesday,Light_Load,100.00,66.64
35.39,4.32,0.43,Weekend,Sunday,Light_Load,99.99,99.26
2.92,5.47,0.00,Weekend,Saturday,Light_Load,100.00,47.09
3.02,6.01,0.00,Weekday,Monday,Light_Load,100.00,44.90
3.46,5.58,0.00,Weekday,Thursday,Light_Load,100.00,52.70
69.34,27.04,0.00,Weekday,Wednesday,Maximum_Load,100.00,93.17
3.71,4.39,0.00,Weekday,Thursday,Light_Load,100.00,64.55
2.66,0.00,11.77,Weekday,Tuesday,Light_Load,22.04,100.00
105.37,48.10,0.00,Weekday,Thursday,Medium_Load,100.00,90.97
75.13,23.47,1.55,Weekday,Monday,Maximum_Load,99.98,95.45
67.21,32.62,0.00,Weekday,Wednesday,Maximum_Load,100.00,89.96
54.86,20.41,0.00,Weekend,Sunday,Maximum_Load,100.00,93.72
3.67,0.94,13.32,Weekday,Wednesday,Medium_Load,26.56,96.87
2.66,4.72,0.00,Weekday,Monday,Light_Load,100.00,49.10
5.62,0.00,21.85,Weekday,Monday,Maximum_Load,24.91,100.00
3.38,4.21,0.00,Weekday,Tuesday,Light_Load,100.00,62.60
97.02,40.25,0.00,Weekday,Thursday,Maximum_Load,100.00,92.37
3.46,4.93,0.00,Weekday,Friday,Medium_Load,100.00,57.45
3.10,3.46,0.00,Weekday,Friday,Light_Load,100.00,66.73
56.16,40.64,0.00,Weekday,Wednesday,Medium_Load,100.00,81.01
5.87,5.44,0.00,Weekday,Wednesday,Light_Load,100.00,73.35
42.44,2.63,3.35,Weekday,Tuesday,Medium_Load,99.69,99.81
44.96,15.19,0.00,Weekday,Friday,Maximum_Load,100.00,94.74
3.67,0.00,13.64,Weekend,Sunday,Light_Load,25.98,100.00
3.53,0.00,13.21,Weekend,Sunday,Light_Load,25.82,100.00
5.80,0.00,25.88,Weekday,Wednesday,Medium_Load,21.87,100.00
3.31,4.10,0.00,Weekday,Thursday,Light_Load,100.00,62.82
66.85,24.34,0.00,Weekday,Friday,Medium_Load,100.00,93.97
5.04,2.63,0.00,Weekday,Thursday,Maximum_Load,100.00,88.66
33.95,16.70,0.00,Weekend,Saturday,Maximum_Load,100.00,89.73
3.24,4.90,0.00,Weekday,Wednesday,Light_Load,100.00,55.16
63.86,21.60,0.00,Weekday,Tuesday,Maximum_Load,100.00,94.73
2.88,0.00,4.50,Weekend,Sunday,Light_Load,53.91,100.00
8.60,0.00,15.08,Weekday,Friday,Maximum_Load,49.54,100.00
97.99,47.77,0.00,Weekday,Tuesday,Light_Load,100.00,89.89
2.92,5.29,0.00,Weekday,Thursday,Light_Load,100.00,48.33
3.53,3.20,0.00,Weekend,Saturday,Light_Load,100.00,74.09
3.92,0.04,15.98,Weekday,Thursday,Medium_Load,23.82,99.99
2.74,3.60,0.00,Weekend,Saturday,Light_Load,100.00,60.56
57.28,13.28,0.00,Weekday,Friday,Maximum_Load,100.00,97.42
3.85,3.49,0.00,Weekday,Monday,Light_Load,100.00,74.09
56.52,25.31,7.20,Weekday,Monday,Medium_Load,99.20,91.27
123.30,49.03,0.00,Weekday,Tuesday,Medium_Load,100.00,92.92
2.99,0.00,5.15,Weekend,Saturday,Medium_Load,50.21,100.00
45.90,21.96,0.00,Weekday,Wednesday,Medium_Load,100.00,90.21
2.77,5.29,0.00,Weekend,Saturday,Light_Load,100.00,46.39
2.63,5.76,0.00,Weekend,Sunday,Light_Load,100.00,41.53
54.90,25.49,0.00,Weekend,Saturday,Medium_Load,100.00,90.70
83.74,34.63,0.00,Weekday,Wednesday,Maximum_Load,100.00,92.41
3.28,5.22,0.00,Weekend,Saturday,Light_Load,100.00,53.20
3.31,0.00,4.75,Weekday,Friday,Light_Load,57.17,100.00
58.28,30.28,0.04,Weekday,Monday,Maximum_Load,100.00,88.74
2.74,4.36,0.00,Weekend,Sunday,Light_Load,100.00,53.21
2.99,0.00,11.45,Weekend,Sunday,Light_Load,25.27,100.00
69.30,4.28,0.90,Weekend,Saturday,Medium_Load,99.99,99.81
2.99,4.93,0.00,Weekday,Tuesday,Light_Load,100.00,51.86
3.96,2.70,0.36,Weekday,Thursday,Light_Load,99.59,82.62
22.46,15.70,0.00,Weekday,Wednesday,Light_Load,100.00,81.96
4.25,0.00,21.96,Weekday,Wednesday,Medium_Load,19.00,100.00
2.92,4.18,0.00,Weekend,Sunday,Light_Load,100.00,57.27
3.13,0.00,13.90,Weekend,Sunday,Medium_Load,21.97,100.00
3.06,3.49,0.00,Weekday,Friday,Light_Load,100.00,65.93
2.92,4.36,0.00,Weekday,Monday,Light_Load,100.00,55.65
5.44,0.00,21.35,Weekday,Friday,Medium_Load,24.69,100.00
37.48,5.00,0.00,Weekday,Tuesday,Medium_Load,100.00,99.12
88.78,13.00,0.00,Weekend,Saturday,Medium_Load,100.00,98.94
4.75,5.15,0.00,Weekday,Tuesday,Light_Load,100.00,67.80
2.88,5.29,0.00,Weekend,Saturday,Light_Load,100.00,47.82
26.17,0.58,1.94,Weekend,Saturday,Maximum_Load,99.73,99.98
42.88,14.54,6.12,Weekday,Wednesday,Maximum_Load,99.00,94.70
3.13,3.85,0.00,Weekend,Saturday,Light_Load,100.00,63.08
3.10,3.24,0.00,Weekday,Monday,Light_Load,100.00,69.13
2.99,3.82,0.00,Weekend,Saturday,Light_Load,100.00,61.64
3.35,3.31,0.00,Weekday,Friday,Light_Load,100.00,71.13
3.85,0.00,25.99,Weekday,Friday,Medium_Load,14.65,100.00
4.61,5.15,0.00,Weekday,Friday,Light_Load,100.00,66.70
2.81,5.58,0.00,Weekend,Sunday,Light_Load,100.00,44.98
5.65,0.00,20.02,Weekday,Thursday,Medium_Load,27.16,100.00
13.57,0.14,20.30,Weekday,Monday,Medium_Load,55.57,99.99
27.00,0.00,8.24,Weekend,Sunday,Maximum_Load,95.65,100.00
66.06,33.23,0.00,Weekday,Thursday,Maximum_Load,100.00,89.33
39.78,8.57,0.00,Weekday,Thursday,Maximum_Load,100.00,97.76
2.99,3.71,0.00,Weekday,Monday,Light_Load,100.00,62.75
4.68,5.36,0.00,Weekday,Friday,Light_Load,100.00,65.77
4.61,0.00,20.77,Weekday,Thursday,Medium_Load,21.67,100.00
3.02,3.96,0.00,Weekday,Thursday,Light_Load,100.00,60.64
109.01,54.58,0.00,Weekday,Thursday,Maximum_Load,100.00,89.42
57.06,28.08,0.00,Weekday,Thursday,Medium_Load,100.00,89.72
3.82,1.01,12.71,Weekday,Thursday,Medium_Load,28.78,96.68
14.98,0.61,15.70,Weekday,Tuesday,Medium_Load,69.03,99.92
2.59,4.97,0.04,Weekend,Sunday,Light_Load,99.99,46.21
3.53,0.00,16.78,Weekend,Sunday,Light_Load,20.59,100.00
111.24,44.28,0.00,Weekday,Friday,Maximum_Load,100.00,92.91
59.62,26.93,0.00,Weekday,Wednesday,Maximum_Load,100.00,91.13
4.68,0.32,4.25,Weekend,Saturday,Maximum_Load,74.03,99.77
26.42,0.00,12.67,Weekday,Friday,Maximum_Load,90.17,100.00
3.49,0.00,17.71,Weekday,Monday,Medium_Load,19.33,100.00
3.89,0.00,14.72,Weekday,Tuesday,Medium_Load,25.55,100.00
57.10,36.79,0.00,Weekday,Wednesday,Medium_Load,100.00,84.06
2.74,5.54,0.00,Weekday,Monday,Light_Load,100.00,44.33
72.65,22.82,2.05,Weekday,Monday,Maximum_Load,99.96,95.40
2.88,4.32,0.00,Weekday,Wednesday,Light_Load,100.00,55.47
4.68,2.59,0.00,Weekday,Friday,Light_Load,100.00,87.49
2.77,0.00,11.66,Weekend,Sunday,Light_Load,23.11,100.00
2.99,2.27,0.00,Weekend,Saturday,Light_Load,100.00,79.65
5.90,4.68,0.00,Weekend,Saturday,Light_Load,100.00,78.35
3.53,5.08,0.00,Weekday,Friday,Light_Load,100.00,57.06
4.03,5.26,0.00,Weekday,Thursday,Maximum_Load,100.00,60.82
3.46,3.46,0.00,Weekday,Friday,Light_Load,100.00,70.71
38.41,3.13,0.61,Weekday,Tuesday,Maximum_Load,99.99,99.67
3.02,0.00,11.99,Weekend,Sunday,Light_Load,24.42,100.00
3.20,0.00,16.99,Weekend,Sunday,Light_Load,18.51,100.00
3.49,6.30,0.00,Weekday,Wednesday,Light_Load,100.00,48.46
2.81,0.00,4.86,Weekday,Wednesday,Light_Load,50.05,100.00
3.67,6.48,0.00,Weekday,Tuesday,Light_Load,100.00,49.28
2.59,4.14,0.00,Weekend,Saturday,Light_Load,100.00,53.04
40.46,27.97,0.00,Weekday,Tuesday,Light_Load,100.00,82.26
6.70,5.26,0.00,Weekend,Saturday,Light_Load,100.00,78.66
88.02,47.84,0.00,Weekday,Monday,Maximum_Load,100.00,87.86
4.10,4.07,0.00,Weekend,Sunday,Light_Load,100.00,70.97
3.06,0.00,13.72,Weekend,Sunday,Medium_Load,21.77,100.00
51.41,48.96,0.00,Weekday,Wednesday,Light_Load,100.00,72.42
3.13,2.74,0.00,Weekend,Saturday,Light_Load,100.00,75.24
2.95,4.07,0.00,Weekday,Monday,Light_Load,100.00,58.69
4.00,0.00,6.70,Weekday,Monday,Light_Load,51.26,100.00
86.72,38.70,0.00,Weekday,Thursday,Maximum_Load,100.00,91.32
4.10,2.70,0.22,Weekday,Friday,Light_Load,99.86,83.52
53.75,36.40,0.00,Weekday,Tuesday,Maximum_Load,100.00,82.80
60.37,50.51,0.00,Weekday,Tuesday,Light_Load,100.00,76.70
4.54,5.98,0.00,Weekday,Monday,Light_Load,100.00,60.47
3.20,0.00,16.92,Weekend,Sunday,Light_Load,18.58,100.00
37.26,5.18,0.97,Weekday,Tuesday,Maximum_Load,99.97,99.05
56.84,17.93,0.00,Weekday,Thursday,Medium_Load,100.00,95.37
7.06,5.80,0.00,Weekend,Saturday,Light_Load,100.00,77.27
3.10,5.29,0.00,Weekday,Friday,Light_Load,100.00,50.56
116.06,47.88,0.00,Weekday,Thursday,Maximum_Load,100.00,92.44
52.49,29.38,0.00,Weekday,Wednesday,Maximum_Load,100.00,87.26
2.95,3.24,0.00,Weekday,Wednesday,Light_Load,100.00,67.32
2.92,0.00,4.61,Weekend,Saturday,Light_Load,53.51,100.00
80.64,46.76,0.00,Weekday,Tuesday,Medium_Load,100.00,86.51
88.99,39.53,0.00,Weekday,Wednesday,Medium_Load,100.00,91.39
3.06,5.11,0.00,Weekday,Tuesday,Light_Load,100.00,51.38
56.88,34.42,0.00,Weekday,Wednesday,Maximum_Load,100.00,85.55
4.79,5.22,0.00,Weekday,Friday,Light_Load,100.00,67.61
3.38,3.78,0.00,Weekday,Wednesday,Light_Load,100.00,66.66
44.75,11.63,0.00,Weekday,Friday,Medium_Load,100.00,96.78
115.13,61.56,0.00,Weekday,Tuesday,Medium_Load,100.00,88.19
4.64,0.00,14.15,Weekday,Thursday,Medium_Load,31.16,100.00
60.77,42.48,0.00,Weekday,Tuesday,Maximum_Load,100.00,81.96
3.38,0.00,16.96,Weekday,Friday,Light_Load,19.54,100.00
7.92,4.68,0.00,Weekday,Wednesday,Light_Load,100.00,86.09
30.78,0.47,5.94,Weekend,Sunday,Medium_Load,98.19,99.99
56.81,23.22,0.00,Weekday,Thursday,Maximum_Load,100.00,92.57
69.80,47.27,0.00,Weekday,Friday,Maximum_Load,100.00,82.80
2.99,0.00,11.30,Weekend,Sunday,Light_Load,25.58,100.00
3.31,4.82,0.00,Weekday,Wednesday,Light_Load,100.00,56.61
3.02,4.28,0.00,Weekday,Friday,Light_Load,100.00,57.65
2.88,4.25,0.00,Weekday,Friday,Light_Load,100.00,56.10
2.95,4.07,0.00,Weekday,Tuesday,Light_Load,100.00,58.69
2.99,0.00,11.66,Weekend,Sunday,Medium_Load,24.84,100.00
2.74,5.18,0.00,Weekday,Monday,Light_Load,100.00,46.76
50.33,29.41,0.00,Weekday,Thursday,Medium_Load,100.00,86.34
49.97,27.86,0.00,Weekday,Tuesday,Maximum_Load,100.00,87.34
30.31,0.00,9.18,Weekday,Tuesday,Medium_Load,95.71,100.00
84.56,33.62,0.00,Weekend,Saturday,Maximum_Load,100.00,92.92
4.46,0.00,26.24,Weekend,Saturday,Medium_Load,16.76,100.00
38.12,27.43,0.00,Weekday,Tuesday,Light_Load,100.00,81.17
3.64,5.98,0.00,Weekend,Saturday,Light_Load,100.00,51.99
47.59,45.61,0.00,Weekday,Wednesday,Maximum_Load,100.00,72.20
67.39,48.17,0.00,Weekday,Wednesday,Maximum_Load,100.00,81.35
74.48,58.32,0.00,Weekday,Monday,Light_Load,100.00,78.73
4.14,7.52,0.00,Weekday,Wednesday,Medium_Load,100.00,48.23
3.42,6.48,0.00,Weekday,Friday,Light_Load,100.00,46.68
2.99,5.58,0.00,Weekday,Thursday,Light_Load,100.00,47.23
2.70,4.43,0.00,Weekend,Saturday,Light_Load,100.00,52.04
4.64,1.76,15.34,Weekend,Saturday,Light_Load,28.95,93.50
69.08,37.44,0.00,Weekday,Friday,Medium_Load,100.00,87.92
47.27,8.32,0.00,Weekday,Tuesday,Maximum_Load,100.00,98.49
5.51,0.00,20.84,Weekend,Saturday,Light_Load,25.56,100.00
4.07,0.00,21.24,Weekend,Sunday,Medium_Load,18.82,100.00
2.74,5.18,0.11,Weekday,Wednesday,Medium_Load,99.92,46.76
63.40,52.63,0.00,Weekday,Friday,Maximum_Load,100.00,76.94
3.10,3.92,0.00,Weekday,Thursday,Light_Load,100.00,62.03
24.88,15.66,0.00,Weekday,Tuesday,Maximum_Load,100.00,84.63
50.90,18.14,0.43,Weekday,Monday,Medium_Load,100.00,94.20
11.09,4.54,3.06,Weekend,Sunday,Maximum_Load,96.40,92.55
45.36,18.40,0.00,Weekday,Monday,Medium_Load,100.00,92.67
37.84,12.56,2.45,Weekday,Wednesday,Maximum_Load,99.79,94.91
31.82,10.37,0.54,Weekday,Friday,Medium_Load,99.99,95.08
76.14,37.66,0.00,Weekday,Monday,Medium_Load,100.00,89.63
3.89,0.00,17.24,Weekend,Saturday,Medium_Load,22.01,100.00
4.07,4.07,0.00,Weekday,Friday,Maximum_Load,100.00,70.71
3.24,3.35,0.00,Weekday,Monday,Light_Load,100.00,69.52
3.74,6.52,0.00,Weekday,Tuesday,Light_Load,100.00,49.76
3.06,1.84,0.40,Weekday,Friday,Light_Load,99.16,85.70
66.46,40.10,0.00,Weekday,Friday,Maximum_Load,100.00,85.62
32.54,2.12,1.22,Weekend,Sunday,Maximum_Load,99.93,99.79
3.24,6.91,0.00,Weekday,Monday,Medium_Load,100.00,42.45
80.78,31.82,0.00,Weekday,Thursday,Maximum_Load,100.00,93.04
52.60,20.09,0.11,Weekday,Thursday,Medium_Load,100.00,93.42
3.24,4.86,0.00,Weekday,Wednesday,Light_Load,100.00,55.47
2.77,0.00,11.92,Weekday,Friday,Medium_Load,22.64,100.00
2.99,5.15,0.00,Weekday,Wednesday,Light_Load,100.00,50.21
3.71,4.79,0.00,Weekday,Friday,Light_Load,100.00,61.23
68.98,27.90,0.00,Weekday,Thursday,Medium_Load,100.00,92.70
3.31,3.60,0.00,Weekday,Wednesday,Light_Load,100.00,67.68
88.60,49.14,0.00,Weekend,Saturday,Light_Load,100.00,87.45
90.86,14.90,0.11,Weekday,Tuesday,Maximum_Load,100.00,98.68
58.07,30.78,0.00,Weekday,Thursday,Medium_Load,100.00,88.36
35.46,31.82,0.00,Weekend,Saturday,Light_Load,100.00,74.43
5.33,0.00,22.36,Weekday,Wednesday,Maximum_Load,23.19,100.00
54.22,23.98,0.00,Weekday,Monday,Maximum_Load,100.00,91.45
4.32,0.00,16.92,Weekend,Sunday,Light_Load,24.74,100.00
3.92,6.26,0.00,Weekday,Thursday,Light_Load,100.00,53.07
60.44,32.65,0.00,Weekday,Monday,Medium_Load,100.00,87.98
3.74,0.00,17.96,Weekend,Sunday,Light_Load,20.39,100.00
29.05,4.21,6.08,Weekend,Saturday,Maximum_Load,97.88,98.97
2.84,0.00,17.24,Weekend,Saturday,Medium_Load,16.25,100.00
3.02,4.50,0.00,Weekend,Saturday,Light_Load,100.00,55.73
53.46,29.38,0.00,Weekday,Tuesday,Medium_Load,100.00,87.64
54.94,45.83,0.00,Weekday,Wednesday,Light_Load,100.00,76.79
3.82,5.08,0.00,Weekday,Monday,Light_Load,100.00,60.10
3.35,2.74,0.00,Weekend,Sunday,Light_Load,100.00,77.41
39.49,29.02,0.00,Weekday,Tuesday,Light_Load,100.00,80.58
51.16,14.94,0.00,Weekday,Thursday,Maximum_Load,100.00,95.99
81.14,46.33,0.00,Weekday,Friday,Maximum_Load,100.00,86.84
70.02,21.92,0.00,Weekday,Wednesday,Medium_Load,100.00,95.43
3.74,0.00,22.32,Weekend,Sunday,Light_Load,16.53,100.00
47.66,20.41,0.00,Weekday,Thursday,Maximum_Load,100.00,91.93
53.64,17.71,0.00,Weekday,Thursday,Maximum_Load,100.00,94.96
3.82,3.38,0.00,Weekend,Saturday,Light_Load,100.00,74.89
82.30,40.10,0.00,Weekend,Saturday,Light_Load,100.00,89.90
81.04,27.61,0.00,Weekday,Thursday,Maximum_Load,100.00,94.66
84.74,35.42,0.00,Weekday,Friday,Medium_Load,100.00,92.26
5.69,2.70,0.50,Weekday,Thursday,Light_Load,99.62,90.34
51.34,23.29,0.00,Weekday,Wednesday,Medium_Load,100.00,91.07
6.48,0.00,26.10,Weekday,Wednesday,Medium_Load,24.10,100.00
2.52,5.29,0.00,Weekday,Thursday,Light_Load,100.00,43.01
4.43,5.18,0.00,Weekday,Thursday,Light_Load,100.00,64.99
3.10,0.00,14.58,Weekend,Saturday,Medium_Load,20.80,100.00
2.88,4.18,0.00,Weekend,Sunday,Light_Load,100.00,56.74
2.74,4.90,0.00,Weekday,Thursday,Light_Load,100.00,48.81
17.39,14.65,0.00,Weekend,Saturday,Light_Load,100.00,76.48
3.06,4.10,0.00,Weekday,Tuesday,Light_Load,100.00,59.81
36.68,3.10,3.85,Weekday,Wednesday,Medium_Load,99.45,99.64
114.98,56.09,0.00,Weekday,Thursday,Medium_Load,100.00,89.88
2.84,4.18,0.00,Weekend,Sunday,Light_Load,100.00,56.20
99.68,40.43,0.00,Weekday,Wednesday,Maximum_Load,100.00,92.67
2.81,2.84,0.00,Weekend,Sunday,Light_Load,100.00,70.33
38.12,1.04,2.09,Weekend,Saturday,Maximum_Load,99.85,99.96
70.13,8.96,0.50,Weekday,Tuesday,Medium_Load,100.00,99.19
54.86,17.17,0.00,Weekday,Thursday,Maximum_Load,100.00,95.43
3.35,4.50,0.00,Weekday,Wednesday,Light_Load,100.00,59.71
61.56,31.54,0.00,Weekday,Monday,Maximum_Load,100.00,89.00
2.70,0.00,17.46,Weekday,Thursday,Light_Load,15.28,100.00
60.34,28.58,0.00,Weekday,Thursday,Maximum_Load,100.00,90.38
3.49,7.20,0.00,Weekend,Saturday,Light_Load,100.00,43.62
4.82,0.00,26.39,Weekday,Wednesday,Medium_Load,17.97,100.00
3.49,4.64,0.00,Weekday,Thursday,Light_Load,100.00,60.11
3.13,0.00,13.18,Weekend,Sunday,Light_Load,23.11,100.00
4.03,4.68,0.00,Weekday,Thursday,Light_Load,100.00,65.25
89.57,41.62,0.00,Weekday,Friday,Light_Load,100.00,90.69
49.25,20.52,0.04,Weekday,Tuesday,Medium_Load,100.00,92.31
56.27,32.51,0.00,Weekday,Tuesday,Medium_Load,100.00,86.59
3.64,3.60,0.00,Weekend,Sunday,Light_Load,100.00,71.10
4.39,0.00,17.21,Weekday,Thursday,Medium_Load,24.72,100.00
8.42,1.15,15.84,Weekday,Thursday,Medium_Load,46.94,99.08
108.11,58.32,0.00,Weekday,Thursday,Maximum_Load,100.00,88.01
72.00,38.09,0.00,Weekday,Thursday,Maximum_Load,100.00,88.39
36.94,26.35,0.00,Weekday,Thursday,Light_Load,100.00,81.41
3.49,2.59,0.00,Weekday,Monday,Light_Load,100.00,80.30
4.64,4.50,0.00,Weekday,Wednesday,Light_Load,100.00,71.79
32.98,0.47,3.78,Weekday,Friday,Medium_Load,99.35,99.99
2.70,4.82,0.00,Weekday,Thursday,Light_Load,100.00,48.87
2.81,5.15,0.00,Weekday,Friday,Light_Load,100.00,47.90
3.82,5.22,0.00,Weekend,Saturday,Light_Load,100.00,59.06
39.49,26.78,0.11,Weekday,Thursday,Light_Load,100.00,82.76
42.62,7.27,0.04,Weekday,Friday,Medium_Load,100.00,98.58
55.40,27.11,0.00,Weekday,Monday,Maximum_Load,100.00,89.82
22.79,0.00,14.15,Weekend,Saturday,Maximum_Load,84.96,100.00
2.81,5.36,0.00,Weekday,Monday,Light_Load,100.00,46.43
3.85,7.52,0.00,Weekday,Thursday,Maximum_Load,100.00,45.57
32.54,1.12,0.97,Weekday,Wednesday,Medium_Load,99.96,99.94
47.41,18.86,0.00,Weekday,Monday,Medium_Load,100.00,92.92
2.99,0.00,4.82,Weekend,Saturday,Light_Load,52.71,100.00
48.24,10.84,0.00,Weekday,Friday,Maximum_Load,100.00,97.57
4.21,3.24,0.18,Weekday,Thursday,Light_Load,99.91,79.25
50.94,23.26,0.00,Weekday,Thursday,Maximum_Load,100.00,90.97
3.42,6.37,0.00,Weekend,Saturday,Light_Load,100.00,47.30
81.50,32.08,0.00,Weekend,Saturday,Medium_Load,100.00,93.05
3.46,2.70,0.00,Weekend,Sunday,Light_Load,100.00,78.84
3.71,4.86,0.00,Weekday,Friday,Light_Load,100.00,60.68
60.19,31.61,0.00,Weekday,Friday,Light_Load,100.00,88.53
3.56,0.00,22.07,Weekend,Sunday,Light_Load,15.92,100.00
3.35,0.00,13.97,Weekend,Saturday,Light_Load,23.32,100.00
71.46,35.50,0.00,Weekday,Thursday,Maximum_Load,100.00,89.56
2.84,0.00,5.15,Weekend,Sunday,Medium_Load,48.29,100.00
3.92,1.76,10.37,Weekday,Wednesday,Medium_Load,35.36,91.23
53.46,23.26,0.00,Weekday,Tuesday,Medium_Load,100.00,91.70
121.93,48.31,0.00,Weekday,Tuesday,Maximum_Load,100.00,92.97
120.89,47.38,0.00,Weekday,Tuesday,Light_Load,100.00,93.10
77.83,55.40,0.00,Weekday,Monday,Maximum_Load,100.00,81.47
113.94,51.34,0.00,Weekday,Thursday,Medium_Load,100.00,91.17
102.28,43.78,0.00,Weekday,Wednesday,Maximum_Load,100.00,91.93
3.20,1.98,0.32,Weekend,Saturday,Light_Load,99.50,85.04
32.54,0.83,6.16,Weekday,Friday,Medium_Load,98.25,99.97
5.62,4.03,0.00,Weekday,Tuesday,Light_Load,100.00,81.27
4.07,0.00,14.58,Weekday,Tuesday,Medium_Load,26.89,100.00
83.52,52.56,0.00,Weekday,Tuesday,Medium_Load,100.00,84.64
82.26,42.59,0.00,Weekday,Friday,Light_Load,100.00,88.80
3.31,0.00,14.83,Weekend,Saturday,Light_Load,21.78,100.00
2.99,0.00,11.48,Weekend,Sunday,Light_Load,25.20,100.00
4.32,3.13,0.18,Weekday,Wednesday,Light_Load,99.91,80.98
4.25,5.98,0.00,Weekday,Wednesday,Light_Load,100.00,57.93
2.88,4.90,0.00,Weekday,Thursday,Light_Load,100.00,50.67
6.52,2.34,0.22,Weekday,Monday,Light_Load,99.94,94.12
56.02,26.96,0.00,Weekday,Wednesday,Maximum_Load,100.00,90.11
3.20,5.44,0.00,Weekday,Monday,Light_Load,100.00,50.70
3.60,0.00,13.93,Weekend,Sunday,Light_Load,25.02,100.00
28.51,0.04,8.71,Weekend,Sunday,Medium_Load,95.64,100.00
32.15,9.29,0.00,Weekday,Tuesday,Medium_Load,100.00,96.07
3.31,0.00,17.53,Weekday,Wednesday,Light_Load,18.55,100.00
38.77,22.97,0.54,Weekday,Thursday,Medium_Load,99.99,86.03
2.77,3.96,0.00,Weekend,Saturday,Light_Load,100.00,57.32
2.70,4.79,0.00,Weekday,Monday,Light_Load,100.00,49.10
3.67,4.28,0.00,Weekend,Saturday,Light_Load,100.00,65.09
22.93,15.16,0.00,Weekday,Wednesday,Light_Load,100.00,83.42
21.10,6.12,17.53,Weekday,Tuesday,Medium_Load,76.92,96.04
47.02,24.48,0.18,Weekday,Friday,Medium_Load,100.00,88.70
3.28,4.86,0.00,Weekday,Monday,Light_Load,100.00,55.94
2.77,5.00,0.00,Weekday,Monday,Light_Load,100.00,48.46
94.36,28.51,0.00,Weekday,Monday,Maximum_Load,100.00,95.73
3.17,6.05,0.00,Weekend,Saturday,Light_Load,100.00,46.41
3.49,4.75,0.00,Weekday,Thursday,Light_Load,100.00,59.21
10.15,0.22,8.68,Weekday,Thursday,Medium_Load,76.00,99.98
3.56,0.00,14.08,Weekend,Saturday,Light_Load,24.51,100.00
57.02,20.52,0.00,Weekday,Wednesday,Medium_Load,100.00,94.09
4.72,4.57,0.00,Weekday,Tuesday,Light_Load,100.00,71.84
4.36,3.85,0.00,Weekend,Sunday,Light_Load,100.00,74.96
47.66,13.28,0.29,Weekend,Saturday,Maximum_Load,100.00,96.33
3.82,4.79,0.00,Weekday,Tuesday,Light_Load,100.00,62.35
3.02,2.56,0.00,Weekend,Saturday,Light_Load,100.00,76.28
57.46,23.98,0.00,Weekday,Thursday,Maximum_Load,100.00,92.29
2.99,3.60,0.00,Weekday,Thursday,Light_Load,100.00,63.89
2.52,5.18,0.00,Weekday,Tuesday,Light_Load,100.00,43.75
5.69,3.64,4.00,Weekday,Monday,Medium_Load,81.81,84.24
3.28,3.82,0.00,Weekday,Friday,Light_Load,100.00,65.14
3.92,0.00,17.78,Weekday,Monday,Medium_Load,21.53,100.00
2.95,0.00,14.44,Weekend,Saturday,Medium_Load,20.02,100.00
66.24,33.73,0.00,Weekday,Thursday,Medium_Load,100.00,89.11
4.28,0.00,23.33,Weekday,Thursday,Light_Load,18.04,100.00
3.42,2.38,0.04,Weekday,Wednesday,Light_Load,99.99,82.08
79.16,11.30,0.22,Weekend,Saturday,Maximum_Load,100.00,99.00
3.82,4.50,0.00,Weekday,Monday,Light_Load,100.00,64.72
30.38,0.00,7.27,Weekday,Tuesday,Medium_Load,97.25,100.00
2.88,3.71,0.00,Weekend,Saturday,Light_Load,100.00,61.32
54.83,15.34,0.00,Weekday,Friday,Maximum_Load,100.00,96.30
60.01,34.70,0.00,Weekday,Wednesday,Light_Load,100.00,86.57
3.64,3.20,0.00,Weekday,Thursday,Medium_Load,100.00,75.10
4.03,0.00,21.17,Weekend,Saturday,Light_Load,18.70,100.00
3.56,0.00,26.21,Weekend,Sunday,Medium_Load,13.46,100.00
26.32,4.64,0.32,Weekday,Thursday,Medium_Load,99.99,98.48
69.77,53.24,0.00,Weekday,Monday,Light_Load,100.00,79.50
2.95,0.00,11.34,Weekend,Sunday,Light_Load,25.18,100.00
3.02,4.90,0.00,Weekday,Wednesday,Light_Load,100.00,52.47
3.82,3.38,0.00,Weekend,Sunday,Light_Load,100.00,74.89
3.89,4.00,0.00,Weekend,Sunday,Light_Load,100.00,69.72
106.49,55.62,0.00,Weekday,Tuesday,Maximum_Load,100.00,88.64
138.64,58.79,0.00,Weekday,Friday,Medium_Load,100.00,92.06
46.22,5.04,0.04,Weekday,Friday,Maximum_Load,100.00,99.41
3.28,5.18,0.00,Weekday,Thursday,Light_Load,100.00,53.50
3.49,3.92,0.00,Weekday,Thursday,Light_Load,100.00,66.50
3.92,0.00,24.73,Weekend,Sunday,Medium_Load,15.66,100.00
5.15,0.00,17.78,Weekday,Wednesday,Medium_Load,27.82,100.00
4.64,3.38,0.00,Weekday,Friday,Light_Load,100.00,80.83
2.92,0.00,5.04,Weekend,Sunday,Light_Load,50.13,100.00
48.85,27.86,0.00,Weekday,Thursday,Maximum_Load,100.00,86.87
2.81,3.82,0.00,Weekday,Wednesday,Light_Load,100.00,59.26
60.19,45.65,0.00,Weekday,Friday,Medium_Load,100.00,79.68
2.59,4.36,0.00,Weekend,Sunday,Light_Load,100.00,51.07
3.49,0.00,20.16,Weekend,Sunday,Light_Load,17.06,100.00
4.97,3.92,0.00,Weekday,Friday,Maximum_Load,100.00,78.52
92.66,63.29,0.00,Weekday,Tuesday,Maximum_Load,100.00,82.58
22.46,14.98,0.00,Weekday,Wednesday,Light_Load,100.00,83.19
2.77,4.79,0.00,Weekday,Friday,Light_Load,100.00,50.06
3.46,3.60,0.00,Weekday,Friday,Light_Load,100.00,69.29
3.82,4.82,0.00,Weekday,Friday,Light_Load,100.00,62.11
3.89,2.74,0.32,Weekday,Thursday,Light_Load,99.66,81.75
4.07,0.00,22.14,Weekday,Thursday,Maximum_Load,18.08,100.00
116.10,66.49,0.00,Weekday,Tuesday,Maximum_Load,100.00,86.78
2.92,0.00,5.40,Weekend,Saturday,Light_Load,47.57,100.00
2.70,5.22,0.00,Weekday,Tuesday,Light_Load,100.00,45.94
3.64,0.00,16.13,Weekend,Sunday,Light_Load,22.01,100.00
114.73,48.13,0.00,Weekday,Friday,Medium_Load,100.00,92.21
47.34,24.26,0.00,Weekday,Friday,Medium_Load,100.00,88.99
4.50,6.26,0.00,Weekday,Thursday,Light_Load,100.00,58.37
60.34,27.07,0.00,Weekday,Friday,Maximum_Load,100.00,91.24
2.81,0.00,10.73,Weekend,Saturday,Light_Load,25.33,100.00
3.17,5.29,0.00,Weekend,Saturday,Light_Load,100.00,51.40
2.99,0.00,16.96,Weekend,Sunday,Light_Load,17.36,100.00
86.80,56.34,0.00,Weekday,Tuesday,Maximum_Load,100.00,83.88
3.38,4.72,0.00,Weekday,Wednesday,Light_Load,100.00,58.22
4.21,2.92,0.04,Weekday,Thursday,Light_Load,100.00,82.17
3.02,0.00,17.35,Weekend,Saturday,Light_Load,17.15,100.00
47.45,13.61,0.29,Weekend,Sunday,Medium_Load,100.00,96.12
2.92,3.67,0.00,Weekend,Sunday,Light_Load,100.00,62.26
2.74,0.00,11.45,Weekend,Sunday,Light_Load,23.27,100.00
64.91,40.28,0.00,Weekday,Friday,Light_Load,100.00,84.97
2.74,4.75,0.00,Weekend,Sunday,Light_Load,100.00,49.97
92.30,54.43,0.00,Weekday,Friday,Maximum_Load,100.00,86.14
5.04,0.00,26.28,Weekend,Sunday,Light_Load,18.83,100.00
4.00,5.51,0.00,Weekday,Tuesday,Medium_Load,100.00,58.75
3.82,6.73,0.00,Weekend,Saturday,Light_Load,100.00,49.36
108.79,42.95,0.00,Weekday,Tuesday,Maximum_Load,100.00,93.01
3.56,0.00,16.67,Weekend,Sunday,Light_Load,20.88,100.00
66.17,32.44,0.00,Weekday,Tuesday,Maximum_Load,100.00,89.79
3.20,0.00,18.47,Weekend,Sunday,Light_Load,17.07,100.00
42.08,25.38,2.34,Weekday,Tuesday,Maximum_Load,99.85,85.63
64.44,60.41,0.00,Weekday,Friday,Light_Load,100.00,72.96
2.95,0.00,14.40,Weekend,Sunday,Light_Load,20.07,100.00
2.74,6.01,0.00,Weekday,Friday,Light_Load,100.00,41.48
3.20,0.00,16.92,Weekend,Saturday,Light_Load,18.58,100.00
16.31,4.46,3.74,Weekday,Thursday,Maximum_Load,97.47,96.46
3.02,0.00,14.90,Weekend,Sunday,Light_Load,19.86,100.00
3.64,3.49,0.00,Weekday,Wednesday,Light_Load,100.00,72.18
2.88,0.00,10.76,Weekend,Saturday,Medium_Load,25.86,100.00
4.14,3.46,0.07,Weekday,Friday,Light_Load,99.99,76.73
2.77,0.00,11.99,Weekend,Sunday,Light_Load,22.51,100.00
3.74,2.23,0.50,Weekday,Friday,Light_Load,99.12,85.89
53.86,42.08,0.00,Weekday,Wednesday,Maximum_Load,100.00,78.80
96.12,68.65,0.00,Weekday,Tuesday,Light_Load,100.00,81.38
84.71,14.15,1.01,Weekday,Friday,Maximum_Load,99.99,98.63
75.82,35.42,0.00,Weekday,Friday,Maximum_Load,100.00,90.60
3.02,5.40,0.00,Weekday,Wednesday,Light_Load,100.00,48.81
2.84,5.51,0.00,Weekday,Monday,Light_Load,100.00,45.81
2.92,4.28,0.00,Weekday,Monday,Light_Load,100.00,56.36
3.56,3.31,0.00,Weekday,Wednesday,Light_Load,100.00,73.24
86.62,49.75,0.00,Weekday,Wednesday,Maximum_Load,100.00,86.72
29.77,1.01,1.40,Weekday,Wednesday,Medium_Load,99.89,99.94
3.17,0.00,16.88,Weekend,Sunday,Light_Load,18.46,100.00
59.51,34.70,0.00,Weekday,Friday,Medium_Load,100.00,86.39
38.38,7.52,0.04,Weekday,Tuesday,Maximum_Load,100.00,98.13
5.54,0.00,10.48,Weekday,Wednesday,Medium_Load,46.73,100.00
3.06,4.21,0.00,Weekday,Tuesday,Light_Load,100.00,58.79
105.05,34.49,0.00,Weekday,Wednesday,Maximum_Load,100.00,95.01
2.74,4.03,0.00,Weekday,Tuesday,Light_Load,100.00,56.23
3.31,5.04,0.00,Weekday,Monday,Light_Load,100.00,54.89
79.38,30.46,0.00,Weekday,Thursday,Maximum_Load,100.00,93.36
5.69,0.00,21.31,Weekend,Sunday,Maximum_Load,25.80,100.00
3.17,4.72,0.00,Weekend,Sunday,Light_Load,100.00,55.75
3.82,4.32,0.00,Weekday,Wednesday,Light_Load,100.00,66.24
3.60,0.00,13.03,Weekday,Thursday,Medium_Load,26.63,100.00
2.74,5.26,0.00,Weekday,Wednesday,Light_Load,100.00,46.20
3.78,4.32,0.00,Weekday,Monday,Light_Load,100.00,65.85
3.56,4.28,0.00,Weekday,Thursday,Medium_Load,100.00,63.95
89.75,38.81,0.00,Weekday,Monday,Maximum_Load,100.00,91.79
81.22,61.52,0.00,Weekday,Thursday,Medium_Load,100.00,79.71
65.74,30.20,0.00,Weekday,Thursday,Maximum_Load,100.00,90.87
3.24,4.82,0.00,Weekday,Friday,Light_Load,100.00,55.79
3.28,2.12,0.18,Weekday,Tuesday,Light_Load,99.85,83.98
2.92,5.83,0.00,Weekday,Thursday,Light_Load,100.00,44.78
5.18,0.00,24.98,Weekend,Saturday,Medium_Load,20.30,100.00
3.28,4.68,0.00,Weekday,Wednesday,Light_Load,100.00,57.39
60.16,33.26,0.00,Weekday,Tuesday,Medium_Load,100.00,87.52
2.84,6.05,0.00,Weekend,Saturday,Light_Load,100.00,42.49
114.05,36.43,0.00,Weekday,Friday,Medium_Load,100.00,95.26
29.41,1.26,1.08,Weekend,Sunday,Maximum_Load,99.93,99.91
5.76,0.00,21.60,Weekday,Wednesday,Medium_Load,25.77,100.00
76.57,30.60,0.00,Weekday,Wednesday,Medium_Load,100.00,92.86
124.88,57.28,0.00,Weekday,Wednesday,Maximum_Load,100.00,90.89
87.19,27.07,0.00,Weekday,Monday,Maximum_Load,100.00,95.50
3.82,0.00,16.60,Weekday,Wednesday,Medium_Load,22.43,100.00
5.40,5.87,0.00,Weekday,Tuesday,Light_Load,100.00,67.70
3.42,4.32,0.00,Weekday,Friday,Light_Load,100.00,62.07
3.10,3.53,0.00,Weekday,Monday,Light_Load,100.00,65.99
2.70,3.64,0.00,Weekend,Sunday,Light_Load,100.00,59.58
106.92,43.09,0.00,Weekday,Thursday,Medium_Load,100.00,92.75
2.59,4.54,0.00,Weekday,Tuesday,Light_Load,100.00,49.55
2.88,0.00,10.87,Weekday,Monday,Light_Load,25.61,100.00
51.80,29.30,0.00,Weekday,Thursday,Maximum_Load,100.00,87.04
2.81,4.82,0.00,Weekday,Wednesday,Light_Load,100.00,50.36
83.09,43.96,0.00,Weekday,Wednesday,Maximum_Load,100.00,88.39
3.89,0.00,17.75,Weekday,Wednesday,Medium_Load,21.41,100.00
2.66,5.11,0.00,Weekday,Tuesday,Light_Load,100.00,46.17
72.11,51.62,0.00,Weekday,Tuesday,Medium_Load,100.00,81.31
2.81,4.86,0.00,Weekday,Wednesday,Light_Load,100.00,50.05
3.17,3.60,0.00,Weekday,Thursday,Light_Load,100.00,66.09
55.69,17.64,0.50,Weekday,Tuesday,Maximum_Load,100.00,95.33
53.35,16.96,0.04,Weekday,Wednesday,Medium_Load,100.00,95.30
3.92,3.78,0.00,Weekday,Wednesday,Light_Load,100.00,71.98
55.76,34.13,0.00,Weekday,Friday,Medium_Load,100.00,85.29
5.11,5.15,0.00,Weekday,Friday,Light_Load,100.00,70.43
5.94,5.47,0.00,Weekday,Wednesday,Light_Load,100.00,73.56
4.25,5.29,0.00,Weekend,Sunday,Light_Load,100.00,62.63
88.88,39.67,0.00,Weekday,Tuesday,Medium_Load,100.00,91.32
2.92,4.57,0.00,Weekday,Monday,Light_Load,100.00,53.84
5.62,0.00,19.12,Weekend,Sunday,Maximum_Load,28.20,100.00
5.54,0.00,22.21,Weekday,Monday,Maximum_Load,24.20,100.00
2.88,0.00,4.90,Weekend,Sunday,Light_Load,50.67,100.00
3.31,0.00,20.48,Weekday,Wednesday,Light_Load,15.96,100.00
6.08,0.00,21.92,Weekday,Monday,Medium_Load,26.73,100.00
15.66,6.88,18.14,Weekday,Tuesday,Medium_Load,65.35,91.55
3.64,0.00,26.39,Weekday,Friday,Medium_Load,13.66,100.00
3.13,4.28,0.00,Weekday,Tuesday,Light_Load,100.00,59.03
3.35,5.83,0.00,Weekday,Friday,Light_Load,100.00,49.82
2.66,5.00,0.00,Weekend,Sunday,Light_Load,100.00,46.97
92.09,14.94,0.00,Weekday,Tuesday,Maximum_Load,100.00,98.71
57.28,27.76,0.00,Weekday,Thursday,Medium_Load,100.00,89.99
2.88,4.93,0.00,Weekday,Wednesday,Light_Load,100.00,50.44
109.55,33.44,0.00,Weekday,Wednesday,Medium_Load,100.00,95.64
53.68,31.86,0.00,Weekday,Friday,Maximum_Load,100.00,85.99
48.02,21.24,0.00,Weekend,Saturday,Maximum_Load,100.00,91.45
3.56,7.31,0.00,Weekday,Wednesday,Light_Load,100.00,43.78
3.74,3.38,0.00,Weekend,Sunday,Light_Load,100.00,74.19
50.08,17.75,0.00,Weekday,Wednesday,Medium_Load,100.00,94.25
58.86,34.27,0.00,Weekday,Tuesday,Maximum_Load,100.00,86.42
4.64,7.88,0.00,Weekday,Friday,Medium_Load,100.00,50.74
3.28,6.59,0.00,Weekday,Thursday,Light_Load,100.00,44.56
26.39,11.05,1.80,Weekday,Tuesday,Medium_Load,99.77,92.24
3.92,2.84,0.00,Weekday,Tuesday,Light_Load,100.00,80.98
3.96,0.00,23.08,Weekend,Saturday,Medium_Load,16.91,100.00
37.37,24.55,0.00,Weekend,Saturday,Light_Load,100.00,83.58
40.82,14.22,0.00,Weekday,Tuesday,Maximum_Load,100.00,94.43
63.11,18.04,0.00,Weekday,Monday,Medium_Load,100.00,96.15
32.83,0.94,2.52,Weekend,Sunday,Maximum_Load,99.71,99.96
3.24,5.22,0.00,Weekday,Tuesday,Light_Load,100.00,52.74
3.71,4.79,0.00,Weekday,Tuesday,Light_Load,100.00,61.23
71.60,31.75,0.00,Weekday,Friday,Maximum_Load,100.00,91.42
4.68,0.00,9.90,Weekday,Friday,Medium_Load,42.74,100.00
41.72,0.04,4.14,Weekday,Tuesday,Maximum_Load,99.51,100.00
2.74,0.00,17.35,Weekday,Thursday,Light_Load,15.60,100.00
4.21,5.29,0.00,Weekend,Saturday,Light_Load,100.00,62.27
110.81,35.28,0.00,Weekday,Tuesday,Maximum_Load,100.00,95.29
36.68,2.12,0.68,Weekday,Friday,Medium_Load,99.98,99.83
2.66,4.61,0.00,Weekend,Saturday,Light_Load,100.00,49.98
49.68,25.78,0.00,Weekday,Wednesday,Maximum_Load,100.00,88.76
4.10,0.00,24.59,Weekday,Wednesday,Medium_Load,16.45,100.00
84.85,32.15,0.00,Weekday,Tuesday,Maximum_Load,100.00,93.51
77.04,27.79,0.00,Weekday,Wednesday,Medium_Load,100.00,94.07
2.56,4.14,0.00,Weekend,Saturday,Light_Load,100.00,52.59
51.19,21.89,0.00,Weekday,Wednesday,Maximum_Load,100.00,91.95
3.67,3.02,0.11,Weekday,Thursday,Light_Load,99.96,77.22
3.82,0.00,5.15,Weekday,Thursday,Medium_Load,59.57,100.00
3.74,3.85,0.00,Weekday,Thursday,Light_Load,100.00,69.68
3.89,1.76,11.23,Weekday,Thursday,Medium_Load,32.73,91.11
85.14,24.19,0.97,Weekday,Wednesday,Medium_Load,99.99,96.19
4.14,4.54,0.00,Weekday,Wednesday,Light_Load,100.00,67.38
2.88,3.89,0.00,Weekday,Friday,Light_Load,100.00,59.50
15.80,0.68,15.80,Weekday,Friday,Medium_Load,70.71,99.91
58.90,22.97,0.00,Weekday,Monday,Maximum_Load,100.00,93.17
54.50,22.61,0.00,Weekday,Monday,Maximum_Load,100.00,92.37
3.96,2.81,0.32,Weekday,Monday,Light_Load,99.68,81.55
3.67,0.00,26.35,Weekend,Saturday,Maximum_Load,13.79,100.00
31.36,10.76,2.99,Weekday,Thursday,Maximum_Load,99.55,94.59
3.20,5.04,0.00,Weekday,Tuesday,Light_Load,100.00,53.60
3.02,4.18,0.00,Weekend,Sunday,Light_Load,100.00,58.56
3.82,7.52,0.00,Weekend,Saturday,Light_Load,100.00,45.29
89.82,39.17,0.00,Weekday,Monday,Maximum_Load,100.00,91.66
79.09,31.00,0.00,Weekday,Wednesday,Maximum_Load,100.00,93.10
4.10,0.00,22.07,Weekday,Thursday,Maximum_Load,18.26,100.00
4.25,0.00,16.88,Weekend,Sunday,Light_Load,24.42,100.00
5.72,7.06,0.00,Weekend,Saturday,Light_Load,100.00,62.95
3.13,0.00,16.45,Weekend,Saturday,Light_Load,18.69,100.00
57.67,24.12,0.00,Weekday,Wednesday,Medium_Load,100.00,92.26
3.74,0.00,16.20,Weekend,Saturday,Medium_Load,22.49,100.00
131.65,67.75,0.00,Weekday,Tuesday,Maximum_Load,100.00,88.92
7.06,0.00,27.04,Weekday,Friday,Medium_Load,25.26,100.00
3.38,0.00,18.11,Weekday,Thursday,Light_Load,18.35,100.00
5.04,8.53,0.00,Weekday,Monday,Maximum_Load,100.00,50.87
3.67,4.07,0.00,Weekday,Friday,Light_Load,100.00,66.97
30.53,0.40,2.84,Weekday,Tuesday,Medium_Load,99.57,99.99
5.33,0.00,27.58,Weekday,Thursday,Medium_Load,18.97,100.00
3.85,0.00,17.35,Weekend,Saturday,Medium_Load,21.66,100.00
3.24,3.24,0.00,Weekend,Sunday,Light_Load,100.00,70.71
72.97,20.09,0.00,Weekday,Tuesday,Maximum_Load,100.00,96.41
2.88,5.00,0.00,Weekend,Sunday,Light_Load,100.00,49.91
6.55,0.00,23.76,Weekday,Wednesday,Medium_Load,26.58,100.00
59.33,29.34,0.00,Weekday,Monday,Maximum_Load,100.00,89.64
3.49,0.00,13.21,Weekend,Sunday,Light_Load,25.54,100.00
53.89,25.42,0.00,Weekend,Saturday,Maximum_Load,100.00,90.44
4.39,4.90,0.00,Weekday,Thursday,Light_Load,100.00,66.73
4.93,0.00,23.04,Weekend,Sunday,Light_Load,20.92,100.00
3.60,3.13,0.00,Weekday,Tuesday,Light_Load,100.00,75.47
3.74,2.84,0.61,Weekday,Thursday,Maximum_Load,98.70,79.64
47.20,26.32,0.00,Weekday,Friday,Maximum_Load,100.00,87.34
65.84,46.48,0.00,Weekday,Tuesday,Maximum_Load,100.00,81.69
2.74,5.04,0.00,Weekend,Sunday,Light_Load,100.00,47.76
31.28,6.41,0.47,Weekday,Tuesday,Medium_Load,99.99,97.96
71.14,28.08,0.00,Weekday,Thursday,Maximum_Load,100.00,93.02
3.67,4.46,0.00,Weekday,Tuesday,Light_Load,100.00,63.54
5.08,5.51,0.00,Weekday,Thursday,Light_Load,100.00,67.78
46.91,21.13,0.00,Weekday,Thursday,Maximum_Load,100.00,91.18
3.49,5.08,0.00,Weekday,Tuesday,Light_Load,100.00,56.63
86.36,59.11,0.00,Weekday,Monday,Medium_Load,100.00,82.52
83.05,37.44,0.00,Weekday,Tuesday,Maximum_Load,100.00,91.16
58.07,22.07,0.00,Weekday,Wednesday,Maximum_Load,100.00,93.48
4.00,4.61,0.00,Weekday,Friday,Light_Load,100.00,65.54
3.71,4.54,0.00,Weekday,Friday,Light_Load,100.00,63.28
40.79,31.21,0.00,Weekend,Sunday,Light_Load,100.00,79.42
2.92,0.00,4.28,Weekend,Saturday,Light_Load,56.36,100.00
99.29,18.61,0.00,Weekday,Wednesday,Maximum_Load,100.00,98.29
80.03,40.10,0.00,Weekday,Thursday,Medium_Load,100.00,89.40
51.80,26.93,0.00,Weekday,Thursday,Maximum_Load,100.00,88.73
54.50,36.83,0.00,Weekday,Wednesday,Maximum_Load,100.00,82.85
58.14,34.02,0.00,Weekend,Saturday,Light_Load,100.00,86.31
39.92,1.08,2.45,Weekday,Wednesday,Maximum_Load,99.81,99.96
2.66,4.97,0.00,Weekend,Saturday,Light_Load,100.00,47.19
69.26,45.68,0.00,Weekday,Monday,Medium_Load,100.00,83.48
32.08,0.29,4.36,Weekend,Sunday,Maximum_Load,99.09,100.00
4.57,4.46,0.00,Weekday,Thursday,Light_Load,100.00,71.57
5.44,0.00,25.60,Weekday,Friday,Medium_Load,20.79,100.00
4.97,0.00,18.14,Weekend,Saturday,Maximum_Load,26.42,100.00
2.88,1.94,0.25,Weekday,Wednesday,Light_Load,99.63,82.94
4.97,7.45,0.00,Weekday,Friday,Maximum_Load,100.00,55.50
110.45,53.28,0.00,Weekday,Thursday,Maximum_Load,100.00,90.07
69.77,67.07,0.00,Weekday,Tuesday,Light_Load,100.00,72.09
55.91,33.48,0.00,Weekday,Wednesday,Medium_Load,100.00,85.79
4.72,5.00,0.00,Weekday,Monday,Maximum_Load,100.00,68.65
3.20,1.73,0.58,Weekend,Sunday,Light_Load,98.40,87.97
61.52,28.33,0.00,Weekday,Tuesday,Maximum_Load,100.00,90.83
3.85,5.54,0.00,Weekday,Friday,Light_Load,100.00,57.07
26.64,0.00,8.86,Weekday,Friday,Maximum_Load,94.89,100.00
132.16,45.47,0.00,Weekday,Friday,Medium_Load,100.00,94.56
3.78,3.82,0.00,Weekday,Friday,Light_Load,100.00,70.34
3.35,4.79,0.00,Weekday,Friday,Light_Load,100.00,57.31
80.57,44.42,0.00,Weekday,Thursday,Medium_Load,100.00,87.57
2.74,3.96,0.00,Weekday,Wednesday,Light_Load,100.00,56.90
3.13,0.00,16.67,Weekend,Sunday,Light_Load,18.45,100.00
87.19,43.92,0.00,Weekday,Wednesday,Light_Load,100.00,89.31
60.48,34.92,0.00,Weekday,Tuesday,Maximum_Load,100.00,86.60
19.80,16.63,0.00,Weekend,Sunday,Light_Load,100.00,76.57
3.02,5.62,0.00,Weekday,Monday,Light_Load,100.00,47.34
3.56,6.23,0.00,Weekday,Wednesday,Light_Load,100.00,49.61
3.82,5.11,0.00,Weekend,Saturday,Light_Load,100.00,59.87
56.88,25.13,0.00,Weekday,Thursday,Medium_Load,100.00,91.47
48.78,17.71,0.00,Weekday,Thursday,Medium_Load,100.00,94.00
4.21,0.00,25.74,Weekend,Sunday,Medium_Load,16.14,100.00
50.40,28.37,0.00,Weekday,Friday,Maximum_Load,100.00,87.14
2.59,4.32,0.00,Weekday,Friday,Light_Load,100.00,51.42
44.75,13.57,0.00,Weekday,Thursday,Medium_Load,100.00,95.70
3.20,0.00,14.58,Weekend,Sunday,Light_Load,21.44,100.00
2.99,5.36,0.00,Weekday,Friday,Light_Load,100.00,48.72
3.82,0.00,11.84,Weekend,Sunday,Medium_Load,30.70,100.00
43.42,20.81,0.00,Weekday,Friday,Medium_Load,100.00,90.18
2.63,3.31,0.00,Weekend,Sunday,Light_Load,100.00,62.21
102.67,33.16,0.00,Weekday,Monday,Medium_Load,100.00,95.16
61.70,22.14,0.00,Weekday,Friday,Medium_Load,100.00,94.12
3.46,6.91,0.00,Weekday,Wednesday,Light_Load,100.00,44.77
66.85,36.58,0.00,Weekend,Saturday,Light_Load,100.00,87.73
8.17,0.00,12.92,Weekday,Tuesday,Maximum_Load,53.45,100.00
4.75,4.75,0.00,Weekday,Monday,Light_Load,100.00,70.71
2.88,5.51,0.00,Weekend,Sunday,Light_Load,100.00,46.32
57.64,45.07,0.00,Weekday,Tuesday,Maximum_Load,100.00,78.78
5.11,0.00,26.78,Weekday,Wednesday,Medium_Load,18.74,100.00
3.89,6.05,0.00,Weekday,Monday,Light_Load,100.00,54.08
2.84,4.82,0.00,Weekend,Sunday,Light_Load,100.00,50.76
101.95,46.62,0.00,Weekday,Wednesday,Medium_Load,100.00,90.94
44.96,19.76,0.00,Weekday,Monday,Medium_Load,100.00,91.55
7.06,0.00,25.52,Weekday,Monday,Medium_Load,26.66,100.00
3.92,3.60,0.00,Weekday,Wednesday,Light_Load,100.00,73.65
3.64,4.57,0.00,Weekday,Thursday,Light_Load,100.00,62.30
2.66,4.93,0.00,Weekday,Thursday,Light_Load,100.00,47.48
3.38,0.00,17.46,Weekend,Saturday,Light_Load,19.01,100.00
3.64,3.56,0.00,Weekday,Friday,Light_Load,100.00,71.49
56.77,15.19,0.00,Weekday,Monday,Medium_Load,100.00,96.60
2.81,4.72,0.00,Weekend,Sunday,Light_Load,100.00,51.15
3.64,3.53,0.00,Weekday,Wednesday,Light_Load,100.00,71.79
3.28,4.93,0.00,Weekend,Saturday,Light_Load,100.00,55.39
2.74,3.78,0.00,Weekday,Wednesday,Light_Load,100.00,58.69
3.96,0.00,21.74,Weekday,Wednesday,Medium_Load,17.92,100.00
2.99,3.31,0.00,Weekend,Sunday,Light_Load,100.00,67.03
3.64,4.36,0.00,Weekday,Monday,Light_Load,100.00,64.09
2.84,5.00,0.00,Weekday,Wednesday,Light_Load,100.00,49.39
5.15,4.72,0.00,Weekday,Tuesday,Light_Load,100.00,73.72
2.84,5.11,0.00,Weekday,Friday,Light_Load,100.00,48.58
3.20,0.00,16.99,Weekday,Tuesday,Light_Load,18.51,100.00
3.74,5.29,0.00,Weekend,Saturday,Light_Load,100.00,57.73
28.73,1.30,1.76,Weekend,Saturday,Maximum_Load,99.81,99.90
52.42,27.76,0.00,Weekday,Monday,Maximum_Load,100.00,88.37
57.85,31.86,0.00,Weekday,Thursday,Medium_Load,100.00,87.59
3.71,0.00,17.35,Weekend,Saturday,Medium_Load,20.91,100.00
58.75,28.62,0.00,Weekday,Tuesday,Maximum_Load,100.00,89.90
3.10,0.00,13.97,Weekend,Sunday,Medium_Load,21.66,100.00
41.54,1.80,0.18,Weekend,Saturday,Medium_Load,100.00,99.91
4.61,0.00,19.91,Weekend,Sunday,Light_Load,22.56,100.00
3.24,0.00,14.54,Weekday,Monday,Light_Load,21.75,100.00
46.12,33.91,0.04,Weekday,Friday,Maximum_Load,100.00,80.57
11.23,0.00,17.50,Weekend,Saturday,Medium_Load,54.01,100.00
3.35,6.41,0.00,Weekend,Saturday,Light_Load,100.00,46.32
5.69,5.58,0.25,Weekend,Saturday,Light_Load,99.90,71.40
24.88,24.95,0.00,Weekday,Monday,Light_Load,100.00,70.61
24.44,25.42,0.00,Weekday,Monday,Maximum_Load,100.00,69.31
3.38,3.85,0.00,Weekday,Wednesday,Light_Load,100.00,65.97
2.81,0.00,11.02,Weekend,Sunday,Light_Load,24.71,100.00
6.77,5.40,0.00,Weekend,Saturday,Light_Load,100.00,78.18
4.10,0.00,20.84,Weekend,Saturday,Light_Load,19.30,100.00
54.68,22.18,0.00,Weekday,Wednesday,Medium_Load,100.00,92.67
2.81,0.00,4.10,Weekday,Wednesday,Medium_Load,56.53,100.00
4.43,4.36,0.00,Weekday,Thursday,Light_Load,100.00,71.27
2.95,0.00,17.03,Weekend,Sunday,Light_Load,17.07,100.00
4.43,0.00,26.60,Weekend,Saturday,Medium_Load,16.43,100.00
3.13,0.00,16.88,Weekend,Sunday,Light_Load,18.23,100.00
3.53,5.29,0.00,Weekday,Monday,Medium_Load,100.00,55.51
38.34,27.68,0.00,Weekday,Thursday,Light_Load,100.00,81.08
3.13,3.49,0.00,Weekend,Sunday,Light_Load,100.00,66.77
2.81,0.00,5.36,Weekend,Saturday,Light_Load,46.43,100.00
66.96,47.16,0.00,Weekday,Thursday,Light_Load,100.00,81.76
2.88,5.26,0.04,Weekend,Sunday,Light_Load,99.99,48.03
3.67,4.39,0.00,Weekday,Thursday,Light_Load,100.00,64.14
2.81,4.28,0.00,Weekday,Friday,Light_Load,100.00,54.88
31.86,1.48,6.88,Weekday,Thursday,Medium_Load,97.75,99.89
95.62,52.02,0.00,Weekend,Saturday,Maximum_Load,100.00,87.84
65.56,24.88,0.18,Weekday,Tuesday,Maximum_Load,100.00,93.49
54.76,23.62,0.00,Weekday,Thursday,Maximum_Load,100.00,91.82
4.57,4.36,0.00,Weekday,Thursday,Light_Load,100.00,72.35
2.59,0.00,12.13,Weekday,Wednesday,Light_Load,20.88,100.00
3.60,6.66,0.00,Weekday,Monday,Light_Load,100.00,47.55
2.77,5.04,0.00,Weekday,Friday,Light_Load,100.00,48.17
3.49,0.00,14.15,Weekend,Saturday,Light_Load,23.95,100.00
4.61,4.72,0.00,Weekday,Thursday,Light_Load,100.00,69.87
60.77,34.06,0.00,Weekday,Wednesday,Light_Load,100.00,87.23
56.12,49.50,0.00,Weekday,Thursday,Medium_Load,100.00,75.00
2.66,4.50,0.00,Weekday,Wednesday,Light_Load,100.00,50.89
3.78,3.49,0.00,Weekend,Sunday,Light_Load,100.00,73.47
63.25,38.63,0.00,Weekday,Wednesday,Maximum_Load,100.00,85.34
52.45,27.18,0.00,Weekday,Friday,Maximum_Load,100.00,88.79
3.82,2.52,0.40,Weekday,Thursday,Maximum_Load,99.46,83.47
5.80,4.75,0.00,Weekday,Tuesday,Light_Load,100.00,77.37
4.28,4.21,0.00,Weekday,Monday,Light_Load,100.00,71.29
93.71,81.18,0.00,Weekday,Thursday,Light_Load,100.00,75.58
2.99,4.75,0.00,Weekend,Sunday,Light_Load,100.00,53.27
5.08,5.65,0.00,Weekday,Wednesday,Light_Load,100.00,66.86
3.10,5.29,0.00,Weekday,Friday,Light_Load,100.00,50.56
86.98,66.53,0.00,Weekday,Tuesday,Light_Load,100.00,79.43
2.77,0.00,13.75,Weekend,Sunday,Light_Load,19.75,100.00
39.96,4.10,0.40,Weekday,Friday,Maximum_Load,99.99,99.48
81.29,24.62,0.00,Weekend,Saturday,Medium_Load,100.00,95.71
5.98,5.98,0.00,Weekday,Wednesday,Light_Load,100.00,70.71
2.74,5.18,0.00,Weekday,Thursday,Light_Load,100.00,46.76
2.81,0.00,4.57,Weekday,Friday,Light_Load,52.38,100.00
4.00,3.89,0.00,Weekend,Saturday,Light_Load,100.00,71.69
4.10,0.00,16.49,Weekday,Friday,Medium_Load,24.13,100.00
75.10,38.66,0.00,Weekday,Wednesday,Medium_Load,100.00,88.91
3.71,4.57,0.00,Weekday,Tuesday,Light_Load,100.00,63.03
60.88,42.70,0.00,Weekday,Monday,Maximum_Load,100.00,81.87
3.74,2.95,0.25,Weekend,Sunday,Light_Load,99.78,78.52
2.84,5.36,0.00,Weekday,Tuesday,Light_Load,100.00,46.82
3.89,1.48,13.25,Weekday,Thursday,Medium_Load,28.17,93.46
58.03,39.28,0.00,Weekday,Thursday,Maximum_Load,100.00,82.81
3.64,4.03,0.00,Weekday,Monday,Medium_Load,100.00,67.03
64.22,20.05,0.00,Weekday,Tuesday,Maximum_Load,100.00,95.46
50.08,30.60,0.04,Weekday,Thursday,Medium_Load,100.00,85.33
3.31,4.64,0.00,Weekday,Friday,Medium_Load,100.00,58.07
40.25,2.92,0.04,Weekday,Wednesday,Medium_Load,100.00,99.74
4.03,6.55,0.00,Weekend,Saturday,Light_Load,100.00,52.40
3.20,5.29,0.00,Weekday,Friday,Light_Load,100.00,51.76
131.26,42.19,0.00,Weekday,Friday,Maximum_Load,100.00,95.20
5.62,0.00,19.87,Weekday,Monday,Medium_Load,27.22,100.00
2.74,3.82,0.00,Weekend,Sunday,Light_Load,100.00,58.28
4.72,4.90,0.00,Weekday,Friday,Light_Load,100.00,69.38
3.02,0.00,17.10,Weekend,Saturday,Medium_Load,17.39,100.00
28.08,0.14,3.10,Weekday,Thursday,Medium_Load,99.40,100.00
3.31,6.19,0.00,Weekday,Friday,Light_Load,100.00,47.15
104.69,33.16,0.00,Weekend,Sunday,Medium_Load,100.00,95.33
34.56,0.07,5.87,Weekend,Saturday,Maximum_Load,98.59,100.00
104.29,62.78,0.00,Weekday,Friday,Medium_Load,100.00,85.67
114.88,70.16,0.00,Weekday,Tuesday,Maximum_Load,100.00,85.34
58.14,28.30,0.00,Weekday,Tuesday,Medium_Load,100.00,89.91
43.27,14.11,0.00,Weekday,Wednesday,Maximum_Load,100.00,95.07
2.63,5.65,0.00,Weekday,Tuesday,Light_Load,100.00,42.20
7.20,0.00,25.16,Weekend,Saturday,Maximum_Load,27.51,100.00
3.28,2.59,0.00,Weekday,Friday,Light_Load,100.00,78.48
2.81,4.10,0.00,Weekday,Wednesday,Light_Load,100.00,56.53
7.70,0.00,20.63,Weekday,Tuesday,Medium_Load,34.97,100.00
2.88,5.83,0.00,Weekday,Friday,Light_Load,100.00,44.29
2.70,0.00,5.08,Weekday,Friday,Light_Load,46.93,100.00
3.24,3.31,0.00,Weekday,Wednesday,Light_Load,100.00,69.95
3.89,0.00,17.06,Weekday,Thursday,Medium_Load,22.23,100.00
4.61,0.00,17.68,Weekend,Saturday,Medium_Load,25.23,100.00
39.64,1.48,0.68,Weekday,Tuesday,Medium_Load,99.99,99.93
3.67,4.61,0.00,Weekday,Wednesday,Light_Load,100.00,62.28
5.15,0.00,21.71,Weekday,Friday,Maximum_Load,23.08,100.00
51.48,27.29,0.00,Weekday,Friday,Medium_Load,100.00,88.35
2.74,4.68,0.00,Weekday,Thursday,Light_Load,100.00,50.52
54.94,29.77,0.00,Weekday,Friday,Maximum_Load,100.00,87.92
2.99,5.62,0.00,Weekday,Monday,Light_Load,100.00,46.97
30.89,25.06,0.00,Weekend,Saturday,Light_Load,100.00,77.66
2.99,0.00,16.92,Weekend,Sunday,Light_Load,17.40,100.00
3.42,2.12,0.25,Weekday,Thursday,Light_Load,99.73,84.99
31.93,0.36,2.77,Weekday,Friday,Medium_Load,99.63,99.99
3.17,0.00,4.82,Weekend,Sunday,Light_Load,54.95,100.00
3.53,5.08,0.00,Weekday,Wednesday,Light_Load,100.00,57.06
3.42,0.00,16.85,Weekend,Sunday,Medium_Load,19.89,100.00
3.20,5.54,0.00,Weekend,Sunday,Light_Load,100.00,50.02
2.92,4.86,0.00,Weekend,Saturday,Light_Load,100.00,51.50
50.36,21.82,0.00,Weekday,Thursday,Medium_Load,100.00,91.76
29.77,0.29,6.77,Weekday,Tuesday,Medium_Load,97.51,100.00
39.53,15.62,0.00,Weekday,Friday,Maximum_Load,100.00,93.00
64.76,34.24,0.00,Weekday,Friday,Medium_Load,100.00,88.40
2.70,0.00,11.92,Weekday,Tuesday,Light_Load,22.09,100.00
62.14,31.18,0.00,Weekday,Monday,Maximum_Load,100.00,89.38
40.57,29.59,0.00,Weekday,Monday,Maximum_Load,100.00,80.79
3.96,2.52,0.47,Weekday,Friday,Light_Load,99.30,84.37
3.13,2.27,0.07,Weekend,Sunday,Light_Load,99.98,80.95
3.06,2.59,0.00,Weekend,Saturday,Light_Load,100.00,76.33
50.65,40.07,0.00,Weekday,Thursday,Medium_Load,100.00,78.43
2.77,5.47,0.00,Weekday,Tuesday,Light_Load,100.00,45.18
3.38,5.54,0.00,Weekday,Wednesday,Light_Load,100.00,52.08
62.39,39.42,0.00,Weekday,Thursday,Maximum_Load,100.00,84.54
2.88,0.00,8.17,Weekend,Sunday,Light_Load,33.25,100.00
51.95,40.39,0.00,Weekday,Tuesday,Medium_Load,100.00,78.95
3.46,2.84,0.00,Weekend,Sunday,Light_Load,100.00,77.30
4.68,4.86,0.00,Weekday,Wednesday,Light_Load,100.00,69.36
40.54,1.15,2.63,Weekday,Wednesday,Medium_Load,99.79,99.96
2.95,4.64,0.00,Weekday,Monday,Light_Load,100.00,53.65
3.74,6.55,0.00,Weekday,Monday,Medium_Load,100.00,49.59
110.99,53.93,0.00,Weekday,Monday,Medium_Load,100.00,89.94
3.28,4.86,0.00,Weekend,Saturday,Light_Load,100.00,55.94
17.39,15.84,0.00,Weekday,Monday,Light_Load,100.00,73.93
5.08,0.00,25.74,Weekday,Friday,Medium_Load,19.36,100.00
2.59,0.00,5.58,Weekday,Thursday,Light_Load,42.10,100.00
30.46,32.44,0.00,Weekday,Monday,Light_Load,100.00,68.45
108.97,44.75,0.04,Weekday,Monday,Maximum_Load,100.00,92.50
91.30,35.28,0.00,Weekday,Friday,Maximum_Load,100.00,93.28
3.46,2.74,0.00,Weekend,Sunday,Light_Load,100.00,78.40
29.63,0.68,6.66,Weekday,Friday,Medium_Load,97.57,99.97
129.20,56.81,0.00,Weekday,Tuesday,Maximum_Load,100.00,91.54
3.82,3.24,0.00,Weekday,Monday,Light_Load,100.00,76.26
5.65,5.36,0.00,Weekday,Tuesday,Light_Load,100.00,72.55
3.56,3.64,0.00,Weekday,Monday,Maximum_Load,100.00,69.92
69.95,35.64,0.00,Weekend,Sunday,Maximum_Load,100.00,89.10
2.59,4.64,0.00,Weekday,Monday,Light_Load,100.00,48.74
5.15,5.29,0.00,Weekday,Wednesday,Light_Load,100.00,69.76
3.42,5.72,0.00,Weekday,Wednesday,Light_Load,100.00,51.32
103.46,39.60,0.00,Weekday,Friday,Maximum_Load,100.00,93.39
2.70,0.00,5.36,Weekday,Wednesday,Light_Load,44.99,100.00
3.78,2.84,0.00,Weekday,Monday,Light_Load,100.00,79.95
2.81,4.93,0.00,Weekend,Sunday,Light_Load,100.00,49.52
3.60,5.00,0.00,Weekday,Monday,Light_Load,100.00,58.43
4.14,0.00,20.23,Weekday,Monday,Light_Load,20.05,100.00
69.48,33.98,0.00,Weekday,Friday,Maximum_Load,100.00,89.83
4.54,4.36,0.00,Weekend,Sunday,Light_Load,100.00,72.13
56.48,27.97,0.00,Weekday,Thursday,Medium_Load,100.00,89.61
58.82,21.42,0.00,Weekday,Monday,Medium_Load,100.00,93.96
5.47,0.00,10.66,Weekday,Monday,Maximum_Load,45.65,100.00
36.72,2.16,0.83,Weekday,Friday,Medium_Load,99.97,99.83
118.76,46.62,0.00,Weekday,Wednesday,Maximum_Load,100.00,93.08
3.85,0.00,20.95,Weekday,Tuesday,Medium_Load,18.07,100.00
2.59,3.53,0.00,Weekend,Sunday,Light_Load,100.00,59.16
35.42,6.91,0.58,Weekday,Friday,Maximum_Load,99.99,98.15
2.99,0.00,4.79,Weekday,Tuesday,Light_Load,52.95,100.00
2.84,4.61,0.00,Weekday,Monday,Light_Load,100.00,52.45
3.35,3.60,0.00,Weekday,Tuesday,Light_Load,100.00,68.12
113.98,61.92,0.00,Weekday,Tuesday,Medium_Load,100.00,87.87
60.84,42.55,0.00,Weekday,Thursday,Light_Load,100.00,81.95
125.57,44.89,0.00,Weekday,Tuesday,Medium_Load,100.00,94.16
53.32,15.12,0.00,Weekday,Friday,Maximum_Load,100.00,96.21
85.75,36.14,0.00,Weekday,Monday,Maximum_Load,100.00,92.15
2.84,1.98,0.25,Weekday,Tuesday,Light_Load,99.61,82.03
3.06,5.40,0.00,Weekend,Saturday,Light_Load,100.00,49.30
4.03,1.69,14.18,Weekday,Thursday,Medium_Load,27.34,92.22
52.27,31.64,0.00,Weekday,Friday,Medium_Load,100.00,85.55
3.06,3.78,0.00,Weekend,Sunday,Light_Load,100.00,62.92
2.66,3.53,0.00,Weekday,Tuesday,Light_Load,100.00,60.18
3.67,3.82,0.00,Weekday,Wednesday,Medium_Load,100.00,69.28
77.65,9.54,1.08,Weekday,Wednesday,Medium_Load,99.99,99.25
3.28,4.32,0.00,Weekday,Wednesday,Light_Load,100.00,60.47
3.02,4.79,0.00,Weekday,Wednesday,Light_Load,100.00,53.33
4.07,2.77,0.00,Weekday,Wednesday,Light_Load,100.00,82.67
9.61,5.54,0.00,Weekday,Friday,Light_Load,100.00,86.64
38.92,4.32,2.20,Weekday,Wednesday,Maximum_Load,99.84,99.39
3.60,5.11,0.00,Weekday,Friday,Light_Load,100.00,57.59
4.72,5.54,0.00,Weekday,Friday,Light_Load,100.00,64.85
46.80,26.42,0.00,Weekday,Tuesday,Maximum_Load,100.00,87.08
53.35,11.81,1.12,Weekday,Wednesday,Maximum_Load,99.98,97.64
61.74,26.82,0.00,Weekday,Tuesday,Maximum_Load,100.00,91.72
56.30,15.23,0.00,Weekday,Friday,Maximum_Load,100.00,96.53
3.02,0.00,14.69,Weekend,Sunday,Light_Load,20.14,100.00
3.42,2.41,0.04,Weekend,Saturday,Light_Load,99.99,81.74
4.10,0.00,25.99,Weekend,Sunday,Medium_Load,15.58,100.00
3.89,0.00,18.25,Weekday,Thursday,Maximum_Load,20.85,100.00
90.36,50.33,0.00,Weekday,Friday,Medium_Load,100.00,87.36
3.82,0.00,17.86,Weekend,Sunday,Medium_Load,20.92,100.00
29.02,18.83,0.07,Weekday,Tuesday,Light_Load,100.00,83.89
76.14,28.69,0.00,Weekday,Monday,Medium_Load,100.00,93.58
39.17,6.37,0.00,Weekend,Saturday,Maximum_Load,100.00,98.70
2.81,0.00,16.99,Weekday,Thursday,Light_Load,16.32,100.00
3.53,8.06,0.00,Weekday,Tuesday,Medium_Load,100.00,40.12
84.92,26.75,0.00,Weekday,Tuesday,Medium_Load,100.00,95.38
3.02,3.53,0.00,Weekday,Tuesday,Light_Load,100.00,65.01
30.38,0.58,1.94,Weekend,Sunday,Maximum_Load,99.80,99.98
70.85,37.62,0.00,Weekday,Monday,Maximum_Load,100.00,88.32
5.22,0.00,25.60,Weekday,Monday,Medium_Load,19.98,100.00
3.46,0.00,14.00,Weekday,Tuesday,Light_Load,23.99,100.00
44.21,31.14,0.00,Weekday,Tuesday,Light_Load,100.00,81.76
103.36,39.53,0.00,Weekday,Monday,Medium_Load,100.00,93.40
2.77,5.62,0.00,Weekday,Tuesday,Light_Load,100.00,44.21
54.79,26.21,0.00,Weekday,Monday,Maximum_Load,100.00,90.21
3.10,3.60,0.00,Weekend,Sunday,Light_Load,100.00,65.25
57.71,22.54,0.00,Weekday,Wednesday,Maximum_Load,100.00,93.15
3.89,5.47,0.00,Weekday,Monday,Light_Load,100.00,57.95
40.90,31.72,0.00,Weekday,Thursday,Light_Load,100.00,79.02
5.00,0.00,23.08,Weekend,Saturday,Maximum_Load,21.17,100.00
43.92,27.58,0.00,Weekday,Tuesday,Maximum_Load,100.00,84.69
4.64,2.74,0.11,Weekday,Wednesday,Light_Load,99.97,86.11
3.64,7.42,0.00,Weekday,Friday,Light_Load,100.00,44.04
2.84,4.90,0.00,Weekday,Thursday,Light_Load,100.00,50.15
3.10,4.03,0.00,Weekday,Tuesday,Light_Load,100.00,60.97
53.53,28.22,0.00,Weekday,Friday,Medium_Load,100.00,88.46
72.36,48.74,0.00,Weekday,Monday,Medium_Load,100.00,82.94
64.69,37.91,0.00,Weekday,Tuesday,Maximum_Load,100.00,86.28
42.98,15.44,0.00,Weekend,Saturday,Maximum_Load,100.00,94.11
3.13,6.16,0.00,Weekday,Wednesday,Light_Load,100.00,45.30
3.24,0.00,17.53,Weekend,Sunday,Light_Load,18.17,100.00
93.53,35.17,0.11,Weekday,Wednesday,Maximum_Load,100.00,93.60
4.07,5.00,0.00,Weekday,Friday,Light_Load,100.00,63.13
4.61,3.46,0.00,Weekend,Saturday,Light_Load,100.00,79.98
4.61,0.00,17.46,Weekday,Friday,Medium_Load,25.53,100.00
67.03,28.01,0.00,Weekday,Friday,Maximum_Load,100.00,92.27
28.66,0.00,9.50,Weekend,Saturday,Maximum_Load,94.92,100.00
63.76,26.03,0.00,Weekday,Friday,Medium_Load,100.00,92.58
98.93,39.92,0.00,Weekday,Monday,Maximum_Load,100.00,92.73
54.58,37.94,0.00,Weekday,Tuesday,Medium_Load,100.00,82.11
86.98,35.57,0.00,Weekday,Monday,Medium_Load,100.00,92.56
104.40,56.34,0.00,Weekday,Monday,Medium_Load,100.00,88.00
3.96,0.00,7.78,Weekend,Sunday,Light_Load,45.36,100.00
4.07,4.61,0.00,Weekday,Friday,Light_Load,100.00,66.18
5.98,5.00,0.00,Weekend,Saturday,Light_Load,100.00,76.72
36.14,10.44,0.00,Weekend,Saturday,Maximum_Load,100.00,96.07
3.06,3.13,0.00,Weekend,Sunday,Light_Load,100.00,69.91
43.88,20.66,0.00,Weekend,Saturday,Maximum_Load,100.00,90.47
3.06,0.00,16.70,Weekend,Sunday,Light_Load,18.02,100.00
3.60,0.00,7.20,Weekend,Sunday,Medium_Load,44.72,100.00
57.10,14.22,0.00,Weekday,Thursday,Medium_Load,100.00,97.04
4.72,4.28,0.00,Weekday,Tuesday,Light_Load,100.00,74.08
3.02,2.27,0.04,Weekend,Saturday,Light_Load,99.99,79.94
53.64,34.02,0.00,Weekday,Wednesday,Medium_Load,100.00,84.45
3.89,0.00,24.12,Weekend,Sunday,Maximum_Load,15.92,100.00
57.49,54.76,0.00,Weekday,Friday,Light_Load,100.00,72.41
3.35,5.69,0.00,Weekday,Friday,Light_Load,100.00,50.74
2.92,0.00,12.92,Weekend,Sunday,Light_Load,22.04,100.00
2.66,5.72,0.07,Weekday,Monday,Light_Load,99.97,42.17
3.96,5.80,0.00,Weekday,Thursday,Light_Load,100.00,56.39
51.88,27.61,0.00,Weekday,Thursday,Medium_Load,100.00,88.28
7.06,0.00,20.56,Weekday,Thursday,Medium_Load,32.48,100.00
3.28,6.66,0.00,Weekend,Saturday,Light_Load,100.00,44.18
2.77,0.00,6.95,Weekday,Monday,Light_Load,37.02,100.00
3.64,4.36,0.00,Weekend,Saturday,Light_Load,100.00,64.09
35.21,1.76,0.94,Weekday,Monday,Medium_Load,99.96,99.88
3.64,4.61,0.00,Weekday,Wednesday,Light_Load,100.00,61.97
125.03,40.50,0.00,Weekday,Tuesday,Medium_Load,100.00,95.13
123.80,57.89,0.00,Weekday,Tuesday,Maximum_Load,100.00,90.59
5.83,5.33,0.00,Weekday,Wednesday,Light_Load,100.00,73.80
33.05,22.75,3.60,Weekday,Wednesday,Maximum_Load,99.41,82.37
3.10,4.86,0.00,Weekday,Friday,Light_Load,100.00,53.78
7.70,0.00,25.74,Weekday,Wednesday,Medium_Load,28.66,100.00
3.24,0.00,13.86,Weekend,Saturday,Medium_Load,22.76,100.00
110.74,49.28,0.00,Weekday,Friday,Maximum_Load,100.00,91.36
103.64,72.76,0.00,Weekday,Tuesday,Maximum_Load,100.00,81.84
3.85,0.00,16.38,Weekend,Saturday,Medium_Load,22.88,100.00
2.92,0.00,4.50,Weekday,Tuesday,Light_Load,54.43,100.00
31.68,12.49,2.02,Weekday,Monday,Medium_Load,99.80,93.03
3.31,0.00,16.42,Weekday,Tuesday,Medium_Load,19.76,100.00
3.89,5.62,0.00,Weekend,Sunday,Medium_Load,100.00,56.91
4.75,5.26,0.00,Weekday,Monday,Light_Load,100.00,67.02
3.85,4.72,0.00,Weekday,Tuesday,Light_Load,100.00,63.21
4.75,0.00,25.67,Weekend,Sunday,Light_Load,18.20,100.00
31.50,28.73,0.00,Weekday,Wednesday,Light_Load,100.00,73.88
2.74,5.40,0.00,Weekday,Friday,Light_Load,100.00,45.25
34.74,1.48,1.33,Weekend,Saturday,Maximum_Load,99.93,99.91
2.95,1.91,0.25,Weekday,Monday,Light_Load,99.64,83.94
2.66,4.82,0.00,Weekday,Wednesday,Light_Load,100.00,48.32
111.46,61.38,0.00,Weekday,Monday,Maximum_Load,100.00,87.60
3.06,0.00,11.30,Weekend,Saturday,Medium_Load,26.14,100.00
2.66,3.56,0.00,Weekend,Sunday,Light_Load,100.00,59.86
3.71,3.28,0.00,Weekday,Wednesday,Light_Load,100.00,74.92
44.64,23.94,0.00,Weekend,Saturday,Maximum_Load,100.00,88.13
4.64,4.36,0.00,Weekday,Monday,Light_Load,100.00,72.88
44.42,17.93,0.00,Weekday,Monday,Maximum_Load,100.00,92.73
2.88,0.00,13.72,Weekend,Sunday,Light_Load,20.54,100.00
3.92,3.74,0.00,Weekend,Sunday,Light_Load,100.00,72.35
57.64,25.78,0.00,Weekday,Wednesday,Maximum_Load,100.00,91.29
3.89,3.49,0.00,Weekend,Sunday,Light_Load,100.00,74.43
3.67,4.07,0.00,Weekday,Tuesday,Light_Load,100.00,66.97
3.38,2.34,0.07,Weekday,Thursday,Light_Load,99.98,82.22
9.00,0.00,26.17,Weekday,Friday,Medium_Load,32.52,100.00
72.11,45.47,0.00,Weekday,Wednesday,Maximum_Load,100.00,84.59
65.02,37.62,0.00,Weekday,Thursday,Maximum_Load,100.00,86.56
2.77,5.08,0.00,Weekday,Tuesday,Light_Load,100.00,47.87
93.92,40.68,0.00,Weekday,Wednesday,Maximum_Load,100.00,91.76
2.81,4.64,0.00,Weekend,Sunday,Light_Load,100.00,51.80
100.66,39.71,0.00,Weekday,Monday,Medium_Load,100.00,93.02
7.13,0.00,16.99,Weekend,Saturday,Light_Load,38.70,100.00
4.14,3.96,0.00,Weekend,Saturday,Light_Load,100.00,72.26
3.02,0.00,13.64,Weekend,Sunday,Light_Load,21.62,100.00
59.76,20.02,0.00,Weekday,Monday,Medium_Load,100.00,94.82
105.95,50.22,0.00,Weekday,Tuesday,Maximum_Load,100.00,90.36
2.81,5.15,0.00,Weekday,Monday,Light_Load,100.00,47.90
2.56,5.40,0.00,Weekday,Tuesday,Light_Load,100.00,42.84
5.44,0.00,20.59,Weekday,Wednesday,Maximum_Load,25.54,100.00
113.90,71.50,0.00,Weekday,Wednesday,Light_Load,100.00,84.70
3.35,1.91,10.91,Weekday,Thursday,Medium_Load,29.35,86.87
3.13,5.87,0.00,Weekday,Friday,Light_Load,100.00,47.05
5.62,0.00,21.02,Weekday,Friday,Maximum_Load,25.83,100.00
38.63,7.27,0.00,Weekday,Thursday,Maximum_Load,100.00,98.27
115.24,51.12,0.00,Weekday,Monday,Maximum_Load,100.00,91.41
33.52,0.00,10.37,Weekend,Saturday,Maximum_Load,95.53,100.00
3.60,5.72,0.00,Weekday,Tuesday,Light_Load,100.00,53.27
2.77,4.00,0.00,Weekday,Wednesday,Light_Load,100.00,56.93
3.46,2.38,0.36,Weekday,Wednesday,Light_Load,99.46,82.39
51.41,14.54,0.07,Weekday,Wednesday,Medium_Load,100.00,96.23
22.50,15.01,0.00,Weekday,Wednesday,Light_Load,100.00,83.19
101.27,53.46,0.00,Weekday,Monday,Maximum_Load,100.00,88.43
4.75,0.00,21.71,Weekend,Sunday,Light_Load,21.37,100.00
4.18,0.00,16.31,Weekday,Wednesday,Medium_Load,24.83,100.00
8.86,0.00,23.58,Weekday,Wednesday,Medium_Load,35.17,100.00
4.28,0.00,16.60,Weekend,Saturday,Medium_Load,24.97,100.00
2.99,1.12,5.26,Weekend,Sunday,Medium_Load,49.42,93.65
3.20,4.79,0.00,Weekend,Saturday,Light_Load,100.00,55.55
110.81,39.46,0.00,Weekday,Friday,Maximum_Load,100.00,94.21
92.09,34.24,0.00,Weekday,Wednesday,Medium_Load,100.00,93.73
42.01,7.88,0.40,Weekend,Saturday,Medium_Load,100.00,98.29
4.32,0.00,12.13,Weekend,Saturday,Medium_Load,33.55,100.00
95.98,12.92,0.00,Weekday,Tuesday,Medium_Load,100.00,99.11
3.82,3.02,0.00,Weekday,Tuesday,Light_Load,100.00,78.45
116.24,46.40,0.00,Weekday,Friday,Medium_Load,100.00,92.87
87.73,41.51,0.00,Weekday,Thursday,Medium_Load,100.00,90.39
111.67,63.40,0.00,Weekday,Thursday,Maximum_Load,100.00,86.96
63.00,31.64,0.00,Weekday,Friday,Medium_Load,100.00,89.36
3.28,0.00,11.12,Weekend,Saturday,Medium_Load,28.29,100.00
4.21,0.00,11.88,Weekday,Friday,Medium_Load,33.40,100.00
3.35,0.00,21.53,Weekend,Saturday,Light_Load,15.37,100.00
60.91,23.87,0.00,Weekday,Wednesday,Maximum_Load,100.00,93.11
3.74,6.66,0.11,Weekend,Sunday,Medium_Load,99.96,48.96
2.70,5.69,0.00,Weekend,Sunday,Light_Load,100.00,42.87
20.30,1.98,15.59,Weekday,Tuesday,Medium_Load,79.31,99.53
37.44,27.90,0.00,Weekend,Sunday,Light_Load,100.00,80.18
28.37,1.04,1.51,Weekday,Thursday,Medium_Load,99.86,99.93
101.99,48.56,0.00,Weekday,Wednesday,Maximum_Load,100.00,90.29
3.24,0.00,12.92,Weekday,Friday,Medium_Load,24.32,100.00
103.10,38.56,0.00,Weekday,Thursday,Medium_Load,100.00,93.66
37.44,20.99,0.00,Weekday,Thursday,Medium_Load,100.00,87.23
3.64,3.56,0.00,Weekday,Tuesday,Light_Load,100.00,71.49
2.95,4.57,0.00,Weekday,Wednesday,Light_Load,100.00,54.23
3.20,5.40,0.00,Weekday,Friday,Light_Load,100.00,50.98
3.24,6.23,0.00,Weekday,Monday,Light_Load,100.00,46.14
3.49,2.09,0.54,Weekday,Tuesday,Light_Load,98.82,85.79
3.96,0.00,20.95,Weekend,Saturday,Light_Load,18.57,100.00
42.01,28.55,0.00,Weekday,Tuesday,Maximum_Load,100.00,82.71
2.99,4.25,0.00,Weekday,Wednesday,Light_Load,100.00,57.54
3.10,6.59,0.00,Weekend,Saturday,Light_Load,100.00,42.57
99.86,36.94,0.00,Weekend,Sunday,Maximum_Load,100.00,93.79
5.51,0.00,8.86,Weekday,Tuesday,Medium_Load,52.81,100.00
4.79,4.57,0.00,Weekday,Tuesday,Light_Load,100.00,72.35
2.63,5.36,0.00,Weekday,Wednesday,Light_Load,100.00,44.05
3.35,4.72,0.00,Weekday,Thursday,Light_Load,100.00,57.88
2.84,5.08,0.00,Weekday,Tuesday,Light_Load,100.00,48.80
5.36,2.84,0.04,Weekday,Monday,Light_Load,100.00,88.36
33.16,23.69,0.00,Weekday,Monday,Maximum_Load,100.00,81.37
2.99,5.04,0.00,Weekend,Sunday,Light_Load,100.00,51.02
61.20,40.18,0.00,Weekday,Tuesday,Medium_Load,100.00,83.59
95.15,43.34,0.00,Weekday,Thursday,Medium_Load,100.00,91.00
3.20,6.30,0.00,Weekend,Sunday,Light_Load,100.00,45.29
95.04,48.82,0.00,Weekday,Monday,Light_Load,100.00,88.95
38.45,38.12,0.00,Weekday,Wednesday,Light_Load,100.00,71.01
121.57,49.75,0.00,Weekday,Thursday,Medium_Load,100.00,92.55
3.38,4.64,0.00,Weekday,Monday,Light_Load,100.00,58.88
17.17,0.07,15.26,Weekday,Monday,Medium_Load,74.75,100.00
96.80,42.62,0.00,Weekday,Friday,Medium_Load,100.00,91.52
46.73,11.52,0.04,Weekday,Thursday,Medium_Load,100.00,97.09
2.81,0.00,17.32,Weekday,Wednesday,Light_Load,16.01,100.00
60.80,52.85,0.00,Weekday,Tuesday,Maximum_Load,100.00,75.47
2.66,2.95,0.00,Weekend,Sunday,Light_Load,100.00,66.97
2.74,5.04,0.00,Weekday,Friday,Medium_Load,100.00,47.76
108.14,45.68,0.00,Weekday,Monday,Medium_Load,100.00,92.12
2.74,0.00,11.66,Weekend,Sunday,Light_Load,22.88,100.00
51.44,36.25,0.00,Weekday,Friday,Light_Load,100.00,81.74
6.66,0.00,26.75,Weekday,Monday,Medium_Load,24.16,100.00
56.88,24.98,0.00,Weekday,Thursday,Medium_Load,100.00,91.56
38.66,27.94,0.00,Weekday,Tuesday,Maximum_Load,100.00,81.05
3.31,4.97,0.00,Weekday,Monday,Light_Load,100.00,55.43
3.74,4.39,0.00,Weekday,Monday,Light_Load,100.00,64.85
3.24,4.03,0.00,Weekday,Friday,Light_Load,100.00,62.66
33.70,0.00,9.36,Weekday,Thursday,Maximum_Load,96.35,100.00
3.67,1.12,12.31,Weekday,Monday,Medium_Load,28.57,95.65
50.69,7.63,0.00,Weekday,Tuesday,Medium_Load,100.00,98.89
3.38,4.03,0.00,Weekday,Friday,Light_Load,100.00,64.26
37.55,5.08,1.84,Weekend,Saturday,Maximum_Load,99.88,99.10
100.58,45.61,0.00,Weekday,Thursday,Medium_Load,100.00,91.07
3.20,2.30,0.32,Weekday,Tuesday,Light_Load,99.50,81.20
6.23,0.00,24.16,Weekend,Saturday,Medium_Load,24.97,100.00
2.63,4.93,0.00,Weekday,Monday,Light_Load,100.00,47.07
78.12,33.34,0.00,Weekday,Thursday,Medium_Load,100.00,91.97
4.39,3.35,0.00,Weekday,Tuesday,Light_Load,100.00,79.50
34.74,0.47,4.86,Weekend,Saturday,Medium_Load,99.04,99.99
98.57,29.45,0.00,Weekday,Tuesday,Maximum_Load,100.00,95.81
3.85,0.00,16.27,Weekday,Tuesday,Medium_Load,23.03,100.00
2.99,0.00,10.73,Weekend,Saturday,Light_Load,26.84,100.00
4.82,1.37,15.62,Weekend,Sunday,Maximum_Load,29.49,96.19
57.06,18.83,0.00,Weekday,Wednesday,Maximum_Load,100.00,94.96
86.98,42.37,3.67,Weekday,Friday,Medium_Load,99.91,89.90
24.80,2.84,4.79,Weekday,Thursday,Maximum_Load,98.19,99.35
4.00,3.53,0.07,Weekday,Friday,Light_Load,99.98,74.98
54.65,28.55,0.00,Weekday,Wednesday,Maximum_Load,100.00,88.63
37.33,27.79,0.00,Weekday,Tuesday,Maximum_Load,100.00,80.21
69.98,38.59,0.00,Weekday,Monday,Maximum_Load,100.00,87.57
59.90,23.87,0.00,Weekday,Friday,Medium_Load,100.00,92.90
49.21,16.70,0.00,Weekday,Friday,Maximum_Load,100.00,94.70
3.10,6.19,0.00,Weekday,Friday,Light_Load,100.00,44.78
93.24,41.87,0.00,Weekday,Friday,Maximum_Load,100.00,91.22
3.56,4.90,0.00,Weekday,Wednesday,Light_Load,100.00,58.78
62.21,32.94,0.00,Weekday,Monday,Medium_Load,100.00,88.38
52.60,25.38,0.00,Weekday,Tuesday,Medium_Load,100.00,90.06
5.76,5.29,0.00,Weekday,Tuesday,Light_Load,100.00,73.65
40.39,31.21,0.00,Weekday,Thursday,Light_Load,100.00,79.13
3.06,5.87,0.00,Weekday,Friday,Light_Load,100.00,46.23
4.86,0.00,20.27,Weekend,Sunday,Light_Load,23.32,100.00
4.82,2.81,0.00,Weekday,Friday,Light_Load,100.00,86.39
3.82,0.00,17.60,Weekday,Monday,Medium_Load,21.21,100.00
3.46,3.24,0.00,Weekend,Saturday,Light_Load,100.00,72.99
2.56,5.33,0.00,Weekday,Wednesday,Light_Load,100.00,43.30
71.35,39.02,0.00,Weekday,Monday,Medium_Load,100.00,87.74
31.79,15.77,0.11,Weekend,Sunday,Maximum_Load,100.00,89.58
4.21,0.00,21.24,Weekend,Saturday,Light_Load,19.44,100.00
4.39,4.10,0.00,Weekend,Sunday,Light_Load,100.00,73.08
65.95,24.55,0.00,Weekday,Thursday,Maximum_Load,100.00,93.72
79.88,34.92,0.00,Weekday,Monday,Maximum_Load,100.00,91.63
42.98,5.47,0.18,Weekday,Wednesday,Maximum_Load,100.00,99.20
54.50,18.25,0.00,Weekday,Friday,Medium_Load,100.00,94.82
2.74,5.58,0.00,Weekend,Sunday,Light_Load,100.00,44.08
51.41,15.73,0.00,Weekday,Tuesday,Medium_Load,100.00,95.62
68.98,35.64,0.00,Weekday,Tuesday,Maximum_Load,100.00,88.84
3.31,0.00,17.28,Weekend,Saturday,Medium_Load,18.81,100.00
49.00,27.72,0.00,Weekday,Monday,Maximum_Load,100.00,87.04
39.49,16.02,0.00,Weekend,Saturday,Maximum_Load,100.00,92.67
109.87,41.15,0.00,Weekday,Thursday,Medium_Load,100.00,93.65
4.14,3.67,0.00,Weekend,Sunday,Light_Load,100.00,74.83
3.60,3.78,0.00,Weekday,Friday,Light_Load,100.00,68.97
69.05,34.31,0.00,Weekday,Monday,Medium_Load,100.00,89.55
64.19,45.94,0.00,Weekday,Thursday,Maximum_Load,100.00,81.32
3.67,5.04,0.00,Weekend,Saturday,Light_Load,100.00,58.86
2.77,0.00,10.55,Weekday,Monday,Light_Load,25.40,100.00
2.84,3.96,0.00,Weekday,Wednesday,Light_Load,100.00,58.28
4.18,0.00,18.00,Weekend,Saturday,Medium_Load,22.62,100.00
2.88,0.00,17.39,Weekend,Saturday,Medium_Load,16.34,100.00
49.46,30.38,0.00,Weekday,Friday,Medium_Load,100.00,85.21
2.99,4.72,0.00,Weekday,Wednesday,Light_Load,100.00,53.51
3.17,0.00,5.62,Weekend,Sunday,Light_Load,49.13,100.00
3.46,0.00,13.93,Weekday,Tuesday,Light_Load,24.11,100.00
4.14,3.53,0.00,Weekend,Saturday,Light_Load,100.00,76.09
70.31,33.34,0.00,Weekday,Monday,Maximum_Load,100.00,90.36
3.67,0.00,17.06,Weekday,Wednesday,Medium_Load,21.03,100.00
3.31,4.50,0.00,Weekday,Monday,Medium_Load,100.00,59.25
85.43,42.95,0.00,Weekday,Monday,Medium_Load,100.00,89.34
3.02,0.00,15.91,Weekend,Sunday,Light_Load,18.65,100.00
60.55,47.48,0.00,Weekday,Friday,Maximum_Load,100.00,78.69
63.50,26.78,0.00,Weekday,Thursday,Maximum_Load,100.00,92.14
3.85,0.00,14.15,Weekday,Wednesday,Medium_Load,26.25,100.00
70.34,22.10,4.54,Weekday,Friday,Maximum_Load,99.79,95.40
3.96,0.00,8.96,Weekday,Thursday,Light_Load,40.42,100.00
3.53,4.79,0.00,Weekday,Tuesday,Medium_Load,100.00,59.33
2.99,0.00,4.68,Weekend,Sunday,Light_Load,53.84,100.00
4.46,0.00,16.13,Weekday,Thursday,Medium_Load,26.65,100.00
6.88,0.00,26.64,Weekday,Monday,Medium_Load,25.01,100.00
2.92,6.05,0.00,Weekday,Wednesday,Light_Load,100.00,43.47
121.90,47.52,0.00,Weekday,Thursday,Medium_Load,100.00,93.17
91.69,33.91,0.00,Weekday,Friday,Maximum_Load,100.00,93.79
4.43,0.00,24.23,Weekday,Tuesday,Medium_Load,17.98,100.00
4.10,0.00,21.38,Weekday,Thursday,Medium_Load,18.83,100.00
4.07,5.18,0.00,Weekday,Monday,Light_Load,100.00,61.78
3.31,2.09,0.04,Weekend,Sunday,Light_Load,99.99,84.55
59.22,39.31,0.00,Weekday,Thursday,Maximum_Load,100.00,83.32
2.88,4.18,0.00,Weekend,Saturday,Light_Load,100.00,56.74
3.31,2.12,0.29,Weekend,Saturday,Light_Load,99.62,84.21
2.81,5.33,0.00,Weekend,Sunday,Light_Load,100.00,46.64
57.13,32.72,0.00,Weekday,Thursday,Medium_Load,100.00,86.78
59.83,19.15,0.00,Weekday,Monday,Medium_Load,100.00,95.24
3.53,4.25,0.00,Weekday,Tuesday,Light_Load,100.00,63.89
4.18,0.00,15.08,Weekend,Sunday,Medium_Load,26.71,100.00
59.36,34.45,0.00,Weekday,Tuesday,Medium_Load,100.00,86.49
3.13,5.65,0.00,Weekend,Sunday,Light_Load,100.00,48.46
55.73,14.22,0.00,Weekday,Thursday,Maximum_Load,100.00,96.90
3.02,0.00,11.05,Weekend,Sunday,Light_Load,26.36,100.00
99.72,25.88,0.00,Weekday,Tuesday,Medium_Load,100.00,96.79
40.03,29.66,0.00,Weekday,Wednesday,Light_Load,100.00,80.35
3.56,0.00,17.46,Weekend,Sunday,Light_Load,19.98,100.00
99.58,41.33,0.00,Weekday,Wednesday,Maximum_Load,100.00,92.36
2.92,0.00,11.74,Weekend,Sunday,Light_Load,24.14,100.00
40.50,16.13,0.04,Weekday,Monday,Medium_Load,100.00,92.90
58.46,24.01,0.00,Weekday,Thursday,Maximum_Load,100.00,92.50
149.18,74.56,0.00,Weekday,Wednesday,Medium_Load,100.00,89.45
4.03,0.00,26.10,Weekend,Sunday,Medium_Load,15.26,100.00
2.92,0.00,13.46,Weekday,Wednesday,Light_Load,21.20,100.00
25.45,0.83,6.91,Weekday,Monday,Medium_Load,96.51,99.95
3.10,4.46,0.00,Weekend,Sunday,Light_Load,100.00,57.07
37.73,6.34,2.70,Weekday,Tuesday,Medium_Load,99.74,98.62
3.78,4.07,0.00,Weekday,Monday,Medium_Load,100.00,68.05
39.42,28.26,0.00,Weekday,Wednesday,Maximum_Load,100.00,81.27
2.92,5.87,0.00,Weekday,Friday,Light_Load,100.00,44.54
140.80,69.77,0.00,Weekday,Wednesday,Maximum_Load,100.00,89.60
2.88,4.90,0.00,Weekday,Tuesday,Light_Load,100.00,50.67
55.69,40.93,0.00,Weekday,Monday,Maximum_Load,100.00,80.58
43.63,2.63,1.51,Weekday,Thursday,Medium_Load,99.94,99.82
30.02,0.00,9.65,Weekday,Tuesday,Medium_Load,95.20,100.00
92.52,35.50,0.00,Weekday,Thursday,Maximum_Load,100.00,93.36
4.00,3.10,0.43,Weekday,Wednesday,Maximum_Load,99.43,79.04
3.56,0.00,14.04,Weekend,Saturday,Light_Load,24.58,100.00
107.89,58.61,0.00,Weekday,Friday,Maximum_Load,100.00,87.87
3.17,5.62,0.00,Weekend,Sunday,Light_Load,100.00,49.13
72.54,20.48,0.00,Weekday,Monday,Maximum_Load,100.00,96.24
3.60,4.32,0.00,Weekend,Sunday,Medium_Load,100.00,64.02
2.88,5.58,0.00,Weekend,Saturday,Medium_Load,100.00,45.86
2.74,5.44,0.00,Weekend,Sunday,Light_Load,100.00,44.98
97.60,59.44,0.00,Weekday,Wednesday,Maximum_Load,100.00,85.41
41.18,19.22,0.00,Weekday,Monday,Medium_Load,100.00,90.62
61.52,48.13,0.00,Weekday,Wednesday,Maximum_Load,100.00,78.76
3.06,6.01,0.00,Weekend,Sunday,Light_Load,100.00,45.37
82.22,35.82,0.00,Weekday,Monday,Medium_Load,100.00,91.68
2.81,5.51,0.00,Weekday,Thursday,Light_Load,100.00,45.43
3.42,4.25,0.00,Weekday,Tuesday,Light_Load,100.00,62.69
3.02,3.78,0.00,Weekday,Monday,Light_Load,100.00,62.42
2.52,4.25,0.00,Weekday,Tuesday,Light_Load,100.00,51.00
4.07,0.00,26.57,Weekend,Saturday,Medium_Load,15.14,100.00
43.09,6.12,0.25,Weekday,Wednesday,Maximum_Load,100.00,99.01
124.63,55.33,0.00,Weekday,Thursday,Medium_Load,100.00,91.40
4.32,5.87,0.00,Weekday,Thursday,Light_Load,100.00,59.27
36.54,26.64,0.00,Weekday,Friday,Light_Load,100.00,80.80
3.10,4.36,0.00,Weekday,Wednesday,Light_Load,100.00,57.95
3.64,3.64,0.00,Weekday,Tuesday,Light_Load,100.00,70.71
71.86,54.65,0.00,Weekday,Tuesday,Maximum_Load,100.00,79.60
4.54,7.34,0.00,Weekday,Tuesday,Light_Load,100.00,52.60
3.10,3.82,0.00,Weekday,Tuesday,Light_Load,100.00,63.01
3.24,6.23,0.00,Weekday,Friday,Light_Load,100.00,46.14
7.52,0.00,26.35,Weekday,Tuesday,Medium_Load,27.44,100.00
11.84,0.00,25.45,Weekday,Thursday,Medium_Load,42.18,100.00
3.64,3.78,0.00,Weekday,Thursday,Light_Load,100.00,69.36
3.02,0.00,16.88,Weekend,Sunday,Light_Load,17.61,100.00
2.77,5.04,0.00,Weekend,Sunday,Light_Load,100.00,48.17
38.92,3.56,0.36,Weekday,Wednesday,Maximum_Load,100.00,99.58
6.77,7.45,0.00,Weekday,Tuesday,Light_Load,100.00,67.25
84.56,19.87,0.47,Weekday,Wednesday,Medium_Load,100.00,97.35
4.28,0.00,16.60,Weekend,Sunday,Light_Load,24.97,100.00
3.06,4.18,0.00,Weekday,Tuesday,Light_Load,100.00,59.07
3.02,0.00,10.08,Weekend,Sunday,Light_Load,28.70,100.00
50.76,21.10,0.00,Weekday,Wednesday,Maximum_Load,100.00,92.34
48.42,24.34,0.00,Weekday,Friday,Medium_Load,100.00,89.35
3.78,0.00,24.84,Weekday,Friday,Medium_Load,15.04,100.00
3.13,2.77,0.00,Weekday,Thursday,Light_Load,100.00,74.89
3.31,4.03,0.00,Weekday,Thursday,Light_Load,100.00,63.47
4.90,7.27,0.00,Weekend,Saturday,Light_Load,100.00,55.89
2.59,4.75,0.00,Weekend,Saturday,Light_Load,100.00,47.87
34.49,14.54,0.58,Weekday,Tuesday,Medium_Load,99.99,92.15
3.96,0.00,15.84,Weekday,Thursday,Medium_Load,24.25,100.00
72.86,67.90,0.00,Weekday,Wednesday,Light_Load,100.00,73.16
4.32,0.00,16.52,Weekend,Sunday,Light_Load,25.30,100.00
2.84,0.00,13.68,Weekday,Monday,Medium_Load,20.33,100.00
49.10,23.65,0.00,Weekday,Friday,Maximum_Load,100.00,90.09
42.30,0.65,0.90,Weekday,Friday,Medium_Load,99.98,99.99
65.66,38.66,0.00,Weekday,Wednesday,Maximum_Load,100.00,86.17
64.33,37.76,0.00,Weekday,Tuesday,Maximum_Load,100.00,86.24
65.38,7.09,2.12,Weekday,Thursday,Maximum_Load,99.95,99.42
2.81,0.00,4.79,Weekday,Thursday,Light_Load,50.60,100.00
4.10,7.56,0.00,Weekday,Friday,Light_Load,100.00,47.67
2.81,5.54,0.00,Weekday,Friday,Light_Load,100.00,45.24
31.68,7.49,0.00,Weekend,Sunday,Maximum_Load,100.00,97.32
3.92,0.00,19.87,Weekday,Thursday,Medium_Load,19.36,100.00
38.20,30.89,0.00,Weekend,Saturday,Light_Load,100.00,77.76
3.74,7.45,0.00,Weekend,Saturday,Light_Load,100.00,44.87
3.02,0.00,16.60,Weekend,Saturday,Light_Load,17.90,100.00
2.84,4.28,0.00,Weekday,Thursday,Light_Load,100.00,55.29
81.54,47.16,0.00,Weekday,Monday,Maximum_Load,100.00,86.56
3.42,0.00,4.82,Weekday,Tuesday,Medium_Load,57.87,100.00
2.63,5.36,0.00,Weekday,Tuesday,Light_Load,100.00,44.05
2.92,3.56,0.00,Weekend,Saturday,Light_Load,100.00,63.42
4.46,0.00,25.31,Weekday,Monday,Medium_Load,17.35,100.00
57.89,32.36,0.00,Weekday,Thursday,Maximum_Load,100.00,87.29
94.32,61.96,0.00,Weekday,Friday,Maximum_Load,100.00,83.58
4.97,0.00,27.04,Weekend,Sunday,Medium_Load,18.08,100.00
70.16,39.06,0.00,Weekday,Tuesday,Maximum_Load,100.00,87.37
53.28,29.77,0.00,Weekday,Thursday,Maximum_Load,100.00,87.30
2.77,3.92,0.00,Weekend,Saturday,Light_Load,100.00,57.71
62.03,22.54,0.00,Weekday,Monday,Maximum_Load,100.00,93.99
6.34,5.29,0.00,Weekday,Tuesday,Light_Load,100.00,76.78
3.31,0.00,17.28,Weekend,Sunday,Light_Load,18.81,100.00
2.88,5.08,0.00,Weekend,Saturday,Light_Load,100.00,49.32
56.12,23.40,0.00,Weekday,Wednesday,Maximum_Load,100.00,92.30
2.59,4.18,0.00,Weekend,Sunday,Light_Load,100.00,52.67
2.81,6.08,0.00,Weekday,Friday,Light_Load,100.00,41.95
4.10,6.01,0.00,Weekday,Tuesday,Light_Load,100.00,56.36
9.86,0.00,20.56,Weekday,Tuesday,Medium_Load,43.24,100.00
3.71,6.80,0.00,Weekday,Friday,Light_Load,100.00,47.89
3.10,4.03,0.00,Weekday,Tuesday,Light_Load,100.00,60.97
100.08,48.17,0.00,Weekday,Wednesday,Light_Load,100.00,90.11
3.02,0.00,16.74,Weekend,Saturday,Light_Load,17.75,100.00
3.20,2.30,0.07,Weekday,Tuesday,Light_Load,99.98,81.20
69.80,53.28,0.00,Weekday,Tuesday,Maximum_Load,100.00,79.49
3.17,5.29,0.00,Weekend,Saturday,Light_Load,100.00,51.40
2.70,0.00,17.53,Weekday,Wednesday,Light_Load,15.22,100.00
3.28,3.64,0.00,Weekend,Saturday,Light_Load,100.00,66.94
51.59,51.73,0.00,Weekday,Tuesday,Light_Load,100.00,70.61
28.40,0.22,3.10,Weekday,Friday,Medium_Load,99.41,100.00
4.21,4.61,0.00,Weekend,Sunday,Light_Load,100.00,67.43
2.95,5.72,0.00,Weekend,Sunday,Light_Load,100.00,45.84
3.35,3.74,0.00,Weekday,Monday,Light_Load,100.00,66.72
32.44,3.89,0.04,Weekday,Tuesday,Medium_Load,100.00,99.29
103.50,39.35,0.00,Weekday,Thursday,Maximum_Load,100.00,93.47
2.70,0.00,5.65,Weekday,Tuesday,Light_Load,43.12,100.00
27.07,27.14,0.00,Weekday,Monday,Light_Load,100.00,70.62
2.84,6.30,0.00,Weekday,Friday,Light_Load,100.00,41.10
3.42,0.00,26.68,Weekend,Saturday,Medium_Load,12.71,100.00
2.63,4.57,0.00,Weekend,Sunday,Light_Load,100.00,49.88
95.62,30.92,0.00,Weekday,Thursday,Medium_Load,100.00,95.15
3.24,0.00,12.92,Weekday,Monday,Light_Load,24.32,100.00
63.83,50.29,0.00,Weekday,Friday,Maximum_Load,100.00,78.55
3.35,4.25,0.00,Weekday,Thursday,Light_Load,100.00,61.90
84.46,34.74,0.00,Weekday,Friday,Medium_Load,100.00,92.48
118.37,51.55,0.00,Weekday,Thursday,Maximum_Load,100.00,91.68
108.94,44.21,0.00,Weekday,Friday,Maximum_Load,100.00,92.66
101.74,34.92,0.00,Weekday,Tuesday,Medium_Load,100.00,94.58
3.53,4.03,0.00,Weekday,Friday,Medium_Load,100.00,65.89
3.56,4.72,0.00,Weekday,Thursday,Light_Load,100.00,60.22
37.48,2.38,3.20,Weekday,Thursday,Medium_Load,99.64,99.80
3.20,4.75,0.00,Weekday,Monday,Light_Load,100.00,55.87
5.11,4.00,0.00,Weekday,Friday,Light_Load,100.00,78.74
2.88,1.94,0.25,Weekday,Tuesday,Light_Load,99.63,82.94
4.79,0.00,22.28,Weekday,Monday,Medium_Load,21.02,100.00
3.13,4.82,0.00,Weekday,Thursday,Light_Load,100.00,54.46
125.46,66.17,0.00,Weekday,Tuesday,Maximum_Load,100.00,88.45
3.49,0.00,13.90,Weekday,Tuesday,Light_Load,24.35,100.00
6.05,0.00,16.92,Weekday,Thursday,Medium_Load,33.67,100.00
47.77,17.21,0.00,Weekday,Monday,Medium_Load,100.00,94.08
3.02,3.53,0.00,Weekend,Sunday,Light_Load,100.00,65.01
99.43,44.68,0.00,Weekday,Friday,Maximum_Load,100.00,91.21
3.02,3.06,0.00,Weekday,Wednesday,Light_Load,100.00,70.24
34.85,0.00,7.56,Weekday,Monday,Medium_Load,97.73,100.00
72.36,26.96,0.00,Weekday,Monday,Medium_Load,100.00,93.71
3.78,0.00,19.84,Weekend,Sunday,Light_Load,18.72,100.00
2.66,4.18,0.00,Weekend,Sunday,Light_Load,100.00,53.69
67.43,31.28,0.00,Weekday,Wednesday,Medium_Load,100.00,90.71
103.54,50.08,0.00,Weekday,Wednesday,Medium_Load,100.00,90.02
101.09,33.84,0.00,Weekday,Monday,Medium_Load,100.00,94.83
3.74,7.34,0.00,Weekday,Thursday,Maximum_Load,100.00,45.40
4.72,4.79,0.00,Weekday,Tuesday,Light_Load,100.00,70.19
3.46,3.10,0.00,Weekend,Saturday,Light_Load,100.00,74.48
49.57,15.26,0.11,Weekday,Thursday,Medium_Load,100.00,95.57
52.85,31.32,0.00,Weekday,Wednesday,Maximum_Load,100.00,86.03
2.99,3.92,0.00,Weekend,Sunday,Light_Load,100.00,60.65
2.74,0.00,14.00,Weekend,Sunday,Light_Load,19.21,100.00
2.95,0.00,11.48,Weekend,Sunday,Light_Load,24.89,100.00
2.52,3.60,0.00,Weekend,Saturday,Light_Load,100.00,57.35
98.89,47.99,0.00,Weekday,Monday,Medium_Load,100.00,89.97
4.18,4.72,0.00,Weekend,Sunday,Light_Load,100.00,66.30
2.88,5.04,0.00,Weekday,Monday,Light_Load,100.00,49.61
62.57,33.26,0.00,Weekday,Wednesday,Maximum_Load,100.00,88.30
32.15,7.74,7.38,Weekday,Friday,Maximum_Load,97.47,97.22
2.84,5.76,0.00,Weekend,Saturday,Light_Load,100.00,44.22
61.06,43.56,0.00,Weekday,Monday,Maximum_Load,100.00,81.41
92.81,38.02,0.00,Weekday,Friday,Maximum_Load,100.00,92.54
4.57,0.00,25.74,Weekend,Saturday,Light_Load,17.48,100.00
47.09,13.79,0.04,Weekday,Tuesday,Light_Load,100.00,95.97
2.63,4.90,0.00,Weekend,Sunday,Light_Load,100.00,47.29
3.10,0.00,16.38,Weekend,Sunday,Light_Load,18.60,100.00
2.84,5.72,0.00,Weekday,Tuesday,Light_Load,100.00,44.47
32.87,26.21,0.00,Weekday,Wednesday,Light_Load,100.00,78.19
55.55,14.98,0.00,Weekday,Thursday,Maximum_Load,100.00,96.55
14.62,0.00,20.56,Weekday,Tuesday,Medium_Load,57.95,100.00
63.79,36.47,0.00,Weekday,Friday,Light_Load,100.00,86.81
3.31,4.25,0.00,Weekday,Monday,Light_Load,100.00,61.45
2.74,4.93,0.00,Weekend,Sunday,Light_Load,100.00,48.58
3.60,4.50,0.00,Weekday,Tuesday,Light_Load,100.00,62.47
42.01,19.73,1.44,Weekday,Friday,Medium_Load,99.94,90.51
2.70,4.72,0.00,Weekday,Thursday,Light_Load,100.00,49.65
2.74,0.00,11.84,Weekend,Sunday,Light_Load,22.55,100.00
60.19,39.67,0.00,Weekday,Friday,Light_Load,100.00,83.50
3.49,4.14,0.00,Weekday,Tuesday,Light_Load,100.00,64.45
58.75,42.44,0.00,Weekday,Thursday,Maximum_Load,100.00,81.06
95.08,40.14,0.00,Weekday,Wednesday,Maximum_Load,100.00,92.13
4.25,4.75,0.00,Weekend,Sunday,Light_Load,100.00,66.68
3.17,4.07,0.00,Weekend,Saturday,Light_Load,100.00,61.45
4.14,1.91,14.08,Weekday,Thursday,Medium_Load,28.21,90.80
3.53,0.00,19.04,Weekend,Saturday,Medium_Load,18.23,100.00
2.92,4.50,0.00,Weekday,Tuesday,Light_Load,100.00,54.43
3.92,4.00,0.00,Weekday,Thursday,Light_Load,100.00,69.99
4.28,1.51,10.01,Weekend,Saturday,Maximum_Load,39.31,94.30
45.40,17.93,0.00,Weekday,Thursday,Medium_Load,100.00,93.01
2.81,0.00,4.28,Weekend,Sunday,Medium_Load,54.88,100.00
33.55,25.34,0.00,Weekday,Friday,Light_Load,100.00,79.80
6.34,0.00,17.32,Weekend,Sunday,Maximum_Load,34.37,100.00
29.38,0.00,11.99,Weekday,Monday,Medium_Load,92.59,100.00
123.77,79.63,0.00,Weekday,Wednesday,Light_Load,100.00,84.10
45.25,19.19,0.00,Weekday,Friday,Maximum_Load,100.00,92.06
50.90,24.55,3.31,Weekday,Monday,Maximum_Load,99.79,90.07
3.31,0.00,17.50,Weekday,Thursday,Light_Load,18.58,100.00
5.08,0.00,18.04,Weekday,Wednesday,Medium_Load,27.11,100.00
6.16,0.00,10.44,Weekday,Monday,Medium_Load,50.82,100.00
2.63,4.50,0.00,Weekend,Saturday,Light_Load,100.00,50.46
3.78,0.00,4.46,Weekend,Saturday,Light_Load,64.66,100.00
75.31,14.72,1.15,Weekday,Thursday,Maximum_Load,99.99,98.14
3.56,3.24,0.00,Weekday,Wednesday,Light_Load,100.00,73.96
4.54,0.00,26.64,Weekday,Friday,Medium_Load,16.80,100.00
50.40,21.46,0.00,Weekday,Friday,Maximum_Load,100.00,92.01
34.38,0.04,9.68,Weekday,Wednesday,Maximum_Load,96.26,100.00
51.73,10.73,0.18,Weekday,Tuesday,Medium_Load,100.00,97.92
8.42,2.84,12.28,Weekday,Wednesday,Medium_Load,56.55,94.76
3.42,0.00,13.39,Weekend,Saturday,Light_Load,24.75,100.00
2.59,5.58,0.00,Weekday,Wednesday,Light_Load,100.00,42.10
4.18,4.10,0.00,Weekday,Monday,Light_Load,100.00,71.39
3.20,5.08,0.00,Weekday,Tuesday,Light_Load,100.00,53.30
4.07,0.00,21.74,Weekday,Thursday,Medium_Load,18.40,100.00
4.57,6.19,0.00,Weekday,Thursday,Medium_Load,100.00,59.40
46.94,31.43,0.00,Weekday,Tuesday,Light_Load,100.00,83.09
6.80,5.51,0.00,Weekday,Tuesday,Light_Load,100.00,77.70
4.64,4.79,0.00,Weekday,Thursday,Light_Load,100.00,69.58
67.36,20.38,0.00,Weekday,Wednesday,Medium_Load,100.00,95.72
61.60,24.01,0.00,Weekday,Thursday,Medium_Load,100.00,93.17
96.01,40.10,0.00,Weekday,Tuesday,Maximum_Load,100.00,92.27
102.89,57.10,0.00,Weekday,Friday,Medium_Load,100.00,87.44
37.04,4.93,2.41,Weekday,Thursday,Medium_Load,99.79,99.13
33.12,0.00,10.76,Weekend,Saturday,Medium_Load,95.11,100.00
3.56,4.28,0.00,Weekday,Monday,Light_Load,100.00,63.95
41.26,0.83,1.04,Weekend,Saturday,Maximum_Load,99.97,99.98
52.16,28.33,0.00,Weekday,Monday,Maximum_Load,100.00,87.88
99.14,38.23,0.00,Weekday,Thursday,Medium_Load,100.00,93.30
3.56,4.97,0.00,Weekday,Thursday,Light_Load,100.00,58.23
3.31,0.00,11.81,Weekend,Saturday,Light_Load,26.99,100.00
2.95,0.00,11.34,Weekend,Sunday,Light_Load,25.18,100.00
62.68,34.20,0.00,Weekday,Wednesday,Maximum_Load,100.00,87.78
4.32,0.00,13.64,Weekday,Tuesday,Medium_Load,30.19,100.00
45.72,22.00,0.00,Weekday,Wednesday,Maximum_Load,100.00,90.11
41.94,43.88,0.00,Weekday,Monday,Light_Load,100.00,69.09
3.60,4.28,0.00,Weekday,Monday,Light_Load,100.00,64.37
108.14,36.54,0.00,Weekday,Thursday,Medium_Load,100.00,94.74
25.74,0.04,8.39,Weekend,Saturday,Maximum_Load,95.08,100.00
3.06,3.67,0.00,Weekend,Sunday,Light_Load,100.00,64.04
2.70,4.39,0.00,Weekend,Sunday,Light_Load,100.00,52.39
40.93,14.00,0.00,Weekday,Tuesday,Medium_Load,100.00,94.62
4.79,0.00,17.57,Weekend,Saturday,Light_Load,26.30,100.00
3.28,5.54,0.00,Weekend,Sunday,Light_Load,100.00,50.95
78.26,57.64,0.00,Weekday,Thursday,Light_Load,100.00,80.52
3.02,4.64,0.00,Weekend,Saturday,Light_Load,100.00,54.55
3.64,6.98,0.00,Weekday,Tuesday,Light_Load,100.00,46.24
61.74,23.15,0.00,Weekday,Thursday,Medium_Load,100.00,93.63
3.46,4.46,0.00,Weekday,Thursday,Light_Load,100.00,61.30
97.99,40.18,0.00,Weekday,Friday,Medium_Load,100.00,92.52
2.99,6.12,0.00,Weekend,Sunday,Light_Load,100.00,43.90
87.30,27.76,2.88,Weekday,Monday,Maximum_Load,99.95,95.30
60.01,34.67,0.00,Weekday,Friday,Maximum_Load,100.00,86.59
72.79,39.89,0.00,Weekday,Tuesday,Maximum_Load,100.00,87.70
86.83,43.45,0.00,Weekday,Monday,Maximum_Load,100.00,89.43
63.11,10.15,0.11,Weekend,Saturday,Light_Load,100.00,98.73
2.63,3.89,0.00,Weekday,Tuesday,Light_Load,100.00,56.01
6.05,5.51,0.00,Weekday,Thursday,Light_Load,100.00,73.93
57.49,32.98,0.00,Weekend,Saturday,Light_Load,100.00,86.74
66.74,26.42,0.00,Weekday,Wednesday,Medium_Load,100.00,92.98
3.67,5.18,0.00,Weekday,Monday,Light_Load,100.00,57.81
33.44,3.64,9.97,Weekend,Saturday,Maximum_Load,95.83,99.41
3.13,5.26,0.00,Weekday,Thursday,Light_Load,100.00,51.14
4.18,2.59,0.40,Weekday,Thursday,Light_Load,99.55,85.00
3.49,0.00,9.65,Weekday,Wednesday,Medium_Load,34.01,100.00
39.17,15.52,3.53,Weekday,Thursday,Maximum_Load,99.60,92.97
109.91,35.42,0.00,Weekday,Wednesday,Medium_Load,100.00,95.18
29.59,8.93,0.00,Weekend,Sunday,Maximum_Load,100.00,95.74
132.30,58.28,0.00,Weekday,Friday,Medium_Load,100.00,91.51
2.99,5.15,0.00,Weekend,Saturday,Light_Load,100.00,50.21
2.70,4.36,0.00,Weekday,Monday,Light_Load,100.00,52.65
2.84,5.94,0.00,Weekday,Friday,Light_Load,100.00,43.13
16.60,0.54,9.58,Weekday,Friday,Medium_Load,86.61,99.95
3.82,0.00,18.22,Weekend,Saturday,Light_Load,20.52,100.00
2.59,4.39,0.00,Weekday,Wednesday,Light_Load,100.00,50.81
2.81,0.00,10.87,Weekend,Sunday,Light_Load,25.03,100.00
59.33,22.43,0.00,Weekday,Tuesday,Medium_Load,100.00,93.54
22.86,1.69,9.47,Weekday,Thursday,Medium_Load,92.39,99.73
2.81,4.00,0.00,Weekend,Sunday,Light_Load,100.00,57.48
71.42,45.07,0.00,Weekday,Friday,Maximum_Load,100.00,84.57
2.59,4.61,0.00,Weekend,Sunday,Light_Load,100.00,48.98
45.61,11.63,0.00,Weekday,Friday,Maximum_Load,100.00,96.90
2.74,0.00,17.32,Weekend,Saturday,Light_Load,15.63,100.00
2.88,6.59,0.00,Weekday,Friday,Light_Load,100.00,40.05
4.39,3.56,0.00,Weekday,Tuesday,Light_Load,100.00,77.67
2.92,0.00,11.09,Weekend,Sunday,Light_Load,25.46,100.00
35.89,27.11,0.00,Weekday,Thursday,Light_Load,100.00,79.79
3.13,3.92,0.00,Weekend,Saturday,Light_Load,100.00,62.40
40.97,24.84,0.00,Weekday,Thursday,Maximum_Load,100.00,85.51
2.99,2.05,0.14,Weekday,Monday,Light_Load,99.89,82.48
2.81,5.62,0.00,Weekday,Monday,Light_Load,100.00,44.72
66.17,49.57,0.00,Weekday,Tuesday,Maximum_Load,100.00,80.03
2.92,5.18,0.00,Weekend,Sunday,Light_Load,100.00,49.11
3.38,5.18,0.00,Weekday,Monday,Light_Load,100.00,54.65
59.00,30.24,0.00,Weekday,Thursday,Medium_Load,100.00,88.99
35.35,0.32,5.15,Weekday,Monday,Maximum_Load,98.96,100.00
59.65,33.23,0.00,Weekday,Monday,Maximum_Load,100.00,87.36
3.24,2.48,0.00,Weekday,Wednesday,Light_Load,100.00,79.41
5.90,5.98,0.00,Weekend,Sunday,Light_Load,100.00,70.23
3.67,6.91,0.00,Weekday,Tuesday,Light_Load,100.00,46.91
2.99,5.18,0.00,Weekday,Monday,Light_Load,100.00,49.99
3.31,5.29,0.00,Weekday,Monday,Light_Load,100.00,53.04
104.87,50.87,0.00,Weekday,Tuesday,Maximum_Load,100.00,89.97
50.08,16.78,0.00,Weekday,Tuesday,Medium_Load,100.00,94.82
60.48,29.81,0.00,Weekday,Wednesday,Maximum_Load,100.00,89.70
3.85,0.00,16.09,Weekday,Thursday,Medium_Load,23.27,100.00
3.17,3.89,0.00,Weekday,Monday,Light_Load,100.00,63.17
3.49,5.58,0.00,Weekday,Tuesday,Light_Load,100.00,53.03
2.81,4.21,0.00,Weekday,Thursday,Light_Load,100.00,55.52
3.82,0.00,12.96,Weekend,Sunday,Light_Load,28.27,100.00
3.02,5.65,0.00,Weekday,Monday,Light_Load,100.00,47.14
92.59,25.67,0.00,Weekend,Saturday,Maximum_Load,100.00,96.37
81.76,32.08,0.00,Weekday,Wednesday,Maximum_Load,100.00,93.09
2.74,5.18,0.00,Weekend,Sunday,Light_Load,100.00,46.76
32.54,0.94,2.09,Weekday,Friday,Medium_Load,99.79,99.96
3.13,4.28,0.00,Weekday,Wednesday,Light_Load,100.00,59.03
62.75,32.54,0.11,Weekday,Monday,Maximum_Load,100.00,88.77
6.16,0.00,25.78,Weekday,Wednesday,Medium_Load,23.24,100.00
64.04,56.95,0.00,Weekday,Thursday,Maximum_Load,100.00,74.73
2.74,3.89,0.00,Weekday,Wednesday,Light_Load,100.00,57.59
5.83,5.15,0.00,Weekday,Tuesday,Light_Load,100.00,74.95
2.77,5.54,0.00,Weekday,Friday,Light_Load,100.00,44.72
112.25,60.73,0.00,Weekday,Wednesday,Maximum_Load,100.00,87.95
26.32,0.00,9.47,Weekday,Friday,Maximum_Load,94.09,100.00
4.57,0.00,25.52,Weekday,Tuesday,Medium_Load,17.63,100.00
3.24,3.82,0.00,Weekday,Wednesday,Medium_Load,100.00,64.68
4.03,0.00,9.32,Weekend,Saturday,Maximum_Load,39.69,100.00
3.42,3.71,0.00,Weekday,Wednesday,Light_Load,100.00,67.78
3.64,0.00,17.50,Weekend,Saturday,Light_Load,20.36,100.00
32.90,8.71,0.00,Weekend,Saturday,Medium_Load,100.00,96.67
4.72,3.71,0.00,Weekday,Friday,Light_Load,100.00,78.62
41.11,28.40,0.00,Weekday,Tuesday,Maximum_Load,100.00,82.28
3.06,5.83,0.00,Weekday,Thursday,Light_Load,100.00,46.47
99.58,27.11,0.00,Weekday,Tuesday,Medium_Load,100.00,96.49
88.96,37.62,0.00,Weekday,Monday,Maximum_Load,100.00,92.10
38.59,43.38,0.00,Weekday,Friday,Light_Load,100.00,66.47
3.38,2.74,0.04,Weekday,Thursday,Light_Load,99.99,77.68
47.84,11.09,0.00,Weekday,Friday,Medium_Load,100.00,97.42
2.84,4.75,0.00,Weekday,Thursday,Light_Load,100.00,51.32
76.36,11.34,0.25,Weekend,Saturday,Medium_Load,100.00,98.92
2.84,5.11,0.00,Weekend,Saturday,Light_Load,100.00,48.58
37.33,26.39,0.00,Weekday,Thursday,Light_Load,100.00,81.66
2.74,5.11,0.00,Weekday,Wednesday,Light_Load,100.00,47.26
3.85,2.70,0.36,Weekday,Thursday,Maximum_Load,99.57,81.87
3.89,2.99,0.25,Weekday,Tuesday,Light_Load,99.79,79.29
3.49,0.00,13.10,Weekend,Saturday,Medium_Load,25.74,100.00
3.31,0.00,17.64,Weekday,Thursday,Light_Load,18.44,100.00
3.06,5.18,0.00,Weekday,Tuesday,Light_Load,100.00,50.86
5.00,0.00,16.81,Weekday,Monday,Medium_Load,28.51,100.00
143.82,56.56,0.00,Weekday,Wednesday,Medium_Load,100.00,93.06
3.20,0.00,8.50,Weekend,Sunday,Light_Load,35.23,100.00
57.92,27.29,0.00,Weekday,Wednesday,Maximum_Load,100.00,90.46
92.77,29.02,0.00,Weekday,Tuesday,Maximum_Load,100.00,95.44
3.28,4.86,0.00,Weekend,Sunday,Light_Load,100.00,55.94
2.84,0.00,10.44,Weekday,Monday,Light_Load,26.25,100.00
51.34,27.43,0.00,Weekday,Friday,Maximum_Load,100.00,88.20
50.90,4.93,1.19,Weekday,Monday,Medium_Load,99.97,99.53
3.53,4.93,0.00,Weekday,Thursday,Light_Load,100.00,58.22
113.04,60.88,0.00,Weekday,Friday,Medium_Load,100.00,88.04
62.64,18.72,0.00,Weekday,Friday,Maximum_Load,100.00,95.81
46.15,33.80,0.00,Weekday,Tuesday,Maximum_Load,100.00,80.68
2.74,3.89,0.00,Weekend,Saturday,Light_Load,100.00,57.59
3.42,4.57,0.00,Weekday,Thursday,Light_Load,100.00,59.92
2.59,4.75,0.00,Weekend,Sunday,Light_Load,100.00,47.87
2.84,4.03,0.00,Weekend,Sunday,Light_Load,100.00,57.60
4.28,0.00,23.33,Weekend,Saturday,Light_Load,18.04,100.00
4.43,3.74,0.00,Weekend,Sunday,Light_Load,100.00,76.41
2.99,6.30,0.00,Weekday,Friday,Light_Load,100.00,42.88
58.50,15.37,0.04,Weekday,Monday,Medium_Load,100.00,96.72
45.54,15.91,0.00,Weekday,Thursday,Medium_Load,100.00,94.40
82.69,36.72,0.00,Weekday,Thursday,Maximum_Load,100.00,91.39
75.13,21.02,0.00,Weekday,Wednesday,Medium_Load,100.00,96.30
57.71,27.22,0.00,Weekday,Monday,Maximum_Load,100.00,90.44
75.67,36.47,0.00,Weekday,Friday,Medium_Load,100.00,90.08
95.40,40.54,0.00,Weekday,Thursday,Medium_Load,100.00,92.03
65.02,36.94,0.00,Weekday,Monday,Medium_Load,100.00,86.95
3.46,4.36,0.00,Weekday,Tuesday,Light_Load,100.00,62.16
2.77,0.00,10.98,Weekend,Sunday,Light_Load,24.46,100.00
4.75,5.29,0.00,Weekday,Wednesday,Light_Load,100.00,66.81
42.23,20.99,0.00,Weekday,Thursday,Medium_Load,100.00,89.55
2.99,4.25,0.00,Weekend,Saturday,Light_Load,100.00,57.54
30.67,25.92,0.00,Weekday,Tuesday,Light_Load,100.00,76.38
29.09,0.14,8.35,Weekend,Saturday,Maximum_Load,96.12,100.00
3.10,4.14,0.25,Weekend,Sunday,Light_Load,99.68,59.94
2.88,4.07,0.00,Weekday,Friday,Light_Load,100.00,57.76
51.44,37.48,0.00,Weekday,Thursday,Maximum_Load,100.00,80.82
4.00,3.56,0.07,Weekday,Wednesday,Light_Load,99.98,74.70
5.36,0.00,25.85,Weekday,Monday,Medium_Load,20.30,100.00
105.16,54.86,0.00,Weekday,Thursday,Light_Load,100.00,88.66
61.49,33.84,0.00,Weekday,Monday,Maximum_Load,100.00,87.61
2.70,0.00,11.27,Weekend,Sunday,Light_Load,23.30,100.00
36.43,5.69,1.01,Weekend,Saturday,Maximum_Load,99.96,98.80
4.25,0.00,6.48,Weekday,Tuesday,Medium_Load,54.84,100.00
115.49,41.15,0.00,Weekday,Thursday,Medium_Load,100.00,94.20
88.20,38.16,0.00,Weekday,Tuesday,Maximum_Load,100.00,91.78
3.60,6.84,0.00,Weekend,Saturday,Light_Load,100.00,46.57
6.34,5.54,0.00,Weekday,Tuesday,Light_Load,100.00,75.30
39.53,13.03,7.52,Weekday,Thursday,Maximum_Load,98.24,94.97
45.58,12.89,0.00,Weekday,Thursday,Medium_Load,100.00,96.23
24.08,0.25,6.05,Weekend,Saturday,Medium_Load,96.99,99.99
85.61,42.01,0.00,Weekday,Thursday,Medium_Load,100.00,89.77
2.92,4.50,0.00,Weekday,Wednesday,Light_Load,100.00,54.43
101.38,35.57,0.00,Weekday,Friday,Medium_Load,100.00,94.36
3.10,3.89,0.00,Weekday,Monday,Light_Load,100.00,62.32
4.28,0.00,20.74,Weekday,Friday,Medium_Load,20.21,100.00
4.57,4.43,0.00,Weekday,Wednesday,Light_Load,100.00,71.80
56.74,24.12,0.00,Weekday,Tuesday,Maximum_Load,100.00,92.03
127.87,57.13,0.00,Weekday,Monday,Maximum_Load,100.00,91.30
105.16,49.68,0.00,Weekday,Wednesday,Maximum_Load,100.00,90.42
31.46,1.87,5.65,Weekday,Tuesday,Medium_Load,98.43,99.82
53.39,40.57,0.00,Weekday,Thursday,Light_Load,100.00,79.62
75.64,34.20,0.00,Weekday,Tuesday,Medium_Load,100.00,91.12
83.59,43.56,0.00,Weekday,Tuesday,Medium_Load,100.00,88.68
3.28,5.33,0.00,Weekend,Saturday,Light_Load,100.00,52.41
61.52,40.93,0.00,Weekday,Wednesday,Medium_Load,100.00,83.26
3.31,4.90,0.00,Weekend,Saturday,Light_Load,100.00,55.98
3.10,3.53,0.00,Weekday,Monday,Light_Load,100.00,65.99
8.75,10.08,0.00,Weekday,Friday,Light_Load,100.00,65.55
3.53,5.08,0.00,Weekday,Friday,Light_Load,100.00,57.06
2.77,6.77,0.00,Weekend,Saturday,Light_Load,100.00,37.87
3.35,2.30,0.14,Weekday,Thursday,Light_Load,99.91,82.44
17.75,18.76,0.00,Weekday,Wednesday,Light_Load,100.00,68.73
98.60,31.54,0.00,Weekday,Wednesday,Medium_Load,100.00,95.25
62.06,36.32,0.00,Weekday,Wednesday,Medium_Load,100.00,86.31
55.33,25.06,0.00,Weekday,Tuesday,Maximum_Load,100.00,91.09
23.62,14.62,0.00,Weekday,Tuesday,Light_Load,100.00,85.03
2.63,4.97,0.00,Weekday,Monday,Light_Load,100.00,46.77
35.82,18.97,1.48,Weekday,Tuesday,Medium_Load,99.91,88.37
3.17,4.03,0.14,Weekday,Friday,Light_Load,99.90,61.83
2.99,0.00,16.24,Weekend,Sunday,Medium_Load,18.11,100.00
3.67,3.46,0.00,Weekday,Thursday,Light_Load,100.00,72.76
3.78,0.00,16.92,Weekday,Thursday,Medium_Load,21.80,100.00
4.28,1.19,10.33,Weekend,Sunday,Maximum_Load,38.28,96.35
41.26,14.47,0.00,Weekday,Friday,Maximum_Load,100.00,94.37
87.80,32.51,0.00,Weekday,Friday,Medium_Load,100.00,93.78
3.10,3.71,0.00,Weekend,Sunday,Light_Load,100.00,64.12
49.64,14.90,1.80,Weekday,Wednesday,Maximum_Load,99.93,95.78
55.62,11.66,0.00,Weekday,Friday,Medium_Load,100.00,97.87
5.40,0.00,19.33,Weekday,Wednesday,Medium_Load,26.91,100.00
48.56,17.50,0.00,Weekday,Tuesday,Medium_Load,100.00,94.08
2.95,0.00,16.42,Weekday,Thursday,Light_Load,17.68,100.00
29.12,1.51,1.51,Weekend,Saturday,Maximum_Load,99.87,99.87
67.00,34.70,0.00,Weekday,Tuesday,Maximum_Load,100.00,88.80
29.70,0.00,9.11,Weekday,Thursday,Medium_Load,95.60,100.00
27.97,0.00,6.12,Weekday,Wednesday,Medium_Load,97.69,100.00
50.94,37.48,0.00,Weekday,Thursday,Maximum_Load,100.00,80.55
2.56,4.46,0.00,Weekday,Tuesday,Light_Load,100.00,49.78
3.42,5.87,0.04,Weekday,Thursday,Medium_Load,99.99,50.34
49.79,29.02,0.54,Weekday,Tuesday,Maximum_Load,99.99,86.40
79.09,15.73,0.94,Weekend,Sunday,Medium_Load,99.99,98.08
66.38,28.30,0.00,Weekday,Monday,Medium_Load,100.00,91.99
101.48,59.04,0.00,Weekday,Thursday,Light_Load,100.00,86.44
48.02,23.40,1.73,Weekday,Friday,Medium_Load,99.94,89.89
56.41,26.53,0.00,Weekday,Monday,Maximum_Load,100.00,90.49
4.25,3.42,0.14,Weekday,Wednesday,Maximum_Load,99.95,77.91
2.59,4.79,0.00,Weekday,Monday,Light_Load,100.00,47.56
5.15,3.82,0.00,Weekend,Saturday,Light_Load,100.00,80.32
3.64,6.26,0.00,Weekday,Monday,Light_Load,100.00,50.27
54.65,32.51,0.00,Weekday,Monday,Medium_Load,100.00,85.94
40.28,2.30,1.12,Weekday,Tuesday,Medium_Load,99.96,99.84
2.99,5.58,0.00,Weekend,Saturday,Light_Load,100.00,47.23
3.53,3.10,0.00,Weekend,Sunday,Light_Load,100.00,75.14
2.95,5.40,0.00,Weekday,Tuesday,Light_Load,100.00,47.94
3.10,5.51,0.00,Weekday,Tuesday,Light_Load,100.00,49.03
2.74,5.40,0.00,Weekday,Friday,Light_Load,100.00,45.25
106.70,46.26,0.00,Weekday,Tuesday,Maximum_Load,100.00,91.75
2.66,3.67,0.00,Weekday,Tuesday,Light_Load,100.00,58.69
3.42,5.00,0.00,Weekday,Thursday,Light_Load,100.00,56.46
32.87,4.68,0.04,Weekday,Tuesday,Medium_Load,100.00,99.00
69.62,32.40,0.00,Weekday,Monday,Medium_Load,100.00,90.66
2.66,3.96,0.00,Weekday,Thursday,Light_Load,100.00,55.76
43.20,4.10,0.43,Weekday,Thursday,Medium_Load,100.00,99.55
3.85,0.00,22.86,Weekday,Thursday,Light_Load,16.61,100.00
6.95,0.00,18.04,Weekend,Sunday,Maximum_Load,35.95,100.00
2.92,0.00,17.50,Weekend,Saturday,Light_Load,16.46,100.00
110.41,29.95,0.00,Weekday,Monday,Medium_Load,100.00,96.51
88.16,23.51,0.00,Weekday,Monday,Maximum_Load,100.00,96.62
50.40,22.10,0.00,Weekday,Friday,Maximum_Load,100.00,91.58
3.67,0.00,19.76,Weekday,Thursday,Medium_Load,18.26,100.00
2.95,5.51,0.00,Weekday,Thursday,Light_Load,100.00,47.20
2.52,5.51,0.00,Weekday,Wednesday,Light_Load,100.00,41.59
2.99,0.00,12.67,Weekend,Sunday,Light_Load,22.97,100.00
3.17,5.80,0.00,Weekend,Sunday,Light_Load,100.00,47.96
2.63,5.44,0.00,Weekday,Wednesday,Light_Load,100.00,43.53
37.37,9.25,0.00,Weekday,Monday,Medium_Load,100.00,97.07
3.71,7.42,0.00,Weekday,Thursday,Light_Load,100.00,44.72
42.44,12.56,1.15,Weekday,Monday,Medium_Load,99.96,95.89
6.66,5.72,0.00,Weekend,Saturday,Light_Load,100.00,75.86
3.28,0.00,17.35,Weekend,Sunday,Light_Load,18.58,100.00
4.61,4.72,0.00,Weekday,Friday,Light_Load,100.00,69.87
3.82,0.00,8.39,Weekend,Sunday,Medium_Load,41.44,100.00
3.82,0.00,21.64,Weekday,Monday,Medium_Load,17.38,100.00
3.20,4.68,0.14,Weekend,Saturday,Light_Load,99.90,56.44
7.27,5.36,0.00,Weekday,Wednesday,Light_Load,100.00,80.49
103.90,38.74,0.00,Weekday,Friday,Medium_Load,100.00,93.70
116.93,45.97,0.00,Weekday,Thursday,Maximum_Load,100.00,93.07
4.75,0.00,20.63,Weekend,Saturday,Medium_Load,22.44,100.00
2.81,5.47,0.00,Weekend,Sunday,Light_Load,100.00,45.69
2.95,4.54,0.00,Weekday,Monday,Light_Load,100.00,54.49
3.67,0.00,16.09,Weekday,Tuesday,Medium_Load,22.24,100.00
3.64,3.42,0.00,Weekday,Wednesday,Light_Load,100.00,72.88
5.62,0.00,24.23,Weekend,Saturday,Medium_Load,22.59,100.00
30.10,0.43,2.70,Weekday,Tuesday,Medium_Load,99.60,99.99
2.74,4.64,0.00,Weekday,Wednesday,Light_Load,100.00,50.85
3.24,0.00,14.44,Weekend,Sunday,Light_Load,21.89,100.00
2.74,5.15,0.00,Weekday,Thursday,Light_Load,100.00,46.97
4.03,2.84,0.32,Weekday,Thursday,Light_Load,99.69,81.74
50.40,25.49,0.00,Weekday,Tuesday,Maximum_Load,100.00,89.24
3.35,5.76,0.00,Weekend,Sunday,Light_Load,100.00,50.28
68.69,20.27,0.00,Weekday,Tuesday,Medium_Load,100.00,95.91
50.33,24.26,0.00,Weekday,Thursday,Maximum_Load,100.00,90.08
49.18,24.62,0.00,Weekday,Tuesday,Medium_Load,100.00,89.42
71.50,31.25,0.00,Weekday,Thursday,Medium_Load,100.00,91.63
44.28,17.14,0.00,Weekend,Saturday,Maximum_Load,100.00,93.26
2.95,4.86,0.00,Weekday,Wednesday,Light_Load,100.00,51.89
53.60,54.11,0.00,Weekday,Tuesday,Light_Load,100.00,70.38
84.53,32.76,0.00,Weekday,Friday,Medium_Load,100.00,93.24
108.32,56.38,0.00,Weekday,Monday,Maximum_Load,100.00,88.70
2.95,5.80,0.00,Weekday,Thursday,Light_Load,100.00,45.34
2.84,5.80,0.00,Weekday,Friday,Medium_Load,100.00,43.98
3.02,0.00,12.10,Weekend,Sunday,Light_Load,24.22,100.00
2.99,0.00,14.47,Weekend,Sunday,Light_Load,20.24,100.00
2.81,4.64,0.00,Weekday,Thursday,Light_Load,100.00,51.80
3.42,0.00,5.08,Weekend,Sunday,Light_Load,55.85,100.00
5.80,0.00,16.02,Weekday,Tuesday,Medium_Load,34.04,100.00
4.00,0.00,21.28,Weekday,Thursday,Medium_Load,18.47,100.00
31.43,0.29,4.07,Weekend,Saturday,Maximum_Load,99.17,100.00
3.56,6.34,0.00,Weekend,Saturday,Light_Load,100.00,48.96
3.13,0.00,11.77,Weekend,Sunday,Medium_Load,25.70,100.00
49.97,25.16,0.00,Weekday,Thursday,Medium_Load,100.00,89.32
54.40,17.50,0.00,Weekday,Friday,Maximum_Load,100.00,95.20
84.24,49.36,0.00,Weekday,Thursday,Light_Load,100.00,86.28
3.89,0.00,17.78,Weekend,Sunday,Maximum_Load,21.37,100.00
47.59,16.06,0.00,Weekday,Thursday,Maximum_Load,100.00,94.75
3.78,6.84,0.00,Weekday,Monday,Light_Load,100.00,48.37
3.42,6.12,0.00,Weekend,Saturday,Light_Load,100.00,48.78
37.33,27.76,0.00,Weekend,Sunday,Light_Load,100.00,80.24
38.16,31.90,0.00,Weekend,Saturday,Maximum_Load,100.00,76.72
37.22,10.19,0.00,Weekend,Saturday,Medium_Load,100.00,96.45
3.89,0.00,26.39,Weekday,Wednesday,Medium_Load,14.58,100.00
68.69,36.40,0.00,Weekday,Friday,Maximum_Load,100.00,88.36
43.34,14.80,0.00,Weekday,Wednesday,Maximum_Load,100.00,94.63
127.98,58.43,0.00,Weekend,Saturday,Maximum_Load,100.00,90.97
3.60,3.96,0.00,Weekday,Friday,Medium_Load,100.00,67.27
3.53,0.00,16.85,Weekday,Wednesday,Light_Load,20.50,100.00
21.06,20.45,0.00,Weekday,Tuesday,Light_Load,100.00,71.74
3.24,5.00,0.00,Weekday,Thursday,Light_Load,100.00,54.38
32.90,0.04,4.90,Weekday,Wednesday,Maximum_Load,98.91,100.00
4.03,3.13,0.18,Weekday,Friday,Light_Load,99.90,78.98
2.84,4.32,0.00,Weekday,Thursday,Light_Load,100.00,54.93
3.71,0.00,25.06,Weekday,Friday,Medium_Load,14.64,100.00
2.56,5.40,0.00,Weekday,Wednesday,Light_Load,100.00,42.84
31.03,1.44,1.15,Weekday,Tuesday,Medium_Load,99.93,99.89
82.76,37.08,0.00,Weekday,Thursday,Maximum_Load,100.00,91.26
114.62,53.32,0.00,Weekday,Tuesday,Medium_Load,100.00,90.67
79.74,31.18,0.00,Weekday,Thursday,Medium_Load,100.00,93.13
4.10,0.00,17.53,Weekend,Sunday,Light_Load,22.77,100.00
3.53,4.50,0.00,Weekday,Tuesday,Medium_Load,100.00,61.72
53.17,21.53,0.00,Weekday,Wednesday,Maximum_Load,100.00,92.69
3.49,4.46,0.18,Weekday,Monday,Light_Load,99.87,61.63
121.64,64.84,0.00,Weekday,Thursday,Maximum_Load,100.00,88.25
3.46,2.52,0.00,Weekday,Wednesday,Light_Load,100.00,80.83
3.78,2.34,0.50,Weekday,Friday,Light_Load,99.14,85.03
4.57,0.00,21.46,Weekend,Saturday,Light_Load,20.83,100.00
40.97,14.90,0.00,Weekend,Saturday,Maximum_Load,100.00,93.98
91.80,47.88,0.00,Weekday,Tuesday,Maximum_Load,100.00,88.66
3.28,4.21,0.00,Weekend,Saturday,Light_Load,100.00,61.46
3.49,4.03,0.00,Weekday,Wednesday,Light_Load,100.00,65.46
4.28,0.00,19.84,Weekend,Sunday,Light_Load,21.09,100.00
24.59,21.02,0.00,Weekend,Saturday,Maximum_Load,100.00,76.01
110.48,38.77,0.00,Weekday,Thursday,Medium_Load,100.00,94.36
5.90,6.55,0.00,Weekday,Thursday,Light_Load,100.00,66.93
58.64,35.86,0.00,Weekday,Tuesday,Medium_Load,100.00,85.31
4.14,3.38,0.11,Weekday,Tuesday,Light_Load,99.96,77.46
4.43,4.68,0.00,Weekday,Monday,Light_Load,100.00,68.74
3.60,3.35,0.00,Weekend,Sunday,Light_Load,100.00,73.21
77.72,40.14,0.00,Weekday,Tuesday,Medium_Load,100.00,88.85
58.90,27.40,0.00,Weekday,Friday,Medium_Load,100.00,90.67
3.53,3.89,0.00,Weekday,Thursday,Light_Load,100.00,67.20
4.57,0.00,24.41,Weekend,Saturday,Light_Load,18.40,100.00
38.84,20.20,0.00,Weekday,Thursday,Medium_Load,100.00,88.72
3.96,1.87,14.94,Weekday,Monday,Medium_Load,25.62,90.42
4.07,0.00,25.56,Weekend,Saturday,Medium_Load,15.73,100.00
3.13,3.35,0.00,Weekend,Saturday,Light_Load,100.00,68.27
2.95,3.78,0.00,Weekday,Friday,Light_Load,100.00,61.52
45.68,25.20,0.00,Weekday,Monday,Medium_Load,100.00,87.56
2.84,4.28,0.00,Weekend,Sunday,Light_Load,100.00,55.29
3.06,3.89,0.00,Weekday,Monday,Light_Load,100.00,61.83
62.64,36.90,0.00,Weekday,Friday,Maximum_Load,100.00,86.16
59.83,21.28,0.36,Weekday,Monday,Medium_Load,100.00,94.22
5.36,0.00,26.53,Weekday,Tuesday,Medium_Load,19.80,100.00
56.88,26.06,0.00,Weekday,Monday,Medium_Load,100.00,90.91
2.99,0.00,17.39,Weekend,Sunday,Light_Load,16.95,100.00
91.80,44.17,0.00,Weekday,Friday,Maximum_Load,100.00,90.11
3.74,3.10,0.11,Weekday,Monday,Light_Load,99.96,76.99
31.25,3.71,1.98,Weekday,Tuesday,Maximum_Load,99.80,99.30
68.36,39.60,0.00,Weekday,Friday,Medium_Load,100.00,86.53
3.92,4.79,0.00,Weekday,Thursday,Light_Load,100.00,63.33
3.64,3.85,0.00,Weekday,Friday,Light_Load,100.00,68.70
108.50,38.09,0.00,Weekday,Monday,Maximum_Load,100.00,94.35
117.14,46.30,0.00,Weekday,Monday,Maximum_Load,100.00,93.00
3.06,0.00,16.31,Weekend,Saturday,Light_Load,18.44,100.00
3.78,3.42,0.04,Weekend,Sunday,Light_Load,99.99,74.15
2.84,5.40,0.00,Weekday,Friday,Light_Load,100.00,46.55
3.28,3.78,0.00,Weekday,Friday,Light_Load,100.00,65.54
3.46,4.28,0.00,Weekday,Monday,Medium_Load,100.00,62.87
5.40,0.00,13.28,Weekend,Saturday,Maximum_Load,37.67,100.00
2.92,3.67,0.00,Weekday,Friday,Light_Load,100.00,62.26
2.84,0.00,10.84,Weekend,Saturday,Light_Load,25.34,100.00
38.09,29.23,0.00,Weekend,Sunday,Light_Load,100.00,79.33
60.91,24.37,0.00,Weekday,Thursday,Medium_Load,100.00,92.84
8.86,9.36,0.00,Weekend,Sunday,Light_Load,100.00,68.74
3.13,2.92,0.00,Weekday,Wednesday,Light_Load,100.00,73.12
41.65,10.76,0.00,Weekday,Tuesday,Maximum_Load,100.00,96.82
5.98,0.00,25.85,Weekday,Wednesday,Medium_Load,22.54,100.00
71.21,27.76,0.00,Weekday,Tuesday,Maximum_Load,100.00,93.17
3.53,3.42,0.00,Weekday,Thursday,Light_Load,100.00,71.82
2.84,6.16,0.00,Weekend,Sunday,Light_Load,100.00,41.87
2.99,5.29,0.00,Weekday,Friday,Light_Load,100.00,49.21
51.95,32.72,0.00,Weekday,Thursday,Maximum_Load,100.00,84.62
3.71,3.71,0.00,Weekday,Monday,Light_Load,100.00,70.71
3.02,3.71,0.00,Weekend,Saturday,Light_Load,100.00,63.13
4.18,3.02,0.25,Weekday,Thursday,Light_Load,99.82,81.06
111.31,62.14,0.00,Weekday,Monday,Medium_Load,100.00,87.32
57.64,45.86,0.00,Weekday,Friday,Light_Load,100.00,78.25
105.48,44.32,0.00,Weekday,Thursday,Medium_Load,100.00,92.19
4.61,5.00,0.36,Weekend,Sunday,Light_Load,99.70,67.79
3.38,5.40,0.00,Weekday,Friday,Light_Load,100.00,53.06
45.58,31.93,0.00,Weekday,Thursday,Maximum_Load,100.00,81.90
2.92,0.00,11.92,Weekday,Monday,Light_Load,23.79,100.00
2.81,5.98,0.00,Weekend,Sunday,Light_Load,100.00,42.53
2.92,1.69,0.50,Weekday,Friday,Light_Load,98.57,86.55
3.82,1.48,5.47,Weekend,Sunday,Light_Load,57.26,93.25
2.81,5.15,0.00,Weekend,Sunday,Light_Load,100.00,47.90
58.18,35.53,0.00,Weekday,Thursday,Maximum_Load,100.00,85.34
74.16,49.93,0.00,Weekday,Wednesday,Maximum_Load,100.00,82.95
4.61,5.11,0.00,Weekday,Tuesday,Light_Load,100.00,66.98
3.71,7.13,0.00,Weekday,Tuesday,Light_Load,100.00,46.16
83.81,41.18,0.00,Weekday,Monday,Light_Load,100.00,89.75
3.38,0.00,8.17,Weekend,Saturday,Light_Load,38.23,100.00
3.78,3.67,0.00,Weekday,Monday,Light_Load,100.00,71.75
3.31,0.00,17.96,Weekday,Friday,Light_Load,18.12,100.00
3.42,0.00,21.92,Weekend,Sunday,Light_Load,15.42,100.00
2.74,5.08,0.00,Weekday,Monday,Light_Load,100.00,47.47
76.21,9.76,0.68,Weekend,Saturday,Maximum_Load,100.00,99.19
67.50,33.01,0.00,Weekday,Tuesday,Medium_Load,100.00,89.83
61.31,30.89,0.00,Weekday,Monday,Maximum_Load,100.00,89.31
3.85,3.46,0.00,Weekday,Tuesday,Light_Load,100.00,74.38
51.98,53.89,0.00,Weekend,Saturday,Light_Load,100.00,69.42
3.35,0.00,17.28,Weekday,Thursday,Light_Load,19.03,100.00
3.60,3.89,0.00,Weekday,Friday,Light_Load,100.00,67.92
3.71,4.61,0.00,Weekday,Wednesday,Light_Load,100.00,62.70
7.88,0.00,25.45,Weekday,Friday,Medium_Load,29.58,100.00
3.24,4.36,0.00,Weekday,Monday,Light_Load,100.00,59.65
29.34,1.48,1.04,Weekend,Sunday,Maximum_Load,99.94,99.87
50.40,22.86,0.00,Weekday,Wednesday,Maximum_Load,100.00,91.07
2.92,0.00,4.50,Weekday,Monday,Light_Load,54.43,100.00
49.64,22.00,5.72,Weekday,Thursday,Medium_Load,99.34,91.42
6.12,0.00,15.30,Weekend,Sunday,Maximum_Load,37.14,100.00
54.72,12.78,0.00,Weekday,Tuesday,Medium_Load,100.00,97.38
5.72,0.00,21.42,Weekend,Sunday,Maximum_Load,25.80,100.00
99.90,36.22,0.00,Weekday,Monday,Medium_Load,100.00,94.01
43.16,18.83,0.00,Weekday,Wednesday,Maximum_Load,100.00,91.66
31.50,0.04,6.98,Weekend,Sunday,Maximum_Load,97.63,100.00
35.24,2.02,4.18,Weekday,Friday,Medium_Load,99.30,99.84
87.16,33.52,0.00,Weekday,Wednesday,Medium_Load,100.00,93.34
10.51,2.20,8.64,Weekend,Saturday,Medium_Load,77.25,97.88
3.67,4.79,0.00,Weekend,Sunday,Light_Load,100.00,60.82
11.30,0.07,13.82,Weekend,Saturday,Medium_Load,63.30,100.00
3.96,3.56,0.00,Weekend,Saturday,Light_Load,100.00,74.37
3.46,0.00,15.84,Weekend,Sunday,Medium_Load,21.34,100.00
99.43,59.69,0.00,Weekday,Tuesday,Light_Load,100.00,85.74
3.10,2.48,0.00,Weekday,Thursday,Light_Load,100.00,78.09
2.70,5.29,0.00,Weekday,Thursday,Light_Load,100.00,45.46
18.86,8.32,18.25,Weekday,Thursday,Medium_Load,71.86,91.49
4.90,3.53,0.00,Weekday,Friday,Light_Load,100.00,81.14
60.16,26.39,0.00,Weekday,Tuesday,Maximum_Load,100.00,91.58
2.81,3.74,0.00,Weekend,Sunday,Light_Load,100.00,60.07
72.43,15.73,0.32,Weekday,Thursday,Medium_Load,100.00,97.72
4.36,0.00,17.78,Weekday,Friday,Medium_Load,23.82,100.00
3.38,0.00,11.77,Weekend,Saturday,Medium_Load,27.60,100.00
7.49,0.00,23.15,Weekday,Wednesday,Maximum_Load,30.78,100.00
63.11,35.89,0.00,Weekday,Friday,Light_Load,100.00,86.93
3.13,4.00,0.00,Weekday,Monday,Light_Load,100.00,61.63
2.81,0.00,11.30,Weekend,Saturday,Medium_Load,24.13,100.00
65.41,7.34,1.80,Weekday,Wednesday,Maximum_Load,99.96,99.38
2.81,4.14,0.00,Weekend,Sunday,Light_Load,100.00,56.16
3.46,3.60,0.00,Weekend,Sunday,Light_Load,100.00,69.29
3.78,0.00,23.72,Weekend,Saturday,Medium_Load,15.74,100.00
3.82,0.00,9.40,Weekend,Sunday,Medium_Load,37.65,100.00
88.38,12.67,0.04,Weekend,Saturday,Medium_Load,100.00,98.99
37.73,18.40,0.00,Weekend,Saturday,Maximum_Load,100.00,89.88
15.62,13.28,0.00,Weekend,Sunday,Light_Load,100.00,76.19
73.04,33.16,0.00,Weekday,Thursday,Maximum_Load,100.00,91.06
5.26,0.00,26.96,Weekday,Wednesday,Medium_Load,19.15,100.00
39.60,19.04,0.00,Weekday,Friday,Medium_Load,100.00,90.12
3.67,3.13,0.07,Weekday,Thursday,Light_Load,99.98,76.09
3.85,4.32,0.00,Weekday,Monday,Light_Load,100.00,66.53
4.03,3.64,0.00,Weekend,Saturday,Light_Load,100.00,74.21
4.57,3.89,0.00,Weekday,Tuesday,Light_Load,100.00,76.15
2.84,5.11,0.00,Weekday,Friday,Light_Load,100.00,48.58
65.12,37.40,0.00,Weekday,Tuesday,Maximum_Load,100.00,86.72
55.91,21.64,0.00,Weekday,Friday,Maximum_Load,100.00,93.26
86.51,41.54,0.00,Weekday,Wednesday,Light_Load,100.00,90.15
2.88,0.00,4.64,Weekend,Sunday,Light_Load,52.74,100.00
35.35,5.15,4.21,Weekday,Monday,Maximum_Load,99.30,98.96
2.66,5.04,0.00,Weekday,Monday,Light_Load,100.00,46.68
4.86,7.99,0.00,Weekday,Monday,Maximum_Load,100.00,51.97
44.60,31.72,0.00,Weekday,Tuesday,Medium_Load,100.00,81.49
3.89,5.04,0.00,Weekday,Thursday,Light_Load,100.00,61.10
35.32,0.11,5.00,Weekday,Friday,Medium_Load,99.01,100.00
3.06,0.00,11.16,Weekend,Sunday,Light_Load,26.44,100.00
46.51,11.95,0.00,Weekday,Monday,Maximum_Load,100.00,96.85
56.92,29.16,0.00,Weekday,Thursday,Medium_Load,100.00,89.00
2.95,0.00,4.72,Weekday,Monday,Light_Load,53.00,100.00
74.20,26.17,0.00,Weekday,Friday,Medium_Load,100.00,94.31
12.20,0.00,24.73,Weekday,Friday,Medium_Load,44.24,100.00
3.17,0.00,17.14,Weekend,Sunday,Light_Load,18.19,100.00
4.61,4.21,0.00,Weekday,Thursday,Light_Load,100.00,73.84
50.76,16.34,0.00,Weekday,Monday,Maximum_Load,100.00,95.19
2.99,0.00,17.46,Weekend,Sunday,Light_Load,16.88,100.00
3.13,3.82,0.00,Weekend,Sunday,Medium_Load,100.00,63.38
2.81,0.00,11.99,Weekend,Saturday,Medium_Load,22.82,100.00
58.36,27.36,0.00,Weekday,Tuesday,Maximum_Load,100.00,90.54
2.84,4.21,0.00,Weekday,Friday,Light_Load,100.00,55.92
56.41,37.44,0.00,Weekday,Thursday,Maximum_Load,100.00,83.32
4.00,4.79,0.00,Weekday,Friday,Light_Load,100.00,64.10
61.38,18.25,0.00,Weekday,Monday,Medium_Load,100.00,95.85
65.63,29.38,0.00,Weekday,Monday,Maximum_Load,100.00,91.27
3.74,5.36,0.00,Weekday,Thursday,Light_Load,100.00,57.22
106.49,36.04,0.00,Weekend,Saturday,Maximum_Load,100.00,94.72
69.73,41.04,0.00,Weekday,Monday,Maximum_Load,100.00,86.18
2.74,2.88,1.91,Weekday,Monday,Light_Load,82.04,68.93
2.95,3.92,0.00,Weekend,Sunday,Light_Load,100.00,60.13
2.74,3.10,0.00,Weekday,Monday,Light_Load,100.00,66.23
3.10,3.71,0.00,Weekend,Sunday,Light_Load,100.00,64.12
2.81,4.25,0.00,Weekday,Thursday,Light_Load,100.00,55.15
3.02,5.11,0.00,Weekday,Tuesday,Light_Load,100.00,50.88
95.65,33.95,0.00,Weekday,Wednesday,Medium_Load,100.00,94.24
3.60,0.00,5.08,Weekend,Saturday,Light_Load,57.82,100.00
2.63,4.18,0.00,Weekday,Friday,Light_Load,100.00,53.25
4.86,2.88,0.00,Weekday,Friday,Light_Load,100.00,86.03
2.84,0.00,5.22,Weekend,Saturday,Light_Load,47.79,100.00
3.02,5.26,0.00,Weekday,Wednesday,Light_Load,100.00,49.79
2.92,5.15,0.00,Weekday,Wednesday,Light_Load,100.00,49.32
3.20,5.87,0.00,Weekday,Wednesday,Light_Load,100.00,47.86
3.06,6.16,0.00,Weekday,Thursday,Light_Load,100.00,44.49
3.13,4.72,0.00,Weekend,Saturday,Light_Load,100.00,55.27
2.95,0.00,4.68,Weekday,Monday,Light_Load,53.32,100.00
7.45,0.00,24.80,Weekday,Monday,Medium_Load,28.77,100.00
2.92,5.58,0.00,Weekday,Monday,Light_Load,100.00,46.37
5.08,0.00,19.91,Weekend,Sunday,Light_Load,24.72,100.00
3.20,4.46,0.00,Weekday,Tuesday,Light_Load,100.00,58.30
2.66,3.78,0.00,Weekday,Wednesday,Light_Load,100.00,57.55
48.42,8.93,0.00,Weekday,Friday,Medium_Load,100.00,98.34
3.71,0.00,17.93,Weekend,Saturday,Light_Load,20.26,100.00
4.00,3.74,0.04,Weekday,Thursday,Light_Load,100.00,73.04
4.28,4.43,0.00,Weekday,Monday,Light_Load,100.00,69.48
2.77,5.00,0.00,Weekday,Monday,Light_Load,100.00,48.46
43.20,13.25,0.00,Weekday,Friday,Maximum_Load,100.00,95.60
109.08,48.17,0.00,Weekday,Wednesday,Medium_Load,100.00,91.48
4.07,4.82,0.00,Weekday,Thursday,Light_Load,100.00,64.52
6.84,4.64,0.00,Weekday,Tuesday,Light_Load,100.00,82.76
5.11,0.00,20.63,Weekend,Sunday,Light_Load,24.04,100.00
29.20,6.80,0.61,Weekday,Thursday,Medium_Load,99.98,97.39
2.56,4.46,0.00,Weekend,Sunday,Light_Load,100.00,49.78
2.74,5.83,0.00,Weekday,Friday,Light_Load,100.00,42.53
3.13,3.96,0.00,Weekend,Sunday,Light_Load,100.00,62.01
89.10,29.52,0.00,Weekday,Thursday,Maximum_Load,100.00,94.93
63.58,37.94,0.00,Weekend,Saturday,Light_Load,100.00,85.87
6.05,5.18,0.00,Weekend,Saturday,Light_Load,100.00,75.96
53.24,24.08,0.00,Weekday,Tuesday,Medium_Load,100.00,91.11
66.71,21.53,0.00,Weekday,Monday,Maximum_Load,100.00,95.17
2.81,6.01,0.00,Weekday,Thursday,Light_Load,100.00,42.35
85.03,38.48,0.00,Weekday,Tuesday,Medium_Load,100.00,91.11
39.82,3.92,0.58,Weekday,Thursday,Medium_Load,99.99,99.52
3.49,0.00,17.82,Weekend,Saturday,Medium_Load,19.22,100.00
130.86,56.52,0.00,Weekday,Thursday,Maximum_Load,100.00,91.80
43.92,15.73,0.04,Weekday,Wednesday,Medium_Load,100.00,94.14
23.62,15.23,0.00,Weekday,Wednesday,Light_Load,100.00,84.04
3.46,4.14,0.00,Weekend,Sunday,Light_Load,100.00,64.13
3.74,0.00,12.78,Weekday,Wednesday,Medium_Load,28.09,100.00
66.02,40.10,0.00,Weekday,Friday,Maximum_Load,100.00,85.47
74.59,26.89,0.00,Weekday,Wednesday,Maximum_Load,100.00,94.07
3.13,5.54,0.00,Weekday,Thursday,Light_Load,100.00,49.19
2.56,3.38,0.00,Weekend,Sunday,Light_Load,100.00,60.38
3.31,5.90,0.00,Weekend,Sunday,Light_Load,100.00,48.93
11.81,0.65,16.02,Weekend,Sunday,Maximum_Load,59.34,99.85
3.85,3.06,0.18,Weekday,Wednesday,Light_Load,99.89,78.28
4.57,0.00,26.50,Weekend,Saturday,Light_Load,16.99,100.00
3.20,5.11,0.00,Weekday,Thursday,Light_Load,100.00,53.07
3.38,0.00,5.22,Weekday,Wednesday,Light_Load,54.35,100.00
4.97,0.00,26.17,Weekend,Sunday,Light_Load,18.66,100.00
3.35,0.00,14.08,Weekend,Sunday,Light_Load,23.15,100.00
4.10,4.75,0.00,Weekday,Thursday,Light_Load,100.00,65.34
3.96,4.75,0.00,Weekday,Friday,Light_Load,100.00,64.03
120.53,50.62,0.00,Weekday,Friday,Maximum_Load,100.00,92.20
3.74,3.17,0.11,Weekend,Sunday,Light_Load,99.96,76.28
5.08,0.00,11.41,Weekday,Friday,Maximum_Load,40.67,100.00
4.79,6.26,0.00,Weekday,Monday,Maximum_Load,100.00,60.77
2.92,0.00,17.46,Weekend,Saturday,Medium_Load,16.49,100.00
60.34,34.63,0.00,Weekday,Tuesday,Medium_Load,100.00,86.73
3.42,2.74,0.00,Weekend,Saturday,Light_Load,100.00,78.04
52.99,18.25,0.11,Weekday,Monday,Maximum_Load,100.00,94.55
39.92,12.56,0.00,Weekend,Saturday,Light_Load,100.00,95.39
4.68,5.72,0.00,Weekday,Tuesday,Light_Load,100.00,63.32
3.06,4.00,0.00,Weekday,Monday,Light_Load,100.00,60.76
41.83,29.45,0.00,Weekday,Tuesday,Light_Load,100.00,81.77
2.66,4.72,0.00,Weekend,Sunday,Light_Load,100.00,49.10
102.89,37.12,0.00,Weekday,Friday,Maximum_Load,100.00,94.07
33.84,0.72,4.43,Weekday,Tuesday,Medium_Load,99.15,99.98
2.95,4.25,0.00,Weekday,Wednesday,Light_Load,100.00,57.02
3.06,2.09,0.14,Weekend,Sunday,Light_Load,99.90,82.58
3.02,5.18,0.00,Weekday,Tuesday,Light_Load,100.00,50.37
3.49,0.00,17.53,Weekend,Sunday,Light_Load,19.53,100.00
3.02,3.13,0.00,Weekday,Wednesday,Light_Load,100.00,69.43
56.45,32.69,0.00,Weekday,Thursday,Maximum_Load,100.00,86.54
84.28,12.74,0.00,Weekend,Saturday,Maximum_Load,100.00,98.88
2.84,4.90,0.00,Weekend,Saturday,Light_Load,100.00,50.15
51.05,42.52,0.00,Weekday,Wednesday,Light_Load,100.00,76.84
4.36,4.36,0.00,Weekday,Monday,Light_Load,100.00,70.71
103.57,41.51,0.00,Weekday,Wednesday,Medium_Load,100.00,92.82
2.92,4.90,0.00,Weekday,Monday,Light_Load,100.00,51.19
30.96,0.40,1.26,Weekend,Saturday,Medium_Load,99.92,99.99
74.48,36.65,0.00,Weekday,Tuesday,Maximum_Load,100.00,89.73
80.71,38.77,0.00,Weekday,Friday,Light_Load,100.00,90.14
92.74,28.04,0.00,Weekday,Thursday,Maximum_Load,100.00,95.72
3.96,3.67,0.00,Weekday,Thursday,Light_Load,100.00,73.35
28.19,0.50,1.62,Weekend,Sunday,Maximum_Load,99.84,99.98
4.72,5.58,0.00,Weekday,Friday,Light_Load,100.00,64.58
2.88,3.82,0.00,Weekend,Sunday,Light_Load,100.00,60.20
37.26,20.20,0.61,Weekday,Tuesday,Medium_Load,99.99,87.91
105.48,45.58,0.00,Weekday,Wednesday,Medium_Load,100.00,91.80
99.25,23.11,0.00,Weekday,Monday,Medium_Load,100.00,97.39
2.59,4.00,0.00,Weekday,Tuesday,Light_Load,100.00,54.35
3.46,0.00,17.50,Weekend,Saturday,Light_Load,19.40,100.00
103.18,63.50,0.00,Weekday,Wednesday,Maximum_Load,100.00,85.16
111.20,53.71,0.00,Weekday,Monday,Maximum_Load,100.00,90.05
3.78,5.26,0.00,Weekday,Wednesday,Light_Load,100.00,58.36
55.44,58.46,0.00,Weekday,Monday,Light_Load,100.00,68.81
7.38,0.00,20.30,Weekday,Tuesday,Maximum_Load,34.17,100.00
3.13,0.00,16.88,Weekend,Sunday,Light_Load,18.23,100.00
2.74,5.36,0.00,Weekday,Monday,Light_Load,100.00,45.52
2.95,5.44,0.00,Weekday,Tuesday,Light_Load,100.00,47.67
3.60,3.13,0.00,Weekday,Thursday,Medium_Load,100.00,75.47
3.17,0.00,17.93,Weekday,Tuesday,Light_Load,17.41,100.00
4.54,0.00,17.89,Weekend,Saturday,Medium_Load,24.60,100.00
3.17,0.00,16.24,Weekend,Sunday,Light_Load,19.16,100.00
4.21,4.82,0.00,Weekend,Sunday,Light_Load,100.00,65.78
3.17,5.18,0.00,Weekday,Thursday,Light_Load,100.00,52.20
66.74,33.23,0.00,Weekday,Thursday,Medium_Load,100.00,89.52
9.43,0.00,5.90,Weekend,Saturday,Maximum_Load,84.77,100.00
3.49,0.00,16.63,Weekend,Sunday,Light_Load,20.54,100.00
5.94,5.65,0.00,Weekday,Wednesday,Light_Load,100.00,72.46
95.22,45.47,0.00,Weekday,Thursday,Light_Load,100.00,90.24
4.28,2.27,12.78,Weekday,Wednesday,Medium_Load,31.76,88.34
41.22,21.49,0.47,Weekend,Saturday,Maximum_Load,99.99,88.67
109.66,39.56,0.00,Weekday,Tuesday,Maximum_Load,100.00,94.07
47.63,41.15,0.00,Weekday,Friday,Light_Load,100.00,75.67
46.73,37.80,0.00,Weekday,Thursday,Maximum_Load,100.00,77.75
2.70,5.04,0.00,Weekend,Saturday,Light_Load,100.00,47.22
76.07,32.40,0.00,Weekday,Wednesday,Medium_Load,100.00,92.00
4.07,0.00,25.92,Weekday,Thursday,Medium_Load,15.51,100.00
56.48,27.29,0.00,Weekday,Wednesday,Maximum_Load,100.00,90.04
7.99,0.00,22.54,Weekday,Thursday,Medium_Load,33.41,100.00
100.15,38.02,0.00,Weekday,Friday,Maximum_Load,100.00,93.49
3.17,0.00,17.10,Weekend,Sunday,Light_Load,18.23,100.00
3.89,0.00,26.39,Weekend,Sunday,Medium_Load,14.58,100.00
2.95,4.00,0.00,Weekend,Saturday,Light_Load,100.00,59.35
39.56,29.20,0.00,Weekday,Tuesday,Light_Load,100.00,80.46
2.92,4.03,0.00,Weekend,Saturday,Light_Load,100.00,58.67
3.31,4.68,0.00,Weekday,Friday,Light_Load,100.00,57.74
27.32,9.07,5.47,Weekday,Monday,Medium_Load,98.05,94.91
117.47,69.37,0.00,Weekday,Tuesday,Medium_Load,100.00,86.11
3.60,3.10,0.00,Weekend,Saturday,Light_Load,100.00,75.78
32.40,0.04,9.83,Weekend,Saturday,Maximum_Load,95.69,100.00
4.86,3.28,0.07,Weekday,Friday,Light_Load,99.99,82.89
103.21,38.52,0.00,Weekday,Friday,Medium_Load,100.00,93.69
3.49,4.39,0.00,Weekday,Friday,Light_Load,100.00,62.23
4.18,3.13,0.00,Weekday,Tuesday,Light_Load,100.00,80.05
78.41,31.93,0.00,Weekday,Tuesday,Medium_Load,100.00,92.62
47.81,18.94,0.00,Weekend,Saturday,Medium_Load,100.00,92.97
3.28,2.34,0.07,Weekday,Friday,Light_Load,99.98,81.41
3.46,2.92,0.04,Weekend,Sunday,Light_Load,99.99,76.42
49.75,24.55,0.00,Weekday,Thursday,Maximum_Load,100.00,89.68
121.25,55.58,0.00,Weekday,Tuesday,Medium_Load,100.00,90.90
54.61,36.25,0.00,Weekday,Tuesday,Maximum_Load,100.00,83.32
83.63,44.50,0.00,Weekday,Friday,Medium_Load,100.00,88.28
95.65,47.84,0.00,Weekday,Wednesday,Medium_Load,100.00,89.44
68.29,43.02,0.00,Weekday,Thursday,Maximum_Load,100.00,84.61
4.28,1.98,14.90,Weekday,Tuesday,Medium_Load,27.61,90.76
3.20,0.00,16.70,Weekday,Tuesday,Light_Load,18.82,100.00
2.81,4.39,0.00,Weekend,Sunday,Light_Load,100.00,53.91
3.82,0.00,26.32,Weekday,Tuesday,Medium_Load,14.36,100.00
41.29,0.72,1.94,Weekend,Saturday,Medium_Load,99.89,99.98
3.10,2.95,0.00,Weekend,Sunday,Light_Load,100.00,72.44
3.78,0.00,16.09,Weekday,Thursday,Medium_Load,22.87,100.00
19.08,8.03,18.65,Weekday,Tuesday,Medium_Load,71.51,92.17
40.39,2.81,0.58,Weekday,Thursday,Medium_Load,99.99,99.76
2.84,5.00,0.00,Weekday,Friday,Light_Load,100.00,49.39
2.99,3.67,0.00,Weekday,Tuesday,Light_Load,100.00,63.16
25.67,0.25,3.06,Weekday,Monday,Medium_Load,99.30,100.00
2.74,4.50,0.00,Weekday,Tuesday,Light_Load,100.00,52.01
2.92,6.01,0.00,Weekday,Tuesday,Light_Load,100.00,43.70
3.92,1.26,14.83,Weekday,Wednesday,Medium_Load,25.56,95.20
3.20,3.02,0.00,Weekend,Sunday,Light_Load,100.00,72.73
3.56,0.00,18.22,Weekend,Saturday,Medium_Load,19.18,100.00
3.10,0.00,5.44,Weekday,Tuesday,Light_Load,49.51,100.00
6.41,0.00,25.06,Weekday,Tuesday,Medium_Load,24.78,100.00
5.44,0.00,20.70,Weekday,Wednesday,Maximum_Load,25.42,100.00
30.06,10.98,7.24,Weekday,Friday,Maximum_Load,97.22,93.93
4.50,0.00,21.31,Weekend,Sunday,Medium_Load,20.66,100.00
3.28,0.00,13.43,Weekday,Wednesday,Medium_Load,23.73,100.00
118.69,59.08,0.00,Weekday,Tuesday,Maximum_Load,100.00,89.52
3.20,0.00,16.92,Weekend,Sunday,Light_Load,18.58,100.00
3.28,4.68,0.00,Weekday,Thursday,Light_Load,100.00,57.39
4.21,3.13,0.07,Weekday,Thursday,Light_Load,99.99,80.25
103.36,34.70,0.00,Weekday,Tuesday,Medium_Load,100.00,94.80
55.94,39.10,0.00,Weekday,Wednesday,Medium_Load,100.00,81.96
26.28,0.04,7.67,Weekend,Saturday,Medium_Load,96.00,100.00
87.52,44.17,0.00,Weekday,Monday,Maximum_Load,100.00,89.27
65.48,14.98,0.00,Weekday,Tuesday,Maximum_Load,100.00,97.48
2.92,5.62,0.00,Weekend,Sunday,Light_Load,100.00,46.11
39.28,0.86,2.27,Weekday,Thursday,Medium_Load,99.83,99.98
84.56,41.18,0.00,Weekday,Wednesday,Medium_Load,100.00,89.91
79.38,20.41,1.84,Weekday,Monday,Medium_Load,99.97,96.85
3.24,0.00,5.00,Weekday,Wednesday,Light_Load,54.38,100.00
5.80,5.18,0.00,Weekday,Wednesday,Light_Load,100.00,74.58
65.99,33.84,0.00,Weekday,Wednesday,Maximum_Load,100.00,88.98
90.68,14.80,0.00,Weekday,Tuesday,Maximum_Load,100.00,98.69
3.60,4.43,0.00,Weekday,Tuesday,Light_Load,100.00,63.07
61.45,24.52,0.00,Weekday,Monday,Medium_Load,100.00,92.88
76.03,9.29,0.76,Weekend,Saturday,Medium_Load,100.00,99.26
69.05,37.30,0.00,Weekday,Tuesday,Maximum_Load,100.00,87.98
57.24,14.94,0.00,Weekend,Saturday,Medium_Load,100.00,96.76
3.53,5.62,0.00,Weekday,Monday,Light_Load,100.00,53.19
3.64,3.74,0.00,Weekday,Tuesday,Light_Load,100.00,69.75
2.70,0.00,11.81,Weekend,Sunday,Light_Load,22.29,100.00
4.46,6.88,0.00,Weekday,Thursday,Light_Load,100.00,54.40
3.42,0.00,14.04,Weekend,Saturday,Light_Load,23.67,100.00
2.70,4.93,0.00,Weekend,Saturday,Light_Load,100.00,48.03
61.78,44.17,0.00,Weekday,Tuesday,Medium_Load,100.00,81.35
3.31,3.71,0.00,Weekday,Monday,Light_Load,100.00,66.57
3.56,5.08,0.00,Weekday,Thursday,Light_Load,100.00,57.39
130.54,77.80,0.00,Weekday,Monday,Light_Load,100.00,85.90
68.54,42.48,0.00,Weekday,Thursday,Maximum_Load,100.00,85.00
3.67,5.83,0.00,Weekday,Friday,Medium_Load,100.00,53.27
49.39,24.19,0.00,Weekday,Thursday,Maximum_Load,100.00,89.81
35.32,10.37,3.28,Weekday,Tuesday,Maximum_Load,99.57,95.95
2.88,0.00,11.56,Weekend,Sunday,Medium_Load,24.17,100.00
3.10,6.01,0.00,Weekday,Thursday,Light_Load,100.00,45.84
2.56,4.50,0.00,Weekend,Saturday,Light_Load,100.00,49.45
3.64,0.00,14.90,Weekend,Sunday,Light_Load,23.73,100.00
5.15,5.08,0.00,Weekday,Wednesday,Light_Load,100.00,71.19
4.90,0.00,16.88,Weekday,Wednesday,Medium_Load,27.88,100.00
2.63,5.04,0.00,Weekday,Monday,Light_Load,100.00,46.26
35.32,15.26,0.00,Weekday,Friday,Medium_Load,100.00,91.80
107.93,40.75,0.00,Weekday,Friday,Medium_Load,100.00,93.55
4.50,0.00,24.37,Weekday,Wednesday,Medium_Load,18.16,100.00
3.56,0.00,14.11,Weekend,Sunday,Light_Load,24.46,100.00
7.16,0.00,15.98,Weekend,Sunday,Medium_Load,40.89,100.00
31.03,0.50,9.11,Weekday,Friday,Maximum_Load,95.95,99.99
3.89,3.53,0.00,Weekday,Monday,Light_Load,100.00,74.05
5.76,4.86,0.00,Weekday,Monday,Maximum_Load,100.00,76.43
3.71,5.29,0.00,Weekend,Saturday,Light_Load,100.00,57.42
3.10,3.46,0.00,Weekend,Sunday,Light_Load,100.00,66.73
5.11,0.00,25.67,Weekend,Sunday,Light_Load,19.52,100.00
5.44,0.00,21.60,Weekday,Friday,Medium_Load,24.42,100.00
3.67,0.00,17.57,Weekend,Saturday,Medium_Load,20.45,100.00
4.03,0.00,21.17,Weekend,Sunday,Light_Load,18.70,100.00
3.20,5.11,0.00,Weekday,Friday,Light_Load,100.00,53.07
2.95,6.73,0.00,Weekend,Saturday,Light_Load,100.00,40.15
3.42,6.95,0.00,Weekend,Sunday,Light_Load,100.00,44.15
2.92,5.65,0.00,Weekend,Saturday,Light_Load,100.00,45.91
46.98,23.40,0.00,Weekday,Friday,Maximum_Load,100.00,89.51
60.01,33.62,0.00,Weekday,Wednesday,Medium_Load,100.00,87.24
85.82,12.28,0.00,Weekday,Thursday,Medium_Load,100.00,98.99
2.95,4.93,0.00,Weekday,Monday,Light_Load,100.00,51.35
2.74,4.61,0.00,Weekend,Sunday,Light_Load,100.00,51.09
80.24,37.84,0.00,Weekday,Thursday,Medium_Load,100.00,90.45
38.84,0.47,3.49,Weekend,Saturday,Maximum_Load,99.60,99.99
11.23,0.00,21.38,Weekday,Thursday,Medium_Load,46.50,100.00
3.53,0.00,25.20,Weekend,Saturday,Light_Load,13.87,100.00
3.71,3.71,0.00,Weekday,Thursday,Light_Load,100.00,70.71
58.03,29.45,0.00,Weekday,Monday,Maximum_Load,100.00,89.17
4.10,0.00,9.97,Weekend,Sunday,Medium_Load,38.03,100.00
3.64,0.00,18.50,Weekend,Sunday,Medium_Load,19.31,100.00
85.36,52.88,0.00,Weekday,Friday,Maximum_Load,100.00,85.01
3.02,0.00,16.96,Weekend,Sunday,Light_Load,17.53,100.00
3.74,3.53,0.00,Weekday,Friday,Light_Load,100.00,72.72
5.76,5.33,0.00,Weekday,Tuesday,Light_Load,100.00,73.40
3.10,0.00,4.36,Weekday,Monday,Light_Load,57.95,100.00
4.25,5.29,0.00,Weekend,Sunday,Light_Load,100.00,62.63
3.67,4.75,0.00,Weekday,Thursday,Light_Load,100.00,61.14
2.81,5.00,0.00,Weekend,Sunday,Light_Load,100.00,48.99
50.54,13.21,0.00,Weekday,Wednesday,Maximum_Load,100.00,96.75
86.15,31.28,0.00,Weekday,Thursday,Medium_Load,100.00,94.00
3.17,0.00,16.56,Weekend,Sunday,Light_Load,18.80,100.00
3.06,4.75,0.00,Weekday,Wednesday,Light_Load,100.00,54.16
3.02,5.62,0.00,Weekday,Friday,Light_Load,100.00,47.34
3.35,4.43,0.00,Weekend,Sunday,Light_Load,100.00,60.32
4.57,4.54,0.00,Weekday,Wednesday,Light_Load,100.00,70.94
3.28,5.83,0.00,Weekend,Sunday,Light_Load,100.00,49.03
104.00,46.84,0.00,Weekday,Wednesday,Maximum_Load,100.00,91.18
63.58,17.10,0.00,Weekday,Tuesday,Maximum_Load,100.00,96.57
3.35,0.00,17.39,Weekday,Thursday,Light_Load,18.92,100.00
4.79,5.22,0.00,Weekday,Monday,Light_Load,100.00,67.61
57.28,21.28,0.00,Weekday,Thursday,Maximum_Load,100.00,93.74
4.61,4.07,0.00,Weekend,Saturday,Light_Load,100.00,74.96
3.82,1.48,13.36,Weekend,Sunday,Light_Load,27.49,93.25
28.62,2.92,7.13,Weekday,Thursday,Maximum_Load,97.03,99.48
3.92,5.76,0.00,Weekday,Wednesday,Light_Load,100.00,56.26
2.84,5.26,0.00,Weekend,Sunday,Light_Load,100.00,47.51
2.81,5.26,0.00,Weekday,Monday,Light_Load,100.00,47.12
4.07,2.84,0.29,Weekday,Wednesday,Light_Load,99.75,82.01
51.19,28.01,0.00,Weekday,Tuesday,Medium_Load,100.00,87.73
3.92,3.64,0.00,Weekday,Tuesday,Light_Load,100.00,73.28
69.62,53.39,0.00,Weekday,Monday,Maximum_Load,100.00,79.35
66.02,65.66,0.00,Weekday,Thursday,Light_Load,100.00,70.90
32.72,1.94,1.58,Weekend,Sunday,Maximum_Load,99.88,99.82
6.16,0.00,27.11,Weekday,Monday,Medium_Load,22.16,100.00
45.32,27.14,0.00,Weekday,Thursday,Maximum_Load,100.00,85.79
107.50,45.54,0.00,Weekday,Tuesday,Maximum_Load,100.00,92.08
114.01,41.15,0.00,Weekday,Wednesday,Maximum_Load,100.00,94.06
3.38,0.00,7.24,Weekend,Sunday,Light_Load,42.30,100.00
3.82,0.00,13.43,Weekday,Wednesday,Medium_Load,27.36,100.00
2.56,4.90,0.00,Weekday,Tuesday,Light_Load,100.00,46.31
2.66,4.97,0.00,Weekday,Monday,Light_Load,100.00,47.19
91.58,48.85,0.00,Weekday,Tuesday,Light_Load,100.00,88.23
3.02,0.00,16.42,Weekend,Sunday,Medium_Load,18.09,100.00
2.92,4.86,0.00,Weekday,Monday,Light_Load,100.00,51.50
53.60,24.70,0.00,Weekday,Thursday,Maximum_Load,100.00,90.82
5.26,0.00,25.78,Weekday,Thursday,Medium_Load,19.99,100.00
32.72,23.94,0.00,Weekday,Wednesday,Maximum_Load,100.00,80.70
2.99,5.87,0.00,Weekday,Friday,Light_Load,100.00,45.39
48.78,21.35,1.58,Weekday,Wednesday,Medium_Load,99.95,91.61
4.25,0.00,21.06,Weekend,Saturday,Light_Load,19.78,100.00
51.91,19.51,0.00,Weekday,Tuesday,Medium_Load,100.00,93.61
2.99,0.00,16.31,Weekend,Sunday,Light_Load,18.03,100.00
47.20,9.14,0.04,Weekday,Monday,Medium_Load,100.00,98.18
2.95,4.21,0.00,Weekday,Wednesday,Light_Load,100.00,57.39
3.56,0.00,16.85,Weekend,Sunday,Light_Load,20.67,100.00
82.26,42.48,0.00,Weekday,Monday,Medium_Load,100.00,88.85
2.63,4.28,0.00,Weekday,Thursday,Light_Load,100.00,52.35
54.83,33.05,0.00,Weekday,Tuesday,Maximum_Load,100.00,85.64
2.88,5.04,0.00,Weekend,Saturday,Light_Load,100.00,49.61
17.71,7.74,12.31,Weekday,Thursday,Medium_Load,82.11,91.63
89.21,41.47,0.00,Weekday,Friday,Light_Load,100.00,90.68
2.92,5.18,0.00,Weekday,Thursday,Light_Load,100.00,49.11
2.99,2.92,0.00,Weekend,Saturday,Light_Load,100.00,71.54
2.81,4.14,0.00,Weekday,Monday,Light_Load,100.00,56.16
3.10,6.91,0.00,Weekday,Thursday,Light_Load,100.00,40.93
41.11,19.69,0.00,Weekday,Thursday,Medium_Load,100.00,90.19
3.82,2.66,0.32,Weekday,Friday,Light_Load,99.65,82.06
54.58,12.06,0.29,Weekday,Thursday,Maximum_Load,100.00,97.64
111.64,51.41,0.00,Weekday,Monday,Maximum_Load,100.00,90.83
3.13,4.18,0.00,Weekend,Saturday,Light_Load,100.00,59.94
3.28,2.38,0.11,Weekday,Thursday,Light_Load,99.94,80.94
48.71,28.15,0.00,Weekday,Tuesday,Medium_Load,100.00,86.58
34.60,1.62,0.61,Weekday,Tuesday,Medium_Load,99.98,99.89
3.42,2.84,0.00,Weekend,Saturday,Light_Load,100.00,76.93
61.96,20.30,0.00,Weekday,Friday,Maximum_Load,100.00,95.03
8.82,2.23,18.72,Weekday,Wednesday,Medium_Load,42.62,96.95
51.98,19.62,0.00,Weekday,Monday,Maximum_Load,100.00,93.56
44.71,19.80,0.00,Weekend,Saturday,Medium_Load,100.00,91.44
4.07,3.24,0.18,Weekend,Saturday,Light_Load,99.90,78.24
55.98,36.90,0.00,Weekday,Monday,Maximum_Load,100.00,83.49
3.85,0.00,24.98,Weekend,Saturday,Medium_Load,15.23,100.00
35.96,2.52,1.37,Weekday,Tuesday,Maximum_Load,99.93,99.76
103.25,49.64,0.00,Weekday,Monday,Maximum_Load,100.00,90.13
57.31,25.78,0.00,Weekday,Tuesday,Medium_Load,100.00,91.20
37.80,0.22,4.07,Weekend,Saturday,Medium_Load,99.43,100.00
3.60,3.78,0.00,Weekday,Wednesday,Light_Load,100.00,68.97
106.67,45.18,0.00,Weekend,Saturday,Maximum_Load,100.00,92.08
27.83,0.00,6.66,Weekday,Tuesday,Maximum_Load,97.25,100.00
2.84,2.63,0.00,Weekend,Sunday,Light_Load,100.00,73.37
3.28,2.77,0.00,Weekday,Friday,Light_Load,100.00,76.40
3.10,4.10,0.00,Weekend,Saturday,Light_Load,100.00,60.31
3.02,5.47,0.00,Weekday,Friday,Light_Load,100.00,48.33
3.67,4.64,0.00,Weekday,Monday,Light_Load,100.00,62.04
4.07,0.00,21.06,Weekday,Wednesday,Medium_Load,18.97,100.00
65.84,49.39,0.00,Weekday,Friday,Maximum_Load,100.00,79.99
41.51,31.46,0.00,Weekday,Friday,Light_Load,100.00,79.70
3.64,0.00,10.33,Weekend,Sunday,Medium_Load,33.23,100.00
42.01,23.47,0.00,Weekday,Tuesday,Medium_Load,100.00,87.30
2.81,4.39,0.00,Weekend,Sunday,Medium_Load,100.00,53.91
2.70,4.39,0.00,Weekday,Wednesday,Medium_Load,100.00,52.39
3.92,5.26,0.00,Weekday,Thursday,Light_Load,100.00,59.76
2.59,4.68,0.00,Weekday,Monday,Light_Load,100.00,48.42
114.23,56.05,0.00,Weekday,Wednesday,Maximum_Load,100.00,89.78
2.95,0.00,13.61,Weekend,Sunday,Light_Load,21.18,100.00
3.46,3.78,0.00,Weekday,Tuesday,Light_Load,100.00,67.52
3.20,0.00,15.05,Weekend,Sunday,Light_Load,20.80,100.00
3.02,2.12,0.11,Weekday,Monday,Light_Load,99.93,81.85
4.03,1.76,14.87,Weekday,Tuesday,Medium_Load,26.16,91.64
4.14,4.79,0.00,Weekday,Friday,Light_Load,100.00,65.39
5.26,0.00,20.77,Weekday,Monday,Medium_Load,24.55,100.00
109.12,39.10,0.00,Weekday,Wednesday,Medium_Load,100.00,94.14
58.82,31.46,0.00,Weekday,Tuesday,Medium_Load,100.00,88.18
48.17,24.41,0.00,Weekday,Friday,Maximum_Load,100.00,89.20
4.28,4.46,0.00,Weekday,Friday,Light_Load,100.00,69.24
2.59,3.46,0.00,Weekend,Sunday,Light_Load,100.00,59.93
40.07,15.01,6.26,Weekday,Friday,Maximum_Load,98.80,93.65
3.92,5.15,0.00,Weekday,Tuesday,Medium_Load,100.00,60.57
111.53,44.28,0.00,Weekday,Wednesday,Maximum_Load,100.00,92.94
72.04,26.32,0.00,Weekday,Tuesday,Medium_Load,100.00,93.93
67.10,44.21,0.00,Weekday,Tuesday,Maximum_Load,100.00,83.50
3.20,6.34,0.00,Weekday,Monday,Light_Load,100.00,45.06
60.98,45.07,0.00,Weekday,Wednesday,Maximum_Load,100.00,80.42
82.62,27.54,0.00,Weekday,Wednesday,Medium_Load,100.00,94.87
51.52,16.63,0.00,Weekday,Monday,Medium_Load,100.00,95.17
3.20,5.47,0.00,Weekday,Thursday,Light_Load,100.00,50.49
2.59,4.18,0.00,Weekday,Tuesday,Light_Load,100.00,52.67
30.46,0.00,8.96,Weekday,Tuesday,Medium_Load,95.94,100.00
3.20,4.14,0.00,Weekday,Monday,Light_Load,100.00,61.16
2.84,5.87,0.00,Weekday,Friday,Light_Load,100.00,43.55
3.89,7.24,0.14,Weekday,Thursday,Maximum_Load,99.94,47.33
89.21,15.88,0.07,Weekend,Saturday,Medium_Load,100.00,98.45
4.03,0.00,16.88,Weekend,Saturday,Medium_Load,23.22,100.00
5.15,5.18,0.00,Weekday,Wednesday,Light_Load,100.00,70.51
40.68,7.27,0.40,Weekday,Wednesday,Medium_Load,100.00,98.44
5.11,0.00,21.20,Weekday,Monday,Medium_Load,23.43,100.00
2.59,4.57,0.00,Weekday,Tuesday,Light_Load,100.00,49.31
38.20,18.36,0.00,Weekday,Monday,Maximum_Load,100.00,90.13
46.26,22.14,0.00,Weekday,Wednesday,Medium_Load,100.00,90.20
55.22,41.72,0.00,Weekday,Thursday,Medium_Load,100.00,79.79
71.06,38.30,0.00,Weekday,Thursday,Maximum_Load,100.00,88.03
65.34,18.36,0.00,Weekday,Tuesday,Maximum_Load,100.00,96.27
80.96,49.14,0.00,Weekday,Wednesday,Maximum_Load,100.00,85.49
3.64,0.00,19.58,Weekend,Sunday,Light_Load,18.28,100.00
3.06,5.72,0.00,Weekday,Thursday,Light_Load,100.00,47.17
95.22,46.30,0.00,Weekday,Tuesday,Light_Load,100.00,89.93
50.94,28.58,0.00,Weekday,Thursday,Maximum_Load,100.00,87.21
3.89,0.00,25.99,Weekday,Thursday,Medium_Load,14.80,100.00
93.85,34.45,0.00,Weekday,Thursday,Medium_Load,100.00,93.88
62.78,28.94,0.00,Weekday,Wednesday,Maximum_Load,100.00,90.82
4.75,0.00,10.91,Weekend,Sunday,Light_Load,39.92,100.00
62.06,31.79,0.00,Weekday,Monday,Light_Load,100.00,89.00
2.70,4.90,0.00,Weekend,Sunday,Light_Load,100.00,48.26
72.00,34.88,0.00,Weekday,Tuesday,Medium_Load,100.00,90.00
10.91,0.00,17.93,Weekday,Thursday,Medium_Load,51.98,100.00
2.66,0.00,7.85,Weekend,Saturday,Light_Load,32.09,100.00
5.90,5.98,0.00,Weekday,Friday,Light_Load,100.00,70.23
3.64,0.00,5.69,Weekend,Sunday,Light_Load,53.89,100.00
3.24,5.98,0.00,Weekday,Tuesday,Light_Load,100.00,47.64
3.71,0.00,23.54,Weekday,Thursday,Medium_Load,15.57,100.00
37.01,0.68,4.54,Weekday,Wednesday,Medium_Load,99.26,99.98
2.45,4.93,0.00,Weekday,Thursday,Light_Load,100.00,44.50
41.69,17.53,0.00,Weekday,Tuesday,Maximum_Load,100.00,92.18
3.20,4.79,0.00,Weekday,Tuesday,Light_Load,100.00,55.55
3.38,0.00,17.82,Weekend,Saturday,Light_Load,18.64,100.00
2.77,5.54,0.00,Weekend,Sunday,Light_Load,100.00,44.72
112.36,66.74,0.00,Weekend,Sunday,Light_Load,100.00,85.98
29.92,10.98,0.00,Weekend,Sunday,Maximum_Load,100.00,93.88
30.74,0.00,9.61,Weekday,Friday,Medium_Load,95.44,100.00
2.95,5.29,0.00,Weekday,Tuesday,Light_Load,100.00,48.70
4.14,0.00,25.74,Weekend,Saturday,Medium_Load,15.88,100.00
98.35,48.06,0.00,Weekday,Tuesday,Light_Load,100.00,89.85
3.42,2.92,0.00,Weekday,Thursday,Light_Load,100.00,76.05
38.63,16.74,0.00,Weekday,Friday,Medium_Load,100.00,91.76
2.92,0.00,16.60,Weekday,Thursday,Light_Load,17.32,100.00
78.77,43.78,0.00,Weekday,Monday,Medium_Load,100.00,87.41
60.19,24.95,0.00,Weekday,Wednesday,Maximum_Load,100.00,92.38
2.70,4.46,0.00,Weekday,Wednesday,Light_Load,100.00,51.79
3.10,5.22,0.00,Weekday,Tuesday,Medium_Load,100.00,51.06
3.20,0.00,13.93,Weekend,Saturday,Light_Load,22.39,100.00
2.70,0.00,11.59,Weekend,Sunday,Light_Load,22.69,100.00
43.85,3.10,0.47,Weekday,Monday,Medium_Load,99.99,99.75
4.07,6.80,0.00,Weekend,Sunday,Light_Load,100.00,51.36
108.29,50.51,0.00,Weekday,Friday,Maximum_Load,100.00,90.63
3.31,5.44,0.00,Weekend,Sunday,Light_Load,100.00,51.98
3.31,0.00,18.79,Weekday,Friday,Medium_Load,17.35,100.00
2.92,5.72,0.00,Weekend,Saturday,Light_Load,100.00,45.47
36.40,8.24,0.00,Weekend,Sunday,Light_Load,100.00,97.53
103.43,39.67,0.00,Weekday,Monday,Maximum_Load,100.00,93.37
3.10,0.00,16.60,Weekday,Wednesday,Medium_Load,18.36,100.00
60.70,35.14,0.00,Weekday,Wednesday,Maximum_Load,100.00,86.54
4.61,5.54,0.00,Weekday,Tuesday,Light_Load,100.00,63.96
3.71,4.86,0.00,Weekday,Friday,Light_Load,100.00,60.68
34.60,9.65,0.00,Weekend,Saturday,Maximum_Load,100.00,96.32
47.41,24.26,0.00,Weekday,Tuesday,Maximum_Load,100.00,89.02
66.53,47.63,0.00,Weekday,Friday,Maximum_Load,100.00,81.31
3.74,7.63,0.00,Weekend,Saturday,Light_Load,100.00,44.01
131.18,53.60,0.00,Weekday,Thursday,Light_Load,100.00,92.57
3.24,3.17,0.00,Weekday,Wednesday,Light_Load,100.00,71.48
2.88,3.74,0.00,Weekend,Saturday,Light_Load,100.00,61.01
58.54,32.18,0.00,Weekday,Monday,Maximum_Load,100.00,87.63
48.17,15.70,0.00,Weekday,Thursday,Maximum_Load,100.00,95.08
3.28,5.00,0.00,Weekday,Wednesday,Light_Load,100.00,54.85
4.86,0.00,24.48,Weekday,Thursday,Medium_Load,19.47,100.00
3.28,0.00,4.57,Weekend,Sunday,Light_Load,58.31,100.00
48.49,21.82,0.00,Weekday,Wednesday,Maximum_Load,100.00,91.19
108.83,39.24,0.00,Weekday,Thursday,Medium_Load,100.00,94.07
3.60,2.48,0.29,Weekday,Monday,Light_Load,99.68,82.35
58.75,55.84,0.00,Weekday,Wednesday,Light_Load,100.00,72.48
36.83,7.63,0.00,Weekend,Saturday,Medium_Load,100.00,97.92
4.21,0.00,17.14,Weekday,Friday,Medium_Load,23.85,100.00
2.92,5.47,0.00,Weekday,Monday,Light_Load,100.00,47.09
3.24,5.69,0.00,Weekday,Tuesday,Light_Load,100.00,49.48
4.14,0.00,16.16,Weekday,Tuesday,Medium_Load,24.82,100.00
39.42,20.02,0.00,Weekday,Thursday,Medium_Load,100.00,89.16
2.81,0.00,4.28,Weekend,Sunday,Light_Load,54.88,100.00
135.43,51.95,0.00,Weekday,Thursday,Medium_Load,100.00,93.37
2.88,0.00,11.48,Weekend,Saturday,Medium_Load,24.33,100.00
5.15,0.00,17.57,Weekday,Friday,Medium_Load,28.13,100.00
79.96,43.38,0.00,Weekday,Friday,Medium_Load,100.00,87.90
84.56,30.53,0.00,Weekday,Tuesday,Maximum_Load,100.00,94.06
2.81,4.21,0.00,Weekday,Tuesday,Light_Load,100.00,55.52
79.74,27.65,0.00,Weekday,Tuesday,Maximum_Load,100.00,94.48
3.42,5.04,0.00,Weekend,Sunday,Light_Load,100.00,56.15
57.53,20.09,0.00,Weekday,Tuesday,Maximum_Load,100.00,94.41
4.64,0.00,14.08,Weekday,Friday,Medium_Load,31.30,100.00
2.66,0.00,12.20,Weekday,Friday,Medium_Load,21.30,100.00
127.48,46.48,0.00,Weekday,Tuesday,Medium_Load,100.00,93.95
37.76,2.38,1.37,Weekday,Thursday,Medium_Load,99.93,99.80
51.16,35.53,0.00,Weekday,Thursday,Maximum_Load,100.00,82.14
2.92,5.26,0.00,Weekday,Thursday,Light_Load,100.00,48.54
110.66,60.37,0.00,Weekday,Thursday,Medium_Load,100.00,87.79
4.10,4.32,0.00,Weekday,Wednesday,Light_Load,100.00,68.84
2.92,4.46,0.00,Weekday,Monday,Light_Load,100.00,54.78
2.92,5.36,0.00,Weekday,Monday,Light_Load,100.00,47.84
3.17,0.00,16.34,Weekend,Sunday,Light_Load,19.05,100.00
48.13,29.52,0.00,Weekday,Monday,Maximum_Load,100.00,85.24
3.06,0.00,13.64,Weekend,Sunday,Medium_Load,21.89,100.00
34.81,0.00,8.68,Weekday,Monday,Maximum_Load,97.03,100.00
91.98,50.47,0.00,Weekday,Tuesday,Maximum_Load,100.00,87.67
4.03,0.00,20.38,Weekday,Monday,Light_Load,19.40,100.00
2.70,4.82,0.00,Weekend,Saturday,Light_Load,100.00,48.87
3.53,7.13,0.00,Weekday,Wednesday,Light_Load,100.00,44.37
2.92,5.36,0.00,Weekend,Saturday,Light_Load,100.00,47.84
24.44,0.00,14.29,Weekday,Tuesday,Medium_Load,86.33,100.00
3.28,0.00,17.39,Weekend,Sunday,Medium_Load,18.53,100.00
3.06,0.00,16.31,Weekend,Sunday,Light_Load,18.44,100.00
3.24,0.00,10.66,Weekend,Sunday,Light_Load,29.08,100.00
93.85,64.73,0.00,Weekday,Wednesday,Light_Load,100.00,82.32
76.64,25.63,0.00,Weekday,Monday,Medium_Load,100.00,94.84
50.98,21.35,0.00,Weekday,Monday,Medium_Load,100.00,92.24
3.46,4.25,0.00,Weekend,Sunday,Light_Load,100.00,63.13
6.37,5.08,0.00,Weekday,Friday,Light_Load,100.00,78.18
2.92,5.04,0.00,Weekend,Saturday,Light_Load,100.00,50.13
30.06,0.43,3.85,Weekday,Friday,Medium_Load,99.19,99.99
15.52,3.74,19.04,Weekday,Monday,Medium_Load,63.18,97.22
3.82,2.59,0.43,Weekday,Monday,Light_Load,99.37,82.77
4.14,4.21,0.00,Weekday,Friday,Maximum_Load,100.00,70.12
110.74,57.56,0.00,Weekday,Wednesday,Maximum_Load,100.00,88.73
51.05,14.44,0.00,Weekday,Friday,Maximum_Load,100.00,96.22
3.60,0.00,18.11,Weekend,Saturday,Medium_Load,19.50,100.00
4.57,5.69,0.00,Weekday,Tuesday,Light_Load,100.00,62.62
4.64,4.68,0.00,Weekday,Thursday,Light_Load,100.00,70.41
43.92,14.29,0.00,Weekend,Saturday,Maximum_Load,100.00,95.09
73.33,32.80,0.00,Weekday,Monday,Maximum_Load,100.00,91.28
37.58,1.98,5.08,Weekday,Monday,Medium_Load,99.10,99.86
4.10,2.81,0.29,Weekday,Wednesday,Light_Load,99.75,82.49
2.81,4.36,0.00,Weekday,Wednesday,Light_Load,100.00,54.17
50.58,30.42,0.00,Weekday,Wednesday,Maximum_Load,100.00,85.70
3.67,6.41,0.00,Weekday,Wednesday,Light_Load,100.00,49.69
3.38,6.48,0.00,Weekend,Sunday,Light_Load,100.00,46.25
43.78,4.03,0.18,Weekday,Friday,Medium_Load,100.00,99.58
78.84,41.18,0.00,Weekday,Tuesday,Medium_Load,100.00,88.64
3.28,0.00,17.06,Weekend,Sunday,Light_Load,18.88,100.00
41.26,28.15,0.00,Weekday,Tuesday,Light_Load,100.00,82.61
33.80,14.29,0.65,Weekday,Tuesday,Medium_Load,99.98,92.11
5.11,0.00,25.78,Weekend,Sunday,Light_Load,19.44,100.00
27.07,0.76,2.09,Weekday,Friday,Maximum_Load,99.70,99.96
4.54,8.06,0.00,Weekday,Friday,Light_Load,100.00,49.08
3.56,2.99,0.07,Weekend,Saturday,Light_Load,99.98,76.57
68.26,8.86,1.22,Weekday,Tuesday,Maximum_Load,99.98,99.17
4.14,3.78,0.00,Weekend,Sunday,Light_Load,100.00,73.85
28.33,0.00,13.07,Weekday,Thursday,Medium_Load,90.80,100.00
3.17,6.01,0.00,Weekend,Sunday,Light_Load,100.00,46.65
2.74,0.00,11.74,Weekend,Sunday,Light_Load,22.73,100.00
56.99,27.90,0.00,Weekday,Wednesday,Maximum_Load,100.00,89.81
3.85,1.37,15.34,Weekday,Monday,Medium_Load,24.34,94.21
64.91,21.82,0.00,Weekday,Thursday,Maximum_Load,100.00,94.79
41.04,10.94,0.14,Weekday,Thursday,Medium_Load,100.00,96.63
57.46,18.25,0.00,Weekday,Wednesday,Medium_Load,100.00,95.31
4.57,0.00,26.21,Weekday,Tuesday,Medium_Load,17.18,100.00
4.39,0.00,21.31,Weekday,Tuesday,Medium_Load,20.18,100.00
3.42,3.24,0.00,Weekday,Friday,Light_Load,100.00,72.60
96.34,43.20,0.00,Weekday,Friday,Maximum_Load,100.00,91.25
5.80,0.00,18.97,Weekend,Sunday,Medium_Load,29.24,100.00
2.84,5.83,0.00,Weekend,Sunday,Light_Load,100.00,43.79
2.77,4.75,0.00,Weekday,Monday,Light_Load,100.00,50.38
36.47,27.54,0.00,Weekday,Friday,Light_Load,100.00,79.80
3.71,3.85,0.00,Weekday,Thursday,Light_Load,100.00,69.39
30.02,4.10,0.90,Weekday,Wednesday,Maximum_Load,99.96,99.08
2.88,0.00,16.74,Weekday,Tuesday,Medium_Load,16.96,100.00
67.10,25.99,0.00,Weekday,Wednesday,Medium_Load,100.00,93.25
45.79,30.28,0.00,Weekday,Friday,Medium_Load,100.00,83.41
2.95,4.43,0.00,Weekday,Thursday,Light_Load,100.00,55.43
2.99,0.00,11.34,Weekend,Sunday,Light_Load,25.50,100.00
3.28,0.00,10.51,Weekend,Saturday,Light_Load,29.79,100.00
4.03,4.10,0.36,Weekday,Wednesday,Maximum_Load,99.60,70.10
94.21,52.67,0.00,Weekday,Tuesday,Maximum_Load,100.00,87.29
56.05,22.25,0.00,Weekday,Monday,Maximum_Load,100.00,92.94
3.67,3.60,0.00,Weekday,Wednesday,Light_Load,100.00,71.39
3.49,7.31,0.11,Weekday,Thursday,Medium_Load,99.95,43.08
32.40,0.07,6.52,Weekend,Sunday,Medium_Load,98.03,100.00
4.68,0.00,18.50,Weekend,Saturday,Light_Load,24.52,100.00
2.70,0.00,11.77,Weekend,Sunday,Light_Load,22.36,100.00
3.46,0.00,17.46,Weekend,Sunday,Medium_Load,19.44,100.00
3.53,3.74,0.00,Weekday,Monday,Light_Load,100.00,68.64
55.58,35.10,0.00,Weekday,Thursday,Maximum_Load,100.00,84.55
89.42,41.83,0.00,Weekday,Tuesday,Maximum_Load,100.00,90.58
25.99,20.48,0.00,Weekend,Sunday,Light_Load,100.00,78.54
2.63,5.15,0.00,Weekday,Monday,Light_Load,100.00,45.48
67.50,37.58,0.00,Weekday,Monday,Medium_Load,100.00,87.37
2.63,4.75,0.00,Weekday,Monday,Light_Load,100.00,48.44
3.71,7.27,0.00,Weekday,Wednesday,Light_Load,100.00,45.45
101.12,37.91,0.00,Weekday,Friday,Maximum_Load,100.00,93.64
43.52,2.27,0.04,Weekday,Monday,Medium_Load,100.00,99.86
85.97,30.85,0.00,Weekday,Thursday,Medium_Load,100.00,94.12
4.28,0.00,17.28,Weekday,Friday,Medium_Load,24.04,100.00
3.64,7.16,0.00,Weekend,Saturday,Light_Load,100.00,45.32
2.81,0.00,13.72,Weekday,Monday,Medium_Load,20.06,100.00
4.14,0.00,20.52,Weekday,Monday,Medium_Load,19.78,100.00
72.47,28.40,0.00,Weekday,Tuesday,Medium_Load,100.00,93.11
2.81,3.67,0.00,Weekday,Wednesday,Light_Load,100.00,60.79
37.48,39.49,0.00,Weekend,Saturday,Light_Load,100.00,68.84
2.92,5.80,0.00,Weekday,Tuesday,Light_Load,100.00,44.97
62.50,32.47,0.00,Weekday,Monday,Maximum_Load,100.00,88.74
51.37,24.41,0.00,Weekday,Friday,Medium_Load,100.00,90.32
65.05,27.65,0.00,Weekday,Friday,Maximum_Load,100.00,92.03
4.10,0.00,27.43,Weekday,Friday,Medium_Load,14.78,100.00
2.81,4.97,0.00,Weekday,Monday,Light_Load,100.00,49.22
31.25,2.09,0.94,Weekday,Friday,Maximum_Load,99.95,99.78
74.30,43.78,0.00,Weekday,Friday,Light_Load,100.00,86.16
2.81,5.29,0.00,Weekend,Sunday,Light_Load,100.00,46.91
3.38,4.90,0.00,Weekday,Monday,Light_Load,100.00,56.78
6.12,0.00,19.12,Weekday,Monday,Medium_Load,30.48,100.00
4.54,7.45,0.00,Weekday,Thursday,Light_Load,100.00,52.04
2.59,4.07,0.00,Weekday,Tuesday,Light_Load,100.00,53.69
58.25,23.72,0.00,Weekday,Thursday,Medium_Load,100.00,92.62
43.13,2.66,2.16,Weekend,Saturday,Maximum_Load,99.87,99.81
3.28,0.00,17.50,Weekend,Sunday,Light_Load,18.42,100.00
3.06,0.00,16.42,Weekend,Sunday,Light_Load,18.32,100.00
3.42,2.34,0.11,Weekday,Tuesday,Light_Load,99.95,82.53
62.50,38.02,0.00,Weekday,Thursday,Maximum_Load,100.00,85.43
3.46,2.52,0.40,Weekend,Sunday,Light_Load,99.34,80.83
44.10,10.37,0.00,Weekday,Thursday,Medium_Load,100.00,97.34
3.46,2.92,0.00,Weekday,Thursday,Light_Load,100.00,76.42
3.10,4.10,0.00,Weekday,Wednesday,Light_Load,100.00,60.31
66.85,40.64,0.00,Weekday,Tuesday,Medium_Load,100.00,85.45
112.00,38.34,0.00,Weekday,Monday,Medium_Load,100.00,94.61
51.37,37.87,0.00,Weekday,Friday,Light_Load,100.00,80.49
59.04,59.80,0.00,Weekday,Monday,Light_Load,100.00,70.26
4.14,0.00,21.20,Weekend,Sunday,Light_Load,19.17,100.00
2.74,3.60,0.00,Weekend,Sunday,Light_Load,100.00,60.56
6.73,5.44,0.00,Weekday,Tuesday,Light_Load,100.00,77.77
4.43,0.00,19.51,Weekday,Friday,Medium_Load,22.14,100.00
70.20,22.36,0.00,Weekend,Saturday,Maximum_Load,100.00,95.28
90.97,24.66,0.04,Weekday,Friday,Medium_Load,100.00,96.52
3.28,0.00,17.28,Weekend,Saturday,Light_Load,18.65,100.00
62.06,27.18,0.00,Weekday,Thursday,Medium_Load,100.00,91.60
3.20,4.14,0.00,Weekend,Sunday,Medium_Load,100.00,61.16
6.44,0.00,25.31,Weekday,Tuesday,Medium_Load,24.66,100.00
2.84,5.90,0.00,Weekend,Saturday,Light_Load,100.00,43.37
79.81,44.75,0.00,Weekday,Monday,Medium_Load,100.00,87.22
53.82,36.11,0.00,Weekday,Wednesday,Maximum_Load,100.00,83.04
2.81,3.74,0.00,Weekend,Sunday,Light_Load,100.00,60.07
3.56,5.87,0.00,Weekday,Monday,Light_Load,100.00,51.86
2.84,4.64,0.00,Weekday,Thursday,Light_Load,100.00,52.20
69.52,37.04,0.00,Weekday,Monday,Medium_Load,100.00,88.25
3.60,4.10,0.00,Weekday,Friday,Light_Load,100.00,65.98
2.95,5.72,0.00,Weekday,Monday,Light_Load,100.00,45.84
46.01,19.58,0.00,Weekday,Tuesday,Maximum_Load,100.00,92.01
5.11,0.00,17.78,Weekday,Wednesday,Medium_Load,27.62,100.00
5.11,5.65,0.00,Weekday,Thursday,Light_Load,100.00,67.08
56.70,25.63,0.00,Weekday,Friday,Maximum_Load,100.00,91.12
3.28,0.00,11.12,Weekend,Saturday,Medium_Load,28.29,100.00
49.79,13.43,0.00,Weekday,Tuesday,Maximum_Load,100.00,96.55
52.99,14.08,0.00,Weekday,Thursday,Maximum_Load,100.00,96.65
3.46,5.18,0.00,Weekday,Friday,Light_Load,100.00,55.54
112.39,49.64,0.00,Weekday,Monday,Medium_Load,100.00,91.47
3.10,3.89,0.00,Weekday,Tuesday,Light_Load,100.00,62.32
28.73,17.35,4.90,Weekend,Saturday,Maximum_Load,98.58,85.60
63.83,29.41,0.00,Weekday,Tuesday,Maximum_Load,100.00,90.82
3.06,5.76,0.00,Weekend,Sunday,Light_Load,100.00,46.92
3.64,4.43,0.00,Weekday,Thursday,Light_Load,100.00,63.49
2.99,0.00,5.47,Weekend,Sunday,Light_Load,47.96,100.00
43.92,12.20,0.90,Weekday,Friday,Medium_Load,99.98,96.35
2.92,5.62,0.00,Weekday,Friday,Light_Load,100.00,46.11
61.70,47.52,0.00,Weekday,Friday,Maximum_Load,100.00,79.23
20.20,0.94,10.44,Weekend,Saturday,Medium_Load,88.84,99.89
3.13,3.78,0.00,Weekday,Monday,Light_Load,100.00,63.78
33.41,0.00,10.48,Weekend,Saturday,Maximum_Load,95.42,100.00
3.85,0.00,16.16,Weekday,Tuesday,Medium_Load,23.18,100.00
4.07,0.00,25.99,Weekend,Sunday,Medium_Load,15.47,100.00
50.83,26.14,0.00,Weekday,Thursday,Medium_Load,100.00,88.93
79.78,21.02,0.00,Weekend,Saturday,Maximum_Load,100.00,96.70
5.18,0.00,18.14,Weekday,Wednesday,Medium_Load,27.46,100.00
47.99,24.52,0.00,Weekday,Wednesday,Medium_Load,100.00,89.05
2.63,0.00,11.63,Weekday,Tuesday,Light_Load,22.06,100.00
4.21,4.90,0.00,Weekend,Sunday,Light_Load,100.00,65.17
4.10,0.00,21.06,Weekend,Saturday,Medium_Load,19.11,100.00
2.59,3.74,0.00,Weekend,Saturday,Light_Load,100.00,56.93
5.36,4.79,0.00,Weekday,Monday,Light_Load,100.00,74.56
3.71,6.88,0.00,Weekday,Tuesday,Light_Load,100.00,47.46
4.68,0.00,26.75,Weekday,Wednesday,Medium_Load,17.23,100.00
3.64,6.26,0.00,Weekday,Thursday,Light_Load,100.00,50.27
72.36,56.38,0.00,Weekday,Tuesday,Light_Load,100.00,78.88
2.95,5.54,0.00,Weekday,Wednesday,Light_Load,100.00,47.00
2.92,4.90,0.00,Weekday,Thursday,Light_Load,100.00,51.19
4.54,4.50,0.00,Weekday,Wednesday,Light_Load,100.00,71.02
58.10,22.90,0.00,Weekday,Monday,Maximum_Load,100.00,93.03
29.84,0.04,11.05,Weekday,Monday,Medium_Load,93.78,100.00
124.45,49.79,0.00,Weekday,Tuesday,Medium_Load,100.00,92.85
3.06,3.89,0.00,Weekday,Tuesday,Light_Load,100.00,61.83
88.34,26.57,0.00,Weekday,Monday,Medium_Load,100.00,95.76
43.02,16.02,0.00,Weekday,Friday,Medium_Load,100.00,93.71
2.77,0.00,10.84,Weekend,Saturday,Light_Load,24.76,100.00
3.71,4.46,0.00,Weekday,Tuesday,Light_Load,100.00,63.95
42.37,14.87,0.00,Weekend,Saturday,Maximum_Load,100.00,94.36
2.88,0.00,16.60,Weekday,Thursday,Light_Load,17.09,100.00
55.84,30.78,0.00,Weekday,Thursday,Maximum_Load,100.00,87.58
3.60,0.00,18.29,Weekend,Sunday,Medium_Load,19.31,100.00
38.56,3.13,1.40,Weekday,Thursday,Medium_Load,99.93,99.67
4.50,6.16,0.00,Weekday,Monday,Light_Load,100.00,58.99
4.82,5.29,0.00,Weekday,Friday,Light_Load,100.00,67.35
2.88,1.12,2.81,Weekday,Wednesday,Medium_Load,71.58,93.20
2.88,4.68,0.00,Weekday,Monday,Light_Load,100.00,52.41
40.10,22.36,0.00,Weekday,Monday,Medium_Load,100.00,87.34
4.79,0.00,20.59,Weekend,Saturday,Maximum_Load,22.66,100.00
5.18,0.00,10.19,Weekend,Saturday,Maximum_Load,45.32,100.00
2.66,5.04,0.00,Weekday,Wednesday,Light_Load,100.00,46.68
82.40,22.64,0.00,Weekday,Friday,Maximum_Load,100.00,96.43
64.08,31.61,0.00,Weekday,Friday,Maximum_Load,100.00,89.68
3.92,4.07,0.00,Weekday,Wednesday,Light_Load,100.00,69.37
58.46,25.67,0.00,Weekday,Tuesday,Maximum_Load,100.00,91.56
2.77,0.00,5.26,Weekend,Saturday,Light_Load,46.60,100.00
64.01,40.64,0.00,Weekday,Wednesday,Maximum_Load,100.00,84.42
55.58,18.36,0.00,Weekday,Thursday,Medium_Load,100.00,94.95
60.66,33.12,0.00,Weekday,Tuesday,Maximum_Load,100.00,87.77
3.78,3.06,0.11,Weekday,Monday,Light_Load,99.96,77.72
2.59,0.00,5.69,Weekday,Wednesday,Light_Load,41.43,100.00
3.60,0.00,16.16,Weekend,Sunday,Light_Load,21.74,100.00
31.25,0.00,9.36,Weekday,Monday,Medium_Load,95.80,100.00
3.67,3.24,0.04,Weekend,Saturday,Light_Load,99.99,74.97
4.18,4.57,0.00,Weekend,Saturday,Light_Load,100.00,67.49
4.03,0.00,23.15,Weekend,Saturday,Light_Load,17.15,100.00
96.01,31.32,0.00,Weekend,Saturday,Maximum_Load,100.00,95.07
2.74,0.00,13.97,Weekend,Saturday,Medium_Load,19.25,100.00
102.28,47.56,0.00,Weekday,Monday,Medium_Load,100.00,90.68
65.52,37.66,0.00,Weekday,Friday,Medium_Load,100.00,86.70
3.67,0.00,6.62,Weekday,Wednesday,Light_Load,48.49,100.00
35.24,10.19,0.00,Weekend,Saturday,Maximum_Load,100.00,96.06
36.36,1.01,2.45,Weekday,Tuesday,Medium_Load,99.77,99.96
62.17,26.06,0.00,Weekday,Thursday,Maximum_Load,100.00,92.23
3.92,4.93,0.00,Weekday,Tuesday,Medium_Load,100.00,62.24
3.17,4.28,0.00,Weekday,Thursday,Light_Load,100.00,59.52
30.85,6.19,9.11,Weekday,Wednesday,Medium_Load,95.91,98.05
3.74,0.00,24.73,Weekend,Sunday,Light_Load,14.95,100.00
7.13,0.00,17.17,Weekday,Wednesday,Medium_Load,38.35,100.00
134.89,45.00,0.00,Weekday,Friday,Medium_Load,100.00,94.86
3.71,3.60,0.00,Weekend,Sunday,Light_Load,100.00,71.77
3.67,0.00,20.99,Weekday,Thursday,Medium_Load,17.22,100.00
66.31,28.94,0.00,Weekday,Friday,Medium_Load,100.00,91.65
2.77,4.07,0.00,Weekend,Sunday,Light_Load,100.00,56.26
69.98,50.47,0.00,Weekday,Wednesday,Maximum_Load,100.00,81.11
3.02,3.13,0.00,Weekday,Wednesday,Light_Load,100.00,69.43
41.22,17.35,0.00,Weekday,Tuesday,Medium_Load,100.00,92.17
3.13,5.94,0.00,Weekday,Wednesday,Light_Load,100.00,46.62
3.56,3.10,0.00,Weekday,Thursday,Light_Load,100.00,75.41
3.56,6.34,0.00,Weekday,Friday,Light_Load,100.00,48.96
3.10,3.74,0.00,Weekday,Monday,Light_Load,100.00,63.82
66.20,25.88,0.00,Weekday,Thursday,Maximum_Load,100.00,93.14
3.92,5.00,0.00,Weekday,Thursday,Light_Load,100.00,61.70
33.62,17.71,2.02,Weekday,Tuesday,Medium_Load,99.82,88.48
5.18,0.00,18.18,Weekday,Wednesday,Maximum_Load,27.40,100.00
3.42,6.16,0.00,Weekend,Saturday,Light_Load,100.00,48.54
47.34,13.97,0.00,Weekday,Tuesday,Medium_Load,100.00,95.91
3.06,3.35,0.00,Weekend,Sunday,Light_Load,100.00,67.44
68.00,23.11,0.00,Weekday,Tuesday,Medium_Load,100.00,94.68
3.42,0.00,13.61,Weekend,Sunday,Light_Load,24.37,100.00
71.32,39.06,0.00,Weekday,Tuesday,Maximum_Load,100.00,87.71
3.28,4.68,0.00,Weekday,Thursday,Light_Load,100.00,57.39
2.45,4.36,0.00,Weekday,Monday,Light_Load,100.00,48.99
59.15,34.63,0.00,Weekday,Friday,Medium_Load,100.00,86.30
37.48,7.20,0.07,Weekday,Wednesday,Medium_Load,100.00,98.20
100.91,40.50,0.00,Weekday,Friday,Maximum_Load,100.00,92.80
75.24,32.15,0.00,Weekday,Friday,Maximum_Load,100.00,91.96
66.35,34.99,0.00,Weekend,Saturday,Light_Load,100.00,88.45
7.49,0.07,20.63,Weekday,Wednesday,Medium_Load,34.13,100.00
3.17,4.18,0.00,Weekday,Tuesday,Light_Load,100.00,60.43
38.77,8.82,0.00,Weekday,Thursday,Maximum_Load,100.00,97.51
3.35,3.96,0.00,Weekend,Sunday,Light_Load,100.00,64.59
54.65,36.65,0.00,Weekday,Tuesday,Light_Load,100.00,83.05
2.77,5.33,0.00,Weekday,Wednesday,Medium_Load,100.00,46.11
4.03,0.00,5.58,Weekend,Saturday,Maximum_Load,58.55,100.00
4.07,3.82,0.00,Weekday,Tuesday,Light_Load,100.00,72.91
3.28,5.33,0.00,Weekend,Saturday,Light_Load,100.00,52.41
2.88,4.46,0.00,Weekday,Monday,Light_Load,100.00,54.25
33.55,29.77,0.00,Weekday,Monday,Light_Load,100.00,74.80
3.24,4.46,0.00,Weekday,Tuesday,Light_Load,100.00,58.77
4.68,5.04,0.00,Weekday,Friday,Light_Load,100.00,68.05
4.21,3.31,0.18,Weekday,Wednesday,Maximum_Load,99.91,78.61
4.46,0.00,21.02,Weekday,Monday,Medium_Load,20.76,100.00
98.75,36.83,0.00,Weekday,Monday,Maximum_Load,100.00,93.70
52.02,27.50,0.00,Weekday,Tuesday,Maximum_Load,100.00,88.41
46.12,38.84,0.00,Weekday,Monday,Light_Load,100.00,76.49
2.99,5.18,0.00,Weekday,Wednesday,Light_Load,100.00,49.99
3.49,6.84,0.00,Weekend,Sunday,Light_Load,100.00,45.45
3.28,5.00,0.00,Weekday,Wednesday,Light_Load,100.00,54.85
58.68,21.67,0.00,Weekday,Tuesday,Maximum_Load,100.00,93.81
3.38,2.20,0.18,Weekday,Thursday,Light_Load,99.86,83.81
69.80,27.79,0.00,Weekday,Friday,Medium_Load,100.00,92.91
4.61,4.32,0.00,Weekday,Monday,Light_Load,100.00,72.97
3.28,2.70,0.00,Weekday,Wednesday,Light_Load,100.00,77.21
3.56,0.00,13.32,Weekday,Tuesday,Light_Load,25.82,100.00
3.85,0.00,22.07,Weekday,Friday,Light_Load,17.18,100.00
46.66,13.93,0.00,Weekday,Tuesday,Medium_Load,100.00,95.82
2.84,4.46,0.00,Weekday,Tuesday,Light_Load,100.00,53.71
17.35,0.50,10.51,Weekend,Sunday,Maximum_Load,85.53,99.96
2.84,5.18,0.00,Weekend,Sunday,Light_Load,100.00,48.07
2.70,4.79,0.00,Weekday,Tuesday,Light_Load,100.00,49.10
3.38,5.51,0.00,Weekend,Saturday,Light_Load,100.00,52.29
70.74,24.23,0.00,Weekday,Monday,Maximum_Load,100.00,94.60
54.29,24.19,0.00,Weekday,Wednesday,Maximum_Load,100.00,91.34
2.74,4.75,0.00,Weekend,Sunday,Light_Load,100.00,49.97
4.18,5.36,0.00,Weekend,Saturday,Light_Load,100.00,61.50
3.67,0.00,26.39,Weekday,Friday,Medium_Load,13.77,100.00
3.28,4.03,0.00,Weekday,Thursday,Light_Load,100.00,63.12
72.68,64.22,0.00,Weekday,Tuesday,Maximum_Load,100.00,74.94
3.17,3.82,0.00,Weekday,Monday,Light_Load,100.00,63.86
65.52,34.67,0.00,Weekday,Monday,Medium_Load,100.00,88.39
2.84,0.00,10.84,Weekend,Saturday,Light_Load,25.34,100.00
3.60,2.56,0.29,Weekday,Thursday,Light_Load,99.68,81.50
69.37,46.22,0.00,Weekday,Wednesday,Medium_Load,100.00,83.22
92.48,21.82,0.00,Weekend,Saturday,Light_Load,100.00,97.33
48.53,25.38,0.00,Weekday,Thursday,Maximum_Load,100.00,88.61
125.60,67.79,0.00,Weekday,Friday,Maximum_Load,100.00,88.00
4.50,7.99,0.00,Weekend,Saturday,Light_Load,100.00,49.07
78.77,19.51,0.00,Weekday,Friday,Medium_Load,100.00,97.07
123.19,44.14,0.00,Weekday,Wednesday,Medium_Load,100.00,94.14
42.91,5.36,0.07,Weekday,Wednesday,Maximum_Load,100.00,99.23
38.66,1.26,0.54,Weekend,Saturday,Maximum_Load,99.99,99.95
25.74,24.84,0.00,Weekend,Sunday,Light_Load,100.00,71.96
64.66,60.34,0.00,Weekday,Thursday,Light_Load,100.00,73.11
4.10,0.00,20.95,Weekend,Saturday,Medium_Load,19.21,100.00
4.03,0.00,26.46,Weekend,Sunday,Medium_Load,15.06,100.00
3.82,3.20,0.04,Weekend,Sunday,Light_Load,99.99,76.66
111.64,52.34,0.00,Weekday,Thursday,Maximum_Load,100.00,90.54
53.96,51.73,0.00,Weekday,Tuesday,Light_Load,100.00,72.19
2.59,3.74,0.00,Weekday,Tuesday,Light_Load,100.00,56.93
39.53,0.25,2.38,Weekend,Saturday,Medium_Load,99.82,100.00
40.86,0.97,1.12,Weekend,Saturday,Maximum_Load,99.96,99.97
4.14,0.00,17.68,Weekend,Saturday,Medium_Load,22.80,100.00
57.31,11.27,0.00,Weekend,Saturday,Medium_Load,100.00,98.12
3.42,6.62,0.00,Weekend,Saturday,Light_Load,100.00,45.90
95.44,33.41,0.00,Weekday,Tuesday,Medium_Load,100.00,94.38
64.04,32.76,0.00,Weekday,Thursday,Maximum_Load,100.00,89.03
4.10,0.00,24.16,Weekend,Saturday,Light_Load,16.73,100.00
31.75,0.72,3.17,Weekend,Sunday,Maximum_Load,99.51,99.97
56.34,27.90,0.00,Weekday,Thursday,Medium_Load,100.00,89.61
2.99,3.92,0.00,Weekday,Friday,Light_Load,100.00,60.65
3.60,7.20,0.00,Weekend,Saturday,Light_Load,100.00,44.72
2.77,5.98,0.00,Weekday,Tuesday,Light_Load,100.00,42.03
3.42,4.39,0.00,Weekday,Friday,Light_Load,100.00,61.46
89.32,11.48,0.00,Weekend,Saturday,Maximum_Load,100.00,99.18
4.97,3.96,0.00,Weekday,Friday,Light_Load,100.00,78.21
5.22,0.00,21.06,Weekday,Friday,Medium_Load,24.06,100.00
44.17,4.18,0.04,Weekday,Friday,Medium_Load,100.00,99.56
3.02,0.00,18.14,Weekend,Saturday,Medium_Load,16.42,100.00
40.57,8.28,0.00,Weekday,Thursday,Maximum_Load,100.00,97.98
4.36,0.00,26.21,Weekday,Tuesday,Medium_Load,16.41,100.00
118.94,49.97,0.00,Weekday,Thursday,Medium_Load,100.00,92.19
51.55,10.51,0.32,Weekday,Wednesday,Medium_Load,100.00,97.98
3.28,4.57,0.00,Weekday,Tuesday,Light_Load,100.00,58.31
54.61,32.26,0.00,Weekday,Thursday,Medium_Load,100.00,86.10
52.96,27.47,0.00,Weekday,Wednesday,Maximum_Load,100.00,88.77
3.13,3.89,0.00,Weekend,Saturday,Light_Load,100.00,62.69
2.52,4.79,0.00,Weekend,Saturday,Light_Load,100.00,46.56
2.81,0.00,4.72,Weekday,Wednesday,Medium_Load,51.15,100.00
3.89,3.17,0.18,Weekday,Monday,Maximum_Load,99.89,77.52
4.32,3.71,0.04,Weekday,Tuesday,Light_Load,100.00,75.86
34.70,2.74,3.96,Weekday,Monday,Medium_Load,99.36,99.69
2.52,4.68,0.00,Weekday,Wednesday,Light_Load,100.00,47.41
44.50,17.17,0.00,Weekend,Saturday,Maximum_Load,100.00,93.30
3.02,4.18,0.00,Weekend,Saturday,Light_Load,100.00,58.56
4.39,3.49,0.00,Weekday,Tuesday,Light_Load,100.00,78.28
58.86,14.04,0.00,Weekday,Friday,Medium_Load,100.00,97.27
58.93,8.57,0.00,Weekday,Wednesday,Maximum_Load,100.00,98.96
2.99,3.53,0.00,Weekend,Sunday,Light_Load,100.00,64.63
3.10,3.92,0.00,Weekday,Monday,Light_Load,100.00,62.03
3.02,3.67,0.00,Weekday,Friday,Light_Load,100.00,63.54
75.92,28.94,0.00,Weekday,Friday,Medium_Load,100.00,93.44
3.42,0.00,25.99,Weekday,Wednesday,Medium_Load,13.05,100.00
63.90,45.83,0.00,Weekday,Friday,Medium_Load,100.00,81.26
84.20,12.71,0.72,Weekday,Wednesday,Maximum_Load,100.00,98.88
2.70,0.00,14.00,Weekend,Sunday,Light_Load,18.94,100.00
109.91,36.50,0.00,Weekday,Thursday,Maximum_Load,100.00,94.90
28.04,0.00,9.25,Weekday,Monday,Medium_Load,94.97,100.00
3.46,0.00,14.69,Weekend,Sunday,Light_Load,22.93,100.00
2.88,0.00,5.00,Weekday,Monday,Light_Load,49.91,100.00
66.17,27.94,0.00,Weekday,Friday,Maximum_Load,100.00,92.12
2.88,5.47,0.00,Weekday,Monday,Light_Load,100.00,46.59
27.79,4.32,0.00,Weekday,Wednesday,Maximum_Load,100.00,98.81
93.49,72.83,0.00,Weekday,Tuesday,Light_Load,100.00,78.89
50.29,15.48,0.00,Weekday,Monday,Medium_Load,100.00,95.57
50.90,14.69,0.22,Weekday,Wednesday,Medium_Load,100.00,96.08
58.43,28.84,0.00,Weekday,Thursday,Maximum_Load,100.00,89.67
4.72,0.00,25.70,Weekday,Thursday,Medium_Load,18.06,100.00
4.21,3.74,0.04,Weekday,Tuesday,Light_Load,100.00,74.76
4.72,5.51,0.00,Weekday,Tuesday,Light_Load,100.00,65.06
8.17,0.00,25.42,Weekday,Tuesday,Medium_Load,30.60,100.00
7.09,4.18,0.00,Weekday,Friday,Light_Load,100.00,86.14
3.74,4.07,0.00,Weekend,Saturday,Light_Load,100.00,67.66
65.63,31.90,0.00,Weekday,Monday,Maximum_Load,100.00,89.94
4.10,4.18,0.00,Weekend,Sunday,Light_Load,100.00,70.02
4.10,0.00,20.92,Weekend,Saturday,Light_Load,19.23,100.00
2.99,0.00,11.92,Weekend,Sunday,Light_Load,24.33,100.00
56.27,19.51,0.00,Weekday,Monday,Medium_Load,100.00,94.48
6.01,1.73,15.48,Weekday,Monday,Maximum_Load,36.19,96.10
27.79,0.32,3.10,Weekday,Thursday,Medium_Load,99.38,99.99
3.64,0.00,6.12,Weekday,Tuesday,Medium_Load,51.12,100.00
2.84,5.36,0.00,Weekend,Sunday,Light_Load,100.00,46.82
78.55,44.06,0.00,Weekday,Tuesday,Medium_Load,100.00,87.22
2.77,0.00,11.77,Weekend,Sunday,Light_Load,22.91,100.00
3.56,4.50,0.00,Weekend,Sunday,Light_Load,100.00,62.04
2.99,0.00,16.42,Weekday,Friday,Light_Load,17.91,100.00
3.02,0.00,17.17,Weekday,Wednesday,Medium_Load,17.32,100.00
49.25,33.62,0.00,Weekday,Thursday,Medium_Load,100.00,82.59
6.44,0.00,26.28,Weekday,Wednesday,Medium_Load,23.80,100.00
87.48,49.90,0.00,Weekday,Tuesday,Maximum_Load,100.00,86.86
3.53,4.79,0.00,Weekday,Thursday,Light_Load,100.00,59.33
2.81,4.50,0.00,Weekday,Tuesday,Light_Load,100.00,52.97
3.10,5.04,0.00,Weekend,Saturday,Light_Load,100.00,52.39
25.52,0.50,4.00,Weekday,Monday,Medium_Load,98.79,99.98
5.18,0.00,25.16,Weekend,Sunday,Light_Load,20.17,100.00
4.03,4.14,0.00,Weekday,Friday,Light_Load,100.00,69.75
113.15,33.70,0.00,Weekday,Monday,Medium_Load,100.00,95.84
72.07,35.53,0.00,Weekend,Saturday,Maximum_Load,100.00,89.69
3.28,3.82,0.00,Weekend,Sunday,Light_Load,100.00,65.14
79.45,47.12,0.00,Weekday,Wednesday,Medium_Load,100.00,86.01
55.19,32.58,0.00,Weekday,Monday,Maximum_Load,100.00,86.11
32.72,0.54,3.06,Weekday,Tuesday,Maximum_Load,99.57,99.99
3.85,0.00,7.38,Weekend,Saturday,Medium_Load,46.25,100.00
112.61,67.54,0.29,Weekday,Monday,Maximum_Load,100.00,85.76
3.24,0.00,13.00,Weekend,Sunday,Light_Load,24.18,100.00
3.02,4.75,0.00,Weekday,Thursday,Light_Load,100.00,53.65
39.06,10.51,3.28,Weekday,Tuesday,Maximum_Load,99.65,96.57
32.90,29.12,0.00,Weekday,Tuesday,Light_Load,100.00,74.88
15.01,2.09,18.36,Weekday,Friday,Medium_Load,63.29,99.04
2.95,0.00,17.32,Weekend,Saturday,Light_Load,16.79,100.00
3.46,4.68,0.00,Weekday,Thursday,Light_Load,100.00,59.45
3.24,4.10,0.00,Weekend,Sunday,Light_Load,100.00,62.00
2.63,4.68,0.00,Weekday,Tuesday,Light_Load,100.00,48.99
63.94,27.68,0.00,Weekday,Friday,Maximum_Load,100.00,91.77
4.10,0.00,26.53,Weekend,Sunday,Medium_Load,15.27,100.00
143.93,72.18,0.00,Weekday,Thursday,Maximum_Load,100.00,89.39
2.99,0.00,16.96,Weekend,Sunday,Light_Load,17.36,100.00
3.42,0.00,14.87,Weekend,Saturday,Light_Load,22.41,100.00
3.17,5.44,0.00,Weekday,Friday,Light_Load,100.00,50.35
23.51,19.98,0.00,Weekday,Tuesday,Light_Load,100.00,76.20
4.18,4.72,0.00,Weekend,Sunday,Light_Load,100.00,66.30
117.72,42.98,0.00,Weekend,Saturday,Maximum_Load,100.00,93.93
3.24,5.33,0.00,Weekday,Wednesday,Light_Load,100.00,51.94
3.10,3.74,0.00,Weekday,Monday,Light_Load,100.00,63.82
3.96,0.00,15.05,Weekend,Saturday,Light_Load,25.45,100.00
2.92,4.21,0.00,Weekday,Wednesday,Light_Load,100.00,56.99
3.17,6.52,0.00,Weekday,Monday,Light_Load,100.00,43.73
45.47,21.92,0.00,Weekday,Monday,Maximum_Load,100.00,90.08
3.89,5.08,0.00,Weekday,Thursday,Light_Load,100.00,60.80
45.72,18.94,0.00,Weekend,Saturday,Light_Load,100.00,92.39
2.74,4.32,0.00,Weekday,Monday,Light_Load,100.00,53.56
30.74,8.71,5.04,Weekday,Wednesday,Maximum_Load,98.68,96.21
3.71,0.00,18.72,Weekend,Saturday,Medium_Load,19.44,100.00
96.98,24.91,0.00,Weekday,Monday,Maximum_Load,100.00,96.86
2.70,4.64,0.00,Weekday,Thursday,Light_Load,100.00,50.29
2.92,0.00,17.35,Weekend,Saturday,Medium_Load,16.60,100.00
121.72,67.39,0.00,Weekday,Friday,Light_Load,100.00,87.49
2.81,4.03,0.00,Weekday,Wednesday,Light_Load,100.00,57.20
39.71,11.84,0.04,Weekday,Friday,Medium_Load,100.00,95.83
63.83,39.56,0.00,Weekday,Monday,Maximum_Load,100.00,85.00
2.81,4.50,0.00,Weekday,Thursday,Light_Load,100.00,52.97
63.97,25.74,0.00,Weekday,Thursday,Maximum_Load,100.00,92.77
80.46,37.12,0.00,Weekend,Sunday,Maximum_Load,100.00,90.80
4.39,4.03,0.00,Weekday,Monday,Light_Load,100.00,73.67
7.60,5.54,0.00,Weekday,Monday,Medium_Load,100.00,80.81
81.43,53.39,0.00,Weekday,Tuesday,Maximum_Load,100.00,83.63
2.77,0.00,11.09,Weekday,Thursday,Light_Load,24.23,100.00
63.11,56.09,0.00,Weekday,Monday,Light_Load,100.00,74.75
2.70,4.64,0.00,Weekday,Thursday,Light_Load,100.00,50.29
3.17,5.33,0.00,Weekend,Saturday,Light_Load,100.00,51.12
28.84,1.19,2.02,Weekday,Friday,Medium_Load,99.76,99.91
54.94,38.09,0.00,Weekday,Monday,Maximum_Load,100.00,82.18
81.72,44.71,0.00,Weekday,Thursday,Maximum_Load,100.00,87.73
5.54,0.00,21.02,Weekday,Friday,Maximum_Load,25.49,100.00
112.43,51.37,0.00,Weekday,Monday,Medium_Load,100.00,90.96
3.82,3.24,0.00,Weekday,Monday,Light_Load,100.00,76.26
6.59,0.00,18.83,Weekend,Sunday,Maximum_Load,33.03,100.00
4.21,5.40,0.00,Weekend,Saturday,Light_Load,100.00,61.49
5.26,0.00,26.78,Weekday,Tuesday,Medium_Load,19.27,100.00
3.06,2.48,0.00,Weekend,Sunday,Light_Load,100.00,77.69
40.10,29.48,0.00,Weekday,Tuesday,Light_Load,100.00,80.57
51.95,38.12,0.00,Weekday,Friday,Maximum_Load,100.00,80.62
59.76,33.95,0.00,Weekday,Thursday,Medium_Load,100.00,86.95
3.89,0.00,19.33,Weekend,Sunday,Light_Load,19.73,100.00
4.21,4.79,0.00,Weekend,Saturday,Medium_Load,100.00,66.02
3.31,5.65,0.00,Weekday,Tuesday,Light_Load,100.00,50.55
5.00,0.00,20.66,Weekday,Thursday,Medium_Load,23.52,100.00
54.97,14.58,0.00,Weekday,Wednesday,Maximum_Load,100.00,96.66
69.48,31.82,0.00,Weekday,Friday,Maximum_Load,100.00,90.92
23.83,0.00,14.44,Weekday,Monday,Medium_Load,85.52,100.00
2.92,0.00,4.93,Weekend,Saturday,Light_Load,50.96,100.00
44.39,25.81,0.00,Weekday,Wednesday,Medium_Load,100.00,86.45
6.01,5.72,0.00,Weekday,Friday,Light_Load,100.00,72.44
79.16,22.43,0.00,Weekday,Wednesday,Medium_Load,100.00,96.21
2.63,4.93,0.00,Weekend,Sunday,Light_Load,100.00,47.07
2.84,5.04,0.00,Weekend,Sunday,Light_Load,100.00,49.09
2.99,6.41,0.00,Weekend,Sunday,Light_Load,100.00,42.27
2.99,5.00,0.00,Weekday,Friday,Light_Load,100.00,51.32
4.97,0.07,16.70,Weekday,Friday,Medium_Load,28.52,99.99
48.82,14.44,0.00,Weekday,Monday,Medium_Load,100.00,95.89
33.23,1.51,3.96,Weekday,Tuesday,Medium_Load,99.30,99.90
3.02,4.75,0.00,Weekday,Friday,Light_Load,100.00,53.65
4.39,0.00,26.24,Weekday,Tuesday,Medium_Load,16.50,100.00
36.29,11.95,0.00,Weekday,Friday,Maximum_Load,100.00,94.98
3.78,2.92,0.25,Weekday,Wednesday,Light_Load,99.78,79.14
49.36,46.84,0.00,Weekday,Wednesday,Light_Load,100.00,72.54
3.13,5.36,0.00,Weekday,Thursday,Light_Load,100.00,50.43
81.11,37.62,0.00,Weekday,Friday,Maximum_Load,100.00,90.72
3.35,2.52,0.00,Weekend,Sunday,Light_Load,100.00,79.91
2.74,3.38,0.00,Weekday,Monday,Light_Load,100.00,62.97
27.86,0.00,10.84,Weekend,Sunday,Maximum_Load,93.19,100.00
42.44,14.00,0.11,Weekend,Saturday,Maximum_Load,100.00,94.97
54.50,19.30,0.00,Weekday,Tuesday,Medium_Load,100.00,94.26
2.56,3.60,0.00,Weekend,Sunday,Light_Load,100.00,57.95
113.90,47.99,0.00,Weekday,Thursday,Medium_Load,100.00,92.15
3.17,6.52,0.00,Weekday,Friday,Medium_Load,100.00,43.73
3.60,5.08,0.00,Weekday,Thursday,Medium_Load,100.00,57.82
4.18,3.49,0.11,Weekday,Monday,Maximum_Load,99.97,76.76
3.24,5.54,0.00,Weekend,Sunday,Light_Load,100.00,50.48
74.70,26.93,0.00,Weekday,Thursday,Maximum_Load,100.00,94.07
49.36,20.77,0.00,Weekday,Friday,Maximum_Load,100.00,92.17
33.05,0.14,4.57,Weekend,Saturday,Maximum_Load,99.06,100.00
4.14,0.00,16.96,Weekend,Saturday,Maximum_Load,23.71,100.00
2.84,3.13,0.00,Weekday,Friday,Light_Load,100.00,67.20
2.99,0.00,16.52,Weekday,Friday,Light_Load,17.81,100.00
40.07,0.36,2.20,Weekend,Saturday,Maximum_Load,99.85,100.00
3.49,5.08,0.00,Weekday,Monday,Medium_Load,100.00,56.63
40.14,15.23,0.00,Weekday,Wednesday,Maximum_Load,100.00,93.50
3.02,2.02,0.14,Weekday,Monday,Light_Load,99.89,83.12
3.82,0.00,25.96,Weekday,Friday,Medium_Load,14.56,100.00
48.24,20.74,0.00,Weekday,Monday,Maximum_Load,100.00,91.87
4.61,0.00,26.32,Weekday,Thursday,Medium_Load,17.25,100.00
4.32,0.00,21.10,Weekend,Saturday,Light_Load,20.06,100.00
2.81,4.68,0.00,Weekend,Sunday,Light_Load,100.00,51.48
3.85,0.00,17.35,Weekend,Saturday,Medium_Load,21.66,100.00
2.63,4.28,0.00,Weekday,Wednesday,Light_Load,100.00,52.35
3.53,4.82,0.00,Weekday,Monday,Light_Load,100.00,59.09
61.49,26.10,0.00,Weekday,Monday,Maximum_Load,100.00,92.05
120.85,59.29,0.00,Weekday,Wednesday,Medium_Load,100.00,89.78
3.46,3.67,0.00,Weekday,Thursday,Light_Load,100.00,68.60
37.15,6.12,0.00,Weekday,Friday,Medium_Load,100.00,98.67
3.35,0.00,14.90,Weekend,Saturday,Light_Load,21.94,100.00
3.64,4.64,0.00,Weekday,Wednesday,Light_Load,100.00,61.72
54.76,39.82,0.00,Weekday,Thursday,Medium_Load,100.00,80.88
40.93,0.18,1.76,Weekday,Thursday,Medium_Load,99.91,100.00
2.95,0.00,14.15,Weekend,Sunday,Light_Load,20.41,100.00
3.35,5.33,0.00,Weekday,Monday,Light_Load,100.00,53.21
3.02,3.53,0.00,Weekday,Monday,Light_Load,100.00,65.01
2.81,3.96,0.00,Weekday,Wednesday,Light_Load,100.00,57.87
3.60,6.41,0.00,Weekday,Wednesday,Light_Load,100.00,48.97
27.47,6.48,4.07,Weekend,Saturday,Light_Load,98.92,97.33
2.92,4.68,0.00,Weekday,Thursday,Light_Load,100.00,52.93
4.57,0.00,20.99,Weekday,Monday,Medium_Load,21.27,100.00
107.64,35.39,0.00,Weekday,Monday,Medium_Load,100.00,95.00
56.92,22.72,0.00,Weekday,Wednesday,Medium_Load,100.00,92.87
5.40,4.97,0.00,Weekend,Saturday,Light_Load,100.00,73.58
61.27,33.77,0.00,Weekday,Friday,Maximum_Load,100.00,87.58
4.36,3.10,0.00,Weekday,Monday,Light_Load,100.00,81.50
3.71,7.13,0.00,Weekday,Tuesday,Light_Load,100.00,46.16
66.49,31.57,0.00,Weekday,Friday,Medium_Load,100.00,90.33
64.48,42.30,0.00,Weekday,Friday,Maximum_Load,100.00,83.61
58.68,24.34,0.00,Weekday,Monday,Maximum_Load,100.00,92.37
3.06,3.10,0.00,Weekday,Friday,Light_Load,100.00,70.25
3.85,4.43,0.00,Weekday,Tuesday,Light_Load,100.00,65.60
3.38,0.00,17.60,Weekday,Thursday,Light_Load,18.86,100.00
2.95,0.00,16.56,Weekday,Thursday,Light_Load,17.54,100.00
3.56,4.97,0.00,Weekend,Sunday,Light_Load,100.00,58.23
6.30,0.00,21.31,Weekday,Monday,Medium_Load,28.35,100.00
40.61,30.02,0.00,Weekday,Thursday,Light_Load,100.00,80.41
3.60,0.00,17.78,Weekday,Wednesday,Medium_Load,19.84,100.00
3.42,4.50,0.00,Weekday,Thursday,Light_Load,100.00,60.51
3.85,3.06,0.00,Weekend,Sunday,Light_Load,100.00,78.28
75.06,32.51,0.00,Weekday,Tuesday,Medium_Load,100.00,91.76
107.42,37.58,0.00,Weekday,Tuesday,Medium_Load,100.00,94.39
3.49,0.00,17.64,Weekend,Sunday,Light_Load,19.41,100.00
2.81,0.00,4.46,Weekday,Friday,Light_Load,53.31,100.00
4.14,0.00,27.29,Weekday,Friday,Light_Load,15.00,100.00
3.17,5.80,0.00,Weekend,Saturday,Light_Load,100.00,47.96
3.85,0.00,18.47,Weekend,Saturday,Light_Load,20.41,100.00
3.28,0.00,16.56,Weekday,Tuesday,Medium_Load,19.43,100.00
2.77,3.89,0.00,Weekday,Wednesday,Light_Load,100.00,58.00
2.95,5.80,0.00,Weekday,Friday,Light_Load,100.00,45.34
10.01,2.27,19.01,Weekday,Tuesday,Medium_Load,46.59,97.52
54.18,11.95,0.00,Weekend,Saturday,Maximum_Load,100.00,97.65
19.22,2.81,6.62,Weekday,Friday,Medium_Load,94.55,98.95
3.35,0.00,14.80,Weekend,Saturday,Light_Load,22.08,100.00
2.59,5.72,0.00,Weekday,Tuesday,Light_Load,100.00,41.25
77.33,9.79,0.65,Weekend,Saturday,Maximum_Load,100.00,99.21
3.31,5.98,0.00,Weekday,Wednesday,Light_Load,100.00,48.43
3.89,0.00,16.60,Weekend,Sunday,Light_Load,22.82,100.00
23.44,0.00,12.35,Weekday,Friday,Medium_Load,88.47,100.00
3.56,0.00,15.34,Weekend,Sunday,Light_Load,22.61,100.00
51.41,17.10,0.65,Weekday,Friday,Medium_Load,99.99,94.89
4.57,4.93,0.00,Weekday,Thursday,Light_Load,100.00,67.98
69.98,23.00,0.00,Weekday,Thursday,Medium_Load,100.00,95.00
60.19,32.44,0.00,Weekday,Thursday,Medium_Load,100.00,88.03
113.18,74.38,0.00,Weekday,Thursday,Light_Load,100.00,83.57
3.96,0.00,17.24,Weekend,Sunday,Light_Load,22.39,100.00
3.56,0.00,22.14,Weekend,Saturday,Medium_Load,15.88,100.00
66.53,38.70,0.00,Weekday,Thursday,Medium_Load,100.00,86.44
4.46,0.00,16.92,Weekend,Saturday,Medium_Load,25.49,100.00
2.99,6.26,0.00,Weekday,Wednesday,Light_Load,100.00,43.10
104.44,29.84,0.00,Weekend,Saturday,Medium_Load,100.00,96.15
2.77,4.97,0.00,Weekday,Thursday,Light_Load,100.00,48.68
45.65,31.43,0.00,Weekend,Saturday,Light_Load,100.00,82.37
102.35,34.92,0.00,Weekday,Monday,Medium_Load,100.00,94.64
3.24,5.26,0.00,Weekday,Friday,Medium_Load,100.00,52.45
32.83,33.05,0.00,Weekend,Saturday,Light_Load,100.00,70.47
3.06,0.00,17.32,Weekend,Sunday,Light_Load,17.40,100.00
51.30,4.03,2.23,Weekend,Saturday,Medium_Load,99.91,99.69
4.25,3.85,0.00,Weekday,Tuesday,Light_Load,100.00,74.11
2.66,4.46,0.00,Weekday,Wednesday,Light_Load,100.00,51.22
3.20,5.80,0.00,Weekend,Sunday,Light_Load,100.00,48.31
70.67,27.54,0.00,Weekday,Wednesday,Maximum_Load,100.00,93.17
2.92,6.26,0.04,Weekday,Wednesday,Medium_Load,99.99,42.27
3.67,0.00,13.64,Weekend,Sunday,Light_Load,25.98,100.00
2.99,3.82,0.00,Weekend,Saturday,Light_Load,100.00,61.64
57.64,21.17,0.00,Weekday,Friday,Medium_Load,100.00,93.87
5.94,5.22,0.00,Weekday,Wednesday,Light_Load,100.00,75.12
3.10,3.49,0.00,Weekday,Friday,Light_Load,100.00,66.41
3.10,4.97,0.00,Weekend,Saturday,Light_Load,100.00,52.92
2.95,4.14,0.00,Weekday,Thursday,Light_Load,100.00,58.03
3.49,0.00,26.60,Weekend,Saturday,Medium_Load,13.01,100.00
54.14,18.18,0.00,Weekday,Thursday,Medium_Load,100.00,94.80
136.15,51.37,0.00,Weekday,Monday,Medium_Load,100.00,93.56
3.20,5.94,0.00,Weekend,Saturday,Light_Load,100.00,47.43
9.61,0.00,24.98,Weekday,Thursday,Medium_Load,35.91,100.00
3.71,6.73,0.00,Weekday,Thursday,Light_Load,100.00,48.28
52.74,30.71,0.00,Weekday,Monday,Medium_Load,100.00,86.42
3.20,0.00,15.26,Weekday,Monday,Light_Load,20.52,100.00
2.92,0.00,17.32,Weekend,Saturday,Medium_Load,16.62,100.00
3.13,0.00,12.67,Weekday,Tuesday,Light_Load,23.98,100.00
3.38,2.16,0.29,Weekday,Friday,Light_Load,99.63,84.26
77.29,56.84,0.00,Weekday,Friday,Light_Load,100.00,80.56
2.92,0.00,17.03,Weekend,Sunday,Light_Load,16.90,100.00
94.14,34.99,0.00,Weekday,Wednesday,Medium_Load,100.00,93.73
5.40,0.00,21.56,Weekday,Friday,Medium_Load,24.30,100.00
43.60,7.96,1.04,Weekday,Thursday,Medium_Load,99.97,98.37
3.67,0.00,17.14,Weekend,Saturday,Medium_Load,20.94,100.00
3.06,0.00,16.27,Weekend,Sunday,Light_Load,18.48,100.00
119.59,57.20,0.00,Weekday,Wednesday,Maximum_Load,100.00,90.21
47.05,18.54,0.00,Weekday,Thursday,Maximum_Load,100.00,93.04
3.92,0.00,25.70,Weekend,Saturday,Medium_Load,15.08,100.00
2.70,4.93,0.00,Weekend,Saturday,Light_Load,100.00,48.03
3.35,5.98,0.00,Weekday,Wednesday,Light_Load,100.00,48.87
3.46,0.00,6.37,Weekend,Saturday,Medium_Load,47.73,100.00
3.60,0.00,15.41,Weekend,Sunday,Light_Load,22.75,100.00
48.92,12.78,0.00,Weekday,Thursday,Maximum_Load,100.00,96.75
3.64,4.43,0.00,Weekday,Tuesday,Light_Load,100.00,63.49
4.75,0.00,9.47,Weekend,Sunday,Maximum_Load,44.83,100.00
2.92,5.22,0.00,Weekday,Thursday,Light_Load,100.00,48.82
3.02,0.00,16.88,Weekday,Wednesday,Medium_Load,17.61,100.00
3.17,5.33,0.00,Weekend,Saturday,Medium_Load,100.00,51.12
4.25,0.00,22.00,Weekend,Sunday,Light_Load,18.97,100.00
37.69,9.83,5.15,Weekend,Sunday,Medium_Load,99.08,96.76
34.34,0.07,3.42,Weekend,Sunday,Maximum_Load,99.51,100.00
5.58,5.76,0.00,Weekday,Wednesday,Light_Load,100.00,69.58
106.74,33.19,0.00,Weekday,Wednesday,Maximum_Load,100.00,95.49
4.64,5.90,0.00,Weekday,Tuesday,Light_Load,100.00,61.82
4.64,5.94,0.00,Weekday,Tuesday,Light_Load,100.00,61.56
3.89,7.02,0.00,Weekday,Wednesday,Light_Load,100.00,48.47
5.65,5.00,0.00,Weekday,Monday,Light_Load,100.00,74.89
6.05,6.52,0.00,Weekday,Thursday,Light_Load,100.00,68.02
81.65,52.56,0.00,Weekday,Tuesday,Medium_Load,100.00,84.08
109.76,49.64,0.00,Weekday,Wednesday,Maximum_Load,100.00,91.11
3.28,5.29,0.00,Weekday,Wednesday,Light_Load,100.00,52.70
5.08,0.00,22.10,Weekday,Wednesday,Maximum_Load,22.40,100.00
2.74,5.00,0.00,Weekend,Sunday,Light_Load,100.00,48.06
2.81,0.00,11.34,Weekend,Saturday,Medium_Load,24.05,100.00
50.83,12.78,0.00,Weekday,Monday,Medium_Load,100.00,96.98
2.88,3.92,0.00,Weekend,Sunday,Light_Load,100.00,59.21
2.92,6.08,0.00,Weekday,Tuesday,Light_Load,100.00,43.29
3.85,6.01,0.00,Weekend,Saturday,Light_Load,100.00,53.94
3.31,5.72,0.00,Weekday,Tuesday,Light_Load,100.00,50.09
102.71,35.39,0.00,Weekday,Tuesday,Maximum_Load,100.00,94.55
3.06,6.12,0.00,Weekday,Friday,Light_Load,100.00,44.72
3.28,4.39,0.00,Weekend,Saturday,Light_Load,100.00,59.85
2.66,4.57,0.00,Weekday,Monday,Light_Load,100.00,50.30
2.88,5.11,0.00,Weekend,Saturday,Light_Load,100.00,49.10
2.99,4.90,0.00,Weekday,Thursday,Light_Load,100.00,52.09
4.03,3.35,0.14,Weekend,Saturday,Light_Load,99.94,76.90
59.26,36.79,0.00,Weekday,Monday,Medium_Load,100.00,84.96
4.68,4.68,0.00,Weekday,Friday,Light_Load,100.00,70.71
2.63,4.86,0.00,Weekday,Monday,Light_Load,100.00,47.59
5.04,0.00,19.40,Weekend,Saturday,Light_Load,25.14,100.00
51.16,19.04,0.00,Weekday,Tuesday,Medium_Load,100.00,93.72
6.95,5.00,0.00,Weekend,Saturday,Light_Load,100.00,81.18
3.89,0.00,24.05,Weekend,Saturday,Medium_Load,15.97,100.00
3.17,1.51,9.54,Weekend,Saturday,Medium_Load,31.53,90.28
6.16,4.07,5.33,Weekday,Monday,Medium_Load,75.62,83.43
3.78,4.79,0.00,Weekday,Monday,Light_Load,100.00,61.95
48.85,14.80,0.00,Weekday,Tuesday,Medium_Load,100.00,95.70
3.13,5.26,0.00,Weekday,Tuesday,Light_Load,100.00,51.14
11.41,0.00,22.93,Weekday,Tuesday,Medium_Load,44.55,100.00
4.10,0.00,27.07,Weekday,Wednesday,Medium_Load,14.98,100.00
5.94,0.00,22.90,Weekend,Saturday,Medium_Load,25.11,100.00
63.61,27.94,0.00,Weekday,Friday,Maximum_Load,100.00,91.56
31.61,23.80,0.00,Weekday,Wednesday,Light_Load,100.00,79.89
3.10,2.48,0.00,Weekday,Wednesday,Light_Load,100.00,78.09
3.24,2.63,0.00,Weekday,Friday,Light_Load,100.00,77.64
2.99,3.13,0.00,Weekday,Wednesday,Light_Load,100.00,69.08
48.60,26.28,0.00,Weekday,Friday,Medium_Load,100.00,87.96
87.08,44.03,0.00,Weekday,Wednesday,Maximum_Load,100.00,89.24
53.39,26.32,0.00,Weekday,Friday,Maximum_Load,100.00,89.69
4.07,0.00,26.17,Weekday,Thursday,Medium_Load,15.37,100.00
10.76,0.00,19.73,Weekday,Friday,Medium_Load,47.88,100.00
3.17,4.18,0.00,Weekend,Sunday,Light_Load,100.00,60.43
99.25,69.55,0.00,Weekday,Monday,Maximum_Load,100.00,81.89
108.94,71.42,0.00,Weekday,Wednesday,Light_Load,100.00,83.63
58.10,35.68,0.00,Weekday,Monday,Maximum_Load,100.00,85.21
4.03,0.00,26.57,Weekend,Saturday,Medium_Load,15.00,100.00
100.44,35.42,0.00,Weekday,Thursday,Maximum_Load,100.00,94.31
32.33,0.22,4.10,Weekend,Sunday,Maximum_Load,99.21,100.00
2.95,0.00,13.97,Weekend,Sunday,Light_Load,20.66,100.00
3.06,4.25,0.00,Weekend,Saturday,Medium_Load,100.00,58.43
2.92,0.00,4.18,Weekend,Sunday,Light_Load,57.27,100.00
4.64,0.00,26.46,Weekend,Saturday,Medium_Load,17.27,100.00
2.59,4.46,0.00,Weekday,Thursday,Light_Load,100.00,50.22
3.06,4.75,0.00,Weekend,Sunday,Light_Load,100.00,54.16
3.56,0.00,26.60,Weekday,Monday,Medium_Load,13.27,100.00
3.64,1.04,5.47,Weekday,Tuesday,Medium_Load,55.40,96.15
51.84,22.50,0.00,Weekday,Monday,Maximum_Load,100.00,91.73
2.92,0.00,11.27,Weekend,Sunday,Light_Load,25.08,100.00
2.63,4.61,0.00,Weekend,Sunday,Light_Load,100.00,49.55
2.81,4.54,0.00,Weekday,Friday,Light_Load,100.00,52.63
3.10,4.36,0.00,Weekday,Friday,Light_Load,100.00,57.95
8.32,0.00,13.50,Weekday,Friday,Medium_Load,52.47,100.00
44.78,21.38,0.00,Weekday,Friday,Medium_Load,100.00,90.24
3.24,3.10,0.00,Weekend,Saturday,Light_Load,100.00,72.25
109.33,43.92,0.00,Weekend,Saturday,Maximum_Load,100.00,92.79
36.68,14.94,0.00,Weekend,Saturday,Maximum_Load,100.00,92.61
3.28,1.19,10.22,Weekday,Thursday,Light_Load,30.56,94.00
51.23,23.00,0.00,Weekday,Thursday,Maximum_Load,100.00,91.23
3.06,3.64,0.00,Weekday,Thursday,Light_Load,100.00,64.35
37.76,15.23,0.00,Weekday,Tuesday,Medium_Load,100.00,92.74
107.03,34.52,0.00,Weekday,Friday,Maximum_Load,100.00,95.17
3.10,0.00,16.31,Weekend,Sunday,Light_Load,18.67,100.00
66.02,25.63,0.00,Weekday,Tuesday,Maximum_Load,100.00,93.22
62.96,38.38,0.00,Weekday,Tuesday,Medium_Load,100.00,85.39
93.20,37.91,0.00,Weekday,Friday,Maximum_Load,100.00,92.63
3.35,3.74,0.00,Weekday,Monday,Light_Load,100.00,66.72
4.07,0.00,10.58,Weekend,Saturday,Medium_Load,35.90,100.00
92.52,26.89,0.00,Weekend,Sunday,Medium_Load,100.00,96.03
3.82,4.54,0.00,Weekday,Monday,Light_Load,100.00,64.38
2.92,4.10,0.00,Weekend,Sunday,Light_Load,100.00,58.01
41.44,35.93,0.00,Weekday,Tuesday,Light_Load,100.00,75.56
2.74,5.15,0.00,Weekday,Wednesday,Light_Load,100.00,46.97
2.59,4.75,0.00,Weekday,Tuesday,Light_Load,100.00,47.87
2.66,4.36,0.00,Weekday,Wednesday,Medium_Load,100.00,52.08
51.66,30.17,0.00,Weekday,Wednesday,Maximum_Load,100.00,86.35
64.58,38.41,0.00,Weekday,Thursday,Maximum_Load,100.00,85.95
4.86,0.00,27.29,Weekend,Saturday,Medium_Load,17.53,100.00
3.85,0.00,18.11,Weekday,Thursday,Maximum_Load,20.79,100.00
123.73,51.66,0.00,Weekday,Monday,Maximum_Load,100.00,92.28
82.33,26.03,0.00,Weekday,Monday,Medium_Load,100.00,95.35
56.09,19.22,0.00,Weekday,Thursday,Maximum_Load,100.00,94.60
75.71,9.58,0.97,Weekday,Tuesday,Maximum_Load,99.99,99.21
5.15,0.00,26.64,Weekday,Thursday,Medium_Load,18.98,100.00
58.82,18.90,0.00,Weekday,Tuesday,Medium_Load,100.00,95.21
4.57,5.11,0.00,Weekday,Monday,Light_Load,100.00,66.66
47.41,25.02,0.00,Weekday,Friday,Medium_Load,100.00,88.44
2.88,6.01,0.00,Weekday,Friday,Light_Load,100.00,43.21
2.99,0.00,17.03,Weekend,Sunday,Medium_Load,17.29,100.00
5.80,6.01,0.00,Weekday,Friday,Light_Load,100.00,69.44
118.12,59.47,0.00,Weekday,Friday,Medium_Load,100.00,89.32
2.59,3.42,0.00,Weekend,Sunday,Light_Load,100.00,60.37
3.28,5.18,0.00,Weekday,Wednesday,Light_Load,100.00,53.50
3.13,6.08,0.00,Weekday,Thursday,Light_Load,100.00,45.77
4.03,2.66,0.40,Weekday,Thursday,Light_Load,99.51,83.46
4.82,7.49,0.00,Weekday,Wednesday,Light_Load,100.00,54.12
5.33,6.23,0.00,Weekday,Monday,Light_Load,100.00,65.01
4.03,0.00,26.64,Weekend,Saturday,Medium_Load,14.96,100.00
2.63,4.86,0.00,Weekday,Thursday,Light_Load,100.00,47.59
4.72,3.35,0.04,Weekend,Saturday,Light_Load,100.00,81.55
66.53,43.06,0.00,Weekday,Wednesday,Maximum_Load,100.00,83.95
2.92,4.46,0.00,Weekend,Sunday,Light_Load,100.00,54.78
3.56,3.20,0.00,Weekday,Thursday,Light_Load,100.00,74.37
3.46,7.88,0.00,Weekday,Thursday,Medium_Load,100.00,40.20
3.02,6.08,0.00,Weekend,Sunday,Light_Load,100.00,44.49
9.76,0.00,25.24,Weekday,Thursday,Medium_Load,36.07,100.00
50.87,20.48,0.00,Weekday,Friday,Medium_Load,100.00,92.76
3.10,1.87,0.36,Weekday,Friday,Light_Load,99.33,85.63
4.68,3.78,0.00,Weekday,Tuesday,Light_Load,100.00,77.79
100.33,35.75,0.00,Weekday,Friday,Medium_Load,100.00,94.20
55.58,42.55,0.00,Weekday,Tuesday,Maximum_Load,100.00,79.40
104.47,41.83,0.00,Weekend,Saturday,Maximum_Load,100.00,92.83
3.31,4.25,0.00,Weekday,Monday,Light_Load,100.00,61.45
70.63,20.12,0.04,Weekday,Wednesday,Medium_Load,100.00,96.17
9.04,0.00,26.10,Weekday,Wednesday,Medium_Load,32.73,100.00
3.71,4.36,0.00,Weekday,Thursday,Medium_Load,100.00,64.81
2.77,5.15,0.00,Weekend,Sunday,Light_Load,100.00,47.37
3.67,4.64,0.00,Weekday,Thursday,Light_Load,100.00,62.04
2.81,4.68,0.00,Weekday,Thursday,Light_Load,100.00,51.48
5.80,2.92,0.29,Weekday,Wednesday,Light_Load,99.88,89.32
35.89,26.24,0.00,Weekday,Friday,Maximum_Load,100.00,80.73
3.10,6.16,0.00,Weekday,Monday,Light_Load,100.00,44.95
2.84,0.00,17.06,Weekday,Wednesday,Light_Load,16.42,100.00
3.38,6.08,0.00,Weekend,Saturday,Light_Load,100.00,48.59
7.20,5.18,0.00,Weekday,Friday,Light_Load,100.00,81.17
4.07,4.18,0.00,Weekday,Wednesday,Light_Load,100.00,69.76
2.92,4.72,0.00,Weekday,Thursday,Light_Load,100.00,52.61
22.18,0.00,13.28,Weekday,Thursday,Medium_Load,85.80,100.00
77.26,26.35,0.00,Weekday,Tuesday,Light_Load,100.00,94.65
3.74,0.00,17.53,Weekend,Saturday,Light_Load,20.87,100.00
52.56,19.37,0.00,Weekday,Friday,Maximum_Load,100.00,93.83
3.85,3.46,0.00,Weekday,Monday,Light_Load,100.00,74.38
4.90,6.62,0.00,Weekend,Saturday,Light_Load,100.00,59.49
36.94,11.27,0.00,Weekday,Monday,Maximum_Load,100.00,95.65
65.20,19.15,0.00,Weekend,Saturday,Medium_Load,100.00,95.95
2.92,5.65,0.00,Weekend,Saturday,Light_Load,100.00,45.91
3.60,4.14,0.00,Weekday,Thursday,Light_Load,100.00,65.62
3.17,0.00,11.95,Weekend,Sunday,Medium_Load,25.64,100.00
10.01,1.94,15.48,Weekday,Tuesday,Medium_Load,54.30,98.17
2.74,4.97,0.00,Weekday,Thursday,Light_Load,100.00,48.28
6.01,5.04,0.00,Weekend,Saturday,Light_Load,100.00,76.62
3.10,2.38,0.00,Weekday,Monday,Light_Load,100.00,79.32
30.96,1.12,4.32,Weekend,Sunday,Medium_Load,99.04,99.93
2.74,5.15,0.00,Weekday,Wednesday,Light_Load,100.00,46.97
58.00,19.04,0.00,Weekday,Friday,Maximum_Load,100.00,95.01
99.86,29.88,0.00,Weekday,Wednesday,Maximum_Load,100.00,95.80
2.66,4.64,0.00,Weekend,Saturday,Light_Load,100.00,49.73
61.42,40.46,0.00,Weekday,Friday,Maximum_Load,100.00,83.51
57.42,37.66,0.14,Weekday,Thursday,Medium_Load,100.00,83.62
4.93,0.00,19.26,Weekday,Monday,Medium_Load,24.80,100.00
4.57,4.10,0.00,Weekend,Sunday,Maximum_Load,100.00,74.43
4.18,0.00,26.96,Weekend,Saturday,Medium_Load,15.32,100.00
3.67,0.00,25.34,Weekday,Thursday,Medium_Load,14.33,100.00
3.13,6.19,0.00,Weekday,Monday,Light_Load,100.00,45.12
53.24,17.35,0.00,Weekday,Tuesday,Maximum_Load,100.00,95.08
3.31,5.90,0.00,Weekday,Wednesday,Light_Load,100.00,48.93
67.10,37.98,0.00,Weekend,Saturday,Maximum_Load,100.00,87.03
3.60,5.04,0.00,Weekday,Thursday,Medium_Load,100.00,58.12
5.58,0.00,21.56,Weekday,Friday,Medium_Load,25.06,100.00
111.46,49.32,0.00,Weekday,Tuesday,Maximum_Load,100.00,91.45
79.63,50.87,0.00,Weekday,Tuesday,Maximum_Load,100.00,84.27
4.18,5.29,0.00,Weekend,Saturday,Light_Load,100.00,62.00
2.81,5.15,0.00,Weekday,Thursday,Light_Load,100.00,47.90
3.89,0.00,9.86,Weekday,Wednesday,Medium_Load,36.70,100.00
30.06,7.38,0.36,Weekday,Tuesday,Medium_Load,99.99,97.12
2.74,4.82,0.00,Weekday,Monday,Light_Load,100.00,49.42
61.16,38.30,0.00,Weekday,Wednesday,Maximum_Load,100.00,84.75
3.02,0.00,17.39,Weekend,Saturday,Light_Load,17.11,100.00
3.10,4.10,0.00,Weekday,Tuesday,Light_Load,100.00,60.31
3.35,0.00,14.90,Weekend,Saturday,Light_Load,21.94,100.00
73.94,32.08,0.00,Weekday,Thursday,Maximum_Load,100.00,91.74
2.56,4.32,0.00,Weekday,Friday,Light_Load,100.00,50.98
3.38,3.10,0.00,Weekend,Saturday,Light_Load,100.00,73.70
46.26,24.52,0.00,Weekday,Monday,Maximum_Load,100.00,88.36
124.49,51.73,0.00,Weekday,Thursday,Light_Load,100.00,92.34
4.10,0.00,19.40,Weekend,Saturday,Light_Load,20.68,100.00
2.88,4.18,0.00,Weekday,Monday,Light_Load,100.00,56.74
93.71,26.42,0.00,Weekday,Tuesday,Maximum_Load,100.00,96.25
4.54,0.00,16.63,Weekend,Saturday,Maximum_Load,26.34,100.00
5.29,4.82,0.00,Weekday,Tuesday,Light_Load,100.00,73.92
2.88,4.54,0.00,Weekday,Monday,Light_Load,100.00,53.57
60.34,32.33,0.00,Weekday,Monday,Maximum_Load,100.00,88.14
117.54,42.91,0.00,Weekday,Wednesday,Maximum_Load,100.00,93.94
3.60,0.00,21.06,Weekend,Saturday,Medium_Load,16.85,100.00
31.21,0.11,7.70,Weekday,Monday,Medium_Load,97.09,100.00
72.86,56.81,0.00,Weekday,Tuesday,Light_Load,100.00,78.86
3.28,0.00,16.88,Weekend,Sunday,Light_Load,19.07,100.00
53.86,22.46,0.00,Weekday,Monday,Maximum_Load,100.00,92.30
53.39,27.61,0.00,Weekday,Friday,Medium_Load,100.00,88.83
3.10,3.64,0.00,Weekday,Monday,Light_Load,100.00,64.84
3.42,4.90,0.00,Weekday,Tuesday,Light_Load,100.00,57.23
4.46,4.75,0.00,Weekend,Sunday,Light_Load,100.00,68.45
48.89,16.85,0.00,Weekday,Friday,Medium_Load,100.00,94.54
2.77,5.26,0.00,Weekend,Sunday,Light_Load,100.00,46.60
65.74,28.19,0.00,Weekday,Friday,Medium_Load,100.00,91.91
3.20,4.39,0.00,Weekday,Tuesday,Light_Load,100.00,58.90
3.49,5.62,0.00,Weekday,Friday,Light_Load,100.00,52.76
2.48,4.97,0.00,Weekday,Thursday,Light_Load,100.00,44.65
62.24,23.15,0.00,Weekday,Wednesday,Medium_Load,100.00,93.73
45.68,10.55,0.36,Weekend,Saturday,Maximum_Load,100.00,97.44
3.24,5.00,0.00,Weekend,Saturday,Light_Load,100.00,54.38
4.61,4.72,0.00,Weekday,Wednesday,Light_Load,100.00,69.87
2.92,5.29,0.00,Weekday,Wednesday,Light_Load,100.00,48.33
56.20,31.32,0.00,Weekday,Wednesday,Maximum_Load,100.00,87.35
28.12,9.43,0.14,Weekday,Monday,Medium_Load,100.00,94.81
75.53,36.22,0.00,Weekday,Thursday,Maximum_Load,100.00,90.17
2.84,5.18,0.00,Weekday,Monday,Light_Load,100.00,48.07
64.84,28.55,0.00,Weekday,Tuesday,Light_Load,100.00,91.52
11.74,0.00,18.14,Weekend,Saturday,Maximum_Load,54.33,100.00
61.16,47.92,0.00,Weekday,Tuesday,Medium_Load,100.00,78.72
37.33,1.08,2.09,Weekday,Friday,Medium_Load,99.84,99.96
3.06,0.00,15.66,Weekday,Wednesday,Light_Load,19.18,100.00
2.95,4.72,0.00,Weekday,Monday,Light_Load,100.00,53.00
3.10,0.00,16.96,Weekday,Tuesday,Light_Load,17.98,100.00
62.42,32.90,0.00,Weekday,Wednesday,Light_Load,100.00,88.46
55.51,42.70,0.00,Weekday,Wednesday,Maximum_Load,100.00,79.26
2.88,4.75,0.00,Weekday,Tuesday,Light_Load,100.00,51.85
84.10,56.95,0.00,Weekday,Tuesday,Maximum_Load,100.00,82.80
3.78,6.70,0.00,Weekend,Saturday,Maximum_Load,100.00,49.14
3.02,0.00,12.53,Weekend,Sunday,Light_Load,23.43,100.00
57.10,42.34,0.00,Weekday,Wednesday,Maximum_Load,100.00,80.33
6.91,0.00,24.48,Weekday,Thursday,Medium_Load,27.17,100.00
4.18,3.96,0.00,Weekend,Saturday,Light_Load,100.00,72.60
86.94,42.66,0.00,Weekday,Thursday,Light_Load,100.00,89.77
70.02,34.52,0.00,Weekday,Tuesday,Medium_Load,100.00,89.69
3.06,2.16,0.07,Weekend,Sunday,Light_Load,99.97,81.70
34.92,5.22,0.83,Weekday,Monday,Medium_Load,99.97,98.90
2.70,4.79,0.00,Weekday,Friday,Light_Load,100.00,49.10
45.83,13.72,0.00,Weekday,Tuesday,Maximum_Load,100.00,95.80
2.95,5.54,0.00,Weekday,Friday,Light_Load,100.00,47.00
109.76,52.16,0.00,Weekday,Tuesday,Maximum_Load,100.00,90.32
58.21,21.64,0.00,Weekday,Monday,Medium_Load,100.00,93.73
2.92,5.40,0.00,Weekday,Friday,Light_Load,100.00,47.57
2.74,5.18,0.00,Weekday,Thursday,Light_Load,100.00,46.76
2.81,3.67,0.00,Weekend,Sunday,Light_Load,100.00,60.79
2.99,0.00,14.08,Weekend,Sunday,Light_Load,20.77,100.00
3.67,4.97,0.00,Weekday,Tuesday,Light_Load,100.00,59.40
3.60,3.17,0.00,Weekday,Thursday,Medium_Load,100.00,75.05
35.21,3.67,3.24,Weekday,Monday,Medium_Load,99.58,99.46
7.99,0.00,14.98,Weekday,Wednesday,Medium_Load,47.06,100.00
59.26,41.58,0.00,Weekday,Tuesday,Maximum_Load,100.00,81.86
63.04,47.52,0.00,Weekday,Thursday,Light_Load,100.00,79.85
2.84,5.29,0.00,Weekend,Sunday,Light_Load,100.00,47.30
2.77,4.54,0.00,Weekend,Sunday,Light_Load,100.00,52.08
55.98,21.85,0.00,Weekday,Tuesday,Medium_Load,100.00,93.16
2.77,5.72,0.00,Weekend,Sunday,Light_Load,100.00,43.58
24.62,0.79,2.56,Weekend,Sunday,Light_Load,99.46,99.95
5.15,3.67,0.00,Weekday,Tuesday,Maximum_Load,100.00,81.44
97.34,44.78,0.00,Weekday,Monday,Medium_Load,100.00,90.85
123.80,62.24,0.00,Weekday,Friday,Maximum_Load,100.00,89.34
115.81,48.60,0.00,Weekday,Wednesday,Medium_Load,100.00,92.21
83.45,22.21,0.00,Weekday,Monday,Medium_Load,100.00,96.64
3.28,3.74,0.00,Weekday,Monday,Light_Load,100.00,65.94
92.16,46.33,0.00,Weekday,Tuesday,Medium_Load,100.00,89.35
2.95,0.00,14.33,Weekend,Sunday,Light_Load,20.16,100.00
3.49,5.69,0.00,Weekday,Friday,Light_Load,100.00,52.28
3.35,2.59,0.04,Weekday,Tuesday,Light_Load,99.99,79.11
40.25,12.92,0.00,Weekday,Friday,Medium_Load,100.00,95.21
63.54,52.27,0.00,Weekday,Friday,Maximum_Load,100.00,77.23
3.06,3.49,0.00,Weekday,Monday,Light_Load,100.00,65.93
5.94,5.29,0.00,Weekday,Thursday,Light_Load,100.00,74.68
70.13,40.75,0.00,Weekday,Thursday,Medium_Load,100.00,86.46
3.02,2.70,0.00,Weekend,Saturday,Light_Load,100.00,74.55
37.33,34.49,0.00,Weekday,Friday,Light_Load,100.00,73.45
54.25,25.42,0.00,Weekday,Monday,Maximum_Load,100.00,90.55
81.58,22.18,0.00,Weekend,Sunday,Medium_Load,100.00,96.50
3.78,0.00,17.68,Weekend,Sunday,Light_Load,20.91,100.00
92.99,52.16,0.00,Weekday,Tuesday,Maximum_Load,100.00,87.22
3.20,5.11,0.00,Weekday,Friday,Light_Load,100.00,53.07
3.35,4.64,0.00,Weekday,Thursday,Light_Load,100.00,58.54
2.92,4.36,0.00,Weekday,Tuesday,Light_Load,100.00,55.65
34.42,2.27,0.32,Weekday,Wednesday,Medium_Load,100.00,99.78
3.17,3.35,0.00,Weekend,Saturday,Light_Load,100.00,68.73
3.02,0.00,11.38,Weekend,Sunday,Light_Load,25.65,100.00
2.92,5.58,0.00,Weekday,Monday,Light_Load,100.00,46.37
3.60,4.00,0.00,Weekday,Monday,Light_Load,100.00,66.90
37.94,0.86,1.58,Weekday,Wednesday,Maximum_Load,99.91,99.97
3.64,4.46,0.00,Weekday,Friday,Light_Load,100.00,63.23
87.05,32.51,0.00,Weekday,Tuesday,Medium_Load,100.00,93.68
3.38,4.21,0.00,Weekday,Friday,Light_Load,100.00,62.60
5.83,5.33,0.00,Weekday,Wednesday,Light_Load,100.00,73.80
3.64,5.26,0.00,Weekday,Friday,Light_Load,100.00,56.90
71.60,32.08,0.00,Weekday,Thursday,Maximum_Load,100.00,91.26
83.27,38.34,0.00,Weekday,Friday,Medium_Load,100.00,90.83
88.81,13.86,0.40,Weekday,Wednesday,Maximum_Load,100.00,98.80
3.35,5.22,0.00,Weekday,Wednesday,Light_Load,100.00,54.01
3.82,0.00,17.42,Weekday,Wednesday,Medium_Load,21.42,100.00
3.38,2.77,0.00,Weekend,Sunday,Light_Load,100.00,77.34
4.03,0.00,17.53,Weekend,Sunday,Maximum_Load,22.40,100.00
63.54,43.74,0.00,Weekday,Friday,Light_Load,100.00,82.37
2.81,5.54,0.00,Weekend,Sunday,Light_Load,100.00,45.24
5.51,0.00,15.95,Weekday,Tuesday,Medium_Load,32.65,100.00
99.68,28.80,0.00,Weekday,Tuesday,Medium_Load,100.00,96.07
55.80,21.56,0.00,Weekday,Monday,Medium_Load,100.00,93.28
4.25,3.38,0.07,Weekday,Wednesday,Light_Load,99.99,78.27
40.10,31.18,0.00,Weekend,Sunday,Light_Load,100.00,78.94
3.96,6.30,0.00,Weekend,Saturday,Light_Load,100.00,53.22
51.66,31.10,0.00,Weekday,Wednesday,Maximum_Load,100.00,85.67
3.13,2.88,0.00,Weekend,Saturday,Light_Load,100.00,73.59
65.95,10.22,1.58,Weekday,Thursday,Medium_Load,99.97,98.82
85.68,32.72,0.00,Weekday,Monday,Light_Load,100.00,93.42
3.06,2.74,0.00,Weekend,Saturday,Light_Load,100.00,74.50
3.31,4.46,0.00,Weekday,Thursday,Light_Load,100.00,59.60
2.88,5.11,0.00,Weekday,Tuesday,Light_Load,100.00,49.10
2.70,5.18,0.00,Weekday,Friday,Light_Load,100.00,46.22
3.46,0.00,18.00,Weekday,Monday,Medium_Load,18.88,100.00
107.46,58.75,0.00,Weekday,Friday,Maximum_Load,100.00,87.74
3.85,0.00,27.11,Weekend,Sunday,Light_Load,14.06,100.00
46.69,36.83,0.00,Weekday,Wednesday,Medium_Load,100.00,78.51
2.81,4.39,0.00,Weekend,Sunday,Light_Load,100.00,53.91
28.48,30.56,0.00,Weekday,Friday,Light_Load,100.00,68.18
66.49,35.32,0.00,Weekday,Wednesday,Medium_Load,100.00,88.31
3.06,5.51,0.00,Weekday,Friday,Light_Load,100.00,48.55
3.82,0.00,19.91,Weekend,Sunday,Light_Load,18.84,100.00
6.30,0.00,19.87,Weekday,Monday,Medium_Load,30.22,100.00
52.27,17.75,0.00,Weekday,Friday,Maximum_Load,100.00,94.69
49.28,16.56,0.00,Weekday,Wednesday,Maximum_Load,100.00,94.79
3.02,0.00,4.64,Weekday,Thursday,Light_Load,54.55,100.00
23.65,15.08,0.00,Weekday,Wednesday,Light_Load,100.00,84.32
4.90,6.91,0.00,Weekday,Tuesday,Light_Load,100.00,57.84
3.17,3.85,0.00,Weekday,Thursday,Light_Load,100.00,63.56
2.92,5.54,0.00,Weekend,Saturday,Light_Load,100.00,46.63
145.51,81.94,0.00,Weekday,Thursday,Maximum_Load,100.00,87.13
3.71,2.59,0.14,Weekend,Saturday,Light_Load,99.93,82.00
38.16,0.86,1.19,Weekend,Saturday,Maximum_Load,99.95,99.97
