DATE_TIME,SOURCE_KEY,DC_POWER,DAILY_YIELD,TOTAL_YIELD,AC_POWER
10-06-2020 19:00,uHbuxQJl8lW7ozc,0,6645,7240508.000,0
28-05-2020 00:15,rGa61gmuvPhdLxV,0,0,7206549.000,0
17-05-2020 15:15,sjndEbLyjtCKgGv,7333.88,6442,7036055.000,718.062
01-06-2020 04:15,ih0vzX44oOqAx2f,0,0,6308232.000,0
17-05-2020 09:00,z9Y9gH1T5YWrNuG,7665.5,961.375,7021701.375,750.438
11-06-2020 20:30,ih0vzX44oOqAx2f,0,5521,6386553.000,0
22-05-2020 01:30,ih0vzX44oOqAx2f,0,0,6233543.000,0
31-05-2020 13:45,1BY6WEcLGh8j5v7,3661.14,4605.86,6376733.857,358.714
10-06-2020 14:45,zVJPv84UY57bAof,962.875,5609.75,7316065.750,93.5125
21-05-2020 16:00,adLQvlD726eNBSB,4058.75,7573.12,6321188.125,398.688
14-06-2020 17:45,3PZuoBAID5Wc2HD,568,7480.12,7218199.125,54.9625
26-05-2020 12:15,bvBOhCH3iADSZry,11830.1,4028.14,6396364.143,1153.83
11-06-2020 07:00,pkci93gMrogZuBj,822.857,35.1429,7369329.143,79.8571
01-06-2020 19:45,ZoEaEvLYb1n2sOq,0,5796,7228440.000,0
01-06-2020 08:00,uHbuxQJl8lW7ozc,6027.71,482.143,7165835.143,590.614
22-05-2020 20:15,ZnxXDlPa8U1GXgE,0,7275,6579139.000,0
22-05-2020 06:45,sjndEbLyjtCKgGv,1182,55.1429,7065941.143,114.943
31-05-2020 07:45,3PZuoBAID5Wc2HD,2253.12,197.875,7109685.875,220.887
15-05-2020 22:45,WRmjgnKYAwPKWDb,0,0,7034815.000,0
19-05-2020 13:30,rGa61gmuvPhdLxV,7763.43,4325.29,7141227.286,759.929
31-05-2020 01:15,1IF53ai7Xc0U56Y,0,0,6305543.000,0
29-05-2020 19:00,WRmjgnKYAwPKWDb,0,8038,7140899.000,0
15-05-2020 01:15,McdE0feGgRqW7Ca,0,0,7158964.000,0
08-06-2020 18:15,zBIq5rxdHJRwDNY,453.625,8350.5,6523261.500,43.875
17-06-2020 04:30,ih0vzX44oOqAx2f,0,0,6420371.000,0
04-06-2020 18:00,WRmjgnKYAwPKWDb,780.857,8022,7182649.000,75.7714
27-05-2020 13:00,1BY6WEcLGh8j5v7,7683,4121.38,6347790.375,751.625
25-05-2020 20:30,pkci93gMrogZuBj,0,8812,7250519.000,0
04-06-2020 05:00,wCURE6d3bPkepu2,0,0,6930776.000,0
08-06-2020 20:00,McdE0feGgRqW7Ca,0,8580,7346782.000,0
02-06-2020 14:00,pkci93gMrogZuBj,6763.88,5415.62,7305715.625,662.487
30-05-2020 03:30,uHbuxQJl8lW7ozc,0,0,7151932.000,0
19-05-2020 19:30,ZoEaEvLYb1n2sOq,0,6805,7130332.000,0
16-06-2020 10:45,WRmjgnKYAwPKWDb,8655.29,2375.14,7263690.143,846.471
27-05-2020 23:30,ih0vzX44oOqAx2f,0,6564,6278855.000,0
23-05-2020 02:45,bvBOhCH3iADSZry,0,0,6368908.000,0
14-06-2020 03:00,iCRJl6heRkivqQ3,0,0,7399855.000,0
08-06-2020 05:15,zVJPv84UY57bAof,0,0,7293790.000,0
23-05-2020 07:45,bvBOhCH3iADSZry,3447.86,214.571,6369122.571,338.957
27-05-2020 04:45,1IF53ai7Xc0U56Y,0,0,6274638.000,0
15-06-2020 22:15,1IF53ai7Xc0U56Y,0,6846,6421214.000,0
12-06-2020 04:15,wCURE6d3bPkepu2,0,0,6988054.000,0
17-05-2020 12:30,3PZuoBAID5Wc2HD,7456.12,4564.5,7005253.500,729.225
31-05-2020 07:30,ZoEaEvLYb1n2sOq,1954.29,142.143,7216990.143,191.571
25-05-2020 02:00,zVJPv84UY57bAof,0,0,7188796.000,0
13-06-2020 23:30,3PZuoBAID5Wc2HD,0,8633,7210719.000,0
15-06-2020 14:30,wCURE6d3bPkepu2,10571.3,5366.57,7015064.571,1032.07
28-05-2020 08:30,zBIq5rxdHJRwDNY,6311.43,652,6434735.000,618.343
25-05-2020 10:15,z9Y9gH1T5YWrNuG,11050.1,2174.29,7082812.286,1079.86
11-06-2020 12:00,uHbuxQJl8lW7ozc,9306,2308,7242816.000,910.257
11-06-2020 15:00,wCURE6d3bPkepu2,7624.5,4481.75,6986884.750,746.325
17-06-2020 23:30,McdE0feGgRqW7Ca,0,5992,7408587.000,0
12-06-2020 17:15,VHMLBKoKgIrUVDU,1816.14,5757.43,7420768.429,178
02-06-2020 14:45,WRmjgnKYAwPKWDb,8506.14,5969.86,7165669.857,831.429
17-06-2020 14:15,1BY6WEcLGh8j5v7,5533.86,4516.43,6484314.429,542.457
23-05-2020 08:45,uHbuxQJl8lW7ozc,7643.57,825.143,7096078.143,748.3
17-05-2020 10:15,1BY6WEcLGh8j5v7,9028.14,1888.71,6273493.714,883.186
07-06-2020 20:30,wCURE6d3bPkepu2,0,6433,6959527.000,0
11-06-2020 16:00,1IF53ai7Xc0U56Y,4941.5,5173.25,6391793.250,484.725
16-05-2020 20:15,WRmjgnKYAwPKWDb,0,6615,7041430.000,0
29-05-2020 15:15,McdE0feGgRqW7Ca,7511.62,7099.5,7272055.500,735.425
24-05-2020 14:30,bvBOhCH3iADSZry,6492,6034.71,6382806.714,635.7
05-06-2020 06:45,1IF53ai7Xc0U56Y,1527.86,43.8571,6340898.857,149.371
16-06-2020 20:30,VHMLBKoKgIrUVDU,0,6332,7450201.000,0
09-06-2020 18:00,pkci93gMrogZuBj,869.714,8216.57,7362692.571,84.4429
14-06-2020 21:15,WRmjgnKYAwPKWDb,0,7405,7254584.000,0
06-06-2020 10:15,McdE0feGgRqW7Ca,9571.71,2044.43,7326725.429,934.929
16-06-2020 09:15,adLQvlD726eNBSB,6755.86,1084.14,6513086.143,661.7
31-05-2020 22:45,sjndEbLyjtCKgGv,0,5987,7142242.000,0
17-05-2020 23:15,iCRJl6heRkivqQ3,0,7519,7198367.000,0
09-06-2020 19:30,pkci93gMrogZuBj,0,8240,7362716.000,0
16-05-2020 23:45,ZnxXDlPa8U1GXgE,0,6676,6535152.000,0
13-06-2020 11:30,7JYdWkrLSPkdwr4,11094.5,3570.25,7815987.250,1082.44
16-05-2020 10:30,YxYtjZvoooNbGkE,9287.29,1870.43,7188127.429,908.371
07-06-2020 10:00,VHMLBKoKgIrUVDU,6926.88,1511.5,7379500.500,678.4
19-05-2020 16:45,McdE0feGgRqW7Ca,3799.29,6804.14,7191895.143,373.386
07-06-2020 13:00,VHMLBKoKgIrUVDU,12663.4,4976.71,7382965.714,1234.69
17-06-2020 17:00,VHMLBKoKgIrUVDU,1340,5868,7456069.000,130.4
01-06-2020 17:15,ih0vzX44oOqAx2f,976.429,5685.86,6313917.857,94.8571
13-06-2020 04:45,adLQvlD726eNBSB,0,0,6488722.000,0
02-06-2020 08:45,1BY6WEcLGh8j5v7,7080.57,833.143,6384272.143,693.329
19-05-2020 16:30,VHMLBKoKgIrUVDU,4654.38,6685.75,7239239.750,456.712
02-06-2020 09:30,ZnxXDlPa8U1GXgE,9799,1488.29,6656931.286,957.386
05-06-2020 20:30,z9Y9gH1T5YWrNuG,0,7739,7171001.000,0
24-05-2020 09:30,1BY6WEcLGh8j5v7,8408.12,1285.12,6321688.125,822.65
03-06-2020 12:30,pkci93gMrogZuBj,11015.4,3758.14,7311408.143,1075.59
26-05-2020 04:30,VHMLBKoKgIrUVDU,0,0,7289525.000,0
18-05-2020 12:30,uHbuxQJl8lW7ozc,8626.12,2056.62,7060849.625,844.062
15-06-2020 09:00,WRmjgnKYAwPKWDb,8168.12,1120.5,7255704.500,799.325
21-05-2020 21:15,ih0vzX44oOqAx2f,0,0,6233543.000,0
07-06-2020 16:15,iCRJl6heRkivqQ3,6557.25,7691.88,7355925.875,642.3
13-06-2020 04:45,zBIq5rxdHJRwDNY,0,0,6549387.000,0
11-06-2020 03:45,iCRJl6heRkivqQ3,0,0,7379779.000,0
06-06-2020 13:45,7JYdWkrLSPkdwr4,9546.5,4960.5,7769100.500,932.575
02-06-2020 17:15,wCURE6d3bPkepu2,1572,7450,6922794.000,153.657
08-06-2020 18:00,uHbuxQJl8lW7ozc,855.143,8380.86,7225529.857,82.9857
20-05-2020 08:00,bvBOhCH3iADSZry,4833.12,375,6347282.000,474.125
12-06-2020 23:30,ih0vzX44oOqAx2f,0,5710,6392263.000,0
13-06-2020 03:45,adLQvlD726eNBSB,0,0,6488722.000,0
11-06-2020 14:30,uHbuxQJl8lW7ozc,9690.29,4114.43,7244622.429,946.843
31-05-2020 03:45,z9Y9gH1T5YWrNuG,0,0,7127597.000,0
30-05-2020 20:30,VHMLBKoKgIrUVDU,0,7270,7328329.000,0
21-05-2020 23:15,1BY6WEcLGh8j5v7,0,7243,6305589.000,0
31-05-2020 15:45,ih0vzX44oOqAx2f,3019.29,5540.57,6307807.571,296.586
07-06-2020 06:15,7JYdWkrLSPkdwr4,415,5.625,7770462.625,40.125
09-06-2020 16:15,z9Y9gH1T5YWrNuG,5627.14,7064.86,7198488.857,551.457
06-06-2020 04:45,pkci93gMrogZuBj,0,0,7331487.000,0
17-05-2020 20:15,3PZuoBAID5Wc2HD,0,7794,7008483.000,0
14-06-2020 01:45,bvBOhCH3iADSZry,0,0,6517642.000,0
06-06-2020 15:30,pkci93gMrogZuBj,4472.38,6063.75,7337550.750,438.975
16-05-2020 08:30,WRmjgnKYAwPKWDb,5936.86,580.714,7035395.714,581.757
05-06-2020 19:45,pkci93gMrogZuBj,0,7796,7331487.000,0
27-05-2020 15:15,3PZuoBAID5Wc2HD,5357,5719.14,7084430.143,525.229
16-06-2020 10:30,wCURE6d3bPkepu2,8568,2143.71,7018587.714,838.343
08-06-2020 05:30,adLQvlD726eNBSB,0,0,6453384.000,0
05-06-2020 05:15,adLQvlD726eNBSB,0,0,6430581.000,0
04-06-2020 03:30,ZoEaEvLYb1n2sOq,0,0,7243501.000,0
26-05-2020 14:00,sjndEbLyjtCKgGv,9399.62,6021.62,7104132.625,917.875
01-06-2020 14:00,bvBOhCH3iADSZry,2696.57,4654.71,6437921.714,264.086
09-06-2020 06:45,3PZuoBAID5Wc2HD,1618.62,55.625,7175788.625,158.238
16-05-2020 03:00,z9Y9gH1T5YWrNuG,0,0,7014252.000,0
14-06-2020 00:30,zBIq5rxdHJRwDNY,0,0,6557822.000,0
16-06-2020 08:30,ZnxXDlPa8U1GXgE,5789.29,590.429,6759094.429,567.386
23-05-2020 17:15,sjndEbLyjtCKgGv,2882.29,8316.86,7081278.857,282.843
06-06-2020 04:45,YxYtjZvoooNbGkE,0,0,7342489.000,0
02-06-2020 10:30,uHbuxQJl8lW7ozc,7532,2311,7173253.000,737.3
17-06-2020 07:15,adLQvlD726eNBSB,2119.57,61.4286,6518459.429,207.829
05-06-2020 01:00,wCURE6d3bPkepu2,0,0,6939021.000,0
21-05-2020 09:00,wCURE6d3bPkepu2,8051.25,962.625,6825206.625,788.05
21-05-2020 14:15,VHMLBKoKgIrUVDU,8533,6248.14,7254772.143,833.529
16-06-2020 10:45,sjndEbLyjtCKgGv,9520.38,2346.5,7251885.500,930.538
17-05-2020 11:15,1BY6WEcLGh8j5v7,10160.1,2945.14,6274550.143,991.829
26-05-2020 08:00,ih0vzX44oOqAx2f,4994.86,407.714,6264986.714,489.729
03-06-2020 05:15,ZoEaEvLYb1n2sOq,0,0,7235727.000,0
29-05-2020 08:45,1IF53ai7Xc0U56Y,5765.86,680.143,6290638.143,565.057
07-06-2020 13:00,ZnxXDlPa8U1GXgE,12618.8,4942.12,6697996.125,1230.31
29-05-2020 15:45,McdE0feGgRqW7Ca,7475,7445.5,7272401.500,731.862
22-05-2020 22:00,iCRJl6heRkivqQ3,0,0,7234593.000,0
05-06-2020 13:00,ih0vzX44oOqAx2f,8035.25,3961,6340980.000,786.462
17-06-2020 06:45,VHMLBKoKgIrUVDU,471,0,7450201.000,45.7
04-06-2020 22:00,uHbuxQJl8lW7ozc,0,0,7194535.000,0
17-06-2020 06:00,pkci93gMrogZuBj,0,0,7409478.000,0
03-06-2020 13:45,uHbuxQJl8lW7ozc,9056.5,5009,7183414.000,885.95
24-05-2020 23:45,ZoEaEvLYb1n2sOq,0,7985,7170169.000,0
25-05-2020 13:45,ZnxXDlPa8U1GXgE,11796.1,6383.29,6602139.286,1150.13
11-06-2020 04:15,1IF53ai7Xc0U56Y,0,0,6386620.000,0
09-06-2020 09:15,WRmjgnKYAwPKWDb,7182.12,1311.75,7214312.750,703.075
28-05-2020 15:00,ih0vzX44oOqAx2f,9909.75,7045.62,6285900.625,968.987
20-05-2020 05:15,1IF53ai7Xc0U56Y,0,0,6216430.000,0
06-06-2020 09:45,YxYtjZvoooNbGkE,7203.25,1529.62,7344018.625,704.737
05-06-2020 07:00,1BY6WEcLGh8j5v7,1306.62,70.25,6405450.250,127.225
21-05-2020 07:45,z9Y9gH1T5YWrNuG,3321,312.6,7049573.600,326.28
18-05-2020 12:00,ZnxXDlPa8U1GXgE,8239.75,1634,6544372.000,806.362
01-06-2020 00:45,iCRJl6heRkivqQ3,0,0,7304567.000,0
30-05-2020 16:15,adLQvlD726eNBSB,5647.25,6912.5,6394264.500,553.45
19-05-2020 23:45,z9Y9gH1T5YWrNuG,0,6892,7040465.000,0
06-06-2020 11:30,sjndEbLyjtCKgGv,7884.38,3101.12,7182378.125,770.05
14-06-2020 09:15,3PZuoBAID5Wc2HD,8665.12,1088.5,7211807.500,847.812
11-06-2020 00:30,7JYdWkrLSPkdwr4,0,0,7801091.000,0
16-05-2020 05:45,ih0vzX44oOqAx2f,0,0,6191360.000,0
15-05-2020 22:45,zVJPv84UY57bAof,0,5965,7122116.000,0
13-06-2020 07:30,pkci93gMrogZuBj,3245.88,187.625,7380994.625,318.85
02-06-2020 22:15,ih0vzX44oOqAx2f,0,0,6321311.000,0
30-05-2020 17:00,7JYdWkrLSPkdwr4,3250.86,6952.29,7721787.286,319.543
16-05-2020 06:00,WRmjgnKYAwPKWDb,55.375,0,7034815.000,5.35
15-06-2020 00:45,WRmjgnKYAwPKWDb,0,0,7254584.000,0
16-05-2020 17:30,z9Y9gH1T5YWrNuG,1176.38,6443.75,7020695.750,114.375
22-05-2020 03:15,adLQvlD726eNBSB,0,0,6321573.000,0
27-05-2020 13:45,sjndEbLyjtCKgGv,4185.75,4883.62,7110772.625,411.188
21-05-2020 13:00,z9Y9gH1T5YWrNuG,12289.9,4912.57,7054173.571,1198.67
16-06-2020 22:00,WRmjgnKYAwPKWDb,0,6264,7267579.000,0
13-06-2020 19:15,1BY6WEcLGh8j5v7,0,7984,6463663.000,0
06-06-2020 16:45,z9Y9gH1T5YWrNuG,1283.88,6214.12,7177215.125,124.912
29-05-2020 10:00,zVJPv84UY57bAof,9679.75,1600.88,7222073.875,945.625
23-05-2020 08:00,1IF53ai7Xc0U56Y,4667.14,346.143,6240880.143,457.986
02-06-2020 10:15,ZnxXDlPa8U1GXgE,7320.29,2188.71,6657631.714,716.686
11-06-2020 08:30,7JYdWkrLSPkdwr4,3018.88,326.25,7801417.250,296.462
08-06-2020 08:45,uHbuxQJl8lW7ozc,7230.38,701,7217850.000,707.987
16-05-2020 13:45,McdE0feGgRqW7Ca,7624.62,4768.75,7170203.750,746.325
17-05-2020 00:00,bvBOhCH3iADSZry,0,0,6328648.000,0
11-06-2020 17:30,iCRJl6heRkivqQ3,1441.5,5626.88,7385405.875,140.613
03-06-2020 20:30,zBIq5rxdHJRwDNY,0,7888,6484342.000,0
16-06-2020 09:45,uHbuxQJl8lW7ozc,8998.14,1414.14,7276157.143,880.243
11-06-2020 18:00,VHMLBKoKgIrUVDU,630.5,5700.38,7414995.375,61.05
17-06-2020 13:45,YxYtjZvoooNbGkE,8591.57,4492,7424048.000,840.014
29-05-2020 11:45,1BY6WEcLGh8j5v7,11271.5,3223.75,6361033.750,1100.04
15-06-2020 20:00,bvBOhCH3iADSZry,0,6192,6527792.000,0
02-06-2020 09:00,ih0vzX44oOqAx2f,6324.71,1044.14,6315027.143,619.6
22-05-2020 16:00,WRmjgnKYAwPKWDb,3257,6912.29,7084270.286,320.271
14-06-2020 07:45,VHMLBKoKgIrUVDU,4609.57,310.571,7429876.571,452.271
30-05-2020 10:30,uHbuxQJl8lW7ozc,5310.75,1404.25,7153336.250,520.575
17-05-2020 22:45,1BY6WEcLGh8j5v7,0,7045,6278650.000,0
03-06-2020 15:00,z9Y9gH1T5YWrNuG,12308.6,6376.71,7153650.714,1201.16
24-05-2020 05:45,McdE0feGgRqW7Ca,0,0,7224636.000,0
02-06-2020 12:45,sjndEbLyjtCKgGv,11006.1,4129.43,7152137.429,1075.01
04-06-2020 13:45,ih0vzX44oOqAx2f,10719.6,5275.43,6334285.429,1047.07
02-06-2020 23:45,wCURE6d3bPkepu2,0,2821.88,6922869.000,0
05-06-2020 21:15,McdE0feGgRqW7Ca,0,7920,7324681.000,0
11-06-2020 21:15,3PZuoBAID5Wc2HD,0,5717,7196186.000,0
24-05-2020 00:45,pkci93gMrogZuBj,0,0,7233675.000,0
20-05-2020 21:30,VHMLBKoKgIrUVDU,0,8982,7248524.000,0
16-05-2020 04:45,1IF53ai7Xc0U56Y,0,0,6190002.000,0
28-05-2020 10:15,zBIq5rxdHJRwDNY,10181.2,2113.12,6436196.125,995.35
09-06-2020 16:30,rGa61gmuvPhdLxV,5310.12,7792.38,7303756.375,520.513
10-06-2020 06:45,wCURE6d3bPkepu2,1310.29,46.5714,6976026.571,127.7
17-05-2020 00:30,ZnxXDlPa8U1GXgE,0,0,6535152.000,0
15-06-2020 19:15,pkci93gMrogZuBj,0,6795,7403217.000,0
15-06-2020 09:15,uHbuxQJl8lW7ozc,8879.88,1309.88,7269146.875,868.712
12-06-2020 07:00,rGa61gmuvPhdLxV,941.429,40.5714,7316472.571,91.4714
26-05-2020 02:30,VHMLBKoKgIrUVDU,0,0,7289525.000,0
02-06-2020 18:15,pkci93gMrogZuBj,290.625,7344.5,7307644.500,28.0875
18-05-2020 22:15,zVJPv84UY57bAof,0,5390,7141405.000,0
24-05-2020 05:30,ZnxXDlPa8U1GXgE,0,0,6587728.000,0
31-05-2020 04:00,zBIq5rxdHJRwDNY,0,0,6457301.000,0
12-06-2020 22:45,VHMLBKoKgIrUVDU,0,5903,7420914.000,0
31-05-2020 16:30,sjndEbLyjtCKgGv,1812.43,5745,7142000.000,177.643
12-06-2020 15:30,McdE0feGgRqW7Ca,5915.43,5275.86,7372648.857,579.657
18-05-2020 00:45,ZoEaEvLYb1n2sOq,0,0,7118208.000,0
23-05-2020 20:45,WRmjgnKYAwPKWDb,0,8431,7093026.000,0
20-05-2020 22:45,ih0vzX44oOqAx2f,0,8664,6225941.000,0
02-06-2020 11:30,7JYdWkrLSPkdwr4,6328.75,3004.38,7736628.375,620.025
27-05-2020 17:45,sjndEbLyjtCKgGv,620.429,6665.14,7112554.143,60.0714
19-05-2020 08:00,sjndEbLyjtCKgGv,1944.14,319.714,7042724.714,190.457
15-06-2020 04:15,VHMLBKoKgIrUVDU,0,0,7437055.000,0
16-05-2020 04:00,McdE0feGgRqW7Ca,0,0,7165435.000,0
17-06-2020 09:00,YxYtjZvoooNbGkE,5087.43,689.714,7420245.714,498.729
10-06-2020 14:15,VHMLBKoKgIrUVDU,9083.14,5245.43,7408061.429,888.471
11-06-2020 12:00,z9Y9gH1T5YWrNuG,9448,2273.29,7207738.286,924.071
13-06-2020 08:15,1BY6WEcLGh8j5v7,5900.88,518.875,6456197.875,578.212
04-06-2020 20:30,sjndEbLyjtCKgGv,0,0,7171518.000,0
10-06-2020 01:30,zBIq5rxdHJRwDNY,0,0,6531405.000,0
19-05-2020 03:15,bvBOhCH3iADSZry,0,0,6340538.000,0
19-05-2020 17:15,ZoEaEvLYb1n2sOq,1815.86,6738.71,7130265.714,177.914
22-05-2020 01:15,bvBOhCH3iADSZry,0,0,6362148.000,0
21-05-2020 16:45,ZoEaEvLYb1n2sOq,2599.12,7510.5,7146578.500,254.938
27-05-2020 00:30,z9Y9gH1T5YWrNuG,0,0,7097183.000,0
27-05-2020 08:45,YxYtjZvoooNbGkE,7634.12,822.875,7270155.875,747.4
10-06-2020 09:15,1BY6WEcLGh8j5v7,6528,971.857,6440041.857,639.529
23-05-2020 19:15,z9Y9gH1T5YWrNuG,0,8543,7072762.000,0
14-06-2020 14:45,ih0vzX44oOqAx2f,6361.5,5832.12,6406350.125,623.2
20-05-2020 10:45,zVJPv84UY57bAof,11063.3,2693.14,7151030.143,1081.14
11-06-2020 23:00,wCURE6d3bPkepu2,0,5651,6988054.000,0
28-05-2020 14:45,7JYdWkrLSPkdwr4,7921.71,6811.43,7705361.429,775.2
22-05-2020 04:15,wCURE6d3bPkepu2,0,0,6832055.000,0
30-05-2020 03:30,zVJPv84UY57bAof,0,0,7228687.000,0
04-06-2020 12:00,pkci93gMrogZuBj,13048.6,3585.86,7319021.857,1272.21
06-06-2020 08:45,iCRJl6heRkivqQ3,6326.86,925,7342728.000,619.814
13-06-2020 02:00,bvBOhCH3iADSZry,0,0,6509779.000,0
21-05-2020 15:30,1IF53ai7Xc0U56Y,7926.12,7150.62,6232577.625,775.737
06-06-2020 14:45,pkci93gMrogZuBj,2457.86,5740.57,7337227.571,241.1
16-05-2020 22:45,zVJPv84UY57bAof,0,6419,7128535.000,0
07-06-2020 19:15,ih0vzX44oOqAx2f,0,8019,6358692.000,0
26-05-2020 05:00,zVJPv84UY57bAof,0,0,7197609.000,0
18-05-2020 10:15,uHbuxQJl8lW7ozc,2257.75,680.125,7059473.125,221.375
14-06-2020 13:30,ZoEaEvLYb1n2sOq,9934.29,4606.71,7320369.714,971.357
28-05-2020 03:30,sjndEbLyjtCKgGv,0,0,7112565.000,0
15-06-2020 12:15,adLQvlD726eNBSB,5961.29,4142.57,6509228.571,584.114
08-06-2020 04:00,adLQvlD726eNBSB,0,0,6453384.000,0
07-06-2020 05:00,zBIq5rxdHJRwDNY,0,0,6506728.000,0
15-06-2020 13:30,ih0vzX44oOqAx2f,3468.62,4728.62,6412411.625,340.462
21-05-2020 17:45,ZnxXDlPa8U1GXgE,438.375,7806.62,6571851.625,42.3875
13-06-2020 19:30,bvBOhCH3iADSZry,0,7863,6517642.000,0
03-06-2020 21:00,ZoEaEvLYb1n2sOq,0,7774,7243501.000,0
05-06-2020 16:30,uHbuxQJl8lW7ozc,6255.43,7234.14,7201769.143,612.829
05-06-2020 05:00,zVJPv84UY57bAof,0,0,7271273.000,0
26-05-2020 08:30,z9Y9gH1T5YWrNuG,6734.71,695.286,7090135.286,659.671
31-05-2020 08:15,bvBOhCH3iADSZry,3302,308.75,6427989.750,324.35
21-05-2020 16:30,1BY6WEcLGh8j5v7,3912.12,7058.25,6305404.250,384.212
06-06-2020 11:45,zBIq5rxdHJRwDNY,5812.5,3262.75,6503564.750,568.225
04-06-2020 21:45,7JYdWkrLSPkdwr4,0,7999,7756621.000,0
29-05-2020 16:15,1BY6WEcLGh8j5v7,5846.57,7132.14,6364942.143,572.943
13-06-2020 00:15,3PZuoBAID5Wc2HD,0,0,7202086.000,0
28-05-2020 18:15,uHbuxQJl8lW7ozc,280.429,8370.43,7143628.429,27.1
03-06-2020 07:15,1IF53ai7Xc0U56Y,2287.25,108.75,6324892.750,224.262
20-05-2020 18:15,WRmjgnKYAwPKWDb,347.375,8788.5,7069720.500,33.5875
22-05-2020 02:00,YxYtjZvoooNbGkE,0,0,7229034.000,0
12-06-2020 15:15,uHbuxQJl8lW7ozc,4921.71,5081.43,7251287.429,482.557
22-05-2020 15:30,sjndEbLyjtCKgGv,4268.38,6545,7072431.000,418.913
14-06-2020 14:45,wCURE6d3bPkepu2,6499.14,5953.29,7008322.286,636.643
31-05-2020 05:30,3PZuoBAID5Wc2HD,0,0,7109488.000,0
22-05-2020 06:15,ZoEaEvLYb1n2sOq,564.143,11.4286,7146696.429,54.5857
11-06-2020 13:45,adLQvlD726eNBSB,6528.5,3614.12,6480558.125,639.513
12-06-2020 04:45,ih0vzX44oOqAx2f,0,0,6386553.000,0
13-06-2020 16:15,wCURE6d3bPkepu2,3241.5,8123,7002031.000,317.975
06-06-2020 02:45,uHbuxQJl8lW7ozc,0,0,7202373.000,0
13-06-2020 16:15,McdE0feGgRqW7Ca,3289,8250.12,7381578.125,322.65
20-05-2020 08:15,adLQvlD726eNBSB,6322.25,582.5,6305095.500,619.375
17-06-2020 19:00,1IF53ai7Xc0U56Y,0,6034,6433566.000,0
28-05-2020 18:30,3PZuoBAID5Wc2HD,81.1429,8527.71,7093978.714,7.82857
21-05-2020 17:00,iCRJl6heRkivqQ3,1067.38,7770.5,7227375.500,103.75
16-05-2020 14:00,z9Y9gH1T5YWrNuG,6762.14,4904.86,7019156.857,662.229
17-06-2020 13:15,7JYdWkrLSPkdwr4,9432.14,4024.29,7844989.286,922.171
25-05-2020 15:00,sjndEbLyjtCKgGv,10245.6,7558,7096909.000,1001.69
17-06-2020 19:45,1IF53ai7Xc0U56Y,0,6034,6433566.000,0
19-05-2020 11:15,7JYdWkrLSPkdwr4,7358.43,2326.29,7630698.286,719.514
25-05-2020 13:00,rGa61gmuvPhdLxV,12427,5413.5,7188708.500,1211.64
10-06-2020 05:00,iCRJl6heRkivqQ3,0,0,7373220.000,0
05-06-2020 17:30,uHbuxQJl8lW7ozc,3849.86,7685.29,7202220.286,378.329
10-06-2020 10:30,adLQvlD726eNBSB,7217.38,1987.5,6472264.500,706.25
25-05-2020 04:45,VHMLBKoKgIrUVDU,0,0,7280512.000,0
31-05-2020 21:00,zBIq5rxdHJRwDNY,0,0,6463239.000,0
17-05-2020 18:45,3PZuoBAID5Wc2HD,0,7794,7008483.000,0
07-06-2020 00:45,uHbuxQJl8lW7ozc,0,0,7208855.000,0
07-06-2020 14:15,ZoEaEvLYb1n2sOq,9206.57,6122.86,7271490.857,899.271
24-05-2020 20:45,1BY6WEcLGh8j5v7,0,7537,6327940.000,0
16-05-2020 17:00,sjndEbLyjtCKgGv,1964.38,6309.5,7029491.500,192.55
23-05-2020 18:30,ZoEaEvLYb1n2sOq,31.375,8470.88,7162183.875,3.0125
13-06-2020 20:45,rGa61gmuvPhdLxV,0,8389,7330670.000,0
22-05-2020 17:30,rGa61gmuvPhdLxV,708.25,6714.5,7167113.500,68.625
13-06-2020 19:45,zBIq5rxdHJRwDNY,0,8435,6557822.000,0
29-05-2020 06:45,adLQvlD726eNBSB,1596.38,51,6379060.000,156.062
15-06-2020 05:15,WRmjgnKYAwPKWDb,0,0,7254584.000,0
05-06-2020 10:45,adLQvlD726eNBSB,11010.8,2515.5,6433096.500,1074.97
22-05-2020 11:30,rGa61gmuvPhdLxV,13087.3,2691.67,7163013.000,1276
17-06-2020 18:15,McdE0feGgRqW7Ca,344,5985.38,7408580.375,33.2375
02-06-2020 02:15,z9Y9gH1T5YWrNuG,0,0,7139828.000,0
02-06-2020 10:30,zBIq5rxdHJRwDNY,6970.29,2250.71,6471283.714,682.529
05-06-2020 16:30,rGa61gmuvPhdLxV,6669.29,7133.43,7272482.429,653.243
23-05-2020 20:45,sjndEbLyjtCKgGv,0,8487,7081449.000,0
21-05-2020 17:30,uHbuxQJl8lW7ozc,599.125,7835.88,7087946.875,57.975
13-06-2020 07:00,3PZuoBAID5Wc2HD,2039,80.5714,7202166.571,199.871
28-05-2020 07:00,3PZuoBAID5Wc2HD,2186.5,98.375,7085549.375,214.387
18-05-2020 00:00,1BY6WEcLGh8j5v7,0,0,6278650.000,0
05-06-2020 01:15,rGa61gmuvPhdLxV,0,0,7265349.000,0
12-06-2020 11:00,3PZuoBAID5Wc2HD,6257.57,1789.14,7197975.143,613.057
29-05-2020 17:00,pkci93gMrogZuBj,3366.88,8113.12,7281371.125,330.875
31-05-2020 12:30,7JYdWkrLSPkdwr4,7417.57,3495.14,7725473.143,725.429
22-05-2020 08:30,iCRJl6heRkivqQ3,2633.62,678.125,7228120.125,258.275
18-05-2020 16:15,1IF53ai7Xc0U56Y,4213.43,5079.71,6209432.714,413.8
31-05-2020 07:30,z9Y9gH1T5YWrNuG,1985.5,141.75,7127738.750,194.637
17-06-2020 23:15,z9Y9gH1T5YWrNuG,0,5819,7251204.000,0
06-06-2020 17:00,WRmjgnKYAwPKWDb,892.75,6288.75,7196558.750,86.6875
28-05-2020 12:30,sjndEbLyjtCKgGv,10861.1,4682.29,7117247.286,1059.77
14-06-2020 17:00,iCRJl6heRkivqQ3,1774.88,7249.38,7407104.375,173.95
14-06-2020 09:30,pkci93gMrogZuBj,7766.71,1252.86,7390413.857,760.314
10-06-2020 21:30,1IF53ai7Xc0U56Y,0,6598,6386620.000,0
04-06-2020 07:30,pkci93gMrogZuBj,2426.57,191.714,7315627.714,237.971
13-06-2020 03:00,uHbuxQJl8lW7ozc,0,0,7252094.000,0
25-05-2020 01:45,zBIq5rxdHJRwDNY,0,0,6411758.000,0
17-05-2020 20:00,zVJPv84UY57bAof,0,7480,7136015.000,0
22-05-2020 17:45,WRmjgnKYAwPKWDb,510.5,7221.38,7084579.375,49.3875
22-05-2020 04:15,7JYdWkrLSPkdwr4,0,0,7651635.000,0
22-05-2020 11:15,McdE0feGgRqW7Ca,7530,2125.5,7211180.500,736.263
05-06-2020 08:30,ih0vzX44oOqAx2f,6685.57,491,6337510.000,654.871
17-05-2020 16:30,VHMLBKoKgIrUVDU,4341.5,7412.25,7226792.250,425.875
15-06-2020 09:45,McdE0feGgRqW7Ca,9134,1812.71,7391170.714,893.157
05-06-2020 12:15,1BY6WEcLGh8j5v7,3853.5,3493,6408873.000,378.5
09-06-2020 23:00,WRmjgnKYAwPKWDb,0,7977,7220978.000,0
27-05-2020 01:45,McdE0feGgRqW7Ca,0,0,7249560.000,0
12-06-2020 08:45,sjndEbLyjtCKgGv,4084.14,370.286,7221624.286,401.214
22-05-2020 20:15,ih0vzX44oOqAx2f,0,7000,6240543.000,0
01-06-2020 02:45,rGa61gmuvPhdLxV,0,0,7236332.000,0
17-05-2020 21:30,z9Y9gH1T5YWrNuG,0,7486,7028226.000,0
27-05-2020 09:15,ih0vzX44oOqAx2f,7342,1183.6,6273478.667,718.76
31-05-2020 03:00,YxYtjZvoooNbGkE,0,0,7299769.000,0
06-06-2020 00:00,bvBOhCH3iADSZry,0,0,6467251.000,0
09-06-2020 20:00,VHMLBKoKgIrUVDU,0,8120,7402816.000,0
16-05-2020 06:15,iCRJl6heRkivqQ3,332.75,3.75,7184413.750,32.15
05-06-2020 06:00,wCURE6d3bPkepu2,99.5714,0,6939021.000,9.61429
26-05-2020 09:45,wCURE6d3bPkepu2,10161.2,1719.62,6866369.625,993.475
02-06-2020 02:45,ih0vzX44oOqAx2f,0,0,6313983.000,0
06-06-2020 07:45,adLQvlD726eNBSB,5015,398,6438826.000,491.643
28-05-2020 05:45,z9Y9gH1T5YWrNuG,0,0,7103885.000,0
07-06-2020 00:45,pkci93gMrogZuBj,0,0,7337918.000,0
06-06-2020 12:45,iCRJl6heRkivqQ3,9894.5,4122.25,7345925.250,966.075
29-05-2020 07:15,7JYdWkrLSPkdwr4,1990.88,141.375,7706969.375,195.175
15-05-2020 19:45,YxYtjZvoooNbGkE,0,6291,7186257.000,0
01-06-2020 17:45,sjndEbLyjtCKgGv,697.143,5736.86,7147978.857,67.5571
02-06-2020 21:15,1BY6WEcLGh8j5v7,0,7029,6390468.000,0
15-06-2020 23:45,ih0vzX44oOqAx2f,0,6564,6414247.000,0
16-06-2020 14:00,zVJPv84UY57bAof,6645.29,4624.43,7355724.429,650.771
28-05-2020 01:15,rGa61gmuvPhdLxV,0,0,7206549.000,0
15-05-2020 05:00,sjndEbLyjtCKgGv,0,0,7016832.000,0
07-06-2020 16:45,3PZuoBAID5Wc2HD,5013.14,7908.43,7166890.429,491.543
21-05-2020 15:00,zBIq5rxdHJRwDNY,9491.25,6729.12,6387591.125,927.8
30-05-2020 01:45,WRmjgnKYAwPKWDb,0,0,7140899.000,0
07-06-2020 00:30,adLQvlD726eNBSB,0,0,6445031.000,0
15-06-2020 01:30,WRmjgnKYAwPKWDb,0,0,7254584.000,0
30-05-2020 21:00,wCURE6d3bPkepu2,0,7278,6903158.000,0
15-06-2020 04:15,ZnxXDlPa8U1GXgE,0,0,6751747.000,0
01-06-2020 08:15,iCRJl6heRkivqQ3,6093.12,633.5,7305200.500,597.062
11-06-2020 09:30,adLQvlD726eNBSB,4589.88,726.25,6477670.250,450.413
17-05-2020 14:00,adLQvlD726eNBSB,7420.25,5915.38,6290358.375,725.625
17-05-2020 13:45,uHbuxQJl8lW7ozc,7982.88,5310,7056649.000,780.175
07-06-2020 21:30,1IF53ai7Xc0U56Y,0,8239,6363338.000,0
17-06-2020 03:30,ZnxXDlPa8U1GXgE,0,0,6764808.000,0
06-06-2020 15:30,iCRJl6heRkivqQ3,4378.5,6065.25,7347868.250,429.775
21-05-2020 15:45,uHbuxQJl8lW7ozc,5287.57,7367,7087478.000,518.443
04-06-2020 00:30,wCURE6d3bPkepu2,0,0,6930776.000,0
13-06-2020 03:00,adLQvlD726eNBSB,0,0,6488722.000,0
31-05-2020 14:00,ZnxXDlPa8U1GXgE,11248.1,5038.75,6648421.750,1097.79
01-06-2020 01:00,7JYdWkrLSPkdwr4,0,0,7727821.000,0
22-05-2020 23:30,sjndEbLyjtCKgGv,0,0,7072962.000,0
09-06-2020 14:45,z9Y9gH1T5YWrNuG,7729.71,5933.86,7197357.857,756.5
13-06-2020 20:45,adLQvlD726eNBSB,0,8774,6497496.000,0
09-06-2020 13:00,zBIq5rxdHJRwDNY,10314.4,4950.14,6528219.143,1006.93
09-06-2020 12:15,1BY6WEcLGh8j5v7,8553.5,3960.38,6435574.375,835.462
15-05-2020 11:00,rGa61gmuvPhdLxV,10648.9,2089.29,7113582.286,1039.53
02-06-2020 11:15,ZnxXDlPa8U1GXgE,7024.29,2986.86,6658429.857,687.829
09-06-2020 01:30,wCURE6d3bPkepu2,0,0,6967970.000,0
27-05-2020 21:45,7JYdWkrLSPkdwr4,0,6638,7698550.000,0
17-05-2020 10:15,bvBOhCH3iADSZry,8921.57,1861.86,6330509.857,872.829
09-06-2020 07:45,7JYdWkrLSPkdwr4,2536.38,294.5,7787087.500,248.925
08-06-2020 23:00,zVJPv84UY57bAof,0,8377,7302167.000,0
29-05-2020 16:00,7JYdWkrLSPkdwr4,6745.14,7389.14,7714217.143,660.671
14-06-2020 22:30,zVJPv84UY57bAof,0,7320,7344280.000,0
21-05-2020 23:00,McdE0feGgRqW7Ca,0,7993,7209055.000,0
26-05-2020 07:30,ih0vzX44oOqAx2f,3285.43,202,6264781.000,322.871
11-06-2020 14:00,wCURE6d3bPkepu2,6695.75,3664.62,6986067.625,655.812
10-06-2020 06:45,iCRJl6heRkivqQ3,1300.75,47.75,7373267.750,126.525
16-06-2020 20:00,z9Y9gH1T5YWrNuG,0,6201,7245385.000,0
05-06-2020 04:30,WRmjgnKYAwPKWDb,0,0,7182665.000,0
27-05-2020 12:00,ZnxXDlPa8U1GXgE,10654,3711.88,6616360.875,1040.22
08-06-2020 01:45,YxYtjZvoooNbGkE,0,0,7356967.000,0
29-05-2020 08:45,WRmjgnKYAwPKWDb,5657.71,670.857,7133531.857,554.486
26-05-2020 07:15,wCURE6d3bPkepu2,2418.62,128.75,6864778.750,237.175
20-05-2020 21:45,1IF53ai7Xc0U56Y,0,8997,6225427.000,0
08-06-2020 16:30,McdE0feGgRqW7Ca,5275.71,8109.71,7346311.714,517.3
12-06-2020 06:45,z9Y9gH1T5YWrNuG,690.714,20.1429,7211084.143,66.9286
06-06-2020 16:45,uHbuxQJl8lW7ozc,1329.43,6406.86,7208779.857,129.371
20-05-2020 19:30,sjndEbLyjtCKgGv,0,8777,7058061.000,0
25-05-2020 12:15,1IF53ai7Xc0U56Y,12899,4689,6262169.000,1257.66
22-05-2020 01:30,McdE0feGgRqW7Ca,0,0,7209055.000,0
07-06-2020 16:30,ZnxXDlPa8U1GXgE,3471.57,7767.43,6700821.429,340.743
07-06-2020 03:00,YxYtjZvoooNbGkE,0,0,7348812.000,0
13-06-2020 05:15,ih0vzX44oOqAx2f,0,0,6392263.000,0
21-05-2020 11:45,zVJPv84UY57bAof,12390.9,3589.75,7160768.750,1208.47
06-06-2020 18:00,WRmjgnKYAwPKWDb,231.714,6336,7196606.000,22.3571
28-05-2020 20:30,WRmjgnKYAwPKWDb,0,8323,7132861.000,0
08-06-2020 07:30,adLQvlD726eNBSB,2755.86,187.714,6453571.714,270.371
12-06-2020 03:30,YxYtjZvoooNbGkE,0,0,7385279.000,0
03-06-2020 01:45,iCRJl6heRkivqQ3,0,0,7317813.000,0
08-06-2020 12:15,zBIq5rxdHJRwDNY,8525.86,4273.86,6519184.857,834.129
02-06-2020 19:15,bvBOhCH3iADSZry,0,6842,6445487.000,0
08-06-2020 22:00,YxYtjZvoooNbGkE,0,8343,7365310.000,0
27-05-2020 17:45,ih0vzX44oOqAx2f,614.714,6546.29,6278837.286,59.5143
20-05-2020 10:00,pkci93gMrogZuBj,10207.2,1881.12,7203230.125,997.938
16-05-2020 21:45,uHbuxQJl8lW7ozc,0,6271,7051339.000,0
26-05-2020 10:45,adLQvlD726eNBSB,12155.8,2949,6358243.000,1185.91
18-05-2020 09:00,iCRJl6heRkivqQ3,1754.71,471.714,7198838.714,172
25-05-2020 09:15,McdE0feGgRqW7Ca,9138.62,1214.62,7233905.625,893.987
26-05-2020 00:00,uHbuxQJl8lW7ozc,0,0,7120696.000,0
29-05-2020 08:30,ZoEaEvLYb1n2sOq,5019.12,523,7202061.000,492.175
23-05-2020 22:15,YxYtjZvoooNbGkE,0,8559,7244680.000,0
28-05-2020 15:15,sjndEbLyjtCKgGv,9106,7278.5,7119843.500,890.775
22-05-2020 18:45,VHMLBKoKgIrUVDU,0,7360,7263721.000,0
26-05-2020 10:45,z9Y9gH1T5YWrNuG,12196.4,2826.12,7092266.125,1189.83
11-06-2020 08:00,YxYtjZvoooNbGkE,2555.62,186,7379873.000,250.625
10-06-2020 07:00,3PZuoBAID5Wc2HD,2226.38,97.875,7184016.875,218.287
16-05-2020 21:45,iCRJl6heRkivqQ3,0,6438,7190848.000,0
21-05-2020 11:45,pkci93gMrogZuBj,12264.8,3542.75,7213740.750,1196.19
14-06-2020 17:30,1IF53ai7Xc0U56Y,1050.62,7443.25,6414324.250,102.237
24-05-2020 20:30,1IF53ai7Xc0U56Y,0,8273,6257480.000,0
23-05-2020 15:30,wCURE6d3bPkepu2,8893,7467.5,6846692.500,870.075
23-05-2020 23:15,pkci93gMrogZuBj,0,8475,7233675.000,0
08-06-2020 12:45,7JYdWkrLSPkdwr4,6412.71,4784.57,7783294.571,628.114
03-06-2020 05:00,ZoEaEvLYb1n2sOq,0,0,7235727.000,0
25-05-2020 00:15,uHbuxQJl8lW7ozc,0,0,7111852.000,0
13-06-2020 16:30,iCRJl6heRkivqQ3,3595.25,8234.75,7399593.750,353.1
30-05-2020 08:30,YxYtjZvoooNbGkE,3543.75,478.875,7292981.875,348.363
25-05-2020 14:00,YxYtjZvoooNbGkE,11448.4,6597.5,7259248.500,1117.55
08-06-2020 11:45,1BY6WEcLGh8j5v7,9205.71,3585.43,6427335.429,900.343
18-05-2020 22:45,McdE0feGgRqW7Ca,0,5464,7185091.000,0
16-06-2020 13:30,wCURE6d3bPkepu2,8425.25,4323.12,7020767.125,824.125
31-05-2020 18:45,7JYdWkrLSPkdwr4,0,5843,7727821.000,0
15-05-2020 10:15,ZnxXDlPa8U1GXgE,7869.86,1494.86,6523666.857,769.843
17-05-2020 17:45,7JYdWkrLSPkdwr4,855.143,7506.71,7623043.714,82.9857
01-06-2020 11:30,1IF53ai7Xc0U56Y,13064.9,3526.71,6314958.714,1274.53
13-06-2020 07:30,VHMLBKoKgIrUVDU,3515.57,208.571,7421122.571,345.6
02-06-2020 04:00,7JYdWkrLSPkdwr4,0,0,7733624.000,0
31-05-2020 17:00,WRmjgnKYAwPKWDb,1972.29,5685,7153714.000,193.357
15-05-2020 13:15,z9Y9gH1T5YWrNuG,6558.29,3836,7011702.000,642.414
04-06-2020 22:15,zBIq5rxdHJRwDNY,0,0,6492579.000,0
17-05-2020 05:00,wCURE6d3bPkepu2,0,0,6795470.000,0
27-05-2020 21:00,iCRJl6heRkivqQ3,0,0,7274692.000,0
27-05-2020 18:45,ih0vzX44oOqAx2f,0,6564,6278855.000,0
26-05-2020 01:00,VHMLBKoKgIrUVDU,0,0,7289525.000,0
15-06-2020 15:00,1BY6WEcLGh8j5v7,6067,5336,6473011.000,594.5
14-06-2020 18:45,wCURE6d3bPkepu2,0,7329,7009698.000,0
08-06-2020 15:45,1IF53ai7Xc0U56Y,6095.62,7703.38,6371041.375,597.025
17-06-2020 12:30,rGa61gmuvPhdLxV,10173.5,3441.75,7354388.750,993.913
16-06-2020 23:00,pkci93gMrogZuBj,0,6261,7409478.000,0
22-05-2020 13:00,uHbuxQJl8lW7ozc,9309.14,4425.57,7092401.571,908.914
25-05-2020 12:15,3PZuoBAID5Wc2HD,12885.4,4711.71,7066279.714,1256.34
17-05-2020 21:30,ZnxXDlPa8U1GXgE,0,7586,6542738.000,0
16-05-2020 07:00,YxYtjZvoooNbGkE,1531,70,7186327.000,149.55
27-05-2020 10:45,zVJPv84UY57bAof,9090.25,2324.88,7207707.875,888.038
31-05-2020 22:00,YxYtjZvoooNbGkE,0,5970,7305739.000,0
20-05-2020 17:30,7JYdWkrLSPkdwr4,1805,8702,7643910.000,176.9
11-06-2020 18:45,z9Y9gH1T5YWrNuG,0,5599,7211064.000,0
21-05-2020 22:00,7JYdWkrLSPkdwr4,0,0,7651635.000,0
02-06-2020 13:15,bvBOhCH3iADSZry,11322,4316.75,6442961.750,1105.09
17-06-2020 19:00,uHbuxQJl8lW7ozc,0,5967,7287002.000,0
10-06-2020 06:00,uHbuxQJl8lW7ozc,87.125,0.5,7233863.500,8.4
21-05-2020 14:00,YxYtjZvoooNbGkE,9593.25,5927,7227221.000,936.775
01-06-2020 23:00,iCRJl6heRkivqQ3,0,5781,7310348.000,0
18-05-2020 04:15,wCURE6d3bPkepu2,0,0,6803000.000,0
12-06-2020 21:00,1IF53ai7Xc0U56Y,0,5903,6398227.000,0
31-05-2020 22:15,3PZuoBAID5Wc2HD,0,5816,7115304.000,0
15-05-2020 10:15,zBIq5rxdHJRwDNY,7940,1551.75,6340931.750,776.375
15-05-2020 05:30,uHbuxQJl8lW7ozc,0,0,7038681.000,0
02-06-2020 08:45,z9Y9gH1T5YWrNuG,7483.29,885,7140713.000,732.586
24-05-2020 10:45,wCURE6d3bPkepu2,11412,2295.62,6850125.625,1113.42
24-05-2020 02:15,ZnxXDlPa8U1GXgE,0,0,6587728.000,0
01-06-2020 06:30,bvBOhCH3iADSZry,892.625,21.375,6433288.375,86.6625
06-06-2020 05:15,3PZuoBAID5Wc2HD,0,0,7152486.000,0
05-06-2020 15:45,bvBOhCH3iADSZry,8329.29,6064.71,6466250.714,815.114
10-06-2020 23:00,YxYtjZvoooNbGkE,0,6419,7379687.000,0
11-06-2020 20:45,3PZuoBAID5Wc2HD,0,5717,7196186.000,0
01-06-2020 14:00,WRmjgnKYAwPKWDb,2602.14,5033.57,7158899.571,254.943
17-06-2020 01:30,WRmjgnKYAwPKWDb,0,0,7267579.000,0
10-06-2020 08:15,bvBOhCH3iADSZry,2748.86,460.571,6493807.571,269.929
18-05-2020 19:30,WRmjgnKYAwPKWDb,0,5348,7054452.000,0
28-05-2020 10:30,rGa61gmuvPhdLxV,9549.62,2426,7208975.000,933.3
31-05-2020 05:30,sjndEbLyjtCKgGv,0,0,7136255.000,0
12-06-2020 15:45,ZnxXDlPa8U1GXgE,4629,5340.75,6735242.750,454.188
07-06-2020 18:15,sjndEbLyjtCKgGv,309.714,6892.29,7192548.286,29.8857
18-05-2020 06:00,ZnxXDlPa8U1GXgE,92.75,0.625,6542738.625,8.95
30-05-2020 17:45,iCRJl6heRkivqQ3,1038.71,7309,7298562.000,100.943
31-05-2020 01:00,wCURE6d3bPkepu2,0,0,6903158.000,0
03-06-2020 04:45,ZnxXDlPa8U1GXgE,0,0,6662968.000,0
10-06-2020 12:15,ZnxXDlPa8U1GXgE,9920.57,3292.14,6721064.143,968.886
06-06-2020 04:45,7JYdWkrLSPkdwr4,0,0,7764140.000,0
10-06-2020 06:00,wCURE6d3bPkepu2,95.625,0.375,6975980.375,9.2375
15-05-2020 07:45,iCRJl6heRkivqQ3,2000.14,222.714,7178214.714,196.086
19-05-2020 17:00,wCURE6d3bPkepu2,2700.25,6835.12,6815228.125,265.012
30-05-2020 18:00,YxYtjZvoooNbGkE,663.25,7250.38,7299753.375,64.2375
28-05-2020 05:15,bvBOhCH3iADSZry,0,0,6405833.000,0
23-05-2020 07:30,zVJPv84UY57bAof,3245.86,148.143,7172442.143,319.057
16-05-2020 12:30,ZoEaEvLYb1n2sOq,10442.9,3474.14,7107834.143,1020.66
04-06-2020 01:45,sjndEbLyjtCKgGv,0,0,7163293.000,0
17-05-2020 19:00,z9Y9gH1T5YWrNuG,0,7486,7028226.000,0
08-06-2020 11:45,adLQvlD726eNBSB,10296.4,3987.57,6457371.571,1005.54
05-06-2020 04:45,zBIq5rxdHJRwDNY,0,0,6492579.000,0
07-06-2020 11:30,WRmjgnKYAwPKWDb,11819.6,3069,7199680.000,1153.6
30-05-2020 20:00,1IF53ai7Xc0U56Y,0,7332,6305543.000,0
25-05-2020 17:45,wCURE6d3bPkepu2,488.375,8836.75,6864627.750,47.2375
17-06-2020 15:30,sjndEbLyjtCKgGv,846.429,5448.86,7261242.857,82.1286
23-05-2020 20:00,rGa61gmuvPhdLxV,0,8152,7175293.000,0
17-06-2020 03:00,ih0vzX44oOqAx2f,0,0,6420371.000,0
11-06-2020 05:15,adLQvlD726eNBSB,0,0,6476944.000,0
17-05-2020 12:30,adLQvlD726eNBSB,7258.88,4622.25,6289065.250,710.388
16-06-2020 05:15,wCURE6d3bPkepu2,0,0,7016444.000,0
04-06-2020 11:15,iCRJl6heRkivqQ3,9839.71,2874,7328570.000,961.071
28-05-2020 08:45,zBIq5rxdHJRwDNY,7130.62,822.125,6434905.125,698.288
01-06-2020 15:00,WRmjgnKYAwPKWDb,3005.57,5387.71,7159253.714,295.014
21-05-2020 08:15,zBIq5rxdHJRwDNY,5642.88,475.875,6381337.875,553.038
05-06-2020 20:45,ih0vzX44oOqAx2f,0,0,6344476.000,0
12-06-2020 10:00,z9Y9gH1T5YWrNuG,5799.38,1046.75,7212110.750,568.312
04-06-2020 23:15,zVJPv84UY57bAof,0,0,7271273.000,0
18-05-2020 19:30,pkci93gMrogZuBj,0,5364,7194411.000,0
18-05-2020 07:45,adLQvlD726eNBSB,1814.86,285.429,6292595.429,177.786
15-06-2020 06:45,z9Y9gH1T5YWrNuG,1475.5,53.375,7232521.375,144.025
30-05-2020 15:00,VHMLBKoKgIrUVDU,9569.71,5825.57,7326884.571,935.914
10-06-2020 14:15,wCURE6d3bPkepu2,9190,5203.38,6981183.375,898.913
16-06-2020 14:15,wCURE6d3bPkepu2,4477.29,4781.14,7021225.143,439.5
18-05-2020 05:45,zVJPv84UY57bAof,0,0,7136015.000,0
05-06-2020 06:45,iCRJl6heRkivqQ3,1372.29,37,7334037.000,133.757
15-05-2020 07:15,YxYtjZvoooNbGkE,2022,125.25,7180091.250,198.225
07-06-2020 13:00,z9Y9gH1T5YWrNuG,0,4021,7181310.000,0
31-05-2020 18:00,zVJPv84UY57bAof,677.714,6032.57,7242009.571,65.7
14-06-2020 17:00,zBIq5rxdHJRwDNY,1789.38,7196.12,6565018.125,175.363
19-05-2020 19:15,1BY6WEcLGh8j5v7,0,6449,6290097.000,0
31-05-2020 19:15,uHbuxQJl8lW7ozc,0,6081,7165353.000,0
29-05-2020 20:30,WRmjgnKYAwPKWDb,0,8038,7140899.000,0
30-05-2020 23:00,1BY6WEcLGh8j5v7,0,6754,6372128.000,0
17-06-2020 09:45,ih0vzX44oOqAx2f,5563.88,1095.38,6421466.375,545.312
22-05-2020 09:00,zBIq5rxdHJRwDNY,5259.38,869.125,6389468.125,515.575
17-06-2020 05:45,1BY6WEcLGh8j5v7,0,0,6479798.000,0
22-05-2020 13:00,wCURE6d3bPkepu2,9934.14,4309,6836364.000,969.8
13-06-2020 02:30,z9Y9gH1T5YWrNuG,0,0,7216867.000,0
31-05-2020 14:15,zVJPv84UY57bAof,7180,5210.57,7241187.571,701.686
12-06-2020 18:45,VHMLBKoKgIrUVDU,0,5903,7420914.000,0
30-05-2020 05:30,ZnxXDlPa8U1GXgE,0,0,6636066.000,0
28-05-2020 01:15,WRmjgnKYAwPKWDb,0,0,7124538.000,0
23-05-2020 18:45,YxYtjZvoooNbGkE,0,8559,7244680.000,0
02-06-2020 16:45,sjndEbLyjtCKgGv,3160.25,7242.5,7155250.500,310.188
29-05-2020 16:30,ih0vzX44oOqAx2f,4015.71,7615.86,6294785.857,394.571
24-05-2020 19:00,WRmjgnKYAwPKWDb,0,8091,7101117.000,0
22-05-2020 13:15,ZoEaEvLYb1n2sOq,10332.6,4495.43,7151180.429,1008.71
11-06-2020 04:15,ih0vzX44oOqAx2f,0,0,6381032.000,0
08-06-2020 05:45,sjndEbLyjtCKgGv,0,0,7192554.000,0
12-06-2020 00:15,z9Y9gH1T5YWrNuG,0,0,7211064.000,0
06-06-2020 23:30,3PZuoBAID5Wc2HD,0,6496,7158982.000,0
15-05-2020 17:15,zBIq5rxdHJRwDNY,2371.62,6318.38,6345698.375,232.55
12-06-2020 18:45,uHbuxQJl8lW7ozc,0,5888,7252094.000,0
19-05-2020 19:45,YxYtjZvoooNbGkE,0,6878,7212476.000,0
15-05-2020 22:15,McdE0feGgRqW7Ca,0,6471,7165435.000,0
08-06-2020 00:45,adLQvlD726eNBSB,0,0,6453384.000,0
17-05-2020 02:15,WRmjgnKYAwPKWDb,0,0,7041430.000,0
17-06-2020 17:30,McdE0feGgRqW7Ca,1369.8,5920.4,7408515.400,133.32
03-06-2020 21:00,McdE0feGgRqW7Ca,0,8010,7308369.000,0
02-06-2020 22:00,zBIq5rxdHJRwDNY,0,7421,6476454.000,0
17-05-2020 16:30,z9Y9gH1T5YWrNuG,4057.5,7185.25,7027925.250,398.062
16-06-2020 16:45,7JYdWkrLSPkdwr4,2157.71,5964.71,7840763.714,211.543
03-06-2020 01:45,wCURE6d3bPkepu2,0,0,6922869.000,0
19-05-2020 06:00,wCURE6d3bPkepu2,0,0,6808393.000,0
22-05-2020 20:00,ZnxXDlPa8U1GXgE,0,7275,6579139.000,0
24-05-2020 14:45,ih0vzX44oOqAx2f,8336,6426.25,6255364.250,815.562
02-06-2020 14:30,pkci93gMrogZuBj,9965.25,5780.62,7306080.625,973.075
13-06-2020 19:45,7JYdWkrLSPkdwr4,0,8435,7820852.000,0
20-05-2020 05:30,ZoEaEvLYb1n2sOq,0,0,7130332.000,0
22-05-2020 13:00,sjndEbLyjtCKgGv,9814.29,4280,7070166.000,1044.9
04-06-2020 09:15,adLQvlD726eNBSB,7417.25,1180,6423447.000,725.975
03-06-2020 23:15,McdE0feGgRqW7Ca,0,8010,7308369.000,0
22-05-2020 18:15,bvBOhCH3iADSZry,104,6758.88,6368906.875,10.0125
22-05-2020 11:00,3PZuoBAID5Wc2HD,8699.86,2279.57,7039580.571,849.986
07-06-2020 00:00,bvBOhCH3iADSZry,0,0,6473124.000,0
17-06-2020 00:00,WRmjgnKYAwPKWDb,0,0,7267579.000,0
31-05-2020 00:00,YxYtjZvoooNbGkE,0,908.25,7299769.000,0
06-06-2020 01:30,1IF53ai7Xc0U56Y,0,0,6348557.000,0
09-06-2020 16:15,WRmjgnKYAwPKWDb,5357,7436.38,7220437.375,525.1
18-05-2020 19:00,1IF53ai7Xc0U56Y,0,5453,6209806.000,0
30-05-2020 07:00,sjndEbLyjtCKgGv,1702,74.4286,7129103.429,166.614
15-05-2020 01:15,z9Y9gH1T5YWrNuG,0,0,7007866.000,0
09-06-2020 07:45,1BY6WEcLGh8j5v7,2376.71,266.857,6431880.857,233.2
25-05-2020 19:15,zBIq5rxdHJRwDNY,0,8443,6420201.000,0
15-06-2020 21:30,pkci93gMrogZuBj,0,6795,7403217.000,0
19-05-2020 01:15,wCURE6d3bPkepu2,0,0,6808393.000,0
17-06-2020 22:00,pkci93gMrogZuBj,0,5952,7415430.000,0
03-06-2020 11:15,ih0vzX44oOqAx2f,9167.71,2413.29,6323724.286,896.771
28-05-2020 00:15,1IF53ai7Xc0U56Y,0,0,6281462.000,0
26-05-2020 17:00,ih0vzX44oOqAx2f,4187.57,7607.14,6272186.143,410.743
07-06-2020 02:00,3PZuoBAID5Wc2HD,0,0,7158982.000,0
09-06-2020 15:00,1IF53ai7Xc0U56Y,8264.38,6724.62,6378557.625,808.775
24-05-2020 03:00,z9Y9gH1T5YWrNuG,0,0,7072762.000,0
23-05-2020 14:30,7JYdWkrLSPkdwr4,7499.29,6672,7665442.000,734.2
03-06-2020 14:15,YxYtjZvoooNbGkE,9647.14,5630.57,7324559.571,943.414
03-06-2020 02:00,z9Y9gH1T5YWrNuG,0,0,7147274.000,0
16-06-2020 07:45,uHbuxQJl8lW7ozc,3635.12,249,7274992.000,357.075
11-06-2020 23:15,1IF53ai7Xc0U56Y,0,5704,6392324.000,0
08-06-2020 18:45,rGa61gmuvPhdLxV,0,8291,7295964.000,0
30-05-2020 23:30,VHMLBKoKgIrUVDU,0,7270,7328329.000,0
31-05-2020 16:30,3PZuoBAID5Wc2HD,1840.71,5570.14,7115058.143,180.429
17-05-2020 04:30,ZoEaEvLYb1n2sOq,0,0,7110744.000,0
15-06-2020 12:15,VHMLBKoKgIrUVDU,5811.86,4094.86,7441149.857,569.514
16-05-2020 10:45,ZoEaEvLYb1n2sOq,8363.62,2074.5,7106434.500,818.35
24-05-2020 13:15,1IF53ai7Xc0U56Y,12267.7,5411.43,6254618.429,1196.09
20-05-2020 21:00,z9Y9gH1T5YWrNuG,0,8796,7049261.000,0
18-05-2020 15:00,z9Y9gH1T5YWrNuG,7691.43,4129.43,7032355.429,752.971
20-05-2020 20:15,7JYdWkrLSPkdwr4,0,8772,7643980.000,0
15-05-2020 22:45,wCURE6d3bPkepu2,0,6329,6788927.000,0
17-06-2020 18:30,zBIq5rxdHJRwDNY,74.8571,5816.14,6583368.143,7.22857
30-05-2020 13:00,1BY6WEcLGh8j5v7,8013.43,3431.57,6368805.571,784.329
10-06-2020 11:00,WRmjgnKYAwPKWDb,5167.14,2211.71,7223189.714,506.543
23-05-2020 17:45,uHbuxQJl8lW7ozc,1622.43,8424.71,7103677.714,158.871
01-06-2020 01:15,1BY6WEcLGh8j5v7,0,0,6377931.000,0
16-05-2020 20:45,ih0vzX44oOqAx2f,0,6450,6197810.000,0
15-05-2020 22:00,iCRJl6heRkivqQ3,0,6418,7184410.000,0
13-06-2020 13:45,iCRJl6heRkivqQ3,9233,5914.43,7397273.429,902.686
03-06-2020 16:15,z9Y9gH1T5YWrNuG,4170.5,7296.88,7154570.875,409.1
24-05-2020 11:30,McdE0feGgRqW7Ca,11529.6,3154.71,7227790.714,1124.97
04-06-2020 20:00,7JYdWkrLSPkdwr4,0,7999,7756621.000,0
22-05-2020 07:30,bvBOhCH3iADSZry,4205.88,232.875,6362380.875,413.175
22-05-2020 00:30,sjndEbLyjtCKgGv,0,0,7065886.000,0
24-05-2020 19:00,ih0vzX44oOqAx2f,0,7556,6256494.000,0
16-05-2020 17:15,pkci93gMrogZuBj,1610.29,6093.86,7181570.857,157.543
15-06-2020 13:00,3PZuoBAID5Wc2HD,10453.1,4594.43,7222817.429,1020.9
17-05-2020 19:30,zVJPv84UY57bAof,0,7480,7136015.000,0
06-06-2020 00:45,YxYtjZvoooNbGkE,0,0,7342489.000,0
13-06-2020 20:00,rGa61gmuvPhdLxV,0,8389,7330670.000,0
16-05-2020 23:15,McdE0feGgRqW7Ca,0,6586,7172021.000,0
25-05-2020 09:45,z9Y9gH1T5YWrNuG,10197.5,1671.88,7082309.875,996.987
30-05-2020 06:30,ZnxXDlPa8U1GXgE,716.25,17.75,6636083.750,69.425
21-05-2020 17:00,bvBOhCH3iADSZry,992.375,7048.12,6362086.125,96.4375
24-05-2020 08:30,McdE0feGgRqW7Ca,7403,670.857,7225306.857,724.843
01-06-2020 10:45,YxYtjZvoooNbGkE,11344.6,2500.25,7308239.250,1106.86
28-05-2020 08:15,sjndEbLyjtCKgGv,5782.14,541.429,7113106.429,566.614
04-06-2020 06:00,ZoEaEvLYb1n2sOq,66.5714,0.142857,7243501.143,6.42857
22-05-2020 00:00,adLQvlD726eNBSB,0,0,6321573.000,0
06-06-2020 02:00,zVJPv84UY57bAof,0,0,7279090.000,0
15-06-2020 03:30,zVJPv84UY57bAof,0,0,7344280.000,0
02-06-2020 22:30,3PZuoBAID5Wc2HD,0,0,7128614.000,0
04-06-2020 18:00,z9Y9gH1T5YWrNuG,882.571,8131.57,7163244.571,85.6857
31-05-2020 13:30,adLQvlD726eNBSB,5175.75,4442.5,6399213.500,506.95
08-06-2020 01:30,VHMLBKoKgIrUVDU,0,0,7386208.000,0
17-05-2020 03:00,VHMLBKoKgIrUVDU,0,0,7219380.000,0
24-05-2020 04:45,adLQvlD726eNBSB,0,0,6337734.000,0
18-05-2020 17:15,zBIq5rxdHJRwDNY,1668.38,5309.5,6364966.500,163.287
04-06-2020 15:45,iCRJl6heRkivqQ3,9108.88,7222.25,7332918.250,891.038
28-05-2020 02:15,wCURE6d3bPkepu2,0,0,6879195.000,0
30-05-2020 11:30,pkci93gMrogZuBj,7394.14,2080.71,7283615.714,724
15-06-2020 17:00,7JYdWkrLSPkdwr4,2761.71,6470.71,7834628.714,271.171
25-05-2020 16:00,uHbuxQJl8lW7ozc,7474.86,8474.43,7120326.429,731.729
06-06-2020 12:00,1IF53ai7Xc0U56Y,7979.29,3574.86,6352131.857,779.614
17-06-2020 03:30,zBIq5rxdHJRwDNY,0,0,6577552.000,0
29-05-2020 14:30,VHMLBKoKgIrUVDU,8037.14,6400.43,7319287.429,786.657
07-06-2020 06:15,VHMLBKoKgIrUVDU,420.5,5.5,7377994.500,40.65
18-05-2020 03:15,YxYtjZvoooNbGkE,0,0,7200229.000,0
15-06-2020 02:30,ZoEaEvLYb1n2sOq,0,0,7323052.000,0
27-05-2020 17:15,ZnxXDlPa8U1GXgE,1763,6660.88,6619309.875,172.45
26-05-2020 10:15,ih0vzX44oOqAx2f,8728.29,2194.14,6266773.143,852.971
15-06-2020 09:45,iCRJl6heRkivqQ3,8585.38,1763,7408987.000,840.013
30-05-2020 18:45,sjndEbLyjtCKgGv,0,7226,7136255.000,0
13-06-2020 00:15,wCURE6d3bPkepu2,0,0,6993908.000,0
07-06-2020 05:00,sjndEbLyjtCKgGv,0,0,7185656.000,0
01-06-2020 01:00,ZoEaEvLYb1n2sOq,0,0,7222644.000,0
08-06-2020 09:45,3PZuoBAID5Wc2HD,11790.5,1696.17,7168920.167,1150.82
30-05-2020 21:15,ZnxXDlPa8U1GXgE,0,7317,6643383.000,0
17-05-2020 07:30,zBIq5rxdHJRwDNY,2800.14,156.429,6352306.429,274.971
15-06-2020 10:30,iCRJl6heRkivqQ3,10234.1,2494.5,7409718.500,998.862
19-05-2020 18:45,7JYdWkrLSPkdwr4,0,6836,7635208.000,0
08-06-2020 03:15,7JYdWkrLSPkdwr4,0,0,7778510.000,0
24-05-2020 04:45,1IF53ai7Xc0U56Y,0,0,6249207.000,0
15-05-2020 14:00,YxYtjZvoooNbGkE,10150.7,4338.43,7184304.429,992.414
01-06-2020 14:00,1BY6WEcLGh8j5v7,2878.57,4787.57,6382718.571,281.929
23-05-2020 14:30,wCURE6d3bPkepu2,7614.38,6719,6845944.000,745.487
24-05-2020 04:00,uHbuxQJl8lW7ozc,0,0,7103746.000,0
16-06-2020 17:15,rGa61gmuvPhdLxV,1761.71,6132.86,7350836.857,172.671
24-05-2020 13:45,zVJPv84UY57bAof,11762.4,5642.14,7186480.143,1147.19
02-06-2020 00:15,zVJPv84UY57bAof,0,0,7247766.000,0
04-06-2020 21:45,sjndEbLyjtCKgGv,0,0,7171518.000,0
20-05-2020 00:00,bvBOhCH3iADSZry,0,0,6346907.000,0
15-06-2020 19:45,rGa61gmuvPhdLxV,0,6732,7344704.000,0
14-06-2020 10:45,zVJPv84UY57bAof,11137.4,2318.86,7339278.857,1087.79
06-06-2020 06:45,VHMLBKoKgIrUVDU,1564.57,48.1429,7371602.143,152.829
01-06-2020 00:45,z9Y9gH1T5YWrNuG,0,0,7133897.000,0
24-05-2020 16:45,1IF53ai7Xc0U56Y,3876,7971.88,6257178.875,380.3
08-06-2020 10:45,adLQvlD726eNBSB,12051.9,2858.14,6456242.143,1175.5
01-06-2020 02:45,adLQvlD726eNBSB,0,0,6400704.000,0
16-06-2020 06:00,z9Y9gH1T5YWrNuG,0,0,7239184.000,0
23-05-2020 11:15,wCURE6d3bPkepu2,13006.6,3057.62,6842282.625,1268.15
24-05-2020 18:15,sjndEbLyjtCKgGv,382.75,7892.62,7089341.625,36.9875
16-06-2020 14:30,1IF53ai7Xc0U56Y,10074.3,4998.29,6426212.286,983.914
19-05-2020 11:30,McdE0feGgRqW7Ca,4099.25,2490.5,7187581.500,402.775
04-06-2020 04:15,ih0vzX44oOqAx2f,0,0,6329010.000,0
19-05-2020 23:45,VHMLBKoKgIrUVDU,0,6988,7239542.000,0
30-05-2020 19:30,z9Y9gH1T5YWrNuG,0,7142,7127597.000,0
04-06-2020 17:15,sjndEbLyjtCKgGv,3943.43,8022.14,7171315.143,387.457
17-06-2020 10:15,iCRJl6heRkivqQ3,6762,1436.5,7421742.500,662.325
27-05-2020 09:15,zBIq5rxdHJRwDNY,7728.29,1136.57,6428838.571,756.486
26-05-2020 00:15,pkci93gMrogZuBj,0,0,7250519.000,0
29-05-2020 23:00,ZoEaEvLYb1n2sOq,0,0,7209600.000,0
25-05-2020 22:00,WRmjgnKYAwPKWDb,0,8879,7109996.000,0
27-05-2020 20:30,uHbuxQJl8lW7ozc,0,0,7135258.000,0
11-06-2020 04:15,wCURE6d3bPkepu2,0,0,6982403.000,0
14-06-2020 02:00,1BY6WEcLGh8j5v7,0,0,6463663.000,0
15-06-2020 11:00,zBIq5rxdHJRwDNY,11527.6,2946.5,6568083.500,1124.97
11-06-2020 00:45,z9Y9gH1T5YWrNuG,0,0,7205465.000,0
04-06-2020 04:00,uHbuxQJl8lW7ozc,0,0,7186255.000,0
31-05-2020 17:30,WRmjgnKYAwPKWDb,1402.43,5772.29,7153801.286,136.914
02-06-2020 20:15,WRmjgnKYAwPKWDb,0,0,7166917.000,0
26-05-2020 19:45,sjndEbLyjtCKgGv,0,0,7105889.000,0
15-05-2020 11:45,z9Y9gH1T5YWrNuG,8481.29,2652.43,7010518.429,828.9
11-06-2020 16:30,adLQvlD726eNBSB,3797.12,5468.12,6482412.125,373.175
09-06-2020 23:45,VHMLBKoKgIrUVDU,0,8120,7402816.000,0
14-06-2020 04:45,WRmjgnKYAwPKWDb,0,0,7247179.000,0
27-05-2020 17:45,McdE0feGgRqW7Ca,628,6817.71,7256377.714,60.8286
02-06-2020 15:45,ih0vzX44oOqAx2f,7208.38,6607.38,6320590.375,705.65
05-06-2020 03:30,iCRJl6heRkivqQ3,0,0,7334000.000,0
08-06-2020 00:30,ZoEaEvLYb1n2sOq,0,0,7273453.000,0
16-05-2020 19:15,iCRJl6heRkivqQ3,0,6438,7190848.000,0
13-06-2020 17:00,iCRJl6heRkivqQ3,1674.88,8353.75,7399712.750,163.925
24-05-2020 01:15,ZoEaEvLYb1n2sOq,0,0,7162184.000,0
13-06-2020 13:45,zVJPv84UY57bAof,8999,5870,7334420.000,879.95
20-05-2020 04:45,adLQvlD726eNBSB,0,0,6304513.000,0
16-06-2020 17:00,sjndEbLyjtCKgGv,1944.71,6098.57,7255637.571,190.614
31-05-2020 17:45,ih0vzX44oOqAx2f,1040.71,5930.71,6308197.714,101.143
15-05-2020 09:45,McdE0feGgRqW7Ca,7631.62,1167,7160131.000,746.962
14-06-2020 07:45,1IF53ai7Xc0U56Y,4595.57,310.571,6407191.571,450.986
11-06-2020 19:45,pkci93gMrogZuBj,0,5662,7374956.000,0
24-05-2020 01:30,wCURE6d3bPkepu2,0,0,6847830.000,0
16-06-2020 10:30,adLQvlD726eNBSB,8756.38,2239.5,6514241.500,856.763
11-06-2020 15:00,zVJPv84UY57bAof,7455.71,4484.71,7321500.714,729.829
13-06-2020 23:15,adLQvlD726eNBSB,0,8774,6497496.000,0
11-06-2020 00:30,pkci93gMrogZuBj,0,0,7369294.000,0
10-06-2020 02:15,bvBOhCH3iADSZry,0,0,6493347.000,0
02-06-2020 22:45,7JYdWkrLSPkdwr4,0,0,7740873.000,0
27-05-2020 20:30,ZnxXDlPa8U1GXgE,0,6727,6619376.000,0
17-06-2020 20:15,sjndEbLyjtCKgGv,0,5887,7261681.000,0
05-06-2020 22:45,sjndEbLyjtCKgGv,0,7759,7179277.000,0
27-05-2020 14:00,VHMLBKoKgIrUVDU,4304.43,5004.43,7302619.429,422.629
02-06-2020 12:00,adLQvlD726eNBSB,8525.71,3425.57,6410256.571,834.257
10-06-2020 20:30,adLQvlD726eNBSB,0,6667,6476944.000,0
28-05-2020 13:30,zBIq5rxdHJRwDNY,6591,5526.75,6439609.750,645.2
01-06-2020 16:15,z9Y9gH1T5YWrNuG,1926,5718.25,7139615.250,188.8
26-05-2020 19:45,ih0vzX44oOqAx2f,0,0,6272291.000,0
06-06-2020 20:00,ZoEaEvLYb1n2sOq,0,0,7265368.000,0
10-06-2020 20:45,zVJPv84UY57bAof,0,6560,7317016.000,0
18-05-2020 17:00,z9Y9gH1T5YWrNuG,2241.12,5217.5,7033443.500,219.713
18-05-2020 13:30,zVJPv84UY57bAof,11172.1,2919.43,7138934.429,1090.87
27-05-2020 13:00,WRmjgnKYAwPKWDb,7968.12,4332.62,7122212.625,779.487
31-05-2020 00:30,ZoEaEvLYb1n2sOq,0,0,7216848.000,0
09-06-2020 03:00,sjndEbLyjtCKgGv,0,0,7200925.000,0
03-06-2020 10:45,ZoEaEvLYb1n2sOq,10687.5,1942.5,7237669.500,1044.22
26-05-2020 13:00,1IF53ai7Xc0U56Y,7681.71,5331.71,6271859.714,751.114
22-05-2020 17:30,pkci93gMrogZuBj,790.375,7192.62,7225168.625,76.65
15-05-2020 01:30,1IF53ai7Xc0U56Y,0,0,6183645.000,0
10-06-2020 07:15,1IF53ai7Xc0U56Y,2820.29,156.143,6380178.143,276.857
12-06-2020 13:45,adLQvlD726eNBSB,9945.43,4141.14,6486875.143,972.471
17-06-2020 03:30,rGa61gmuvPhdLxV,0,0,7350947.000,0
04-06-2020 04:45,ih0vzX44oOqAx2f,0,0,6329010.000,0
06-06-2020 11:00,1IF53ai7Xc0U56Y,11159.9,2771.25,6351328.250,1089.56
24-05-2020 02:00,zBIq5rxdHJRwDNY,0,0,6404481.000,0
04-06-2020 10:00,iCRJl6heRkivqQ3,8622.75,1618.25,7327314.250,842.513
15-06-2020 16:30,rGa61gmuvPhdLxV,3503.5,6378.88,7344350.875,344.413
18-05-2020 19:00,YxYtjZvoooNbGkE,0,5369,7205598.000,0
13-06-2020 17:45,uHbuxQJl8lW7ozc,971.143,8402.43,7260496.429,94.3714
22-05-2020 02:00,VHMLBKoKgIrUVDU,0,0,7256361.000,0
23-05-2020 15:45,ih0vzX44oOqAx2f,7633.86,7476.14,6248019.143,747.357
08-06-2020 02:45,VHMLBKoKgIrUVDU,0,0,7386208.000,0
12-06-2020 13:00,1BY6WEcLGh8j5v7,7438.75,3174.75,6453412.750,728.35
26-05-2020 09:30,adLQvlD726eNBSB,9992,1604.71,6356898.714,977.014
25-05-2020 05:00,ZnxXDlPa8U1GXgE,0,0,6595756.000,0
02-06-2020 23:00,1IF53ai7Xc0U56Y,0,0,6324784.000,0
14-06-2020 08:00,VHMLBKoKgIrUVDU,4318.5,419,7429985.000,424.062
12-06-2020 17:15,7JYdWkrLSPkdwr4,1786.29,5608,7812272.000,175.086
17-06-2020 16:15,ih0vzX44oOqAx2f,3507.14,5497.86,6425868.857,344.486
09-06-2020 00:30,iCRJl6heRkivqQ3,0,0,7364955.000,0
17-05-2020 01:00,ih0vzX44oOqAx2f,0,0,6197810.000,0
15-05-2020 21:45,pkci93gMrogZuBj,0,6375,7175477.000,0
26-05-2020 01:15,wCURE6d3bPkepu2,0,0,6864650.000,0
13-06-2020 20:15,ZoEaEvLYb1n2sOq,0,8378,7315763.000,0
25-05-2020 02:15,ih0vzX44oOqAx2f,0,0,6256494.000,0
28-05-2020 14:00,ZnxXDlPa8U1GXgE,9801.83,6523.5,6625899.500,956.617
02-06-2020 22:00,z9Y9gH1T5YWrNuG,0,7446,7147274.000,0
16-06-2020 01:15,3PZuoBAID5Wc2HD,0,0,7225042.000,0
01-06-2020 12:30,bvBOhCH3iADSZry,6133.86,3716.14,6436983.143,600.943
26-05-2020 23:30,ZnxXDlPa8U1GXgE,0,0,6612649.000,0
17-06-2020 10:30,z9Y9gH1T5YWrNuG,7476.86,1592.29,7246977.286,732.029
11-06-2020 09:30,uHbuxQJl8lW7ozc,4527,710.375,7241218.375,444.35
27-05-2020 06:45,pkci93gMrogZuBj,1453.75,47.125,7258341.125,141.875
26-05-2020 01:45,WRmjgnKYAwPKWDb,0,0,7109996.000,0
07-06-2020 05:15,WRmjgnKYAwPKWDb,0,0,7196611.000,0
04-06-2020 01:15,iCRJl6heRkivqQ3,0,0,7325696.000,0
12-06-2020 03:15,3PZuoBAID5Wc2HD,0,0,7196186.000,0
13-06-2020 18:45,z9Y9gH1T5YWrNuG,0,8363,7225230.000,0
09-06-2020 07:15,VHMLBKoKgIrUVDU,2872.38,165.625,7394861.625,281.9
15-05-2020 15:45,McdE0feGgRqW7Ca,5024,5780.71,7164744.714,492.4
26-05-2020 04:00,YxYtjZvoooNbGkE,0,0,7261464.000,0
19-05-2020 11:15,sjndEbLyjtCKgGv,7425.86,2359.14,7044764.143,726.386
28-05-2020 09:15,McdE0feGgRqW7Ca,9006.29,1304.43,7257693.429,881.114
28-05-2020 02:45,McdE0feGgRqW7Ca,0,0,7256389.000,0
15-06-2020 03:15,sjndEbLyjtCKgGv,0,0,7242811.000,0
31-05-2020 08:45,zVJPv84UY57bAof,7239.62,563.25,7236540.250,708.625
15-06-2020 10:45,iCRJl6heRkivqQ3,11262.9,2713.57,7409937.571,1099.46
25-05-2020 21:45,1BY6WEcLGh8j5v7,0,8268,6336208.000,0
16-06-2020 07:15,uHbuxQJl8lW7ozc,2371,107.25,7274850.250,232.463
10-06-2020 06:00,McdE0feGgRqW7Ca,100.625,0.875,7355017.875,9.7
23-05-2020 00:45,VHMLBKoKgIrUVDU,0,0,7263721.000,0
11-06-2020 04:00,ZoEaEvLYb1n2sOq,0,0,7296071.000,0
29-05-2020 15:15,rGa61gmuvPhdLxV,7329.25,7083,7221898.000,717.625
18-05-2020 07:15,adLQvlD726eNBSB,2786,133,6292443.000,273.357
21-05-2020 15:15,ih0vzX44oOqAx2f,5485.25,6805.38,6232746.375,537.675
05-06-2020 20:30,1BY6WEcLGh8j5v7,0,7162,6412542.000,0
07-06-2020 03:30,zBIq5rxdHJRwDNY,0,0,6506728.000,0
07-06-2020 04:00,pkci93gMrogZuBj,0,0,7337918.000,0
01-06-2020 03:15,rGa61gmuvPhdLxV,0,0,7236332.000,0
27-05-2020 11:00,VHMLBKoKgIrUVDU,8034.12,2684.38,7300299.375,785.525
01-06-2020 14:30,pkci93gMrogZuBj,5180.86,4894.86,7299685.857,507.9
18-05-2020 07:30,rGa61gmuvPhdLxV,3490.29,207.571,7131744.571,342.857
30-05-2020 04:45,7JYdWkrLSPkdwr4,0,0,7714835.000,0
19-05-2020 21:00,wCURE6d3bPkepu2,0,6956,6815349.000,0
31-05-2020 22:15,zVJPv84UY57bAof,0,6047,7242024.000,0
03-06-2020 05:30,WRmjgnKYAwPKWDb,0,0,7166917.000,0
25-05-2020 15:30,zVJPv84UY57bAof,7894.86,8039,7196835.000,772.786
07-06-2020 18:15,uHbuxQJl8lW7ozc,314.714,8288.86,7217143.857,30.4429
17-06-2020 16:15,iCRJl6heRkivqQ3,3519.29,5693.57,7425999.571,345.714
27-05-2020 15:30,WRmjgnKYAwPKWDb,7771.38,5812.12,7123692.125,760.675
13-06-2020 11:00,sjndEbLyjtCKgGv,11604.4,2851.12,7229952.125,1132.09
15-05-2020 11:45,zBIq5rxdHJRwDNY,6566.12,2611.62,6341991.625,643.1
15-05-2020 21:15,ZnxXDlPa8U1GXgE,0,0,6528476.000,0
21-05-2020 13:15,ZnxXDlPa8U1GXgE,13269.7,5198.5,6569243.500,1293.8
02-06-2020 20:30,wCURE6d3bPkepu2,0,7525,6922869.000,0
09-06-2020 14:30,McdE0feGgRqW7Ca,9175.12,6305.25,7353087.250,896.825
11-06-2020 00:00,bvBOhCH3iADSZry,0,0,6499210.000,0
15-06-2020 06:45,ZnxXDlPa8U1GXgE,1482,53.75,6751800.750,144.65
30-05-2020 10:45,YxYtjZvoooNbGkE,5344.5,1509,7294012.000,523.85
19-05-2020 07:15,VHMLBKoKgIrUVDU,2711.12,119.125,7232673.125,266.012
23-05-2020 17:30,WRmjgnKYAwPKWDb,1981.12,8323.62,7092918.625,194.2
25-05-2020 16:30,1BY6WEcLGh8j5v7,1868.43,8127.71,6336067.714,182.871
20-05-2020 08:45,zVJPv84UY57bAof,6897.62,854.75,7149191.750,675.587
15-06-2020 17:15,adLQvlD726eNBSB,2320.75,6799.62,6511885.625,227.55
14-06-2020 16:15,sjndEbLyjtCKgGv,4213.29,6991.57,7242495.571,413.7
16-06-2020 02:15,7JYdWkrLSPkdwr4,0,0,7834799.000,0
15-05-2020 09:30,zBIq5rxdHJRwDNY,3741.88,1034.5,6340414.500,367.462
02-06-2020 04:45,VHMLBKoKgIrUVDU,0,0,7340314.000,0
21-05-2020 07:45,rGa61gmuvPhdLxV,3203.6,302.2,7152935.200,314.76
30-05-2020 21:30,7JYdWkrLSPkdwr4,0,7143,7721978.000,0
17-05-2020 11:30,sjndEbLyjtCKgGv,12412.7,3351.14,7032964.143,1210.67
29-05-2020 23:00,VHMLBKoKgIrUVDU,0,8172,7321059.000,0
26-05-2020 01:00,rGa61gmuvPhdLxV,0,0,7192102.000,0
28-05-2020 15:45,VHMLBKoKgIrUVDU,5835,7836.71,7312214.714,571.7
11-06-2020 14:45,3PZuoBAID5Wc2HD,5857.12,4386.75,7194855.750,573.975
26-05-2020 03:30,7JYdWkrLSPkdwr4,0,0,7684020.000,0
13-06-2020 00:15,adLQvlD726eNBSB,0,0,6488722.000,0
30-05-2020 15:00,pkci93gMrogZuBj,9737.29,5814,7287349.000,952.2
16-05-2020 09:15,3PZuoBAID5Wc2HD,5961.38,1070,6995103.000,584.15
01-06-2020 09:30,3PZuoBAID5Wc2HD,6396,1509.5,7116813.500,626.538
09-06-2020 08:15,VHMLBKoKgIrUVDU,6553.5,550.375,7395246.375,641.975
06-06-2020 21:15,sjndEbLyjtCKgGv,0,0,7185656.000,0
08-06-2020 18:30,pkci93gMrogZuBj,130.25,8343,7354475.000,12.575
23-05-2020 16:30,VHMLBKoKgIrUVDU,5539.75,8161.38,7271882.375,543.013
15-06-2020 17:00,zVJPv84UY57bAof,2840.71,6644.86,7350924.857,278.914
20-05-2020 11:00,wCURE6d3bPkepu2,11715.9,2985.5,6818334.500,1142.9
15-05-2020 21:30,wCURE6d3bPkepu2,0,6329,6788927.000,0
10-06-2020 00:00,wCURE6d3bPkepu2,0,0,6975980.000,0
07-06-2020 13:15,zBIq5rxdHJRwDNY,12720.3,5193.86,6511921.857,1240.23
28-05-2020 04:30,zVJPv84UY57bAof,0,0,7212082.000,0
15-06-2020 14:00,3PZuoBAID5Wc2HD,4190.86,5083,7223306.000,411.543
22-05-2020 22:00,WRmjgnKYAwPKWDb,0,7237,7084595.000,0
27-05-2020 05:45,iCRJl6heRkivqQ3,0,0,7267996.000,0
28-05-2020 10:00,pkci93gMrogZuBj,9731.29,1954,7266939.000,951.486
10-06-2020 02:45,WRmjgnKYAwPKWDb,0,0,7220978.000,0
21-05-2020 08:00,zBIq5rxdHJRwDNY,4822.2,298.4,6381222.333,472.82
14-06-2020 16:30,ih0vzX44oOqAx2f,2868.75,6938.75,6407456.750,281.663
14-06-2020 22:45,ZnxXDlPa8U1GXgE,0,7404,6751747.000,0
27-05-2020 07:00,sjndEbLyjtCKgGv,1892.12,90.375,7105979.375,185.463
29-05-2020 22:30,sjndEbLyjtCKgGv,0,0,7129029.000,0
15-06-2020 18:30,7JYdWkrLSPkdwr4,15.25,6641,7834799.000,1.475
28-05-2020 12:30,VHMLBKoKgIrUVDU,11344.3,4965.43,7309343.429,1106.94
24-05-2020 21:30,1IF53ai7Xc0U56Y,0,8273,6257480.000,0
22-05-2020 22:45,1IF53ai7Xc0U56Y,0,7287,6240534.000,0
30-05-2020 06:45,ZoEaEvLYb1n2sOq,1183,38.1429,7209638.143,115.029
22-05-2020 08:45,1BY6WEcLGh8j5v7,3656.43,724.286,6306313.286,359.243
02-06-2020 04:45,1BY6WEcLGh8j5v7,0,0,6383439.000,0
30-05-2020 11:45,sjndEbLyjtCKgGv,8529.43,2300.43,7131329.429,834.214
16-06-2020 07:45,z9Y9gH1T5YWrNuG,3485.12,243.625,7239427.625,342.262
17-05-2020 23:30,adLQvlD726eNBSB,0,7867,6292310.000,0
18-05-2020 15:15,wCURE6d3bPkepu2,8128.62,4360.12,6807360.125,795.55
14-06-2020 04:15,1BY6WEcLGh8j5v7,0,0,6463663.000,0
09-06-2020 23:00,1BY6WEcLGh8j5v7,0,7456,6439070.000,0
09-06-2020 19:15,z9Y9gH1T5YWrNuG,0,7629,7199053.000,0
18-05-2020 20:45,ZnxXDlPa8U1GXgE,0,5424,6548162.000,0
13-06-2020 14:30,rGa61gmuvPhdLxV,9310.62,6637,7328918.000,910.087
17-06-2020 02:15,z9Y9gH1T5YWrNuG,0,0,7245385.000,0
10-06-2020 03:15,bvBOhCH3iADSZry,0,0,6493347.000,0
22-05-2020 01:15,VHMLBKoKgIrUVDU,0,0,7256361.000,0
05-06-2020 22:15,7JYdWkrLSPkdwr4,0,0,7764140.000,0
07-06-2020 03:45,ih0vzX44oOqAx2f,0,0,6350673.000,0
24-05-2020 19:45,ZnxXDlPa8U1GXgE,0,8028,6595756.000,0
16-06-2020 23:30,bvBOhCH3iADSZry,0,5757,6533549.000,0
05-06-2020 15:45,wCURE6d3bPkepu2,8552.88,6641.75,6945662.750,836.8
20-05-2020 09:00,adLQvlD726eNBSB,8305.57,1122.29,6305635.286,812.829
08-06-2020 08:00,ih0vzX44oOqAx2f,4033.12,355.375,6359047.375,396.175
22-05-2020 03:00,pkci93gMrogZuBj,0,0,7217976.000,0
13-06-2020 08:45,1BY6WEcLGh8j5v7,6928.75,837.875,6456516.875,678.625
05-06-2020 17:15,7JYdWkrLSPkdwr4,3764.25,7294,7763915.000,369.637
06-06-2020 23:00,zBIq5rxdHJRwDNY,0,0,6506728.000,0
02-06-2020 12:30,adLQvlD726eNBSB,8756.12,3849.25,6410680.250,856.288
13-06-2020 13:45,1BY6WEcLGh8j5v7,6757.71,5614.29,6461293.286,661.714
12-06-2020 10:00,ZnxXDlPa8U1GXgE,5884.5,1055.38,6730957.375,576.625
27-05-2020 05:45,1IF53ai7Xc0U56Y,0,0,6274638.000,0
07-06-2020 13:00,zVJPv84UY57bAof,12688.5,4939.12,7290469.125,1237.11
02-06-2020 03:45,sjndEbLyjtCKgGv,0,0,7148008.000,0
31-05-2020 11:00,pkci93gMrogZuBj,11849.9,2397.62,7291273.625,1156.21
03-06-2020 04:30,uHbuxQJl8lW7ozc,0,0,7178405.000,0
19-05-2020 15:15,7JYdWkrLSPkdwr4,6051.71,5838.57,7634210.571,593.014
30-05-2020 07:15,z9Y9gH1T5YWrNuG,2186,122.143,7120577.143,214.314
01-06-2020 12:15,YxYtjZvoooNbGkE,7261,3792,7309531.000,710.457
03-06-2020 00:45,rGa61gmuvPhdLxV,0,0,7249330.000,0
31-05-2020 20:00,iCRJl6heRkivqQ3,0,5969,7304567.000,0
16-06-2020 08:45,zVJPv84UY57bAof,5816.43,735.857,7351835.857,570
20-05-2020 05:30,iCRJl6heRkivqQ3,0,0,7210718.000,0
14-06-2020 20:45,ZnxXDlPa8U1GXgE,0,7404,6751747.000,0
10-06-2020 08:00,rGa61gmuvPhdLxV,4375.57,399.857,7304603.857,429.486
23-05-2020 10:45,wCURE6d3bPkepu2,8335.5,2528.5,6841753.500,814.9
25-05-2020 16:45,uHbuxQJl8lW7ozc,1346.12,8729.25,7120581.250,131
14-06-2020 17:00,bvBOhCH3iADSZry,1626.88,3850.12,6521492.125,159.312
17-06-2020 23:00,pkci93gMrogZuBj,0,5952,7415430.000,0
11-06-2020 07:15,WRmjgnKYAwPKWDb,1208.25,57.25,7227424.250,117.5
15-06-2020 14:45,pkci93gMrogZuBj,7302.43,5573.29,7401995.286,714.886
21-05-2020 16:30,ih0vzX44oOqAx2f,4292.86,7406.86,6233347.857,421.414
17-06-2020 04:45,iCRJl6heRkivqQ3,0,0,7420306.000,0
10-06-2020 10:15,1BY6WEcLGh8j5v7,6561.71,1591.71,6440661.714,642.786
16-06-2020 19:45,bvBOhCH3iADSZry,0,5757,6533549.000,0
04-06-2020 14:45,1IF53ai7Xc0U56Y,10267.4,6269.14,6338928.143,1002.79
24-05-2020 08:45,sjndEbLyjtCKgGv,4841.38,806.125,7082255.125,474.988
24-05-2020 01:30,uHbuxQJl8lW7ozc,0,0,7103746.000,0
04-06-2020 06:00,iCRJl6heRkivqQ3,48.1429,0,7325696.000,4.65714
07-06-2020 01:15,VHMLBKoKgIrUVDU,0,0,7377989.000,0
10-06-2020 15:30,YxYtjZvoooNbGkE,4724.71,5685,7378953.000,463.6
04-06-2020 22:45,iCRJl6heRkivqQ3,0,0,7334000.000,0
22-05-2020 16:45,YxYtjZvoooNbGkE,1950,6951.25,7235985.250,191.162
09-06-2020 18:00,sjndEbLyjtCKgGv,867.143,8147.43,7209072.429,84.1571
12-06-2020 05:30,YxYtjZvoooNbGkE,0,0,7385279.000,0
18-05-2020 22:45,sjndEbLyjtCKgGv,0,5351,7042405.000,0
31-05-2020 18:45,1BY6WEcLGh8j5v7,0,5803,6377931.000,0
25-05-2020 10:00,ZnxXDlPa8U1GXgE,10733,1937.88,6597693.875,1049.01
10-06-2020 13:15,wCURE6d3bPkepu2,7833.75,4288.88,6980268.875,766.263
25-05-2020 13:15,ih0vzX44oOqAx2f,11737.7,5093,6261587.000,1144.43
17-05-2020 20:00,pkci93gMrogZuBj,0,7397,7189047.000,0
15-05-2020 12:30,uHbuxQJl8lW7ozc,8398,3270.57,7041951.571,821.2
12-06-2020 13:45,ZnxXDlPa8U1GXgE,9648.75,4037.88,6733939.875,943.587
04-06-2020 18:00,sjndEbLyjtCKgGv,921.429,8206.86,7171499.857,89.4714
26-05-2020 10:45,7JYdWkrLSPkdwr4,11801,2813.25,7686833.250,1151.28
04-06-2020 05:00,iCRJl6heRkivqQ3,0,0,7325696.000,0
31-05-2020 18:30,z9Y9gH1T5YWrNuG,24.5,6300,7133897.000,2.3625
02-06-2020 10:15,uHbuxQJl8lW7ozc,6763.12,2150.62,7173092.625,662.312
04-06-2020 18:30,rGa61gmuvPhdLxV,46.25,8212,7265349.000,4.45
28-05-2020 16:30,VHMLBKoKgIrUVDU,4097.62,8162.88,7312540.875,401.675
17-06-2020 05:45,zVJPv84UY57bAof,0,0,7357362.000,0
05-06-2020 02:00,YxYtjZvoooNbGkE,0,0,7334886.000,0
01-06-2020 10:15,iCRJl6heRkivqQ3,9235.75,1955.25,7306522.250,902.45
07-06-2020 20:45,YxYtjZvoooNbGkE,0,8155,7356967.000,0
11-06-2020 11:15,WRmjgnKYAwPKWDb,7782.86,1700,7229067.000,761.871
25-05-2020 16:30,zBIq5rxdHJRwDNY,1932.57,8296.71,6420054.714,189.186
23-05-2020 08:15,7JYdWkrLSPkdwr4,6818.57,464.286,7659234.286,667.7
22-05-2020 16:30,iCRJl6heRkivqQ3,2250.25,6964.12,7234406.125,220.637
25-05-2020 20:30,wCURE6d3bPkepu2,0,8859,6864650.000,0
27-05-2020 10:15,WRmjgnKYAwPKWDb,5927.12,2082.62,7119962.625,580.65
11-06-2020 03:45,1BY6WEcLGh8j5v7,0,0,6444981.000,0
06-06-2020 11:45,rGa61gmuvPhdLxV,5380.88,3230.25,7276320.250,526.425
15-05-2020 02:30,bvBOhCH3iADSZry,0,0,6316803.000,0
15-06-2020 04:15,uHbuxQJl8lW7ozc,0,0,7267837.000,0
21-05-2020 10:15,ih0vzX44oOqAx2f,5802.71,1974.86,6227915.857,568.486
17-05-2020 14:30,WRmjgnKYAwPKWDb,5169.38,6058.75,7047488.750,506.512
11-06-2020 13:45,iCRJl6heRkivqQ3,6617.25,3533.75,7383312.750,648.188
25-05-2020 21:30,rGa61gmuvPhdLxV,0,8807,7192102.000,0
25-05-2020 00:00,zBIq5rxdHJRwDNY,0,909.625,6411758.000,0
10-06-2020 16:00,ZnxXDlPa8U1GXgE,4201.57,5890.43,6723662.429,412.643
10-06-2020 05:45,adLQvlD726eNBSB,0,0,6470277.000,0
21-05-2020 11:30,WRmjgnKYAwPKWDb,11656,3376.57,7073101.571,1137.33
04-06-2020 21:15,bvBOhCH3iADSZry,0,7462,6460186.000,0
25-05-2020 12:15,pkci93gMrogZuBj,12587.6,4467.43,7246174.429,1227.3
05-06-2020 04:30,bvBOhCH3iADSZry,0,0,6460186.000,0
15-06-2020 14:00,bvBOhCH3iADSZry,3896.38,4620.38,6526220.375,382.863
31-05-2020 06:15,ZoEaEvLYb1n2sOq,458.375,6.875,7216854.875,44.3375
27-05-2020 15:00,YxYtjZvoooNbGkE,4398.14,5547,7274880.000,431.829
30-05-2020 03:45,3PZuoBAID5Wc2HD,0,0,7102189.000,0
14-06-2020 20:15,YxYtjZvoooNbGkE,0,7263,7406702.000,0
06-06-2020 19:45,1BY6WEcLGh8j5v7,0,5940,6418482.000,0
12-06-2020 19:15,sjndEbLyjtCKgGv,0,5847,7227101.000,0
22-05-2020 19:45,1BY6WEcLGh8j5v7,0,6848,6312437.000,0
07-06-2020 19:30,z9Y9gH1T5YWrNuG,0,6342,7183631.000,0
28-05-2020 10:00,7JYdWkrLSPkdwr4,10414.1,2009.62,7700559.625,1017.96
30-05-2020 08:30,McdE0feGgRqW7Ca,3607.12,483.625,7273696.625,354.562
17-05-2020 02:30,zBIq5rxdHJRwDNY,0,0,6352150.000,0
30-05-2020 19:30,ZnxXDlPa8U1GXgE,0,7317,6643383.000,0
17-06-2020 11:15,McdE0feGgRqW7Ca,8201.14,2149.29,7404744.286,802.671
29-05-2020 14:00,rGa61gmuvPhdLxV,6619.43,6057.29,7220872.286,648.414
07-06-2020 03:30,7JYdWkrLSPkdwr4,0,0,7770457.000,0
23-05-2020 09:30,WRmjgnKYAwPKWDb,9069.5,1493.38,7086088.375,887.2
09-06-2020 01:30,7JYdWkrLSPkdwr4,0,0,7786793.000,0
24-05-2020 22:15,rGa61gmuvPhdLxV,0,8002,7183295.000,0
13-06-2020 05:00,VHMLBKoKgIrUVDU,0,0,7420914.000,0
11-06-2020 00:45,ZnxXDlPa8U1GXgE,0,0,6724210.000,0
11-06-2020 16:45,YxYtjZvoooNbGkE,3137,5365.57,7385052.571,308.071
30-05-2020 03:30,z9Y9gH1T5YWrNuG,0,0,7120455.000,0
27-05-2020 23:15,7JYdWkrLSPkdwr4,0,6638,7698550.000,0
13-06-2020 09:15,7JYdWkrLSPkdwr4,9493.62,1319.88,7813736.875,928.462
01-06-2020 20:15,1BY6WEcLGh8j5v7,0,5508,6383439.000,0
17-06-2020 19:45,zVJPv84UY57bAof,0,5910,7363272.000,0
15-05-2020 01:00,McdE0feGgRqW7Ca,0,0,7158964.000,0
15-06-2020 07:45,z9Y9gH1T5YWrNuG,3683,260.571,7232728.571,361.571
15-05-2020 06:15,z9Y9gH1T5YWrNuG,312.714,3.42857,7007869.429,30.1857
05-06-2020 17:00,z9Y9gH1T5YWrNuG,4219.38,7398.75,7170660.750,413.75
25-05-2020 14:30,McdE0feGgRqW7Ca,10213,7262.57,7239953.571,998.343
04-06-2020 12:45,zBIq5rxdHJRwDNY,8205.5,4326.38,6488668.375,802.237
03-06-2020 16:45,ih0vzX44oOqAx2f,3893.88,7330.88,6328641.875,382.1
04-06-2020 23:15,McdE0feGgRqW7Ca,0,0,7316761.000,0
31-05-2020 16:15,iCRJl6heRkivqQ3,2179.57,5676.86,7304274.857,213.657
16-06-2020 01:30,ZoEaEvLYb1n2sOq,0,0,7329691.000,0
07-06-2020 14:15,wCURE6d3bPkepu2,10590.4,4435.25,6957529.250,1033.95
16-06-2020 08:30,3PZuoBAID5Wc2HD,6262.43,615.429,7225657.429,613.471
17-06-2020 05:45,zBIq5rxdHJRwDNY,0,0,6577552.000,0
01-06-2020 14:00,zVJPv84UY57bAof,2950.71,4964.86,7246988.857,288.986
10-06-2020 11:00,1BY6WEcLGh8j5v7,4566.5,2036.5,6441106.500,447.975
25-05-2020 03:15,1IF53ai7Xc0U56Y,0,0,6257480.000,0
07-06-2020 03:30,McdE0feGgRqW7Ca,0,0,7331160.000,0
12-06-2020 12:30,zBIq5rxdHJRwDNY,7135.25,3015.62,6546565.625,698.725
03-06-2020 14:45,z9Y9gH1T5YWrNuG,9851.38,6097.38,7153371.375,962.663
19-05-2020 10:45,7JYdWkrLSPkdwr4,7851,1873,7630245.000,768.186
22-05-2020 05:30,uHbuxQJl8lW7ozc,0,0,7087976.000,0
18-05-2020 19:30,3PZuoBAID5Wc2HD,0,5435,7013918.000,0
09-06-2020 07:00,McdE0feGgRqW7Ca,2221,95.7143,7346877.714,217.743
29-05-2020 22:15,iCRJl6heRkivqQ3,0,0,7291253.000,0
24-05-2020 15:30,ZnxXDlPa8U1GXgE,3859.71,7220.71,6594948.714,378.671
07-06-2020 20:45,zBIq5rxdHJRwDNY,0,8183,6514911.000,0
01-06-2020 02:00,sjndEbLyjtCKgGv,0,0,7142242.000,0
13-06-2020 16:45,ZoEaEvLYb1n2sOq,2153.71,8193.43,7315578.429,211.043
31-05-2020 15:30,3PZuoBAID5Wc2HD,3342.57,5303.57,7114791.571,328.529
13-06-2020 21:30,ih0vzX44oOqAx2f,0,8255,6400518.000,0
10-06-2020 19:45,McdE0feGgRqW7Ca,0,6606,7361623.000,0
14-06-2020 04:30,adLQvlD726eNBSB,0,0,6497496.000,0
26-05-2020 05:00,rGa61gmuvPhdLxV,0,0,7192102.000,0
03-06-2020 18:45,3PZuoBAID5Wc2HD,0,7874,7136488.000,0
31-05-2020 16:45,YxYtjZvoooNbGkE,1813.38,5772.12,7305541.125,177.75
16-06-2020 05:00,zBIq5rxdHJRwDNY,0,0,6571833.000,0
04-06-2020 10:00,YxYtjZvoooNbGkE,8104.62,1592.88,7328348.875,792.337
25-05-2020 15:30,1BY6WEcLGh8j5v7,8066.43,7544.71,6335484.714,789.529
19-05-2020 11:00,ih0vzX44oOqAx2f,10343.1,2071.57,6212558.571,1009.73
18-05-2020 02:30,iCRJl6heRkivqQ3,0,0,7198367.000,0
02-06-2020 13:30,wCURE6d3bPkepu2,10834.7,4996,6920340.000,1058.26
25-05-2020 02:45,7JYdWkrLSPkdwr4,0,0,7675241.000,0
04-06-2020 06:00,ih0vzX44oOqAx2f,78.125,0.75,6329010.750,7.525
24-05-2020 01:45,1BY6WEcLGh8j5v7,0,0,6320403.000,0
31-05-2020 22:30,uHbuxQJl8lW7ozc,0,6081,7165353.000,0
20-05-2020 22:45,1IF53ai7Xc0U56Y,0,8997,6225427.000,0
01-06-2020 10:15,ZoEaEvLYb1n2sOq,9376.12,1950,7224594.000,916.675
18-05-2020 07:45,1BY6WEcLGh8j5v7,1606.57,253.429,6278903.429,157.057
15-05-2020 03:15,VHMLBKoKgIrUVDU,0,0,7206408.000,0
06-06-2020 20:45,wCURE6d3bPkepu2,0,0,6953094.000,0
07-06-2020 12:30,1BY6WEcLGh8j5v7,0,3634,6422116.000,0
29-05-2020 16:15,VHMLBKoKgIrUVDU,6219.5,7705.75,7320592.750,609.337
30-05-2020 13:00,rGa61gmuvPhdLxV,9507,3674.5,7226748.500,929.65
12-06-2020 19:00,YxYtjZvoooNbGkE,0,5780,7391059.000,0
01-06-2020 12:15,iCRJl6heRkivqQ3,9067.43,3768.71,7308335.714,885.714
25-05-2020 11:30,uHbuxQJl8lW7ozc,12262,3593.38,7115445.375,1195.54
17-06-2020 10:00,3PZuoBAID5Wc2HD,6346.29,1302.43,7232675.429,621.729
27-05-2020 01:00,uHbuxQJl8lW7ozc,0,0,7128538.000,0
28-05-2020 09:30,rGa61gmuvPhdLxV,9397.86,1482.86,7208031.857,919.2
02-06-2020 04:00,1BY6WEcLGh8j5v7,0,0,6383439.000,0
27-05-2020 05:00,ZnxXDlPa8U1GXgE,0,0,6612649.000,0
31-05-2020 05:45,pkci93gMrogZuBj,0,0,7288876.000,0
26-05-2020 08:15,bvBOhCH3iADSZry,5507.12,509.5,6392845.500,539.763
17-06-2020 02:00,zVJPv84UY57bAof,0,0,7357362.000,0
24-05-2020 13:45,McdE0feGgRqW7Ca,11971.1,5813.14,7230449.143,1167.17
20-05-2020 11:15,1BY6WEcLGh8j5v7,11327.1,3088.43,6293185.429,1106.59
29-05-2020 09:15,ih0vzX44oOqAx2f,8691.43,996.286,6288166.286,850.371
13-06-2020 04:45,7JYdWkrLSPkdwr4,0,0,7812417.000,0
07-06-2020 10:15,adLQvlD726eNBSB,7913.57,1705.14,6446736.143,774.629
27-05-2020 11:15,zVJPv84UY57bAof,11079.7,2741.43,7208124.429,1081.11
18-05-2020 11:15,1BY6WEcLGh8j5v7,6454.75,1092.62,6279742.625,632.325
21-05-2020 07:45,wCURE6d3bPkepu2,3253,304,6824548.000,319.6
03-06-2020 10:45,z9Y9gH1T5YWrNuG,10924.9,1969.86,7149243.857,1067.37
19-05-2020 02:30,1BY6WEcLGh8j5v7,0,0,6283648.000,0
27-05-2020 04:30,VHMLBKoKgIrUVDU,0,0,7297615.000,0
27-05-2020 01:30,ZnxXDlPa8U1GXgE,0,0,6612649.000,0
06-06-2020 03:45,YxYtjZvoooNbGkE,0,0,7342489.000,0
12-06-2020 00:30,bvBOhCH3iADSZry,0,0,6504407.000,0
24-05-2020 11:00,adLQvlD726eNBSB,10582,2832.25,6340566.250,1033.11
23-05-2020 07:30,z9Y9gH1T5YWrNuG,3208.5,147.875,7064366.875,315.4
07-06-2020 12:45,1BY6WEcLGh8j5v7,0,3634,6422116.000,0
26-05-2020 11:15,z9Y9gH1T5YWrNuG,6268.14,3321.71,7092761.714,614.143
14-06-2020 09:30,ZoEaEvLYb1n2sOq,7937.62,1222.38,7316985.375,776.975
30-05-2020 17:45,rGa61gmuvPhdLxV,1074.12,7327,7230401.000,104.45
23-05-2020 03:30,z9Y9gH1T5YWrNuG,0,0,7064219.000,0
16-06-2020 07:00,WRmjgnKYAwPKWDb,1467.43,61.5714,7261376.571,143.143
01-06-2020 07:00,bvBOhCH3iADSZry,1971.5,91.125,6433358.125,193.262
04-06-2020 01:45,1IF53ai7Xc0U56Y,0,0,6332659.000,0
14-06-2020 15:15,iCRJl6heRkivqQ3,10146.6,6436,7406291.000,990.413
24-05-2020 22:45,adLQvlD726eNBSB,0,8397,6346131.000,0
02-06-2020 05:45,wCURE6d3bPkepu2,0,0,6915344.000,0
09-06-2020 08:45,bvBOhCH3iADSZry,6366.86,795.286,6486781.286,623.443
18-05-2020 10:15,bvBOhCH3iADSZry,2061.38,629.625,6336205.625,202.088
15-05-2020 14:00,1IF53ai7Xc0U56Y,10326.4,4354,6187999.000,1009.49
15-06-2020 12:30,pkci93gMrogZuBj,5718.29,4152.57,7400574.571,560.371
12-06-2020 17:45,zVJPv84UY57bAof,1604.38,5814,7328501.000,156.675
20-05-2020 18:30,ZoEaEvLYb1n2sOq,51,8735.75,7139067.750,4.925
16-06-2020 05:45,VHMLBKoKgIrUVDU,0,0,7443869.000,0
11-06-2020 02:00,rGa61gmuvPhdLxV,0,0,7310769.000,0
14-06-2020 02:15,iCRJl6heRkivqQ3,0,0,7399855.000,0
17-06-2020 15:45,pkci93gMrogZuBj,1433.86,5546.57,7415024.571,140.057
07-06-2020 22:00,1BY6WEcLGh8j5v7,0,5268,6423750.000,0
15-06-2020 18:15,ZoEaEvLYb1n2sOq,239.25,6635.62,7329687.625,23.0875
18-05-2020 17:00,1IF53ai7Xc0U56Y,2249.38,5322.75,6209675.750,220.562
29-05-2020 15:00,uHbuxQJl8lW7ozc,7855.38,6939.25,7150571.250,768.962
14-06-2020 02:45,WRmjgnKYAwPKWDb,0,0,7247179.000,0
11-06-2020 02:15,7JYdWkrLSPkdwr4,0,0,7801091.000,0
19-05-2020 10:45,rGa61gmuvPhdLxV,9084.38,1942.38,7138844.375,887.65
18-05-2020 14:30,1IF53ai7Xc0U56Y,6567.5,3889,6208242.000,643.3
15-06-2020 13:30,rGa61gmuvPhdLxV,3812,4806,7342778.000,374.312
01-06-2020 12:30,McdE0feGgRqW7Ca,7852.29,4113.71,7290873.714,768.557
17-05-2020 14:30,ZoEaEvLYb1n2sOq,4942.71,5859.29,7116603.286,484.3
13-06-2020 23:30,7JYdWkrLSPkdwr4,0,8435,7820852.000,0
02-06-2020 17:15,sjndEbLyjtCKgGv,1532,7366.88,7155374.875,149.688
15-06-2020 06:30,ZoEaEvLYb1n2sOq,964.75,23.875,7323075.875,93.7
17-06-2020 21:30,WRmjgnKYAwPKWDb,0,5953,7273532.000,0
16-06-2020 08:30,7JYdWkrLSPkdwr4,5931.14,587.429,7835386.429,581.214
18-05-2020 07:45,zBIq5rxdHJRwDNY,1779.75,271.875,6359928.875,174.225
11-06-2020 13:15,ZnxXDlPa8U1GXgE,7356.38,3244.25,6727454.250,720.275
14-06-2020 14:30,1IF53ai7Xc0U56Y,7679.29,5966.29,6412847.286,751.671
17-06-2020 07:00,pkci93gMrogZuBj,1386.88,17.125,7409495.125,135.35
01-06-2020 14:00,wCURE6d3bPkepu2,3133.71,5173,6914578.000,307.043
16-05-2020 20:30,ih0vzX44oOqAx2f,0,6450,6197810.000,0
06-06-2020 01:45,bvBOhCH3iADSZry,0,0,6467251.000,0
23-05-2020 20:00,bvBOhCH3iADSZry,0,7864,6376772.000,0
27-05-2020 21:00,rGa61gmuvPhdLxV,0,0,7206549.000,0
16-05-2020 16:00,3PZuoBAID5Wc2HD,3445.43,6272.57,7000305.571,338.743
01-06-2020 16:45,VHMLBKoKgIrUVDU,1641.43,5776.29,7340181.286,160.843
08-06-2020 23:30,ZoEaEvLYb1n2sOq,0,8271,7281724.000,0
27-05-2020 09:15,1BY6WEcLGh8j5v7,6772.29,1131.43,6344800.429,663.229
13-06-2020 20:45,wCURE6d3bPkepu2,0,8461,7002369.000,0
15-05-2020 06:30,iCRJl6heRkivqQ3,677,14.5,7178006.500,65.5875
30-05-2020 22:45,7JYdWkrLSPkdwr4,0,7143,7721978.000,0
07-06-2020 05:00,ZnxXDlPa8U1GXgE,0,0,6693054.000,0
14-06-2020 04:45,7JYdWkrLSPkdwr4,0,0,7820852.000,0
07-06-2020 12:15,rGa61gmuvPhdLxV,12969.9,3893.71,7283394.714,1264.57
08-06-2020 01:15,WRmjgnKYAwPKWDb,0,0,7204682.000,0
23-05-2020 23:15,uHbuxQJl8lW7ozc,0,8493,7103746.000,0
05-06-2020 02:30,ZoEaEvLYb1n2sOq,0,0,7251540.000,0
20-05-2020 03:30,YxYtjZvoooNbGkE,0,0,7212476.000,0
15-05-2020 15:45,pkci93gMrogZuBj,5051.14,5698.71,7174800.714,495.129
19-05-2020 07:30,adLQvlD726eNBSB,2689.29,189.714,6298005.714,263.771
23-05-2020 15:45,WRmjgnKYAwPKWDb,7544.38,7557.12,7092152.125,738.65
19-05-2020 10:30,3PZuoBAID5Wc2HD,6494.75,1723.88,7015641.875,635.837
27-05-2020 00:15,z9Y9gH1T5YWrNuG,0,0,7097183.000,0
05-06-2020 10:45,sjndEbLyjtCKgGv,9508.57,2380.29,7173898.286,928.257
15-06-2020 12:45,zVJPv84UY57bAof,6877.86,4353.43,7348633.429,673.514
13-06-2020 15:15,ZnxXDlPa8U1GXgE,10637,7540.71,6743325.714,1039.7
03-06-2020 07:00,zVJPv84UY57bAof,1434,61.375,7255278.375,139.838
16-05-2020 08:15,sjndEbLyjtCKgGv,4707.86,437.571,7023619.571,461.757
05-06-2020 12:00,iCRJl6heRkivqQ3,5694.88,3639.38,7337639.375,557.8
26-05-2020 15:45,wCURE6d3bPkepu2,7496.38,7009.88,6871659.875,733.975
26-05-2020 22:00,ih0vzX44oOqAx2f,0,0,6272291.000,0
10-06-2020 03:30,wCURE6d3bPkepu2,0,0,6975980.000,0
15-06-2020 20:15,sjndEbLyjtCKgGv,0,6728,7249539.000,0
25-05-2020 22:00,zVJPv84UY57bAof,0,8813,7197609.000,0
12-06-2020 21:00,VHMLBKoKgIrUVDU,0,5903,7420914.000,0
05-06-2020 10:15,ih0vzX44oOqAx2f,6350.12,1843.25,6338862.250,622.05
25-05-2020 18:30,rGa61gmuvPhdLxV,38.625,8807,7192102.000,3.7375
16-06-2020 13:15,WRmjgnKYAwPKWDb,7104.29,4152.14,7265467.143,695.7
16-06-2020 08:45,YxYtjZvoooNbGkE,5832.14,730.571,7414065.571,571.529
28-05-2020 17:00,z9Y9gH1T5YWrNuG,3193.43,8309.86,7112194.857,313.571
21-05-2020 09:30,iCRJl6heRkivqQ3,9860.5,1411.12,7221016.125,964.237
27-05-2020 14:00,adLQvlD726eNBSB,4477.86,5022,6368538.000,439.6
15-06-2020 17:00,z9Y9gH1T5YWrNuG,2827.38,6540.25,7239008.250,277.675
16-06-2020 05:30,1IF53ai7Xc0U56Y,0,0,6421214.000,0
01-06-2020 09:15,ZnxXDlPa8U1GXgE,5974.86,1268.43,6650793.429,585.5
17-06-2020 15:45,McdE0feGgRqW7Ca,1412.5,5578.38,7408173.375,137.875
18-05-2020 13:00,VHMLBKoKgIrUVDU,8106,2497.14,7229594.143,793.343
17-05-2020 00:30,7JYdWkrLSPkdwr4,0,0,7615537.000,0
28-05-2020 12:15,ZnxXDlPa8U1GXgE,13049.4,4620.57,6623996.571,1272.33
17-06-2020 10:45,ZnxXDlPa8U1GXgE,6777.5,1790.12,6766598.125,663.812
12-06-2020 13:30,wCURE6d3bPkepu2,8334.71,3805.43,6991859.429,815.686
24-05-2020 10:30,rGa61gmuvPhdLxV,8345.88,2012.88,7177305.875,815.45
26-05-2020 07:45,VHMLBKoKgIrUVDU,4409.12,313.875,7289838.875,432.875
17-06-2020 22:15,3PZuoBAID5Wc2HD,0,6052,7237425.000,0
09-06-2020 04:00,1IF53ai7Xc0U56Y,0,0,6371833.000,0
16-06-2020 01:00,rGa61gmuvPhdLxV,0,0,7344704.000,0
26-05-2020 09:15,iCRJl6heRkivqQ3,8847.43,1264.43,7261394.429,865.6
06-06-2020 12:00,YxYtjZvoooNbGkE,7928.29,3401.43,7345890.429,774.629
10-06-2020 08:45,1IF53ai7Xc0U56Y,6798.86,743.286,6380765.286,665.929
26-05-2020 01:45,zBIq5rxdHJRwDNY,0,0,6420201.000,0
06-06-2020 05:30,McdE0feGgRqW7Ca,0,0,7324681.000,0
05-06-2020 09:30,ZoEaEvLYb1n2sOq,9438.14,1256.29,7252796.286,922.271
12-06-2020 06:00,WRmjgnKYAwPKWDb,0,0,7232986.000,0
27-05-2020 09:45,YxYtjZvoooNbGkE,9098.38,1650.25,7270983.250,889.263
06-06-2020 23:30,uHbuxQJl8lW7ozc,0,0,7208855.000,0
02-06-2020 20:30,zBIq5rxdHJRwDNY,0,7421,6476454.000,0
16-05-2020 19:30,7JYdWkrLSPkdwr4,0,6461,7615537.000,0
21-05-2020 23:45,bvBOhCH3iADSZry,0,4062.86,6362148.000,0
20-05-2020 00:45,pkci93gMrogZuBj,0,0,7201349.000,0
14-06-2020 12:15,WRmjgnKYAwPKWDb,7269.86,3676.71,7250855.714,711.857
05-06-2020 16:15,pkci93gMrogZuBj,6744.88,7015.62,7330706.625,660.65
05-06-2020 11:30,3PZuoBAID5Wc2HD,13261.1,3271.86,7147974.857,1293.36
16-06-2020 19:00,pkci93gMrogZuBj,0,6261,7409478.000,0
21-05-2020 12:15,ZoEaEvLYb1n2sOq,11388.6,4078.43,7143146.429,1111.21
02-06-2020 23:45,iCRJl6heRkivqQ3,0,7465,7317813.000,0
15-05-2020 09:15,WRmjgnKYAwPKWDb,2986,909.714,7029582.714,293.229
16-06-2020 02:00,bvBOhCH3iADSZry,0,0,6527792.000,0
17-06-2020 23:15,wCURE6d3bPkepu2,0,5883,7028601.000,0
20-05-2020 04:15,zBIq5rxdHJRwDNY,0,0,6371971.000,0
23-05-2020 14:45,wCURE6d3bPkepu2,7392.71,6900.29,6846125.286,723.843
17-05-2020 19:00,McdE0feGgRqW7Ca,0,7606,7179627.000,0
31-05-2020 16:45,bvBOhCH3iADSZry,1687,5403.38,6433084.375,165.35
06-06-2020 20:45,z9Y9gH1T5YWrNuG,0,0,7177289.000,0
30-05-2020 04:30,1IF53ai7Xc0U56Y,0,0,6298211.000,0
11-06-2020 18:45,WRmjgnKYAwPKWDb,0,5619,7232986.000,0
09-06-2020 00:30,bvBOhCH3iADSZry,0,0,6485986.000,0
19-05-2020 20:00,ZnxXDlPa8U1GXgE,0,6974,6555136.000,0
01-06-2020 22:00,sjndEbLyjtCKgGv,0,5766,7148008.000,0
06-06-2020 07:30,YxYtjZvoooNbGkE,3726.71,253,7342742.000,366.271
24-05-2020 16:15,ih0vzX44oOqAx2f,3750.86,7114,6256052.000,367.643
23-05-2020 00:00,WRmjgnKYAwPKWDb,0,0,7084595.000,0
08-06-2020 07:30,1IF53ai7Xc0U56Y,2662.86,182.429,6363520.429,261.257
18-05-2020 14:15,sjndEbLyjtCKgGv,4947.5,3660.62,7040714.625,485.163
16-05-2020 06:30,3PZuoBAID5Wc2HD,724.75,16.875,6994049.875,70.275
10-06-2020 02:15,McdE0feGgRqW7Ca,0,0,7355017.000,0
31-05-2020 17:00,uHbuxQJl8lW7ozc,1983.29,5929.14,7165201.143,194.429
29-05-2020 09:15,WRmjgnKYAwPKWDb,9104.29,1023.57,7133884.571,890.6
31-05-2020 22:00,1BY6WEcLGh8j5v7,0,5803,6377931.000,0
11-06-2020 05:00,ih0vzX44oOqAx2f,0,0,6381032.000,0
18-05-2020 22:00,ih0vzX44oOqAx2f,0,5286,6210487.000,0
01-06-2020 09:00,pkci93gMrogZuBj,6794.43,1089.14,7295880.143,665.471
20-05-2020 07:15,zVJPv84UY57bAof,2431.12,117.75,7148454.750,238.412
31-05-2020 13:00,zBIq5rxdHJRwDNY,9422.86,4145.71,6461446.714,920.414
29-05-2020 21:00,3PZuoBAID5Wc2HD,0,8210,7102189.000,0
07-06-2020 01:15,1BY6WEcLGh8j5v7,0,0,6418482.000,0
15-05-2020 03:00,pkci93gMrogZuBj,0,0,7169102.000,0
28-05-2020 09:15,rGa61gmuvPhdLxV,8782.5,1261.62,7207810.625,859.288
17-05-2020 23:45,sjndEbLyjtCKgGv,0,4252,7037054.000,0
24-05-2020 03:30,zVJPv84UY57bAof,0,0,7180838.000,0
12-06-2020 17:45,pkci93gMrogZuBj,1651.88,5800.62,7380756.625,161.338
02-06-2020 02:00,7JYdWkrLSPkdwr4,0,0,7733624.000,0
01-06-2020 03:15,VHMLBKoKgIrUVDU,0,0,7334405.000,0
06-06-2020 03:15,zBIq5rxdHJRwDNY,0,0,6500302.000,0
14-06-2020 16:15,adLQvlD726eNBSB,4051.43,7267.57,6504763.571,397.943
15-05-2020 02:00,WRmjgnKYAwPKWDb,0,0,7028673.000,0
19-05-2020 11:15,bvBOhCH3iADSZry,7154.62,2108.88,6342646.875,700.45
23-05-2020 15:30,uHbuxQJl8lW7ozc,9408.86,7387,7102640.000,920.271
29-05-2020 16:30,sjndEbLyjtCKgGv,4285.12,7782.38,7128685.375,420.788
20-05-2020 07:00,VHMLBKoKgIrUVDU,1727.43,76.5714,7239618.571,169.043
26-05-2020 08:00,adLQvlD726eNBSB,5518.62,460.75,6355754.750,540.888
23-05-2020 10:15,zVJPv84UY57bAof,7803.71,2111.71,7174405.714,763.843
17-06-2020 12:15,McdE0feGgRqW7Ca,13802.7,3202.86,7405797.857,1345.77
07-06-2020 14:45,ZnxXDlPa8U1GXgE,4454.43,6604.57,6699658.571,437.357
21-05-2020 11:15,1BY6WEcLGh8j5v7,11500,2802.38,6301148.375,1122
07-06-2020 09:15,zBIq5rxdHJRwDNY,8398,962,6507690.000,821.812
11-06-2020 22:45,1IF53ai7Xc0U56Y,0,5704,6392324.000,0
29-05-2020 23:30,adLQvlD726eNBSB,0,8343,6387352.000,0
02-06-2020 14:00,bvBOhCH3iADSZry,6191,5050.14,6443695.143,606.543
02-06-2020 12:15,sjndEbLyjtCKgGv,9699.29,3653.29,7151661.286,948.271
17-05-2020 19:30,rGa61gmuvPhdLxV,0,7438,7131537.000,0
03-06-2020 17:30,adLQvlD726eNBSB,1929.57,7914.14,6422190.143,189.129
12-06-2020 11:45,zVJPv84UY57bAof,9777.43,2385.57,7325072.571,956.129
30-05-2020 15:15,McdE0feGgRqW7Ca,9101.12,6073.38,7279286.375,890.3
10-06-2020 19:15,zBIq5rxdHJRwDNY,0,6498,6537903.000,0
14-06-2020 14:00,uHbuxQJl8lW7ozc,14125.6,5235.5,7265766.500,1377.25
07-06-2020 08:15,rGa61gmuvPhdLxV,3547.12,390.75,7279891.750,348.675
14-06-2020 02:15,zBIq5rxdHJRwDNY,0,0,6557822.000,0
09-06-2020 07:30,ZnxXDlPa8U1GXgE,2617.88,227.625,6709925.625,257.025
07-06-2020 13:30,WRmjgnKYAwPKWDb,10956.3,5453.71,7202064.714,1069.44
04-06-2020 23:00,ZnxXDlPa8U1GXgE,0,8178,6679062.000,0
22-05-2020 20:45,adLQvlD726eNBSB,0,7378,6328951.000,0
21-05-2020 22:00,iCRJl6heRkivqQ3,0,7837,7227442.000,0
06-06-2020 15:15,adLQvlD726eNBSB,5118.5,6104.38,6444532.375,501.788
03-06-2020 05:15,z9Y9gH1T5YWrNuG,0,0,7147274.000,0
23-05-2020 17:00,zBIq5rxdHJRwDNY,3482.88,8420.38,6404227.375,342.363
22-05-2020 15:15,7JYdWkrLSPkdwr4,7156.12,6468.25,7658103.250,700.612
01-06-2020 14:30,McdE0feGgRqW7Ca,4809,5387,7292147.000,471.6
02-06-2020 13:30,WRmjgnKYAwPKWDb,9975.38,4845.62,7164545.625,974.612
13-06-2020 05:15,zVJPv84UY57bAof,0,0,7328550.000,0
18-05-2020 13:45,rGa61gmuvPhdLxV,12468.9,3199.5,7134736.500,1216.05
31-05-2020 13:30,zVJPv84UY57bAof,6295.25,4612.62,7240589.625,615.275
16-06-2020 07:45,adLQvlD726eNBSB,3713.57,258,6512260.000,364.6
14-06-2020 07:30,WRmjgnKYAwPKWDb,3364.86,214.714,7247393.714,330.571
31-05-2020 14:00,ih0vzX44oOqAx2f,11110.8,4886.75,6307153.750,1084.39
12-06-2020 00:30,3PZuoBAID5Wc2HD,0,0,7196186.000,0
30-05-2020 02:45,zBIq5rxdHJRwDNY,0,0,6449905.000,0
27-05-2020 22:15,3PZuoBAID5Wc2HD,0,6740,7085451.000,0
13-06-2020 15:00,1IF53ai7Xc0U56Y,10502.9,7386.88,6405613.875,1026.65
16-06-2020 16:15,YxYtjZvoooNbGkE,3476.12,5885.62,7419220.625,341.525
24-05-2020 10:45,ih0vzX44oOqAx2f,11673.9,2284.57,6251222.571,1139.34
13-06-2020 18:00,YxYtjZvoooNbGkE,593.375,8365,7399424.000,57.4375
15-06-2020 17:45,sjndEbLyjtCKgGv,1279,6692.86,7249503.857,124.571
10-06-2020 21:45,VHMLBKoKgIrUVDU,0,6479,7409295.000,0
26-05-2020 07:45,wCURE6d3bPkepu2,4049,285.75,6864935.750,397.812
10-06-2020 01:45,zBIq5rxdHJRwDNY,0,0,6531405.000,0
05-06-2020 01:30,zVJPv84UY57bAof,0,0,7271273.000,0
28-05-2020 08:30,rGa61gmuvPhdLxV,6623.57,684.286,7207233.286,648.843
14-06-2020 12:00,VHMLBKoKgIrUVDU,7406.57,3524.43,7433090.429,725.171
18-05-2020 16:00,z9Y9gH1T5YWrNuG,5866.57,4855.57,7033081.571,574.886
05-06-2020 08:30,zBIq5rxdHJRwDNY,7261.14,509.714,6493088.714,711
20-05-2020 08:45,rGa61gmuvPhdLxV,6843.38,848.25,7144660.250,670.263
15-06-2020 15:30,McdE0feGgRqW7Ca,5645.86,6125.29,7395483.286,553.357
18-05-2020 13:15,1IF53ai7Xc0U56Y,9926.5,2718.38,6207071.375,969.987
17-05-2020 19:15,z9Y9gH1T5YWrNuG,0,7486,7028226.000,0
30-05-2020 15:15,ih0vzX44oOqAx2f,8754.57,5913.43,6301034.429,856.571
31-05-2020 22:45,zVJPv84UY57bAof,0,6047,7242024.000,0
02-06-2020 01:15,1BY6WEcLGh8j5v7,0,0,6383439.000,0
25-05-2020 13:00,ih0vzX44oOqAx2f,12031.1,4800.62,6261294.625,1173.03
30-05-2020 09:15,wCURE6d3bPkepu2,5533.38,757.5,6896637.500,542.425
16-05-2020 12:45,VHMLBKoKgIrUVDU,11725.4,3971.62,7216637.625,1143.85
16-06-2020 00:45,7JYdWkrLSPkdwr4,0,0,7834799.000,0
30-05-2020 12:15,adLQvlD726eNBSB,10800.9,2979.57,6390331.571,1054.73
18-05-2020 20:15,1IF53ai7Xc0U56Y,0,5453,6209806.000,0
05-06-2020 23:00,rGa61gmuvPhdLxV,0,7741,7273090.000,0
25-05-2020 22:15,adLQvlD726eNBSB,0,9163,6355294.000,0
17-05-2020 05:15,pkci93gMrogZuBj,0,0,7181650.000,0
03-06-2020 01:00,ZoEaEvLYb1n2sOq,0,0,7235727.000,0
10-06-2020 19:30,zVJPv84UY57bAof,0,6560,7317016.000,0
16-05-2020 02:30,iCRJl6heRkivqQ3,0,0,7184410.000,0
09-06-2020 19:45,McdE0feGgRqW7Ca,0,8235,7355017.000,0
16-06-2020 06:15,sjndEbLyjtCKgGv,201.429,1.14286,7249540.143,19.4429
06-06-2020 04:30,ih0vzX44oOqAx2f,0,0,6344476.000,0
15-05-2020 21:45,zBIq5rxdHJRwDNY,0,6396,6345776.000,0
01-06-2020 19:00,3PZuoBAID5Wc2HD,0,5965,7121269.000,0
15-05-2020 21:45,3PZuoBAID5Wc2HD,0,0,6994033.000,0
24-05-2020 22:30,VHMLBKoKgIrUVDU,0,8180,7280512.000,0
28-05-2020 00:30,adLQvlD726eNBSB,0,0,6370373.000,0
14-06-2020 17:45,1IF53ai7Xc0U56Y,596.143,7461.86,6414342.857,57.6857
15-06-2020 22:00,bvBOhCH3iADSZry,0,6192,6527792.000,0
27-05-2020 08:00,1IF53ai7Xc0U56Y,4776.75,425.125,6275063.125,468.575
15-06-2020 18:15,bvBOhCH3iADSZry,215.375,6188.75,6527788.750,20.8125
08-06-2020 00:30,VHMLBKoKgIrUVDU,0,0,7386208.000,0
11-06-2020 17:30,z9Y9gH1T5YWrNuG,1407.62,5535,7211000.000,137.2
02-06-2020 22:45,zVJPv84UY57bAof,0,7451,7255217.000,0
06-06-2020 06:00,rGa61gmuvPhdLxV,122.625,0.625,7273090.625,11.8375
12-06-2020 09:30,ZoEaEvLYb1n2sOq,5270.43,748.143,7302380.143,516.614
12-06-2020 12:45,VHMLBKoKgIrUVDU,7811.25,3246.12,7418257.125,764.638
03-06-2020 01:30,zBIq5rxdHJRwDNY,0,0,6476454.000,0
31-05-2020 15:30,uHbuxQJl8lW7ozc,3183,5570.86,7164842.857,312.729
24-05-2020 01:45,ih0vzX44oOqAx2f,0,0,6248938.000,0
12-06-2020 12:00,zVJPv84UY57bAof,10160.9,2636.12,7325323.125,993.062
16-06-2020 23:15,1BY6WEcLGh8j5v7,0,5848,6479798.000,0
20-05-2020 19:15,pkci93gMrogZuBj,0,8849,7210198.000,0
12-06-2020 19:00,zVJPv84UY57bAof,0,5863,7328550.000,0
14-06-2020 10:45,YxYtjZvoooNbGkE,11288,2297.86,7401736.857,1102.44
23-05-2020 16:00,rGa61gmuvPhdLxV,6142.43,7382.14,7174523.143,601.886
16-05-2020 13:30,bvBOhCH3iADSZry,8715.29,4304.43,6326814.429,852.686
11-06-2020 21:45,ZnxXDlPa8U1GXgE,0,5692,6729902.000,0
25-05-2020 13:45,7JYdWkrLSPkdwr4,11507.3,6311,7681552.000,1122.96
25-05-2020 18:00,zVJPv84UY57bAof,440.5,8800.88,7197596.875,42.5875
04-06-2020 18:30,WRmjgnKYAwPKWDb,42.4286,8037.86,7182664.857,4.11429
02-06-2020 19:00,pkci93gMrogZuBj,0,7350,7307650.000,0
14-06-2020 23:15,VHMLBKoKgIrUVDU,0,7489,7437055.000,0
02-06-2020 05:30,1BY6WEcLGh8j5v7,0,0,6383439.000,0
08-06-2020 07:30,zVJPv84UY57bAof,2313.57,167.286,7293957.286,226.871
25-05-2020 18:45,bvBOhCH3iADSZry,0,8124,6392336.000,0
10-06-2020 23:30,rGa61gmuvPhdLxV,0,6565,7310769.000,0
01-06-2020 20:30,adLQvlD726eNBSB,0,6127,6406831.000,0
22-05-2020 06:30,adLQvlD726eNBSB,951.875,30.125,6321603.125,92.45
24-05-2020 15:15,sjndEbLyjtCKgGv,5510.43,7027.71,7088476.714,540.114
15-05-2020 01:45,adLQvlD726eNBSB,0,0,6271355.000,0
04-06-2020 02:45,z9Y9gH1T5YWrNuG,0,0,7155113.000,0
17-05-2020 19:30,1BY6WEcLGh8j5v7,0,7045,6278650.000,0
18-05-2020 09:15,YxYtjZvoooNbGkE,1716.5,512.125,7200741.125,168.225
17-06-2020 14:00,YxYtjZvoooNbGkE,6418.12,4665.88,7424221.875,628.6
11-06-2020 11:15,z9Y9gH1T5YWrNuG,7779.62,1687.5,7207152.500,761.562
26-05-2020 17:00,rGa61gmuvPhdLxV,4388.43,7659.29,7199761.286,430.357
26-05-2020 06:00,zBIq5rxdHJRwDNY,124.25,0.75,6420201.750,12
15-06-2020 23:45,zBIq5rxdHJRwDNY,0,6696,6571833.000,0
23-05-2020 07:45,YxYtjZvoooNbGkE,3708.29,230,7236351.000,364.457
30-05-2020 16:00,ZnxXDlPa8U1GXgE,6780.12,6638.62,6642704.625,664.087
11-06-2020 07:00,adLQvlD726eNBSB,808.25,35.375,6476979.375,78.4375
08-06-2020 11:00,zBIq5rxdHJRwDNY,11506.4,2981.12,6517892.125,1122.86
16-06-2020 11:45,1BY6WEcLGh8j5v7,7353,3028.75,6476978.750,719.85
22-05-2020 16:00,3PZuoBAID5Wc2HD,3279.71,6987.29,7044288.286,322.471
16-06-2020 03:45,rGa61gmuvPhdLxV,0,0,7344704.000,0
25-05-2020 20:45,ZnxXDlPa8U1GXgE,0,8910,6604666.000,0
03-06-2020 01:00,WRmjgnKYAwPKWDb,0,0,7166917.000,0
13-06-2020 17:30,rGa61gmuvPhdLxV,1266.88,8328.88,7330609.875,123.513
15-06-2020 13:45,zBIq5rxdHJRwDNY,3449.86,4886.14,6570023.143,339.171
03-06-2020 14:45,ZnxXDlPa8U1GXgE,9827.5,6169.25,6669137.250,960.325
08-06-2020 15:45,7JYdWkrLSPkdwr4,6550.25,7491.5,7786001.500,641.425
30-05-2020 01:45,3PZuoBAID5Wc2HD,0,0,7102189.000,0
12-06-2020 04:00,rGa61gmuvPhdLxV,0,0,7316432.000,0
28-05-2020 06:00,YxYtjZvoooNbGkE,161.143,0.571429,7276029.571,15.5714
15-05-2020 13:30,YxYtjZvoooNbGkE,8100.29,3932.57,7183898.571,792.843
09-06-2020 23:15,zVJPv84UY57bAof,0,8289,7310456.000,0
04-06-2020 19:00,3PZuoBAID5Wc2HD,0,8215,7144703.000,0
14-06-2020 06:30,1IF53ai7Xc0U56Y,695.286,16.4286,6406897.429,67.3714
08-06-2020 22:15,ZnxXDlPa8U1GXgE,0,8435,6709698.000,0
13-06-2020 14:15,ZnxXDlPa8U1GXgE,11950,6514.71,6742299.714,1165.89
19-05-2020 02:15,1IF53ai7Xc0U56Y,0,0,6209806.000,0
17-06-2020 21:30,1BY6WEcLGh8j5v7,0,5521,6485319.000,0
27-05-2020 01:30,sjndEbLyjtCKgGv,0,0,7105889.000,0
15-06-2020 05:00,ZnxXDlPa8U1GXgE,0,0,6751747.000,0
16-05-2020 04:15,rGa61gmuvPhdLxV,0,0,7117866.000,0
15-06-2020 19:15,iCRJl6heRkivqQ3,0,6777,7414001.000,0
17-06-2020 02:00,McdE0feGgRqW7Ca,0,0,7402595.000,0
26-05-2020 08:15,rGa61gmuvPhdLxV,5759.75,528.375,7192630.375,564.45
27-05-2020 23:00,ih0vzX44oOqAx2f,0,6564,6278855.000,0
08-06-2020 20:45,7JYdWkrLSPkdwr4,0,8283,7786793.000,0
04-06-2020 16:45,ih0vzX44oOqAx2f,3866.12,7619.38,6336629.375,379.575
18-05-2020 11:30,adLQvlD726eNBSB,5328.43,1366.71,6293676.714,522.3
15-06-2020 14:15,McdE0feGgRqW7Ca,6224.38,5248,7394606.000,609.062
23-05-2020 09:30,McdE0feGgRqW7Ca,7871,1482,7217434.000,770.35
09-06-2020 23:00,3PZuoBAID5Wc2HD,0,8186,7183919.000,0
29-05-2020 23:00,wCURE6d3bPkepu2,0,0,6895880.000,0
08-06-2020 00:15,3PZuoBAID5Wc2HD,0,0,7167224.000,0
07-06-2020 01:00,adLQvlD726eNBSB,0,0,6445031.000,0
15-06-2020 21:15,McdE0feGgRqW7Ca,0,6872,7396230.000,0
29-05-2020 15:15,zBIq5rxdHJRwDNY,7413.71,6729.57,6448723.571,725.871
06-06-2020 14:15,sjndEbLyjtCKgGv,12498.3,5424.57,7184701.571,1218.97
31-05-2020 04:30,wCURE6d3bPkepu2,0,0,6903158.000,0
06-06-2020 18:00,rGa61gmuvPhdLxV,141.5,6410.5,7279500.500,13.65
25-05-2020 20:45,ih0vzX44oOqAx2f,0,8085,6264579.000,0
02-06-2020 18:15,z9Y9gH1T5YWrNuG,309,7441.43,7147269.429,29.8571
19-05-2020 07:45,zVJPv84UY57bAof,3338.5,253.625,7141658.625,327.675
09-06-2020 13:30,McdE0feGgRqW7Ca,10203.6,5545.5,7352327.500,996.275
06-06-2020 04:45,zBIq5rxdHJRwDNY,0,0,6500302.000,0
31-05-2020 15:45,z9Y9gH1T5YWrNuG,3041.43,5871.71,7133468.714,298.771
14-06-2020 06:45,YxYtjZvoooNbGkE,1068.88,37.875,7399476.875,103.9
15-05-2020 02:30,1BY6WEcLGh8j5v7,0,0,6259559.000,0
19-05-2020 08:30,z9Y9gH1T5YWrNuG,4150.57,462.714,7034035.714,407.6
25-05-2020 21:30,sjndEbLyjtCKgGv,0,8760,7098111.000,0
05-06-2020 10:30,YxYtjZvoooNbGkE,10145.2,2033.5,7336919.500,990.675
15-05-2020 09:00,1IF53ai7Xc0U56Y,8229.25,804.125,6184449.125,805.325
27-05-2020 00:45,ih0vzX44oOqAx2f,0,0,6272291.000,0
10-06-2020 13:00,YxYtjZvoooNbGkE,9749.12,4102.62,7377370.625,952.35
11-06-2020 12:15,pkci93gMrogZuBj,8503.62,2510,7371804.000,832.125
13-06-2020 02:00,1IF53ai7Xc0U56Y,0,0,6398227.000,0
30-05-2020 10:00,3PZuoBAID5Wc2HD,4792,1196,7103385.000,470.087
16-05-2020 11:00,ih0vzX44oOqAx2f,7637.57,2286.86,6193646.857,747.629
01-06-2020 10:30,pkci93gMrogZuBj,11530.9,2133.29,7296924.286,1125.94
25-05-2020 16:15,ZoEaEvLYb1n2sOq,4288.88,8514.88,7178683.875,421.125
25-05-2020 03:45,1BY6WEcLGh8j5v7,0,0,6327940.000,0
23-05-2020 09:15,z9Y9gH1T5YWrNuG,8974.86,1251.86,7065470.857,878.014
16-06-2020 07:15,ih0vzX44oOqAx2f,2335.29,105.286,6414352.286,228.986
09-06-2020 02:15,zVJPv84UY57bAof,0,0,7302167.000,0
07-06-2020 03:00,WRmjgnKYAwPKWDb,0,0,7196611.000,0
05-06-2020 13:00,ZnxXDlPa8U1GXgE,8473.12,4041.5,6683103.500,829.1
23-05-2020 23:45,7JYdWkrLSPkdwr4,0,8450,7667220.000,0
09-06-2020 23:45,McdE0feGgRqW7Ca,0,5882.14,7355017.000,0
16-05-2020 08:30,7JYdWkrLSPkdwr4,5856.25,574.25,7609650.250,573.85
16-06-2020 08:15,adLQvlD726eNBSB,4723,496.571,6512498.571,463.471
22-05-2020 18:00,YxYtjZvoooNbGkE,278.714,7080.86,7236114.857,26.9286
09-06-2020 22:15,WRmjgnKYAwPKWDb,0,7977,7220978.000,0
22-05-2020 05:00,7JYdWkrLSPkdwr4,0,0,7651635.000,0
04-06-2020 14:15,iCRJl6heRkivqQ3,7958.25,5882.5,7331578.500,778.062
04-06-2020 02:00,adLQvlD726eNBSB,0,0,6422267.000,0
12-06-2020 22:15,bvBOhCH3iADSZry,0,5372,6509779.000,0
28-05-2020 19:00,zVJPv84UY57bAof,0,8391,7220473.000,0
13-06-2020 12:00,rGa61gmuvPhdLxV,13420.3,4078.86,7326359.857,1308.46
14-06-2020 08:00,wCURE6d3bPkepu2,4301.5,412.875,7002781.875,422.488
18-05-2020 13:30,iCRJl6heRkivqQ3,10836.6,2938.25,7201305.250,1058.05
18-05-2020 16:00,McdE0feGgRqW7Ca,6108.29,4963,7184590.000,598.5
05-06-2020 04:45,ZnxXDlPa8U1GXgE,0,0,6679062.000,0
30-05-2020 14:15,ZnxXDlPa8U1GXgE,11485.1,5053,6641119.000,1121.2
25-05-2020 23:30,1IF53ai7Xc0U56Y,0,9048,6266528.000,0
17-06-2020 07:15,1IF53ai7Xc0U56Y,2112.57,59.8571,6427591.857,207.157
06-06-2020 23:00,McdE0feGgRqW7Ca,0,0,7331160.000,0
25-05-2020 10:45,zBIq5rxdHJRwDNY,11120,2591.12,6414349.125,1086.65
20-05-2020 22:30,1BY6WEcLGh8j5v7,0,8249,6298346.000,0
08-06-2020 20:15,YxYtjZvoooNbGkE,0,8343,7365310.000,0
19-05-2020 05:30,zVJPv84UY57bAof,0,0,7141405.000,0
02-06-2020 21:30,ZoEaEvLYb1n2sOq,0,7287,7235727.000,0
03-06-2020 16:15,uHbuxQJl8lW7ozc,3940,7306.71,7185711.714,386.529
28-05-2020 17:30,pkci93gMrogZuBj,1170.5,8224,7273209.000,113.938
24-05-2020 09:00,adLQvlD726eNBSB,8667,1048.29,6338782.286,847.957
16-05-2020 15:45,bvBOhCH3iADSZry,3590,5707.12,6328217.125,352.887
16-05-2020 05:15,uHbuxQJl8lW7ozc,0,0,7045068.000,0
02-06-2020 04:15,1BY6WEcLGh8j5v7,0,0,6383439.000,0
01-06-2020 02:30,zBIq5rxdHJRwDNY,0,0,6463239.000,0
04-06-2020 01:45,ZoEaEvLYb1n2sOq,0,0,7243501.000,0
03-06-2020 00:30,YxYtjZvoooNbGkE,0,0,7318929.000,0
01-06-2020 00:30,z9Y9gH1T5YWrNuG,0,0,7133897.000,0
18-05-2020 14:30,rGa61gmuvPhdLxV,6547.29,3799.29,7135336.286,641.329
16-05-2020 03:45,zBIq5rxdHJRwDNY,0,0,6345776.000,0
16-05-2020 08:45,7JYdWkrLSPkdwr4,6347.86,728.571,7609804.571,621.871
15-06-2020 04:15,3PZuoBAID5Wc2HD,0,0,7218223.000,0
17-05-2020 18:30,zVJPv84UY57bAof,0,7480,7136015.000,0
20-05-2020 07:15,3PZuoBAID5Wc2HD,2684.25,129.125,7020641.125,263.35
17-05-2020 01:30,WRmjgnKYAwPKWDb,0,0,7041430.000,0
09-06-2020 20:15,WRmjgnKYAwPKWDb,0,7977,7220978.000,0
17-05-2020 22:45,uHbuxQJl8lW7ozc,0,7454,7058793.000,0
05-06-2020 13:00,ZoEaEvLYb1n2sOq,8470.38,3990.62,7255530.625,828.825
16-06-2020 02:45,VHMLBKoKgIrUVDU,0,0,7443869.000,0
02-06-2020 20:15,rGa61gmuvPhdLxV,0,7361,7249330.000,0
13-06-2020 07:15,rGa61gmuvPhdLxV,2513.43,119,7322400.000,246.471
15-05-2020 08:45,McdE0feGgRqW7Ca,3473.14,641.429,7159605.429,341.257
23-05-2020 14:00,pkci93gMrogZuBj,10633.1,6254.57,7231454.571,1038.51
16-06-2020 16:00,ih0vzX44oOqAx2f,4857.88,5685.75,6419932.750,476.4
07-06-2020 03:45,pkci93gMrogZuBj,0,0,7337918.000,0
06-06-2020 13:30,uHbuxQJl8lW7ozc,8681.75,4766.12,7207139.125,848.7
22-05-2020 09:30,uHbuxQJl8lW7ozc,6059.25,1146.88,7089122.875,593.7
02-06-2020 16:30,1BY6WEcLGh8j5v7,4259.43,6754.57,6390193.571,418.214
29-05-2020 23:45,uHbuxQJl8lW7ozc,0,0,7151932.000,0
15-06-2020 12:00,McdE0feGgRqW7Ca,9850.38,3910.12,7393268.125,962.237
09-06-2020 05:00,sjndEbLyjtCKgGv,0,0,7200925.000,0
18-05-2020 03:45,zBIq5rxdHJRwDNY,0,0,6359657.000,0
21-05-2020 21:45,ih0vzX44oOqAx2f,0,0,6233543.000,0
27-05-2020 01:00,ih0vzX44oOqAx2f,0,0,6272291.000,0
23-05-2020 16:00,ZnxXDlPa8U1GXgE,6877,7829.25,6586968.250,673.538
12-06-2020 14:15,uHbuxQJl8lW7ozc,7541.29,4479.29,7250685.286,738.329
17-05-2020 17:45,sjndEbLyjtCKgGv,869.286,7420.71,7037033.714,84.3857
28-05-2020 04:00,bvBOhCH3iADSZry,0,0,6405833.000,0
28-05-2020 16:30,7JYdWkrLSPkdwr4,4078.38,7938.5,7706488.500,399.8
05-06-2020 13:30,wCURE6d3bPkepu2,10171.7,4539.71,6943560.714,993.414
19-05-2020 04:45,zBIq5rxdHJRwDNY,0,0,6365047.000,0
16-06-2020 19:15,ZoEaEvLYb1n2sOq,0,6191,7335882.000,0
04-06-2020 10:15,rGa61gmuvPhdLxV,8574.14,1775.57,7258912.571,837.586
02-06-2020 12:00,zBIq5rxdHJRwDNY,8329.62,3388.12,6472421.125,815.125
03-06-2020 02:00,zBIq5rxdHJRwDNY,0,0,6476454.000,0
06-06-2020 15:45,3PZuoBAID5Wc2HD,3343.43,6220.57,7158706.571,328.457
19-05-2020 18:15,bvBOhCH3iADSZry,0,6369,6346907.000,0
26-05-2020 14:15,zVJPv84UY57bAof,3463.25,6177.62,7203786.625,340.137
19-05-2020 09:00,adLQvlD726eNBSB,5815.88,699.25,6298515.250,569.95
27-05-2020 09:45,McdE0feGgRqW7Ca,8904.88,1705.62,7251265.625,870.375
13-06-2020 03:00,1IF53ai7Xc0U56Y,0,0,6398227.000,0
07-06-2020 13:00,rGa61gmuvPhdLxV,12553,4844.88,7284345.875,1223.91
31-05-2020 00:15,uHbuxQJl8lW7ozc,0,0,7159272.000,0
19-05-2020 08:30,ih0vzX44oOqAx2f,4289.57,450.286,6210937.286,421.186
06-06-2020 04:00,7JYdWkrLSPkdwr4,0,0,7764140.000,0
31-05-2020 14:45,WRmjgnKYAwPKWDb,2715.57,5146.43,7153175.429,266.329
16-05-2020 04:30,adLQvlD726eNBSB,0,0,6277738.000,0
12-06-2020 15:45,ih0vzX44oOqAx2f,4474.38,5183.38,6391736.375,439.163
04-06-2020 09:30,WRmjgnKYAwPKWDb,6600.57,1344.57,7175971.571,646.429
20-05-2020 18:45,3PZuoBAID5Wc2HD,0,8982,7029494.000,0
15-05-2020 19:30,iCRJl6heRkivqQ3,0,6418,7184410.000,0
31-05-2020 19:45,rGa61gmuvPhdLxV,0,5894,7236332.000,0
17-05-2020 14:30,ZnxXDlPa8U1GXgE,3627.25,5957.12,6541109.125,356.05
07-06-2020 15:15,ih0vzX44oOqAx2f,7636.43,6785.29,6357458.286,747.4
19-05-2020 00:45,z9Y9gH1T5YWrNuG,0,0,7033573.000,0
11-06-2020 14:30,rGa61gmuvPhdLxV,9484.71,4103.14,7314872.143,927.043
26-05-2020 08:15,pkci93gMrogZuBj,5756.71,527.143,7251046.143,564.171
17-06-2020 04:45,adLQvlD726eNBSB,0,0,6518398.000,0
11-06-2020 12:30,zVJPv84UY57bAof,8003.86,2726.14,7319742.143,783.414
10-06-2020 04:00,bvBOhCH3iADSZry,0,0,6493347.000,0
03-06-2020 20:15,bvBOhCH3iADSZry,0,7237,6452724.000,0
31-05-2020 18:15,zVJPv84UY57bAof,264.75,6043.88,7242020.875,25.575
15-05-2020 05:00,WRmjgnKYAwPKWDb,0,0,7028673.000,0
03-06-2020 16:30,1BY6WEcLGh8j5v7,2390.14,6939.86,6397407.857,234.357
14-06-2020 01:00,WRmjgnKYAwPKWDb,0,0,7247179.000,0
10-06-2020 19:30,VHMLBKoKgIrUVDU,0,6479,7409295.000,0
04-06-2020 13:15,zVJPv84UY57bAof,11975.7,4884.43,7267937.429,1168.44
18-05-2020 00:30,zVJPv84UY57bAof,0,0,7136015.000,0
01-06-2020 06:15,ZnxXDlPa8U1GXgE,462.625,7.375,6649532.375,44.7625
29-05-2020 16:15,adLQvlD726eNBSB,6347.29,7856.57,6386865.571,621.843
16-06-2020 07:15,YxYtjZvoooNbGkE,2357.75,107.5,7413442.500,231.188
15-06-2020 07:00,1BY6WEcLGh8j5v7,1940.71,89.4286,6467764.429,190.257
28-05-2020 01:30,3PZuoBAID5Wc2HD,0,0,7085451.000,0
09-06-2020 00:15,ZnxXDlPa8U1GXgE,0,0,6709698.000,0
06-06-2020 01:00,adLQvlD726eNBSB,0,0,6438428.000,0
16-06-2020 14:15,VHMLBKoKgIrUVDU,4313,4842.57,7448711.571,423.443
27-05-2020 13:45,bvBOhCH3iADSZry,4520.29,4447.86,6404147.857,443.557
15-06-2020 21:45,1BY6WEcLGh8j5v7,0,6275,6473950.000,0
28-05-2020 06:30,1IF53ai7Xc0U56Y,877,24,6281486.000,85.1143
09-06-2020 23:00,YxYtjZvoooNbGkE,0,7958,7373268.000,0
13-06-2020 19:30,ZnxXDlPa8U1GXgE,0,8558,6744343.000,0
07-06-2020 16:00,YxYtjZvoooNbGkE,7379.14,7424.57,7356236.571,722.5
25-05-2020 01:30,bvBOhCH3iADSZry,0,0,6384212.000,0
30-05-2020 22:15,adLQvlD726eNBSB,0,7419,6394771.000,0
16-05-2020 19:00,McdE0feGgRqW7Ca,0,6586,7172021.000,0
24-05-2020 10:00,McdE0feGgRqW7Ca,7511.43,1669.29,7226305.286,735.071
13-06-2020 23:45,zVJPv84UY57bAof,0,8410,7336960.000,0
20-05-2020 20:30,ih0vzX44oOqAx2f,0,8664,6225941.000,0
13-06-2020 10:00,z9Y9gH1T5YWrNuG,8649.86,1824.57,7218691.571,845.443
17-06-2020 14:15,ZnxXDlPa8U1GXgE,6103,4844.71,6769652.714,597.957
17-05-2020 06:15,wCURE6d3bPkepu2,118.375,1.5,6795471.500,11.4375
03-06-2020 23:30,McdE0feGgRqW7Ca,0,8010,7308369.000,0
04-06-2020 10:45,ZoEaEvLYb1n2sOq,12599.6,2282.43,7245783.429,1228.9
25-05-2020 07:30,iCRJl6heRkivqQ3,2731.57,184.857,7251445.857,267.971
15-05-2020 03:00,zBIq5rxdHJRwDNY,0,0,6339380.000,0
13-06-2020 06:15,wCURE6d3bPkepu2,351.125,6.375,6993914.375,33.9375
23-05-2020 23:00,iCRJl6heRkivqQ3,0,8627,7243220.000,0
12-06-2020 00:30,ZnxXDlPa8U1GXgE,0,0,6729902.000,0
22-05-2020 23:30,ZnxXDlPa8U1GXgE,0,7275,6579139.000,0
30-05-2020 22:45,ZoEaEvLYb1n2sOq,0,7248,7216848.000,0
07-06-2020 02:45,ZoEaEvLYb1n2sOq,0,0,7265368.000,0
26-05-2020 20:30,pkci93gMrogZuBj,0,0,7258294.000,0
04-06-2020 01:00,ih0vzX44oOqAx2f,0,0,6329010.000,0
17-06-2020 07:15,VHMLBKoKgIrUVDU,2093.71,57.2857,7450258.286,205.271
10-06-2020 13:30,bvBOhCH3iADSZry,10753,4138,6497485.000,1050.96
09-06-2020 05:45,YxYtjZvoooNbGkE,0,0,7365310.000,0
06-06-2020 04:30,ZoEaEvLYb1n2sOq,0,0,7259075.000,0
28-05-2020 05:15,wCURE6d3bPkepu2,0,0,6879195.000,0
09-06-2020 23:15,z9Y9gH1T5YWrNuG,0,7629,7199053.000,0
29-05-2020 23:00,bvBOhCH3iADSZry,0,7438,6421023.000,0
24-05-2020 12:30,ZoEaEvLYb1n2sOq,11524.8,4273,7166457.000,1124.36
04-06-2020 01:00,uHbuxQJl8lW7ozc,0,0,7186255.000,0
05-06-2020 08:00,VHMLBKoKgIrUVDU,2857.86,289,7364110.000,280.514
10-06-2020 09:45,bvBOhCH3iADSZry,5356.29,1324.43,6494671.429,525.114
12-06-2020 02:15,pkci93gMrogZuBj,0,0,7374956.000,0
06-06-2020 06:00,uHbuxQJl8lW7ozc,129.75,0.75,7202373.750,12.5125
17-06-2020 15:00,z9Y9gH1T5YWrNuG,5113,5282.88,7250667.875,501.288
19-05-2020 09:30,McdE0feGgRqW7Ca,8285.86,1013.43,7186104.429,810.614
02-06-2020 08:30,ZoEaEvLYb1n2sOq,7805,623.857,7229063.857,763.957
12-06-2020 14:30,adLQvlD726eNBSB,6498.86,4732.43,6487466.429,636.629
25-05-2020 17:00,uHbuxQJl8lW7ozc,1148.43,8759.43,7120611.429,111.643
15-05-2020 22:15,ih0vzX44oOqAx2f,0,0,6191360.000,0
03-06-2020 18:30,rGa61gmuvPhdLxV,92.5,7806.38,7257136.375,8.9375
09-06-2020 05:45,ZnxXDlPa8U1GXgE,0,0,6709698.000,0
17-06-2020 01:30,ih0vzX44oOqAx2f,0,0,6420371.000,0
17-06-2020 09:30,ih0vzX44oOqAx2f,6760.86,952.286,6421323.286,662.143
30-05-2020 05:30,uHbuxQJl8lW7ozc,0,0,7151932.000,0
05-06-2020 17:00,iCRJl6heRkivqQ3,4203.29,7454.43,7341454.429,412.086
31-05-2020 05:30,McdE0feGgRqW7Ca,0,0,7280565.000,0
08-06-2020 21:15,z9Y9gH1T5YWrNuG,0,7793,7191424.000,0
17-06-2020 16:00,bvBOhCH3iADSZry,2928,5128.62,6538677.625,287.663
17-06-2020 05:15,wCURE6d3bPkepu2,0,0,7022718.000,0
17-06-2020 05:15,ZoEaEvLYb1n2sOq,0,0,7335882.000,0
20-05-2020 11:30,adLQvlD726eNBSB,12952.3,3772.43,6308285.429,1262.84
17-05-2020 00:30,pkci93gMrogZuBj,0,0,7181650.000,0
05-06-2020 02:15,YxYtjZvoooNbGkE,0,0,7334886.000,0
22-05-2020 17:15,McdE0feGgRqW7Ca,1213,6841.43,7215896.429,117.971
01-06-2020 17:30,1IF53ai7Xc0U56Y,693.714,5968,6317400.000,67.2143
19-05-2020 03:00,ZoEaEvLYb1n2sOq,0,0,7123527.000,0
09-06-2020 15:30,ZnxXDlPa8U1GXgE,8612.71,6982.71,6716680.714,842.771
03-06-2020 23:00,ih0vzX44oOqAx2f,0,7699,6329010.000,0
03-06-2020 10:00,adLQvlD726eNBSB,6023.86,1463.29,6415739.286,590.271
17-05-2020 19:15,sjndEbLyjtCKgGv,0,7441,7037054.000,0
14-06-2020 14:45,zVJPv84UY57bAof,6647.12,5966.75,7342926.750,651.075
28-05-2020 01:30,rGa61gmuvPhdLxV,0,0,7206549.000,0
01-06-2020 08:00,VHMLBKoKgIrUVDU,6446.62,518,7334923.000,631.513
10-06-2020 14:30,WRmjgnKYAwPKWDb,5435.75,5387.12,7226365.125,532.462
15-06-2020 18:45,VHMLBKoKgIrUVDU,0,6814,7443869.000,0
31-05-2020 22:45,zBIq5rxdHJRwDNY,0,0,6463239.000,0
12-06-2020 03:15,uHbuxQJl8lW7ozc,0,0,7246206.000,0
15-06-2020 09:15,1BY6WEcLGh8j5v7,8573,1236.71,6468911.714,838.457
15-06-2020 10:30,bvBOhCH3iADSZry,9114.38,2296.75,6523896.750,890.325
06-06-2020 16:30,McdE0feGgRqW7Ca,1380.29,6370.14,7331051.143,134.4
09-06-2020 02:30,bvBOhCH3iADSZry,0,0,6485986.000,0
10-06-2020 16:15,sjndEbLyjtCKgGv,5346.57,6076.14,7215171.143,524.071
27-05-2020 18:30,1BY6WEcLGh8j5v7,0,6164,6349833.000,0
11-06-2020 22:45,adLQvlD726eNBSB,0,5790,6482734.000,0
16-05-2020 10:45,ZnxXDlPa8U1GXgE,8517.88,2189.5,6530665.500,833.375
17-06-2020 11:45,uHbuxQJl8lW7ozc,11905.4,2534.43,7283569.429,1162.03
16-06-2020 22:00,1BY6WEcLGh8j5v7,0,5848,6479798.000,0
03-06-2020 19:45,zBIq5rxdHJRwDNY,0,7888,6484342.000,0
19-05-2020 17:00,YxYtjZvoooNbGkE,2685.75,6757.25,7212355.250,263.587
01-06-2020 04:00,pkci93gMrogZuBj,0,0,7294791.000,0
16-06-2020 10:00,z9Y9gH1T5YWrNuG,10613,1639.14,7240823.143,1036.3
12-06-2020 11:00,7JYdWkrLSPkdwr4,6103.62,1738.62,7808402.625,598.025
02-06-2020 11:30,sjndEbLyjtCKgGv,6402.62,3091,7151099.000,627.237
17-05-2020 06:45,adLQvlD726eNBSB,965,26.2857,6284469.286,93.7286
02-06-2020 21:30,pkci93gMrogZuBj,0,7350,7307650.000,0
03-06-2020 10:30,adLQvlD726eNBSB,9176.57,1789.86,6416065.857,897.6
24-05-2020 00:15,iCRJl6heRkivqQ3,0,0,7243220.000,0
16-05-2020 15:45,z9Y9gH1T5YWrNuG,3933.29,6023.43,7020275.429,386.457
25-05-2020 07:30,3PZuoBAID5Wc2HD,2695.86,209.857,7061777.857,264.471
01-06-2020 14:15,3PZuoBAID5Wc2HD,3503.25,5206,7120510.000,343.238
28-05-2020 04:15,1BY6WEcLGh8j5v7,0,0,6349833.000,0
07-06-2020 00:30,zVJPv84UY57bAof,0,0,7285530.000,0
31-05-2020 13:15,ZnxXDlPa8U1GXgE,5153.38,4566.88,6647949.875,505.387
25-05-2020 00:15,iCRJl6heRkivqQ3,0,0,7251261.000,0
22-05-2020 07:30,adLQvlD726eNBSB,5018.88,270.625,6321843.625,492.025
11-06-2020 04:30,1IF53ai7Xc0U56Y,0,0,6386620.000,0
15-05-2020 05:30,pkci93gMrogZuBj,0,0,7169102.000,0
30-05-2020 22:00,iCRJl6heRkivqQ3,0,7345,7298598.000,0
26-05-2020 17:00,YxYtjZvoooNbGkE,4304.57,7761.14,7269225.143,422.143
18-05-2020 20:30,z9Y9gH1T5YWrNuG,0,5347,7033573.000,0
16-05-2020 22:30,zVJPv84UY57bAof,0,6419,7128535.000,0
25-05-2020 08:30,7JYdWkrLSPkdwr4,6804.71,642.143,7675883.143,666.457
11-06-2020 05:15,ih0vzX44oOqAx2f,0,0,6381032.000,0
08-06-2020 20:15,1BY6WEcLGh8j5v7,0,7864,6431614.000,0
03-06-2020 18:45,rGa61gmuvPhdLxV,0,7807,7257137.000,0
21-05-2020 14:30,uHbuxQJl8lW7ozc,7431.71,6455.71,7086566.714,727.071
12-06-2020 20:30,zVJPv84UY57bAof,0,5863,7328550.000,0
10-06-2020 23:15,YxYtjZvoooNbGkE,0,6419,7379687.000,0
17-05-2020 08:15,ZoEaEvLYb1n2sOq,5084.86,480.429,7111224.429,498.471
16-06-2020 08:30,pkci93gMrogZuBj,5941.14,591.571,7403808.571,582.129
19-05-2020 02:45,YxYtjZvoooNbGkE,0,0,7205598.000,0
09-06-2020 15:30,z9Y9gH1T5YWrNuG,8459.62,6548.5,7197972.500,827.837
22-05-2020 23:00,zBIq5rxdHJRwDNY,0,0,6395807.000,0
05-06-2020 17:00,McdE0feGgRqW7Ca,4238.12,7572.75,7324333.750,415.863
19-05-2020 04:15,WRmjgnKYAwPKWDb,0,0,7054452.000,0
16-05-2020 13:45,pkci93gMrogZuBj,6867.12,4392.5,7179869.500,672.475
11-06-2020 22:15,ih0vzX44oOqAx2f,0,5521,6386553.000,0
14-06-2020 05:00,VHMLBKoKgIrUVDU,0,0,7429566.000,0
10-06-2020 22:30,z9Y9gH1T5YWrNuG,0,6412,7205465.000,0
02-06-2020 06:15,ZoEaEvLYb1n2sOq,388.625,4.625,7228444.625,37.575
30-05-2020 09:00,3PZuoBAID5Wc2HD,3806.38,677.5,7102866.500,374.062
04-06-2020 10:30,pkci93gMrogZuBj,10168.9,2039.25,7317475.250,992.663
13-06-2020 05:15,iCRJl6heRkivqQ3,0,0,7391359.000,0
06-06-2020 22:15,zBIq5rxdHJRwDNY,0,0,6506728.000,0
11-06-2020 07:15,1IF53ai7Xc0U56Y,1225.71,59,6386679.000,119.214
18-05-2020 14:15,McdE0feGgRqW7Ca,5003.88,3743.62,7183370.625,490.663
17-06-2020 04:00,sjndEbLyjtCKgGv,0,0,7255794.000,0
06-06-2020 11:45,ZnxXDlPa8U1GXgE,5325.14,3329.57,6690028.571,520.9
12-06-2020 01:00,ZnxXDlPa8U1GXgE,0,0,6729902.000,0
05-06-2020 10:30,adLQvlD726eNBSB,10824.6,2218.86,6432799.857,1056.69
13-06-2020 12:30,1BY6WEcLGh8j5v7,10536.8,4487.25,6460166.250,1028.83
04-06-2020 07:30,ZnxXDlPa8U1GXgE,2679.14,201.286,6671085.286,262.986
15-05-2020 14:00,ZoEaEvLYb1n2sOq,10121.7,4283.43,7102382.429,989.586
04-06-2020 04:45,VHMLBKoKgIrUVDU,0,0,7355661.000,0
04-06-2020 03:45,ZoEaEvLYb1n2sOq,0,0,7243501.000,0
25-05-2020 21:30,adLQvlD726eNBSB,0,9163,6355294.000,0
01-06-2020 23:00,YxYtjZvoooNbGkE,0,5777,7311516.000,0
18-05-2020 14:30,3PZuoBAID5Wc2HD,6721.86,3891,7012374.000,658.386
02-06-2020 13:15,ZnxXDlPa8U1GXgE,12188.7,4769.43,6660212.429,1189.19
08-06-2020 19:00,adLQvlD726eNBSB,0,8620,6462004.000,0
16-05-2020 08:30,McdE0feGgRqW7Ca,6130.75,578.625,7166013.625,600.663
30-05-2020 18:30,YxYtjZvoooNbGkE,26.25,7265.75,7299768.750,2.525
15-06-2020 11:15,1BY6WEcLGh8j5v7,7742.86,3004.86,6470679.857,757.357
06-06-2020 10:30,WRmjgnKYAwPKWDb,10191,2200.86,7192470.857,994.014
08-06-2020 05:30,ZoEaEvLYb1n2sOq,0,0,7273453.000,0
07-06-2020 16:00,iCRJl6heRkivqQ3,7544.57,7515,7355749.000,738.643
16-06-2020 23:45,VHMLBKoKgIrUVDU,0,6332,7450201.000,0
28-05-2020 08:30,iCRJl6heRkivqQ3,6633.14,689.286,7275381.286,649.729
24-05-2020 17:15,sjndEbLyjtCKgGv,2775.75,7767,7089216.000,272.438
30-05-2020 23:45,VHMLBKoKgIrUVDU,0,7270,7328329.000,0
08-06-2020 11:00,uHbuxQJl8lW7ozc,12391.1,2986.25,7220135.250,1208.49
04-06-2020 16:30,bvBOhCH3iADSZry,5463.71,6989.14,6459713.143,535.529
14-06-2020 09:00,3PZuoBAID5Wc2HD,6322.29,897,7211616.000,619.343
11-06-2020 15:15,McdE0feGgRqW7Ca,6517.86,4741,7366364.000,638.529
27-05-2020 18:30,7JYdWkrLSPkdwr4,0,6638,7698550.000,0
08-06-2020 20:15,3PZuoBAID5Wc2HD,0,8509,7175733.000,0
26-05-2020 11:15,3PZuoBAID5Wc2HD,8019.62,3433.62,7074069.625,784.038
03-06-2020 14:45,ih0vzX44oOqAx2f,9325.5,6005.5,6327316.500,911.462
22-05-2020 17:45,1BY6WEcLGh8j5v7,480,6833.43,6312422.429,46.4429
06-06-2020 07:30,zBIq5rxdHJRwDNY,3705.88,251,6500553.000,364.238
03-06-2020 04:15,1BY6WEcLGh8j5v7,0,0,6390468.000,0
11-06-2020 06:45,ZoEaEvLYb1n2sOq,526.125,18.75,7296089.750,50.9125
12-06-2020 11:30,wCURE6d3bPkepu2,10702.3,2149.71,6990203.714,1045.47
18-05-2020 22:00,bvBOhCH3iADSZry,0,4962,6340538.000,0
14-06-2020 21:45,z9Y9gH1T5YWrNuG,0,7238,7232468.000,0
01-06-2020 01:15,VHMLBKoKgIrUVDU,0,0,7334405.000,0
11-06-2020 05:15,WRmjgnKYAwPKWDb,0,0,7227367.000,0
10-06-2020 07:30,adLQvlD726eNBSB,3744.75,241.5,6470518.500,368.025
22-05-2020 03:15,ZoEaEvLYb1n2sOq,0,0,7146685.000,0
31-05-2020 20:30,1BY6WEcLGh8j5v7,0,5803,6377931.000,0
18-05-2020 20:00,zVJPv84UY57bAof,0,5390,7141405.000,0
22-05-2020 07:30,uHbuxQJl8lW7ozc,4416.5,245.375,7088221.375,433.738
19-05-2020 11:00,zVJPv84UY57bAof,10505.3,2198.43,7143603.429,1025.93
28-05-2020 04:15,rGa61gmuvPhdLxV,0,0,7206549.000,0
16-05-2020 08:00,ih0vzX44oOqAx2f,4119.86,326.571,6191686.571,404.743
15-05-2020 08:00,iCRJl6heRkivqQ3,2916.38,280.875,7178272.875,286.3
24-05-2020 05:45,zVJPv84UY57bAof,0,0,7180838.000,0
13-06-2020 11:45,WRmjgnKYAwPKWDb,9901.29,3900.29,7242680.286,966.629
21-05-2020 21:45,rGa61gmuvPhdLxV,0,7766,7160399.000,0
25-05-2020 18:45,1IF53ai7Xc0U56Y,0,9048,6266528.000,0
23-05-2020 11:45,1BY6WEcLGh8j5v7,12432.9,3422.38,6315859.375,1212.83
09-06-2020 04:15,1BY6WEcLGh8j5v7,0,0,6431614.000,0
15-05-2020 13:15,sjndEbLyjtCKgGv,6686.57,3814.43,7020646.429,654.943
25-05-2020 00:00,zVJPv84UY57bAof,0,0,7188796.000,0
20-05-2020 11:15,zVJPv84UY57bAof,12123.1,3258.57,7151595.571,1182.01
17-06-2020 08:00,z9Y9gH1T5YWrNuG,3444.57,295.143,7245680.143,338.629
15-05-2020 10:00,3PZuoBAID5Wc2HD,7384.62,1366.38,6989125.375,722
16-06-2020 10:30,1IF53ai7Xc0U56Y,8596.12,2210,6423424.000,841.138
06-06-2020 00:45,1IF53ai7Xc0U56Y,0,0,6348557.000,0
15-05-2020 21:30,VHMLBKoKgIrUVDU,0,0,7212666.000,0
03-06-2020 03:15,YxYtjZvoooNbGkE,0,0,7318929.000,0
17-05-2020 22:00,z9Y9gH1T5YWrNuG,0,7486,7028226.000,0
02-06-2020 18:00,wCURE6d3bPkepu2,372.5,7510.75,6922854.750,36.0125
14-06-2020 22:45,VHMLBKoKgIrUVDU,0,7489,7437055.000,0
26-05-2020 12:00,zBIq5rxdHJRwDNY,9327.86,3849.71,6424050.714,910.629
07-06-2020 20:00,z9Y9gH1T5YWrNuG,0,6342,7183631.000,0
21-05-2020 14:15,bvBOhCH3iADSZry,7563.88,5657.25,6360695.250,739.812
06-06-2020 05:15,ZnxXDlPa8U1GXgE,0,0,6686699.000,0
03-06-2020 02:15,pkci93gMrogZuBj,0,0,7307650.000,0
16-05-2020 20:30,1BY6WEcLGh8j5v7,0,6292,6271605.000,0
17-06-2020 23:00,WRmjgnKYAwPKWDb,0,5953,7273532.000,0
30-05-2020 08:00,sjndEbLyjtCKgGv,3104.5,286.375,7129315.375,304.85
10-06-2020 16:30,zBIq5rxdHJRwDNY,3464.43,6190.71,6537595.714,340.214
18-05-2020 12:30,adLQvlD726eNBSB,8956.86,2119.29,6294429.286,876.271
19-05-2020 00:30,VHMLBKoKgIrUVDU,0,0,7232554.000,0
04-06-2020 09:45,ZnxXDlPa8U1GXgE,6334.12,1424,6672308.000,620.413
07-06-2020 09:15,3PZuoBAID5Wc2HD,8350.14,984.429,7159966.429,817.143
07-06-2020 23:30,ZnxXDlPa8U1GXgE,0,8209,6701263.000,0
15-05-2020 14:45,YxYtjZvoooNbGkE,6827.88,5001.12,7184967.125,668.138
20-05-2020 07:15,1IF53ai7Xc0U56Y,2737.71,132.571,6216562.571,268.614
29-05-2020 16:15,z9Y9gH1T5YWrNuG,6560,7624.5,7119986.500,642.6
26-05-2020 13:15,bvBOhCH3iADSZry,8409.71,4871,6397207.000,821.657
17-06-2020 17:00,ZnxXDlPa8U1GXgE,1305.43,5791.57,6770599.571,127.043
07-06-2020 09:30,1BY6WEcLGh8j5v7,6679,1118.86,6419600.857,654.143
26-05-2020 19:45,ZoEaEvLYb1n2sOq,0,0,7186690.000,0
16-05-2020 03:00,zVJPv84UY57bAof,0,0,7122116.000,0
10-06-2020 22:45,1BY6WEcLGh8j5v7,0,5911,6444981.000,0
17-05-2020 05:15,bvBOhCH3iADSZry,0,0,6328648.000,0
06-06-2020 22:30,sjndEbLyjtCKgGv,0,0,7185656.000,0
27-05-2020 02:30,iCRJl6heRkivqQ3,0,0,7267996.000,0
20-05-2020 06:00,wCURE6d3bPkepu2,116.429,0.857143,6815349.857,11.2429
15-05-2020 08:00,VHMLBKoKgIrUVDU,2879.62,279.125,7206687.125,282.675
24-05-2020 15:00,zVJPv84UY57bAof,8949.14,6875.29,7187713.286,875.457
02-06-2020 01:00,ih0vzX44oOqAx2f,0,0,6313983.000,0
26-05-2020 09:45,ZoEaEvLYb1n2sOq,9872.38,1706.12,7180620.125,965.375
17-06-2020 23:15,pkci93gMrogZuBj,0,5952,7415430.000,0
28-05-2020 20:30,ZoEaEvLYb1n2sOq,0,8247,7201538.000,0
11-06-2020 07:15,wCURE6d3bPkepu2,1208.14,58,6982461.000,117.471
22-05-2020 04:30,adLQvlD726eNBSB,0,0,6321573.000,0
22-05-2020 22:00,sjndEbLyjtCKgGv,0,0,7072962.000,0
11-06-2020 22:45,7JYdWkrLSPkdwr4,0,5573,7806664.000,0
26-05-2020 08:30,1BY6WEcLGh8j5v7,6380.43,664.857,6336872.857,625.057
12-06-2020 17:15,pkci93gMrogZuBj,1838.88,5700,7380656.000,180.262
12-06-2020 10:30,bvBOhCH3iADSZry,7455.75,1291.12,6505698.125,729.962
03-06-2020 16:15,McdE0feGgRqW7Ca,4222.75,7454.88,7307813.875,414.238
31-05-2020 23:30,bvBOhCH3iADSZry,0,5586,6433267.000,0
09-06-2020 09:15,McdE0feGgRqW7Ca,8154.12,1311.25,7348093.250,797.962
20-05-2020 00:30,YxYtjZvoooNbGkE,0,0,7212476.000,0
16-05-2020 17:00,iCRJl6heRkivqQ3,1977.5,6314.38,7190724.375,193.863
21-05-2020 12:00,VHMLBKoKgIrUVDU,11001.7,4023.86,7252547.857,1073.9
28-05-2020 04:00,zBIq5rxdHJRwDNY,0,0,6434083.000,0
16-05-2020 19:30,wCURE6d3bPkepu2,0,6543,6795470.000,0
23-05-2020 14:00,VHMLBKoKgIrUVDU,10521.9,6378.43,7270099.429,1027.7
05-06-2020 23:15,McdE0feGgRqW7Ca,0,7920,7324681.000,0
01-06-2020 06:30,wCURE6d3bPkepu2,954.286,22.4286,6909427.429,92.6714
22-05-2020 12:00,uHbuxQJl8lW7ozc,12732.9,3294.71,7091270.714,1241.87
22-05-2020 18:30,7JYdWkrLSPkdwr4,0,7135,7658770.000,0
15-05-2020 21:15,ih0vzX44oOqAx2f,0,0,6191360.000,0
15-05-2020 08:15,3PZuoBAID5Wc2HD,4523.71,376,6988135.000,443.957
20-05-2020 22:45,3PZuoBAID5Wc2HD,0,8982,7029494.000,0
04-06-2020 14:15,bvBOhCH3iADSZry,5919.57,5298.57,6458022.571,579.671
29-05-2020 20:45,bvBOhCH3iADSZry,0,7438,6421023.000,0
01-06-2020 17:45,7JYdWkrLSPkdwr4,687.429,5773.71,7733594.714,66.6143
16-05-2020 22:45,ZoEaEvLYb1n2sOq,0,6384,7110744.000,0
10-06-2020 01:30,z9Y9gH1T5YWrNuG,0,0,7199053.000,0
20-05-2020 19:45,YxYtjZvoooNbGkE,0,8818,7221294.000,0
31-05-2020 13:15,McdE0feGgRqW7Ca,5404.57,4617.14,7285182.143,529.843
25-05-2020 20:00,bvBOhCH3iADSZry,0,8124,6392336.000,0
24-05-2020 06:45,1IF53ai7Xc0U56Y,1302,46.625,6249253.625,126.775
15-06-2020 15:30,1BY6WEcLGh8j5v7,4351.71,5594.14,6473269.143,426.986
27-05-2020 15:45,1IF53ai7Xc0U56Y,6817.38,6130.75,6280768.750,667.587
14-06-2020 18:15,adLQvlD726eNBSB,269.143,7584.86,6505080.857,25.9714
19-05-2020 16:30,sjndEbLyjtCKgGv,4688.38,6576.38,7048981.375,460.05
31-05-2020 05:00,adLQvlD726eNBSB,0,0,6394771.000,0
14-06-2020 13:30,1IF53ai7Xc0U56Y,10485.4,4786.86,6411667.857,1024.99
04-06-2020 04:30,zBIq5rxdHJRwDNY,0,0,6484342.000,0
19-05-2020 11:30,bvBOhCH3iADSZry,3576.25,2215.75,6342753.750,351.525
05-06-2020 21:15,sjndEbLyjtCKgGv,0,7759,7179277.000,0
08-06-2020 15:15,zBIq5rxdHJRwDNY,9553.38,7199,6522110.000,934.237
21-05-2020 14:15,YxYtjZvoooNbGkE,8306.86,6136.57,7227430.571,811.543
12-06-2020 13:30,rGa61gmuvPhdLxV,8417.5,3793.88,7320225.875,823.712
03-06-2020 18:45,pkci93gMrogZuBj,0,7786,7315436.000,0
03-06-2020 17:45,iCRJl6heRkivqQ3,1287.29,7838.86,7325651.857,125.314
15-05-2020 21:15,pkci93gMrogZuBj,0,6375,7175477.000,0
03-06-2020 04:45,zVJPv84UY57bAof,0,0,7255217.000,0
26-05-2020 12:30,1BY6WEcLGh8j5v7,7978.38,4329,6340537.000,780.013
02-06-2020 12:45,1BY6WEcLGh8j5v7,10311.4,3900.12,6387339.125,1007.5
08-06-2020 01:00,7JYdWkrLSPkdwr4,0,0,7778510.000,0
18-05-2020 07:30,McdE0feGgRqW7Ca,3478.43,213.429,7179840.429,341.7
11-06-2020 14:45,zVJPv84UY57bAof,6552.62,4309.25,7321325.250,641.8
11-06-2020 16:15,WRmjgnKYAwPKWDb,4441.88,5211.75,7232578.750,436.025
27-05-2020 01:15,zVJPv84UY57bAof,0,0,7205383.000,0
20-05-2020 06:45,adLQvlD726eNBSB,1069.71,45,6304558.000,103.971
12-06-2020 15:45,WRmjgnKYAwPKWDb,4624.14,5267.14,7238253.143,453.771
16-06-2020 13:15,adLQvlD726eNBSB,7658.12,4229.38,6516231.375,749.638
31-05-2020 10:15,z9Y9gH1T5YWrNuG,12873,1779.12,7129376.125,1255.46
03-06-2020 07:15,sjndEbLyjtCKgGv,2181.88,104.75,7155551.750,213.925
05-06-2020 22:30,z9Y9gH1T5YWrNuG,0,7739,7171001.000,0
18-05-2020 15:45,McdE0feGgRqW7Ca,7149.88,4805.12,7184432.125,700.125
03-06-2020 15:45,7JYdWkrLSPkdwr4,5177.88,7007.62,7747881.125,507.675
19-05-2020 22:00,ZoEaEvLYb1n2sOq,0,6805,7130332.000,0
20-05-2020 21:15,VHMLBKoKgIrUVDU,0,8982,7248524.000,0
07-06-2020 06:00,VHMLBKoKgIrUVDU,67.7143,0,7377989.000,6.52857
20-05-2020 02:30,3PZuoBAID5Wc2HD,0,0,7020512.000,0
31-05-2020 21:30,ZoEaEvLYb1n2sOq,0,5796,7222644.000,0
24-05-2020 15:00,uHbuxQJl8lW7ozc,9723.29,6980.43,7110726.429,950.871
05-06-2020 07:45,iCRJl6heRkivqQ3,2275.75,214.875,7334214.875,223.137
16-06-2020 20:15,7JYdWkrLSPkdwr4,0,6166,7840965.000,0
08-06-2020 08:45,sjndEbLyjtCKgGv,7119.62,702.625,7193256.625,697.225
26-05-2020 14:00,bvBOhCH3iADSZry,7561.25,5652,6397988.000,739.987
26-05-2020 23:15,ZnxXDlPa8U1GXgE,0,0,6612649.000,0
02-06-2020 21:30,wCURE6d3bPkepu2,0,7525,6922869.000,0
26-05-2020 09:30,1BY6WEcLGh8j5v7,8831.71,1419.43,6337627.429,864.1
14-06-2020 23:00,YxYtjZvoooNbGkE,0,7263,7406702.000,0
17-06-2020 07:45,1IF53ai7Xc0U56Y,4042.25,218.625,6427750.625,397.175
13-06-2020 20:00,1IF53ai7Xc0U56Y,0,8654,6406881.000,0
25-05-2020 19:15,VHMLBKoKgIrUVDU,0,9013,7289525.000,0
18-05-2020 21:15,VHMLBKoKgIrUVDU,0,5457,7232554.000,0
17-06-2020 09:15,ZoEaEvLYb1n2sOq,5389.88,812.75,7336694.750,528.275
27-05-2020 00:45,YxYtjZvoooNbGkE,0,0,7269333.000,0
16-06-2020 19:30,wCURE6d3bPkepu2,0,6274,7022718.000,0
25-05-2020 04:15,3PZuoBAID5Wc2HD,0,0,7061568.000,0
13-06-2020 11:15,7JYdWkrLSPkdwr4,12898.1,3266.57,7815683.571,1257.56
23-05-2020 17:30,wCURE6d3bPkepu2,2099.14,8493.57,6847718.571,205.8
04-06-2020 14:30,3PZuoBAID5Wc2HD,7534.75,6092.12,7142580.125,737.562
14-06-2020 21:00,1BY6WEcLGh8j5v7,0,4012,6467675.000,0
22-05-2020 05:45,1IF53ai7Xc0U56Y,0,0,6233247.000,0
24-05-2020 07:45,YxYtjZvoooNbGkE,4064.75,284,7244964.000,399.35
04-06-2020 14:30,ZoEaEvLYb1n2sOq,7098.71,5879.43,7249380.429,695.071
25-05-2020 00:00,VHMLBKoKgIrUVDU,0,1168.57,7280512.000,0
07-06-2020 08:45,rGa61gmuvPhdLxV,4983.38,581.125,7280082.125,488.788
18-05-2020 14:30,pkci93gMrogZuBj,6318.38,3800,7192847.000,619
19-05-2020 05:45,zVJPv84UY57bAof,0,0,7141405.000,0
26-05-2020 18:00,z9Y9gH1T5YWrNuG,368.429,7738.57,7097178.571,35.6143
07-06-2020 01:15,zBIq5rxdHJRwDNY,0,0,6506728.000,0
17-05-2020 07:15,McdE0feGgRqW7Ca,2415,96,7172117.000,236.814
04-06-2020 11:45,ih0vzX44oOqAx2f,9775.29,3239.57,6332249.571,955.143
23-05-2020 19:00,zBIq5rxdHJRwDNY,0,8674,6404481.000,0
14-06-2020 03:15,ZnxXDlPa8U1GXgE,0,0,6744343.000,0
16-05-2020 02:15,sjndEbLyjtCKgGv,0,0,7023182.000,0
26-05-2020 16:45,zBIq5rxdHJRwDNY,5850.14,7265.43,6427466.429,573.271
21-05-2020 16:15,zVJPv84UY57bAof,3424.14,7652.43,7164831.429,336.614
11-06-2020 11:45,iCRJl6heRkivqQ3,8332.12,2086.38,7381865.375,815.413
05-06-2020 17:15,ZoEaEvLYb1n2sOq,3917.12,7297,7258837.000,384.262
05-06-2020 05:30,sjndEbLyjtCKgGv,0,0,7171518.000,0
10-06-2020 00:00,rGa61gmuvPhdLxV,0,0,7304204.000,0
26-05-2020 06:00,YxYtjZvoooNbGkE,140.25,1.625,7261465.625,13.525
06-06-2020 15:00,adLQvlD726eNBSB,4273.14,5985,6444413.000,419.471
11-06-2020 23:00,McdE0feGgRqW7Ca,0,5750,7367373.000,0
16-05-2020 22:30,1IF53ai7Xc0U56Y,0,6592,6196594.000,0
07-06-2020 07:45,ih0vzX44oOqAx2f,2429.12,229.75,6350902.750,238.2
28-05-2020 01:15,YxYtjZvoooNbGkE,0,0,7276029.000,0
02-06-2020 06:30,zBIq5rxdHJRwDNY,486.714,16.7143,6469049.714,47.0714
07-06-2020 09:30,uHbuxQJl8lW7ozc,7065.88,1163.12,7210018.125,691.888
17-06-2020 20:00,adLQvlD726eNBSB,0,6110,6524508.000,0
14-06-2020 04:30,sjndEbLyjtCKgGv,0,0,7235504.000,0
19-05-2020 23:30,McdE0feGgRqW7Ca,0,7007,7192098.000,0
07-06-2020 03:45,1IF53ai7Xc0U56Y,0,0,6355099.000,0
05-06-2020 12:15,rGa61gmuvPhdLxV,5408.86,3766.14,7269115.143,529.814
13-06-2020 16:15,YxYtjZvoooNbGkE,2891.57,8045.86,7399104.857,283.657
06-06-2020 22:45,adLQvlD726eNBSB,0,6603,6445031.000,0
18-05-2020 20:00,YxYtjZvoooNbGkE,0,5369,7205598.000,0
08-06-2020 03:00,pkci93gMrogZuBj,0,0,7346132.000,0
25-05-2020 17:45,VHMLBKoKgIrUVDU,501.875,8989.38,7289501.375,48.55
23-05-2020 07:00,ZnxXDlPa8U1GXgE,1023.62,37.375,6579176.375,99.4625
01-06-2020 15:15,VHMLBKoKgIrUVDU,2034.75,5521.5,7339926.500,199.45
30-05-2020 18:45,McdE0feGgRqW7Ca,0,7352,7280565.000,0
08-06-2020 10:45,McdE0feGgRqW7Ca,11488.4,2792.43,7340994.429,1120.99
16-06-2020 11:00,ih0vzX44oOqAx2f,11862.3,2580.14,6416827.143,1157.37
08-06-2020 14:00,zBIq5rxdHJRwDNY,8416.38,5943,6520854.000,822.462
24-05-2020 07:00,uHbuxQJl8lW7ozc,1701.71,75.4286,7103821.429,166.6
13-06-2020 09:15,ih0vzX44oOqAx2f,8115,1236.62,6393499.625,794.112
31-05-2020 17:00,adLQvlD726eNBSB,2033.14,5774.43,6400545.429,199.286
01-06-2020 02:30,wCURE6d3bPkepu2,0,0,6909405.000,0
16-05-2020 05:00,ZoEaEvLYb1n2sOq,0,0,7104360.000,0
15-05-2020 20:45,z9Y9gH1T5YWrNuG,0,6386,7014252.000,0
01-06-2020 15:45,1IF53ai7Xc0U56Y,1480.62,5708.62,6317140.625,144.4
14-06-2020 00:45,pkci93gMrogZuBj,0,0,7389161.000,0
20-05-2020 01:30,ZoEaEvLYb1n2sOq,0,0,7130332.000,0
07-06-2020 11:30,ZoEaEvLYb1n2sOq,11433.1,2981,7268349.000,1116.05
07-06-2020 15:00,3PZuoBAID5Wc2HD,9150.71,6837.86,7165819.857,893.871
04-06-2020 20:15,rGa61gmuvPhdLxV,0,0,7265349.000,0
25-05-2020 04:45,7JYdWkrLSPkdwr4,0,0,7675241.000,0
18-05-2020 10:45,1BY6WEcLGh8j5v7,5274.88,795.25,6279445.250,517.2
27-05-2020 15:00,ih0vzX44oOqAx2f,4266.43,5434.57,6277725.571,418.9
20-05-2020 07:45,McdE0feGgRqW7Ca,4341.25,291.25,7192389.250,426.288
22-05-2020 17:15,iCRJl6heRkivqQ3,1195.57,7096.43,7234538.429,116.257
31-05-2020 18:45,sjndEbLyjtCKgGv,0,5987,7142242.000,0
02-06-2020 01:15,iCRJl6heRkivqQ3,0,0,7310348.000,0
13-06-2020 21:45,uHbuxQJl8lW7ozc,0,8437,7260531.000,0
03-06-2020 01:15,McdE0feGgRqW7Ca,0,0,7300359.000,0
22-05-2020 15:15,ZoEaEvLYb1n2sOq,6635.12,6371,7153056.000,649.763
15-05-2020 01:30,bvBOhCH3iADSZry,0,0,6316803.000,0
06-06-2020 17:45,3PZuoBAID5Wc2HD,333.125,6484,7158970.000,32.2125
11-06-2020 04:30,uHbuxQJl8lW7ozc,0,0,7240508.000,0
24-05-2020 20:45,McdE0feGgRqW7Ca,0,8055,7232691.000,0
23-05-2020 20:30,3PZuoBAID5Wc2HD,0,8652,7053268.000,0
17-06-2020 21:30,wCURE6d3bPkepu2,0,5883,7028601.000,0
29-05-2020 23:30,sjndEbLyjtCKgGv,0,0,7129029.000,0
23-05-2020 07:30,rGa61gmuvPhdLxV,2869.57,129.571,7167270.571,281.557
15-06-2020 04:30,McdE0feGgRqW7Ca,0,0,7389358.000,0
31-05-2020 16:30,7JYdWkrLSPkdwr4,1802,5603.88,7727581.875,176.625
12-06-2020 14:15,adLQvlD726eNBSB,7258,4575.14,6487309.143,710.686
07-06-2020 07:00,zBIq5rxdHJRwDNY,1725.29,86.1429,6506814.143,169.1
25-05-2020 08:15,ZnxXDlPa8U1GXgE,6067.75,472.125,6596228.125,594.525
12-06-2020 20:30,rGa61gmuvPhdLxV,0,5849,7322281.000,0
22-05-2020 10:00,adLQvlD726eNBSB,5945.71,1532.14,6323105.143,582.629
27-05-2020 06:30,zBIq5rxdHJRwDNY,765.875,18.375,6427720.375,74.3
22-05-2020 10:45,ZoEaEvLYb1n2sOq,9018,1941.62,7148626.625,881.062
10-06-2020 07:15,pkci93gMrogZuBj,2398.71,136.429,7362852.429,235.214
01-06-2020 19:15,zVJPv84UY57bAof,0,5742,7247766.000,0
19-05-2020 00:45,adLQvlD726eNBSB,0,0,6297816.000,0
14-06-2020 20:15,adLQvlD726eNBSB,0,7590,6505086.000,0
15-05-2020 15:15,iCRJl6heRkivqQ3,6134.57,5428.43,7183420.429,600.943
17-05-2020 16:30,zBIq5rxdHJRwDNY,4373.86,7208.14,6359358.143,429.071
17-06-2020 18:15,z9Y9gH1T5YWrNuG,339.5,5813.12,7251198.125,32.8
31-05-2020 19:00,ZnxXDlPa8U1GXgE,0,6142,6649525.000,0
07-06-2020 05:15,wCURE6d3bPkepu2,0,0,6953094.000,0
06-06-2020 04:45,z9Y9gH1T5YWrNuG,0,0,7171001.000,0
03-06-2020 01:00,uHbuxQJl8lW7ozc,0,0,7178405.000,0
17-06-2020 19:45,VHMLBKoKgIrUVDU,0,6007,7456208.000,0
27-05-2020 15:30,YxYtjZvoooNbGkE,9681.86,5789.57,7275122.571,946.8
14-06-2020 04:45,zBIq5rxdHJRwDNY,0,0,6557822.000,0
20-05-2020 02:00,iCRJl6heRkivqQ3,0,0,7210718.000,0
06-06-2020 10:30,ih0vzX44oOqAx2f,8873.38,2129.75,6346605.750,865.6
28-05-2020 01:45,ih0vzX44oOqAx2f,0,0,6278855.000,0
09-06-2020 12:30,wCURE6d3bPkepu2,9783.88,4371.38,6972341.375,955.388
09-06-2020 09:45,YxYtjZvoooNbGkE,10453.7,1705,7367015.000,1020.43
14-06-2020 00:00,ZoEaEvLYb1n2sOq,0,1047.25,7315763.000,0
15-06-2020 15:00,iCRJl6heRkivqQ3,6702.14,5742.29,7412966.286,656.414
05-06-2020 00:45,McdE0feGgRqW7Ca,0,0,7316761.000,0
22-05-2020 14:30,ih0vzX44oOqAx2f,10918,5671.14,6239214.143,1066.56
25-05-2020 06:45,zBIq5rxdHJRwDNY,1143.29,39.5714,6411797.571,111.157
11-06-2020 13:00,zVJPv84UY57bAof,7010.57,3050.57,7320066.571,686.529
28-05-2020 19:15,ih0vzX44oOqAx2f,0,8315,6287170.000,0
24-05-2020 15:45,z9Y9gH1T5YWrNuG,2766.57,7251.71,7080013.714,271.414
07-06-2020 19:15,WRmjgnKYAwPKWDb,0,8071,7204682.000,0
27-05-2020 05:15,ZnxXDlPa8U1GXgE,0,0,6612649.000,0
08-06-2020 13:45,7JYdWkrLSPkdwr4,9859.38,5640.62,7784150.625,962.4
07-06-2020 12:15,adLQvlD726eNBSB,13651.1,4079.43,6449110.429,1331
24-05-2020 14:45,sjndEbLyjtCKgGv,9579.71,6616.43,7088065.429,936.729
16-05-2020 17:15,sjndEbLyjtCKgGv,1598.57,6353.86,7029535.857,156.314
26-05-2020 08:00,z9Y9gH1T5YWrNuG,5042.57,407.286,7089847.286,494.343
18-05-2020 07:00,YxYtjZvoooNbGkE,1674.29,75,7200304.000,163.814
20-05-2020 17:30,ZoEaEvLYb1n2sOq,1865,8664,7138996.000,182.8
31-05-2020 06:15,sjndEbLyjtCKgGv,444.25,6,7136261.000,42.975
23-05-2020 08:45,McdE0feGgRqW7Ca,7822.57,851.143,7216803.143,765.757
25-05-2020 16:45,zBIq5rxdHJRwDNY,1280.88,8333,6420091.000,124.612
25-05-2020 06:00,pkci93gMrogZuBj,0,0,7241707.000,0
12-06-2020 17:30,bvBOhCH3iADSZry,2010.29,5282,6509689.000,197.043
27-05-2020 03:30,1BY6WEcLGh8j5v7,0,0,6343669.000,0
21-05-2020 21:45,iCRJl6heRkivqQ3,0,7837,7227442.000,0
17-05-2020 15:30,adLQvlD726eNBSB,7468.88,7028,6291471.000,730.987
26-05-2020 22:45,ZoEaEvLYb1n2sOq,0,0,7186690.000,0
15-05-2020 20:30,z9Y9gH1T5YWrNuG,0,6386,7014252.000,0
02-06-2020 08:15,3PZuoBAID5Wc2HD,8263.25,413.375,7121682.375,808.638
08-06-2020 06:00,VHMLBKoKgIrUVDU,102,0.428571,7386208.429,9.82857
05-06-2020 10:45,ZoEaEvLYb1n2sOq,9338.57,2292,7253832.000,912.143
29-05-2020 23:15,ZoEaEvLYb1n2sOq,0,0,7209600.000,0
18-05-2020 07:15,wCURE6d3bPkepu2,2695.38,130.125,6803130.125,264.475
23-05-2020 03:15,zBIq5rxdHJRwDNY,0,0,6395807.000,0
14-06-2020 04:30,ZoEaEvLYb1n2sOq,0,0,7315763.000,0
14-06-2020 03:00,ih0vzX44oOqAx2f,0,0,6400518.000,0
31-05-2020 18:45,WRmjgnKYAwPKWDb,0,5837,7153866.000,0
22-05-2020 12:15,zBIq5rxdHJRwDNY,10607.5,3530.25,6392129.250,1036
29-05-2020 17:15,1BY6WEcLGh8j5v7,2109,7480,6365290.000,206.786
21-05-2020 23:45,McdE0feGgRqW7Ca,0,5709.29,7209055.000,0
14-06-2020 03:00,ZoEaEvLYb1n2sOq,0,0,7315763.000,0
15-05-2020 10:45,uHbuxQJl8lW7ozc,6817.5,1930.38,7040611.375,667.2
02-06-2020 07:45,1IF53ai7Xc0U56Y,2367.43,209.286,6317653.286,232.143
24-05-2020 05:15,VHMLBKoKgIrUVDU,0,0,7272332.000,0
14-06-2020 14:15,uHbuxQJl8lW7ozc,12408,5564.71,7266095.714,1210.54
09-06-2020 00:45,1IF53ai7Xc0U56Y,0,0,6371833.000,0
07-06-2020 14:15,sjndEbLyjtCKgGv,7469.5,4906.88,7190562.875,730.825
19-05-2020 21:30,rGa61gmuvPhdLxV,0,6910,7143812.000,0
13-06-2020 17:30,bvBOhCH3iADSZry,1158,7806.71,6517585.714,112.629
17-06-2020 11:00,pkci93gMrogZuBj,6762,1912.43,7411390.429,662.1
06-06-2020 05:30,1BY6WEcLGh8j5v7,0,0,6412542.000,0
26-05-2020 17:15,1BY6WEcLGh8j5v7,945.125,7414.75,6343622.750,91.8
03-06-2020 20:00,wCURE6d3bPkepu2,0,7907,6930776.000,0
03-06-2020 18:45,YxYtjZvoooNbGkE,0,7827,7326756.000,0
26-05-2020 15:00,uHbuxQJl8lW7ozc,5384.25,6580,7127276.000,527.837
04-06-2020 06:00,3PZuoBAID5Wc2HD,77.125,0.75,7136488.750,7.4375
15-06-2020 02:15,bvBOhCH3iADSZry,0,0,6521600.000,0
01-06-2020 15:15,bvBOhCH3iADSZry,1860.25,5023,6438290.000,182.312
27-05-2020 14:00,sjndEbLyjtCKgGv,4218.29,4984.71,7110873.714,414.371
27-05-2020 07:45,ZnxXDlPa8U1GXgE,4001.14,302.857,6612951.857,393.014
10-06-2020 14:00,McdE0feGgRqW7Ca,7213.57,5156.57,7360173.571,706.2
26-05-2020 03:15,ih0vzX44oOqAx2f,0,0,6264579.000,0
27-05-2020 04:00,adLQvlD726eNBSB,0,0,6363516.000,0
15-05-2020 11:00,pkci93gMrogZuBj,10114.6,2115.86,7171217.857,987.371
19-05-2020 08:30,rGa61gmuvPhdLxV,4142.29,469.857,7137371.857,406.514
15-06-2020 13:15,uHbuxQJl8lW7ozc,6253.75,4825,7272662.000,612.625
24-05-2020 23:30,adLQvlD726eNBSB,0,8397,6346131.000,0
08-06-2020 00:15,ZoEaEvLYb1n2sOq,0,0,7273453.000,0
09-06-2020 08:15,ih0vzX44oOqAx2f,6128.86,510.571,6367419.571,600.5
06-06-2020 04:15,zVJPv84UY57bAof,0,0,7279090.000,0
06-06-2020 19:15,WRmjgnKYAwPKWDb,0,6341,7196611.000,0
23-05-2020 16:45,sjndEbLyjtCKgGv,4130.43,8147.29,7081109.286,405.729
26-05-2020 17:30,adLQvlD726eNBSB,679.375,8191.25,6363485.250,65.775
30-05-2020 03:00,sjndEbLyjtCKgGv,0,0,7129029.000,0
17-05-2020 08:00,ih0vzX44oOqAx2f,4994.38,364.125,6198174.125,489.775
07-06-2020 05:00,1BY6WEcLGh8j5v7,0,0,6418482.000,0
14-06-2020 13:00,WRmjgnKYAwPKWDb,8858.38,4226,7251405.000,866.663
17-06-2020 14:00,ih0vzX44oOqAx2f,5862.62,4558,6424929.000,574.538
04-06-2020 16:15,ZnxXDlPa8U1GXgE,6886.88,7493.75,6678377.750,674.5
02-06-2020 12:45,3PZuoBAID5Wc2HD,11755.6,4043.57,7125312.571,1147.41
30-05-2020 01:15,iCRJl6heRkivqQ3,0,0,7291253.000,0
14-06-2020 14:45,VHMLBKoKgIrUVDU,6428.29,6108.86,7435674.857,629.729
01-06-2020 03:30,iCRJl6heRkivqQ3,0,0,7304567.000,0
09-06-2020 05:45,z9Y9gH1T5YWrNuG,0,0,7191424.000,0
24-05-2020 06:15,bvBOhCH3iADSZry,373.75,6.625,6376778.625,36.125
16-06-2020 05:30,bvBOhCH3iADSZry,0,0,6527792.000,0
10-06-2020 15:45,7JYdWkrLSPkdwr4,3767.86,5734.43,7800463.429,370.314
29-05-2020 11:00,pkci93gMrogZuBj,12076.4,2745.43,7276003.429,1177.46
14-06-2020 22:30,ZoEaEvLYb1n2sOq,0,7289,7323052.000,0
23-05-2020 01:30,WRmjgnKYAwPKWDb,0,0,7084595.000,0
13-06-2020 00:30,zVJPv84UY57bAof,0,0,7328550.000,0
27-05-2020 11:45,ZnxXDlPa8U1GXgE,10684.9,3453.57,6616102.571,1042.97
30-05-2020 08:00,7JYdWkrLSPkdwr4,3064.86,291.857,7715126.857,300.986
30-05-2020 15:45,iCRJl6heRkivqQ3,7684.71,6463,7297716.000,752.314
13-06-2020 12:00,pkci93gMrogZuBj,13077.4,4048.14,7384855.143,1275.04
16-06-2020 22:15,McdE0feGgRqW7Ca,0,6365,7402595.000,0
25-05-2020 15:00,McdE0feGgRqW7Ca,10460.6,7723.86,7240414.857,1022.57
23-05-2020 13:30,ZoEaEvLYb1n2sOq,12390.4,5651.71,7159364.714,1208.06
23-05-2020 15:00,z9Y9gH1T5YWrNuG,6142,7023.5,7071242.500,601.763
18-05-2020 18:15,1BY6WEcLGh8j5v7,0,4998,6283648.000,0
17-06-2020 11:30,iCRJl6heRkivqQ3,7785.57,2326.86,7422632.857,762.157
31-05-2020 21:00,adLQvlD726eNBSB,0,5933,6400704.000,0
07-06-2020 20:45,McdE0feGgRqW7Ca,0,7042,7338202.000,0
15-06-2020 06:30,adLQvlD726eNBSB,1008.14,24.5714,6505110.571,97.9571
08-06-2020 14:15,sjndEbLyjtCKgGv,11278.1,6170.25,7198724.250,1100.83
03-06-2020 17:30,zBIq5rxdHJRwDNY,2235.25,7801,6484255.000,219.162
11-06-2020 05:45,z9Y9gH1T5YWrNuG,0,0,7205465.000,0
11-06-2020 01:45,uHbuxQJl8lW7ozc,0,0,7240508.000,0
12-06-2020 05:30,ZoEaEvLYb1n2sOq,0,0,7301632.000,0
16-06-2020 08:15,1IF53ai7Xc0U56Y,4671.57,491.143,6421705.143,458.443
17-05-2020 22:15,ih0vzX44oOqAx2f,0,7391,6205201.000,0
21-05-2020 16:00,7JYdWkrLSPkdwr4,3915.75,7284,7651264.000,384.675
06-06-2020 01:30,WRmjgnKYAwPKWDb,0,0,7190270.000,0
04-06-2020 23:00,zBIq5rxdHJRwDNY,0,0,6492579.000,0
25-05-2020 00:30,7JYdWkrLSPkdwr4,0,0,7675241.000,0
15-05-2020 01:15,ZoEaEvLYb1n2sOq,0,0,7098099.000,0
18-05-2020 18:15,YxYtjZvoooNbGkE,178.75,5367.5,7205596.500,17.275
06-06-2020 15:15,zVJPv84UY57bAof,5026,5954.43,7285044.429,492.729
18-05-2020 03:45,uHbuxQJl8lW7ozc,0,0,7058793.000,0
23-05-2020 04:00,adLQvlD726eNBSB,0,0,6328951.000,0
31-05-2020 07:00,VHMLBKoKgIrUVDU,1215.12,73.5,7328402.500,118.15
03-06-2020 07:00,uHbuxQJl8lW7ozc,1451.75,61.75,7178466.750,141.613
15-06-2020 17:00,wCURE6d3bPkepu2,2856.25,6571,7016269.000,280.512
24-05-2020 02:45,3PZuoBAID5Wc2HD,0,0,7053268.000,0
19-05-2020 12:45,zVJPv84UY57bAof,11761.5,3732.25,7145137.250,1147.65
30-05-2020 10:45,uHbuxQJl8lW7ozc,5415,1534.57,7153466.571,530.743
26-05-2020 13:45,7JYdWkrLSPkdwr4,12314.3,5836.29,7689856.286,1200.61
23-05-2020 00:15,sjndEbLyjtCKgGv,0,0,7072962.000,0
31-05-2020 02:15,VHMLBKoKgIrUVDU,0,0,7328329.000,0
13-06-2020 18:15,z9Y9gH1T5YWrNuG,282.5,8358.62,7225225.625,27.275
08-06-2020 19:00,ih0vzX44oOqAx2f,0,8217,6366909.000,0
16-06-2020 11:45,VHMLBKoKgIrUVDU,7720.62,3276.38,7447145.375,755.675
30-05-2020 09:30,pkci93gMrogZuBj,6276.12,912.375,7282447.375,614.85
01-06-2020 23:45,rGa61gmuvPhdLxV,0,5637,7241969.000,0
06-06-2020 02:30,zBIq5rxdHJRwDNY,0,0,6500302.000,0
28-05-2020 12:00,YxYtjZvoooNbGkE,11930,4155.14,7280184.143,1164.01
23-05-2020 08:45,7JYdWkrLSPkdwr4,7697.57,847.429,7659617.429,753.557
23-05-2020 10:45,McdE0feGgRqW7Ca,9082,2570.88,7218522.875,887.25
18-05-2020 05:15,z9Y9gH1T5YWrNuG,0,0,7028226.000,0
23-05-2020 20:45,3PZuoBAID5Wc2HD,0,8652,7053268.000,0
27-05-2020 01:45,rGa61gmuvPhdLxV,0,0,7199869.000,0
14-06-2020 21:45,zVJPv84UY57bAof,0,7320,7344280.000,0
25-05-2020 12:30,sjndEbLyjtCKgGv,12594.9,4801.75,7094152.750,1228.01
23-05-2020 23:45,YxYtjZvoooNbGkE,0,8559,7244680.000,0
17-05-2020 00:15,wCURE6d3bPkepu2,0,0,6795470.000,0
31-05-2020 06:30,pkci93gMrogZuBj,824.143,23.1429,7288899.143,79.9857
28-05-2020 00:00,wCURE6d3bPkepu2,0,0,6879195.000,0
30-05-2020 23:45,adLQvlD726eNBSB,0,7419,6394771.000,0
15-05-2020 17:15,zVJPv84UY57bAof,2339.38,5889.25,7122040.250,229.387
15-05-2020 09:45,bvBOhCH3iADSZry,6281,1006.86,6317809.857,615.343
20-05-2020 19:15,bvBOhCH3iADSZry,0,8131,6355038.000,0
05-06-2020 17:15,rGa61gmuvPhdLxV,4134.62,7491.62,7272840.625,405.663
16-05-2020 18:30,zVJPv84UY57bAof,0,6419,7128535.000,0
13-06-2020 15:30,ih0vzX44oOqAx2f,7626.88,7500,6399763.000,746.263
16-06-2020 01:45,WRmjgnKYAwPKWDb,0,0,7261315.000,0
17-06-2020 15:15,7JYdWkrLSPkdwr4,1583.38,5390.5,7846355.500,154.812
13-06-2020 21:45,WRmjgnKYAwPKWDb,0,8399,7247179.000,0
27-05-2020 16:30,iCRJl6heRkivqQ3,5286.86,6404.29,7274400.286,518.171
28-05-2020 04:15,1IF53ai7Xc0U56Y,0,0,6281462.000,0
15-05-2020 16:15,pkci93gMrogZuBj,4776.71,5943.43,7175045.429,468.643
04-06-2020 01:30,pkci93gMrogZuBj,0,0,7315436.000,0
27-05-2020 16:30,uHbuxQJl8lW7ozc,5590.62,6419.5,7134957.500,547.938
01-06-2020 14:00,ih0vzX44oOqAx2f,2972.57,4988,6313220.000,291.114
18-05-2020 18:15,ZoEaEvLYb1n2sOq,168.375,5317.62,7123525.625,16.25
22-05-2020 08:30,YxYtjZvoooNbGkE,2588.43,672.571,7229706.571,253.871
20-05-2020 07:15,WRmjgnKYAwPKWDb,2643.5,126.875,7061058.875,259.337
05-06-2020 07:00,z9Y9gH1T5YWrNuG,1392.14,71.5714,7163333.571,135.771
09-06-2020 22:00,ZnxXDlPa8U1GXgE,0,8074,6717772.000,0
29-05-2020 13:00,YxYtjZvoooNbGkE,12619.9,4906.29,7289310.286,1230.44
09-06-2020 11:30,adLQvlD726eNBSB,8455,3588.43,6465592.429,826.443
17-05-2020 11:15,WRmjgnKYAwPKWDb,12425.8,3191.25,7044621.250,1211.86
07-06-2020 08:30,sjndEbLyjtCKgGv,3636.29,484.714,7186140.714,357.429
18-05-2020 05:45,ZoEaEvLYb1n2sOq,0,0,7118208.000,0
13-06-2020 09:00,ZnxXDlPa8U1GXgE,9083.86,1087.86,6736872.857,888.629
08-06-2020 19:45,VHMLBKoKgIrUVDU,0,8488,7394696.000,0
06-06-2020 00:00,McdE0feGgRqW7Ca,0,0,7324681.000,0
27-05-2020 17:30,1IF53ai7Xc0U56Y,970.125,6786.12,6281424.125,94.2125
27-05-2020 00:15,ZoEaEvLYb1n2sOq,0,0,7186690.000,0
03-06-2020 21:00,ZnxXDlPa8U1GXgE,0,7916,6670884.000,0
09-06-2020 12:30,VHMLBKoKgIrUVDU,10022.9,4471.12,7399167.125,978.75
18-05-2020 09:00,1IF53ai7Xc0U56Y,1789.25,485.125,6204838.125,175.4
16-05-2020 17:00,zBIq5rxdHJRwDNY,1982.75,6249.12,6352025.125,194.35
28-05-2020 07:00,zVJPv84UY57bAof,1859.14,82.2857,7212164.286,182.214
06-06-2020 21:45,McdE0feGgRqW7Ca,0,0,7331160.000,0
01-06-2020 21:00,wCURE6d3bPkepu2,0,5939,6915344.000,0
29-05-2020 17:15,sjndEbLyjtCKgGv,2337,8034.43,7128937.429,229.114
04-06-2020 09:00,pkci93gMrogZuBj,7225.5,885.5,7316321.500,707.362
15-06-2020 22:30,rGa61gmuvPhdLxV,0,6732,7344704.000,0
23-05-2020 14:00,WRmjgnKYAwPKWDb,10566.9,6241.29,7090836.286,1032.24
15-06-2020 14:30,z9Y9gH1T5YWrNuG,10431,5351.43,7237819.429,1018.3
23-05-2020 20:45,VHMLBKoKgIrUVDU,0,8611,7272332.000,0
27-05-2020 14:15,ZnxXDlPa8U1GXgE,4103.43,5115,6617764.000,403.057
30-05-2020 17:45,1BY6WEcLGh8j5v7,910.429,6721.71,6372095.714,88.4
15-06-2020 17:45,1IF53ai7Xc0U56Y,1240.75,6811.5,6421179.500,120.838
17-06-2020 12:30,bvBOhCH3iADSZry,8931.86,3161.86,6536710.857,873.429
02-06-2020 06:00,1IF53ai7Xc0U56Y,92.875,0.75,6317444.750,8.9625
13-06-2020 21:00,WRmjgnKYAwPKWDb,0,8399,7247179.000,0
09-06-2020 10:45,YxYtjZvoooNbGkE,11940.6,2619.38,7367929.375,1164.56
01-06-2020 19:00,McdE0feGgRqW7Ca,0,5992,7292752.000,0
20-05-2020 09:15,pkci93gMrogZuBj,8361.86,1214.14,7202563.143,818.329
31-05-2020 19:30,1BY6WEcLGh8j5v7,0,5803,6377931.000,0
14-06-2020 08:45,WRmjgnKYAwPKWDb,5430,744.375,7247923.375,532.275
30-05-2020 23:45,7JYdWkrLSPkdwr4,0,7143,7721978.000,0
18-05-2020 20:00,zBIq5rxdHJRwDNY,0,5390,6365047.000,0
23-05-2020 22:30,rGa61gmuvPhdLxV,0,8152,7175293.000,0
29-05-2020 08:45,McdE0feGgRqW7Ca,5601.86,669,7265625.000,549.014
16-05-2020 06:30,bvBOhCH3iADSZry,650.571,16,6322526.000,63
03-06-2020 09:15,adLQvlD726eNBSB,6499.75,1009.25,6415285.250,636.7
23-05-2020 09:45,wCURE6d3bPkepu2,9665.5,1639,6840864.000,944.625
17-05-2020 05:30,iCRJl6heRkivqQ3,0,0,7190848.000,0
23-05-2020 18:45,ih0vzX44oOqAx2f,0,8395,6248938.000,0
01-06-2020 14:30,WRmjgnKYAwPKWDb,5315.43,5212,7159078.000,521.129
31-05-2020 08:15,ZoEaEvLYb1n2sOq,3429.29,322.857,7217170.857,336.986
27-05-2020 14:30,zVJPv84UY57bAof,8841.88,5238,7210621.000,864.913
28-05-2020 06:00,ZoEaEvLYb1n2sOq,143.571,0.428571,7193291.429,13.8571
27-05-2020 02:15,ZnxXDlPa8U1GXgE,0,0,6612649.000,0
22-05-2020 11:45,ih0vzX44oOqAx2f,12385.1,2920.5,6236463.500,1208.33
28-05-2020 18:00,wCURE6d3bPkepu2,479.857,8501.29,6887696.286,46.4143
23-05-2020 01:30,ih0vzX44oOqAx2f,0,0,6240543.000,0
04-06-2020 09:00,McdE0feGgRqW7Ca,9058.5,946.625,7309315.625,886.025
23-05-2020 21:15,McdE0feGgRqW7Ca,0,8684,7224636.000,0
16-05-2020 11:45,7JYdWkrLSPkdwr4,8857.75,2900.62,7611976.625,866.538
21-05-2020 12:45,z9Y9gH1T5YWrNuG,10639.1,4632.75,7053893.750,1038.44
12-06-2020 15:00,1IF53ai7Xc0U56Y,5746.14,4958.29,6397282.286,563.129
06-06-2020 21:30,wCURE6d3bPkepu2,0,0,6953094.000,0
04-06-2020 20:30,VHMLBKoKgIrUVDU,0,8160,7363821.000,0
28-05-2020 16:30,pkci93gMrogZuBj,5259.43,7915,7272900.000,515.6
10-06-2020 20:00,7JYdWkrLSPkdwr4,0,6362,7801091.000,0
13-06-2020 20:30,3PZuoBAID5Wc2HD,0,8633,7210719.000,0
01-06-2020 12:45,WRmjgnKYAwPKWDb,3792.25,4146.75,7158012.750,372.688
02-06-2020 21:45,pkci93gMrogZuBj,0,7350,7307650.000,0
15-06-2020 04:15,pkci93gMrogZuBj,0,0,7396422.000,0
16-05-2020 05:45,McdE0feGgRqW7Ca,0,0,7165435.000,0
22-05-2020 06:45,ZnxXDlPa8U1GXgE,1199,53.7143,6571917.714,116.586
14-06-2020 04:30,wCURE6d3bPkepu2,0,0,7002369.000,0
24-05-2020 19:15,zBIq5rxdHJRwDNY,0,7277,6411758.000,0
08-06-2020 16:00,sjndEbLyjtCKgGv,4914.57,7720.43,7200274.429,480.929
23-05-2020 16:00,VHMLBKoKgIrUVDU,6886.5,7871.5,7271592.500,674.438
11-06-2020 11:45,sjndEbLyjtCKgGv,8281.25,2081.25,7217681.250,810.45
17-06-2020 14:30,iCRJl6heRkivqQ3,8134.75,5044.38,7425350.375,796.038
03-06-2020 23:45,7JYdWkrLSPkdwr4,0,7749,7748622.000,0
18-05-2020 15:15,ih0vzX44oOqAx2f,7950,4276,6209477.000,778.171
12-06-2020 05:15,iCRJl6heRkivqQ3,0,0,7385471.000,0
04-06-2020 09:00,iCRJl6heRkivqQ3,7903.12,905.25,7326601.250,773.45
17-06-2020 10:15,adLQvlD726eNBSB,7017.12,1493.5,6519891.500,687.225
01-06-2020 02:15,WRmjgnKYAwPKWDb,0,0,7153866.000,0
14-06-2020 16:00,1BY6WEcLGh8j5v7,5295.75,3599,6467262.000,519.1
30-05-2020 14:15,z9Y9gH1T5YWrNuG,11392,4888.71,7125343.714,1112.43
25-05-2020 00:00,wCURE6d3bPkepu2,0,0,6855791.000,0
13-06-2020 09:45,z9Y9gH1T5YWrNuG,8421.88,1608.5,7218475.500,822.962
15-05-2020 10:45,adLQvlD726eNBSB,4962,1842.5,6273197.500,486.55
19-05-2020 14:45,YxYtjZvoooNbGkE,9590,5481.88,7211079.875,937.875
19-05-2020 04:00,1IF53ai7Xc0U56Y,0,0,6209806.000,0
31-05-2020 22:30,VHMLBKoKgIrUVDU,0,6076,7334405.000,0
15-05-2020 12:45,sjndEbLyjtCKgGv,10235.1,3455.86,7020287.857,1000.27
16-06-2020 17:15,McdE0feGgRqW7Ca,1774.38,6252.75,7402482.750,173.912
03-06-2020 13:45,zVJPv84UY57bAof,9345.5,4998,7260215.000,914.1
01-06-2020 15:00,VHMLBKoKgIrUVDU,2975.86,5459.29,7339864.286,292.1
16-05-2020 05:00,ih0vzX44oOqAx2f,0,0,6191360.000,0
24-05-2020 19:45,3PZuoBAID5Wc2HD,0,8300,7061568.000,0
10-06-2020 01:45,ih0vzX44oOqAx2f,0,0,6374755.000,0
07-06-2020 10:00,1IF53ai7Xc0U56Y,6933.25,1507.38,6356606.375,679
23-05-2020 02:00,adLQvlD726eNBSB,0,0,6328951.000,0
07-06-2020 11:15,z9Y9gH1T5YWrNuG,13821.1,2762.86,7180051.857,1347.56
18-05-2020 19:30,sjndEbLyjtCKgGv,0,5351,7042405.000,0
18-05-2020 04:45,uHbuxQJl8lW7ozc,0,0,7058793.000,0
18-05-2020 01:45,zVJPv84UY57bAof,0,0,7136015.000,0
24-05-2020 09:00,zVJPv84UY57bAof,7273,952.714,7181790.714,712.086
16-06-2020 12:45,zVJPv84UY57bAof,6999.12,3776.38,7354876.375,684.638
10-06-2020 01:00,VHMLBKoKgIrUVDU,0,0,7402816.000,0
20-05-2020 06:15,ZnxXDlPa8U1GXgE,204.25,0.125,6555136.125,19.775
07-06-2020 04:30,adLQvlD726eNBSB,0,0,6445031.000,0
17-06-2020 08:30,ih0vzX44oOqAx2f,4005.43,475.571,6420846.571,393.586
10-06-2020 01:15,iCRJl6heRkivqQ3,0,0,7373220.000,0
29-05-2020 20:45,rGa61gmuvPhdLxV,0,0,7223074.000,0
31-05-2020 12:30,ih0vzX44oOqAx2f,6694.29,3748.43,6306015.429,655.171
07-06-2020 22:15,ZoEaEvLYb1n2sOq,0,8085,7273453.000,0
23-05-2020 11:15,1BY6WEcLGh8j5v7,10864.1,2835.38,6315272.375,1060.34
06-06-2020 16:45,YxYtjZvoooNbGkE,1275.43,6250.29,7348739.286,124.071
09-06-2020 13:45,adLQvlD726eNBSB,9609.86,5832.29,6467836.286,938.986
11-06-2020 04:30,3PZuoBAID5Wc2HD,0,0,7190469.000,0
24-05-2020 06:15,iCRJl6heRkivqQ3,384.714,7,7243227.000,37.2143
22-05-2020 21:45,McdE0feGgRqW7Ca,0,0,7215952.000,0
07-06-2020 09:15,adLQvlD726eNBSB,8549.88,1013.12,6446044.125,836.587
10-06-2020 23:15,3PZuoBAID5Wc2HD,0,6550,7190469.000,0
16-05-2020 02:00,pkci93gMrogZuBj,0,0,7175477.000,0
29-05-2020 12:45,YxYtjZvoooNbGkE,12466.1,4596.12,7289000.125,1215.45
09-06-2020 14:45,bvBOhCH3iADSZry,6909.57,5801.57,6491787.571,676.557
31-05-2020 12:00,adLQvlD726eNBSB,7305.12,3187.88,6397958.875,715.075
25-05-2020 18:00,VHMLBKoKgIrUVDU,434,9001.71,7289513.714,41.9714
07-06-2020 15:15,z9Y9gH1T5YWrNuG,6709.38,5080.62,7182369.625,656.962
30-05-2020 06:15,WRmjgnKYAwPKWDb,318.375,4.625,7140903.625,30.7625
09-06-2020 17:45,7JYdWkrLSPkdwr4,1401.62,7887.12,7794680.125,136.675
15-05-2020 07:30,WRmjgnKYAwPKWDb,2052.5,177.625,7028850.625,201.2
12-06-2020 01:15,rGa61gmuvPhdLxV,0,0,7316432.000,0
05-06-2020 01:30,zBIq5rxdHJRwDNY,0,0,6492579.000,0
12-06-2020 00:15,1BY6WEcLGh8j5v7,0,0,6450238.000,0
19-05-2020 09:00,rGa61gmuvPhdLxV,5490.86,672.571,7137574.571,538.071
13-06-2020 06:00,1BY6WEcLGh8j5v7,94.875,0.5,6455679.500,9.1625
25-05-2020 23:45,z9Y9gH1T5YWrNuG,0,8802,7089440.000,0
21-05-2020 20:00,wCURE6d3bPkepu2,0,7811,6832055.000,0
18-05-2020 03:00,YxYtjZvoooNbGkE,0,0,7200229.000,0
30-05-2020 03:30,bvBOhCH3iADSZry,0,0,6421023.000,0
13-06-2020 19:15,VHMLBKoKgIrUVDU,0,8652,7429566.000,0
06-06-2020 04:15,wCURE6d3bPkepu2,0,0,6946769.000,0
19-05-2020 11:00,zBIq5rxdHJRwDNY,10082.6,2171,6367218.000,984.757
15-05-2020 01:30,wCURE6d3bPkepu2,0,0,6782598.000,0
19-05-2020 04:30,uHbuxQJl8lW7ozc,0,0,7064201.000,0
01-06-2020 10:00,iCRJl6heRkivqQ3,7588,1771.14,7306338.143,742.786
07-06-2020 07:45,z9Y9gH1T5YWrNuG,2496.25,232.75,7177521.750,244.812
05-06-2020 07:30,1IF53ai7Xc0U56Y,2217.25,178.25,6341033.250,217.387
03-06-2020 05:30,7JYdWkrLSPkdwr4,0,0,7740873.000,0
11-06-2020 01:30,VHMLBKoKgIrUVDU,0,0,7409295.000,0
02-06-2020 00:45,WRmjgnKYAwPKWDb,0,0,7159700.000,0
01-06-2020 06:00,zVJPv84UY57bAof,76.4286,0.428571,7242024.429,7.38571
07-06-2020 18:30,ZnxXDlPa8U1GXgE,54,8208.86,6701262.857,5.21429
28-05-2020 18:00,ZoEaEvLYb1n2sOq,475,8232.86,7201523.857,45.9571
04-06-2020 05:15,iCRJl6heRkivqQ3,0,0,7325696.000,0
27-05-2020 19:15,1BY6WEcLGh8j5v7,0,6164,6349833.000,0
07-06-2020 07:30,ih0vzX44oOqAx2f,2029.57,175.286,6350848.286,198.957
19-05-2020 02:45,bvBOhCH3iADSZry,0,0,6340538.000,0
02-06-2020 22:00,1IF53ai7Xc0U56Y,0,0,6324784.000,0
06-06-2020 16:30,sjndEbLyjtCKgGv,1369.57,6271,7185548.000,133.357
28-05-2020 02:15,rGa61gmuvPhdLxV,0,0,7206549.000,0
10-06-2020 01:00,McdE0feGgRqW7Ca,0,0,7355017.000,0
14-06-2020 02:15,VHMLBKoKgIrUVDU,0,0,7429566.000,0
01-06-2020 21:45,WRmjgnKYAwPKWDb,0,5834,7159700.000,0
16-06-2020 00:30,VHMLBKoKgIrUVDU,0,0,7443869.000,0
07-06-2020 05:30,McdE0feGgRqW7Ca,0,0,7331160.000,0
26-05-2020 01:15,1BY6WEcLGh8j5v7,0,0,6336208.000,0
13-06-2020 07:15,zBIq5rxdHJRwDNY,2528.57,120.571,6549507.571,247.986
04-06-2020 13:30,adLQvlD726eNBSB,8205.75,5330.5,6427597.500,803.025
01-06-2020 14:15,sjndEbLyjtCKgGv,3271.38,5048.62,7147290.625,320.788
20-05-2020 05:00,wCURE6d3bPkepu2,0,0,6815349.000,0
24-05-2020 09:30,z9Y9gH1T5YWrNuG,8123.43,1321.14,7074083.143,794.771
03-06-2020 08:30,rGa61gmuvPhdLxV,4502.88,551.625,7249881.625,441.938
01-06-2020 06:00,z9Y9gH1T5YWrNuG,71,0.285714,7133897.286,6.84286
19-05-2020 04:30,WRmjgnKYAwPKWDb,0,0,7054452.000,0
17-05-2020 13:00,rGa61gmuvPhdLxV,5654.86,4747.86,7128846.857,554.229
25-05-2020 02:45,3PZuoBAID5Wc2HD,0,0,7061568.000,0
15-06-2020 13:15,1IF53ai7Xc0U56Y,5936,4813.43,6419181.429,581.7
03-06-2020 23:30,WRmjgnKYAwPKWDb,0,7710,7174627.000,0
15-05-2020 22:00,rGa61gmuvPhdLxV,0,6373,7117866.000,0
16-06-2020 02:15,3PZuoBAID5Wc2HD,0,0,7225042.000,0
18-05-2020 02:15,YxYtjZvoooNbGkE,0,0,7200229.000,0
15-05-2020 08:00,uHbuxQJl8lW7ozc,3193,284,7038965.000,313.538
15-06-2020 18:30,ZoEaEvLYb1n2sOq,13.1429,6639,7329691.000,1.27143
11-06-2020 05:00,rGa61gmuvPhdLxV,0,0,7310769.000,0
11-06-2020 20:30,VHMLBKoKgIrUVDU,0,5716,7415011.000,0
04-06-2020 22:45,uHbuxQJl8lW7ozc,0,0,7194535.000,0
06-06-2020 11:15,rGa61gmuvPhdLxV,11248.2,2874.12,7275964.125,1097.46
07-06-2020 15:45,ZnxXDlPa8U1GXgE,6268.43,7341.43,6700395.429,613.771
07-06-2020 21:15,YxYtjZvoooNbGkE,0,8155,7356967.000,0
20-05-2020 07:00,ZoEaEvLYb1n2sOq,1567,69.5714,7130401.571,153.186
23-05-2020 19:30,adLQvlD726eNBSB,0,8783,6337734.000,0
25-05-2020 03:45,7JYdWkrLSPkdwr4,0,0,7675241.000,0
26-05-2020 01:15,adLQvlD726eNBSB,0,0,6355294.000,0
17-05-2020 14:45,z9Y9gH1T5YWrNuG,8764.88,6079,7026819.000,856.875
26-05-2020 23:30,pkci93gMrogZuBj,0,0,7258294.000,0
13-06-2020 13:00,1BY6WEcLGh8j5v7,9604.62,5057.62,6460736.625,937.675
20-05-2020 07:15,rGa61gmuvPhdLxV,2392.12,116.875,7143928.875,234.562
13-06-2020 11:15,1IF53ai7Xc0U56Y,13094.8,3390.88,6401617.875,1276.74
10-06-2020 21:45,WRmjgnKYAwPKWDb,0,6389,7227367.000,0
15-06-2020 09:15,ZoEaEvLYb1n2sOq,9220.25,1291.38,7324343.375,901.575
19-05-2020 16:00,pkci93gMrogZuBj,6601.12,6345,7200756.000,646.612
15-06-2020 06:00,wCURE6d3bPkepu2,110.571,0.571429,7009698.571,10.6714
28-05-2020 00:15,McdE0feGgRqW7Ca,0,0,7256389.000,0
06-06-2020 20:45,1IF53ai7Xc0U56Y,0,6542,6355099.000,0
24-05-2020 15:15,ZnxXDlPa8U1GXgE,5848.38,7099.62,6594827.625,573.075
04-06-2020 17:15,ih0vzX44oOqAx2f,3847.62,7810,6336820.000,378.1
29-05-2020 18:15,7JYdWkrLSPkdwr4,123.286,8005.57,7714833.571,11.9143
20-05-2020 11:15,McdE0feGgRqW7Ca,12349.1,3325.71,7195423.714,1204.03
05-06-2020 12:00,adLQvlD726eNBSB,4642.71,3757.57,6434338.571,455.5
30-05-2020 20:00,sjndEbLyjtCKgGv,0,7226,7136255.000,0
15-06-2020 15:00,7JYdWkrLSPkdwr4,6309,5644,7833802.000,618.071
24-05-2020 18:30,z9Y9gH1T5YWrNuG,152.429,7874.86,7080636.857,14.7
26-05-2020 07:45,sjndEbLyjtCKgGv,4095,289.5,7098400.500,402.275
16-06-2020 22:30,VHMLBKoKgIrUVDU,0,6332,7450201.000,0
11-06-2020 17:30,YxYtjZvoooNbGkE,1422,5526.88,7385213.875,138.6
19-05-2020 19:15,zBIq5rxdHJRwDNY,0,6924,6371971.000,0
31-05-2020 20:15,WRmjgnKYAwPKWDb,0,5837,7153866.000,0
17-05-2020 23:00,rGa61gmuvPhdLxV,0,7438,7131537.000,0
24-05-2020 07:45,sjndEbLyjtCKgGv,4065.71,286,7081735.000,399.457
08-06-2020 09:30,zVJPv84UY57bAof,11463.7,1331.67,7295121.667,1118.55
30-05-2020 14:30,1BY6WEcLGh8j5v7,9844.57,4936.29,6370310.286,962.643
28-05-2020 02:30,ih0vzX44oOqAx2f,0,0,6278855.000,0
30-05-2020 02:30,pkci93gMrogZuBj,0,0,7281535.000,0
20-05-2020 22:45,ZoEaEvLYb1n2sOq,0,8736,7139068.000,0
15-06-2020 17:00,rGa61gmuvPhdLxV,2904.71,6556.86,7344528.857,285.214
12-06-2020 18:30,pkci93gMrogZuBj,79.8571,5850.43,7380806.429,7.68571
23-05-2020 04:30,pkci93gMrogZuBj,0,0,7225200.000,0
18-05-2020 07:45,YxYtjZvoooNbGkE,1772.62,270,7200499.000,173.512
06-06-2020 05:15,zVJPv84UY57bAof,0,0,7279090.000,0
26-05-2020 16:30,rGa61gmuvPhdLxV,5548.86,7378.14,7199480.143,543.843
07-06-2020 03:15,wCURE6d3bPkepu2,0,0,6953094.000,0
03-06-2020 14:45,pkci93gMrogZuBj,10040.7,6055.57,7313705.571,981.386
15-05-2020 18:15,ih0vzX44oOqAx2f,95.2,6175,6191359.167,9.2
18-05-2020 19:00,WRmjgnKYAwPKWDb,0,5348,7054452.000,0
02-06-2020 20:15,ih0vzX44oOqAx2f,0,0,6321311.000,0
22-05-2020 06:45,iCRJl6heRkivqQ3,1180.29,53.8571,7227495.857,114.786
04-06-2020 01:45,zVJPv84UY57bAof,0,0,7263053.000,0
16-05-2020 04:15,3PZuoBAID5Wc2HD,0,0,6994033.000,0
02-06-2020 03:30,ZoEaEvLYb1n2sOq,0,0,7228440.000,0
11-06-2020 00:00,ZnxXDlPa8U1GXgE,0,804.75,6724210.000,0
01-06-2020 12:00,ZoEaEvLYb1n2sOq,5586.38,3636.75,7226280.750,547.487
30-05-2020 00:45,wCURE6d3bPkepu2,0,0,6895880.000,0
14-06-2020 21:00,ZoEaEvLYb1n2sOq,0,7289,7323052.000,0
15-05-2020 21:15,uHbuxQJl8lW7ozc,0,6387,7045068.000,0
07-06-2020 14:45,uHbuxQJl8lW7ozc,5279,6598.12,7215453.125,517.325
24-05-2020 18:45,1IF53ai7Xc0U56Y,0,8273,6257480.000,0
28-05-2020 15:45,ZnxXDlPa8U1GXgE,6455.62,7853.12,6627229.125,632.362
11-06-2020 04:15,YxYtjZvoooNbGkE,0,0,7379687.000,0
17-05-2020 10:15,adLQvlD726eNBSB,10139.6,2167.88,6286610.875,991.35
14-06-2020 23:00,adLQvlD726eNBSB,0,7590,6505086.000,0
02-06-2020 10:00,ZnxXDlPa8U1GXgE,9536.12,1974.5,6657417.500,932.612
03-06-2020 00:30,1IF53ai7Xc0U56Y,0,0,6324784.000,0
08-06-2020 16:45,z9Y9gH1T5YWrNuG,4839.5,7508,7191139.000,474.8
11-06-2020 06:00,7JYdWkrLSPkdwr4,0,0,7801091.000,0
07-06-2020 11:15,iCRJl6heRkivqQ3,13688.6,2752.14,7350986.143,1334.64
17-06-2020 09:45,WRmjgnKYAwPKWDb,5762.12,1135.88,7268714.875,564.675
13-06-2020 02:15,zVJPv84UY57bAof,0,0,7328550.000,0
21-05-2020 16:30,wCURE6d3bPkepu2,4335,7610,6831854.000,425.625
02-06-2020 06:00,McdE0feGgRqW7Ca,93.5714,0.428571,7292752.429,9.02857
08-06-2020 00:15,YxYtjZvoooNbGkE,0,0,7356967.000,0
16-06-2020 17:00,adLQvlD726eNBSB,1957.25,6236.25,6518238.250,191.85
14-06-2020 22:30,adLQvlD726eNBSB,0,7590,6505086.000,0
18-05-2020 18:30,adLQvlD726eNBSB,9,5506,6297816.000,0.875
17-05-2020 04:00,ZoEaEvLYb1n2sOq,0,0,7110744.000,0
17-06-2020 02:45,bvBOhCH3iADSZry,0,0,6533549.000,0
08-06-2020 10:30,uHbuxQJl8lW7ozc,10175.5,2418,7219567.000,993.513
15-06-2020 06:15,wCURE6d3bPkepu2,462.125,6.75,7009704.750,44.7
30-05-2020 16:00,WRmjgnKYAwPKWDb,6517.14,6540.71,7147439.714,638.443
31-05-2020 17:45,3PZuoBAID5Wc2HD,1055,5779.75,7115267.750,102.55
30-05-2020 02:30,z9Y9gH1T5YWrNuG,0,0,7120455.000,0
12-06-2020 11:00,VHMLBKoKgIrUVDU,6290.88,1780.25,7416791.250,616.325
20-05-2020 20:00,McdE0feGgRqW7Ca,0,8964,7201062.000,0
02-06-2020 15:45,wCURE6d3bPkepu2,7654,6768,6922112.000,749.013
26-05-2020 18:00,iCRJl6heRkivqQ3,369.625,7860.62,7267990.625,35.725
05-06-2020 23:00,sjndEbLyjtCKgGv,0,7759,7179277.000,0
22-05-2020 06:00,1IF53ai7Xc0U56Y,236.125,1,6233248.000,22.8
25-05-2020 00:45,1BY6WEcLGh8j5v7,0,0,6327940.000,0
15-05-2020 11:15,rGa61gmuvPhdLxV,8062.62,2300.5,7113793.500,788.237
22-05-2020 22:30,z9Y9gH1T5YWrNuG,0,0,7064219.000,0
27-05-2020 18:00,ih0vzX44oOqAx2f,299.25,6557.5,6278848.500,28.925
21-05-2020 19:00,sjndEbLyjtCKgGv,0,7825,7065886.000,0
20-05-2020 03:45,1BY6WEcLGh8j5v7,0,0,6290097.000,0
12-06-2020 12:00,sjndEbLyjtCKgGv,10471.3,2631,7223885.000,1023.1
01-06-2020 11:00,ZnxXDlPa8U1GXgE,10288.2,2787.38,6652312.375,1004.48
28-05-2020 18:00,ih0vzX44oOqAx2f,473.75,8302,6287156.857,45.8
24-05-2020 14:00,z9Y9gH1T5YWrNuG,8905.5,5952.5,7078714.500,870.05
22-05-2020 23:00,bvBOhCH3iADSZry,0,6760,6368908.000,0
01-06-2020 23:00,pkci93gMrogZuBj,0,5509,7300300.000,0
29-05-2020 20:15,3PZuoBAID5Wc2HD,0,8210,7102189.000,0
20-05-2020 05:15,bvBOhCH3iADSZry,0,0,6346907.000,0
14-06-2020 15:00,wCURE6d3bPkepu2,8754.38,6131.38,7008500.375,856.138
17-05-2020 22:15,pkci93gMrogZuBj,0,7397,7189047.000,0
15-06-2020 17:45,zBIq5rxdHJRwDNY,1233.38,6663.75,6571800.750,120.125
15-06-2020 21:15,rGa61gmuvPhdLxV,0,6732,7344704.000,0
25-05-2020 00:00,ih0vzX44oOqAx2f,0,0,6256494.000,0
10-06-2020 23:00,VHMLBKoKgIrUVDU,0,6479,7409295.000,0
02-06-2020 17:45,7JYdWkrLSPkdwr4,593.375,7239,7740863.000,57.4125
16-06-2020 10:00,pkci93gMrogZuBj,11152.8,1641,7404858.000,1089.17
04-06-2020 13:15,adLQvlD726eNBSB,13240.6,5059.43,6427326.429,1291.33
03-06-2020 19:45,YxYtjZvoooNbGkE,0,7827,7326756.000,0
06-06-2020 16:00,adLQvlD726eNBSB,2700,6397,6444825.000,264.8
09-06-2020 09:30,1BY6WEcLGh8j5v7,6756.29,1352.43,6432966.429,661.043
28-05-2020 10:45,7JYdWkrLSPkdwr4,8776,2735.14,7701285.143,857.243
29-05-2020 10:45,uHbuxQJl8lW7ozc,11457.2,2475.12,7146107.125,1118.3
26-05-2020 21:45,1IF53ai7Xc0U56Y,0,0,6274638.000,0
01-06-2020 18:45,z9Y9gH1T5YWrNuG,0,5931,7139828.000,0
23-05-2020 04:30,adLQvlD726eNBSB,0,0,6328951.000,0
15-05-2020 07:00,sjndEbLyjtCKgGv,1877.12,78.125,7016910.125,184.012
02-06-2020 16:30,pkci93gMrogZuBj,4683.57,7052.86,7307352.857,459.529
22-05-2020 23:15,zBIq5rxdHJRwDNY,0,0,6395807.000,0
22-05-2020 22:30,sjndEbLyjtCKgGv,0,0,7072962.000,0
28-05-2020 00:00,1BY6WEcLGh8j5v7,0,880.571,6349833.000,0
13-06-2020 01:00,ih0vzX44oOqAx2f,0,0,6392263.000,0
12-06-2020 12:00,VHMLBKoKgIrUVDU,10274,2691.25,7417702.250,1003.86
30-05-2020 16:45,zBIq5rxdHJRwDNY,4339.29,7091.71,6456996.714,426.014
07-06-2020 19:45,bvBOhCH3iADSZry,0,5169,6478293.000,0
20-05-2020 01:30,McdE0feGgRqW7Ca,0,0,7192098.000,0
05-06-2020 03:15,3PZuoBAID5Wc2HD,0,0,7144703.000,0
02-06-2020 22:30,iCRJl6heRkivqQ3,0,7465,7317813.000,0
28-05-2020 20:30,1IF53ai7Xc0U56Y,0,8496,6289958.000,0
03-06-2020 23:30,ZoEaEvLYb1n2sOq,0,7774,7243501.000,0
31-05-2020 15:30,sjndEbLyjtCKgGv,3313.14,5480.29,7141735.286,325.514
18-05-2020 18:00,wCURE6d3bPkepu2,435.625,5384.38,6808384.375,42.1125
07-06-2020 12:45,adLQvlD726eNBSB,13412.4,4728.71,6449759.714,1307.7
07-06-2020 22:45,7JYdWkrLSPkdwr4,0,8053,7778510.000,0
25-05-2020 03:00,zBIq5rxdHJRwDNY,0,0,6411758.000,0
08-06-2020 01:00,z9Y9gH1T5YWrNuG,0,0,7183631.000,0
17-05-2020 12:45,zVJPv84UY57bAof,9179.25,4575.88,7133110.875,897.15
04-06-2020 08:15,VHMLBKoKgIrUVDU,5986.12,515.5,7356176.500,586.6
25-05-2020 01:00,uHbuxQJl8lW7ozc,0,0,7111852.000,0
17-05-2020 21:15,ih0vzX44oOqAx2f,0,7391,6205201.000,0
30-05-2020 06:30,ih0vzX44oOqAx2f,703.875,17.125,6295138.125,68.225
07-06-2020 22:30,pkci93gMrogZuBj,0,8214,7346132.000,0
16-05-2020 14:00,wCURE6d3bPkepu2,6527,4941.29,6793868.286,639.3
16-06-2020 20:45,rGa61gmuvPhdLxV,0,6243,7350947.000,0
28-05-2020 18:30,bvBOhCH3iADSZry,54.8571,7751.57,6413584.571,5.3
26-05-2020 13:45,sjndEbLyjtCKgGv,11891,5744.29,7103855.286,1159.83
19-05-2020 13:00,VHMLBKoKgIrUVDU,10151.1,3986.86,7236540.857,991.371
22-05-2020 19:30,WRmjgnKYAwPKWDb,0,7237,7084595.000,0
06-06-2020 22:15,1IF53ai7Xc0U56Y,0,6542,6355099.000,0
15-06-2020 22:00,ZoEaEvLYb1n2sOq,0,6639,7329691.000,0
14-06-2020 14:45,iCRJl6heRkivqQ3,6613.75,6009.5,7405864.500,647.837
22-05-2020 21:45,ZoEaEvLYb1n2sOq,0,0,7153713.000,0
03-06-2020 15:00,wCURE6d3bPkepu2,11943.1,6434,6929303.000,1165.59
19-05-2020 03:45,iCRJl6heRkivqQ3,0,0,7203767.000,0
27-05-2020 18:00,ZnxXDlPa8U1GXgE,302,6720.5,6619369.500,29.15
07-06-2020 14:45,zVJPv84UY57bAof,5207.14,6586.14,7292116.143,510.2
18-05-2020 09:45,uHbuxQJl8lW7ozc,1518.62,592,7059385.000,148.363
09-06-2020 14:45,adLQvlD726eNBSB,7879.29,6579,6468583.000,771.057
26-05-2020 22:15,McdE0feGgRqW7Ca,0,0,7249560.000,0
22-05-2020 10:45,3PZuoBAID5Wc2HD,7525.25,2067.12,7039368.125,736.525
29-05-2020 09:30,pkci93gMrogZuBj,6803.14,1222.57,7274480.571,666.2
04-06-2020 11:30,YxYtjZvoooNbGkE,9178.57,3038.71,7329794.714,897.443
12-06-2020 11:30,adLQvlD726eNBSB,9868.88,2238.5,6484972.500,965.013
31-05-2020 07:45,bvBOhCH3iADSZry,2124.62,182.5,6427863.500,208.275
31-05-2020 10:00,WRmjgnKYAwPKWDb,6862.29,1306,7149335.000,671.643
09-06-2020 06:30,z9Y9gH1T5YWrNuG,738.375,22.25,7191446.250,71.5625
25-05-2020 04:30,ih0vzX44oOqAx2f,0,0,6256494.000,0
08-06-2020 04:15,pkci93gMrogZuBj,0,0,7346132.000,0
19-05-2020 06:15,7JYdWkrLSPkdwr4,91.625,1,7628373.000,8.825
02-06-2020 06:15,ZnxXDlPa8U1GXgE,404.125,6.375,6655449.375,39.075
03-06-2020 02:15,z9Y9gH1T5YWrNuG,0,0,7147274.000,0
04-06-2020 11:45,YxYtjZvoooNbGkE,10763.5,3284.88,7330040.875,1050.85
03-06-2020 04:45,WRmjgnKYAwPKWDb,0,0,7166917.000,0
15-06-2020 03:15,McdE0feGgRqW7Ca,0,0,7389358.000,0
07-06-2020 08:15,iCRJl6heRkivqQ3,3579.38,395.625,7348629.625,351.863
15-05-2020 07:15,adLQvlD726eNBSB,2143.71,134.143,6271489.143,210.171
22-05-2020 21:15,wCURE6d3bPkepu2,0,0,6839225.000,0
30-05-2020 22:15,ZoEaEvLYb1n2sOq,0,7248,7216848.000,0
08-06-2020 06:15,1BY6WEcLGh8j5v7,427.286,6.42857,6423756.429,41.2857
20-05-2020 09:30,YxYtjZvoooNbGkE,8679.88,1439,7213915.000,849.3
04-06-2020 09:30,adLQvlD726eNBSB,7400.43,1364.43,6423631.429,723.943
13-06-2020 07:15,zVJPv84UY57bAof,2566.14,119.571,7328669.571,251.657
25-05-2020 01:15,7JYdWkrLSPkdwr4,0,0,7675241.000,0
26-05-2020 23:15,pkci93gMrogZuBj,0,0,7258294.000,0
07-06-2020 18:15,ih0vzX44oOqAx2f,303.25,8015,6358688.000,29.2875
27-05-2020 10:45,7JYdWkrLSPkdwr4,7683.29,2376,7694288.000,751.643
05-06-2020 04:30,7JYdWkrLSPkdwr4,0,0,7756621.000,0
12-06-2020 05:00,adLQvlD726eNBSB,0,0,6482734.000,0
16-05-2020 23:45,WRmjgnKYAwPKWDb,0,6615,7041430.000,0
16-05-2020 19:30,adLQvlD726eNBSB,0,6705,6284443.000,0
24-05-2020 20:45,VHMLBKoKgIrUVDU,0,8180,7280512.000,0
17-05-2020 07:15,3PZuoBAID5Wc2HD,2782,105.714,7000794.714,272.914
25-05-2020 00:30,YxYtjZvoooNbGkE,0,0,7252651.000,0
15-05-2020 18:00,iCRJl6heRkivqQ3,296,6412.29,7184404.286,28.5857
31-05-2020 16:00,ZoEaEvLYb1n2sOq,2985.86,5447.71,7222295.714,293.129
08-06-2020 20:15,z9Y9gH1T5YWrNuG,0,7793,7191424.000,0
16-05-2020 14:15,1IF53ai7Xc0U56Y,8922.71,5143.71,6195145.714,872.914
03-06-2020 07:30,ZnxXDlPa8U1GXgE,2824.71,170.429,6663138.429,277.057
18-05-2020 18:15,z9Y9gH1T5YWrNuG,184.143,5345.57,7033571.571,17.7571
26-05-2020 17:45,rGa61gmuvPhdLxV,495.571,7751,7199853.000,47.9429
15-05-2020 02:45,z9Y9gH1T5YWrNuG,0,0,7007866.000,0
11-06-2020 17:00,7JYdWkrLSPkdwr4,2355.75,5415.88,7806506.875,230.988
20-05-2020 20:15,WRmjgnKYAwPKWDb,0,8793,7069725.000,0
31-05-2020 12:45,1IF53ai7Xc0U56Y,13485.1,3817.29,6309360.286,1314.79
16-05-2020 14:30,McdE0feGgRqW7Ca,7618.14,5334.14,7170769.143,745.814
12-06-2020 07:15,1IF53ai7Xc0U56Y,1073.88,66.875,6392390.875,104.4
04-06-2020 08:45,sjndEbLyjtCKgGv,5137.86,752,7164045.000,503.5
03-06-2020 09:45,3PZuoBAID5Wc2HD,6039.14,1284.86,7129898.857,591.743
22-05-2020 05:45,ih0vzX44oOqAx2f,0,0,6233543.000,0
10-06-2020 23:15,ZoEaEvLYb1n2sOq,0,6392,7296071.000,0
18-05-2020 07:30,sjndEbLyjtCKgGv,3421.86,208.714,7037262.714,336.157
15-06-2020 19:30,YxYtjZvoooNbGkE,0,6633,7413335.000,0
31-05-2020 22:00,zVJPv84UY57bAof,0,6047,7242024.000,0
22-05-2020 01:45,wCURE6d3bPkepu2,0,0,6832055.000,0
22-05-2020 14:45,WRmjgnKYAwPKWDb,10018.3,6141.71,7083499.714,979.557
17-05-2020 02:30,zVJPv84UY57bAof,0,0,7128535.000,0
05-06-2020 10:00,McdE0feGgRqW7Ca,10704.8,1721.25,7318482.250,1045.22
29-05-2020 12:45,ZnxXDlPa8U1GXgE,12588.7,4624.14,6632540.143,1227.4
31-05-2020 00:15,VHMLBKoKgIrUVDU,0,0,7328329.000,0
01-06-2020 19:00,ih0vzX44oOqAx2f,0,5751,6313983.000,0
26-05-2020 03:00,WRmjgnKYAwPKWDb,0,0,7109996.000,0
03-06-2020 10:00,sjndEbLyjtCKgGv,5941.43,1402.14,7156849.143,582.186
01-06-2020 05:15,sjndEbLyjtCKgGv,0,0,7142242.000,0
23-05-2020 19:45,1BY6WEcLGh8j5v7,0,7966,6320403.000,0
01-06-2020 22:45,bvBOhCH3iADSZry,0,5378,6438645.000,0
11-06-2020 09:15,YxYtjZvoooNbGkE,4153.86,590.143,7380277.143,408.057
15-05-2020 19:15,uHbuxQJl8lW7ozc,0,6387,7045068.000,0
03-06-2020 05:00,uHbuxQJl8lW7ozc,0,0,7178405.000,0
18-05-2020 11:15,McdE0feGgRqW7Ca,7190.71,1187.29,7180814.286,704.129
18-05-2020 04:00,pkci93gMrogZuBj,0,0,7189047.000,0
12-06-2020 14:00,adLQvlD726eNBSB,9124.25,4377,6487111.000,892.525
17-06-2020 09:30,3PZuoBAID5Wc2HD,6956.29,1003.86,7232376.857,681.229
21-05-2020 17:30,YxYtjZvoooNbGkE,592.857,7711,7229005.000,57.3857
23-05-2020 04:00,sjndEbLyjtCKgGv,0,0,7072962.000,0
13-06-2020 10:30,WRmjgnKYAwPKWDb,11378.1,2520,7241300.000,1110.61
30-05-2020 13:30,rGa61gmuvPhdLxV,10709.5,4208.38,7227282.375,1046.04
17-06-2020 19:00,iCRJl6heRkivqQ3,0,5957,7426263.000,0
16-06-2020 04:00,sjndEbLyjtCKgGv,0,0,7249539.000,0
10-06-2020 15:00,zBIq5rxdHJRwDNY,2128.43,5581.86,6536986.857,208.543
05-06-2020 06:15,YxYtjZvoooNbGkE,303.125,4.5,7334890.500,29.3
02-06-2020 06:30,pkci93gMrogZuBj,484.143,17.2857,7300317.286,46.8286
19-05-2020 05:45,rGa61gmuvPhdLxV,0,0,7136902.000,0
25-05-2020 01:45,YxYtjZvoooNbGkE,0,0,7252651.000,0
15-06-2020 14:30,McdE0feGgRqW7Ca,10688.6,5463.57,7394821.571,1043.56
29-05-2020 08:15,sjndEbLyjtCKgGv,4206.14,416.286,7121319.286,413.186
04-06-2020 16:00,ih0vzX44oOqAx2f,7701.86,7162.14,6336172.143,754.014
29-05-2020 17:45,bvBOhCH3iADSZry,853.75,7415.25,6421000.250,82.8625
26-05-2020 09:30,bvBOhCH3iADSZry,8783.14,1400.14,6393736.143,859.357
16-06-2020 16:30,iCRJl6heRkivqQ3,2756.38,6035.38,7420036.375,270.337
04-06-2020 07:30,WRmjgnKYAwPKWDb,2617.71,206.857,7174833.857,257.043
19-05-2020 17:45,pkci93gMrogZuBj,547.857,6933.71,7201344.714,53.0857
17-06-2020 09:15,ZnxXDlPa8U1GXgE,5389,825.125,6765633.125,528.225
14-06-2020 23:15,1IF53ai7Xc0U56Y,0,7487,6414368.000,0
15-06-2020 22:00,rGa61gmuvPhdLxV,0,6732,7344704.000,0
16-06-2020 06:30,McdE0feGgRqW7Ca,706.75,12.625,7396242.625,68.4875
29-05-2020 14:00,1BY6WEcLGh8j5v7,6237.5,5559.88,6363369.875,611.075
16-05-2020 21:45,zVJPv84UY57bAof,0,6419,7128535.000,0
29-05-2020 11:15,ZnxXDlPa8U1GXgE,11007.7,2994.57,6630910.571,1074.46
17-06-2020 00:30,wCURE6d3bPkepu2,0,0,7022718.000,0
25-05-2020 12:15,adLQvlD726eNBSB,13060.7,4759.57,6350890.571,1273.43
31-05-2020 08:00,VHMLBKoKgIrUVDU,2670.29,257,7328586.000,261.986
22-05-2020 17:30,z9Y9gH1T5YWrNuG,820.143,7038.86,7064185.857,79.5714
03-06-2020 15:00,WRmjgnKYAwPKWDb,11666.9,6368.14,7173285.143,1139.04
29-05-2020 09:45,7JYdWkrLSPkdwr4,8444.43,1370.71,7708198.714,825.857
11-06-2020 11:45,WRmjgnKYAwPKWDb,8361,2070.43,7229437.429,818.243
02-06-2020 20:30,adLQvlD726eNBSB,0,0,6414276.000,0
19-05-2020 04:15,wCURE6d3bPkepu2,0,0,6808393.000,0
15-05-2020 03:00,zVJPv84UY57bAof,0,0,7116151.000,0
18-05-2020 14:30,VHMLBKoKgIrUVDU,6729.14,3899.29,7230996.286,659.1
28-05-2020 01:00,uHbuxQJl8lW7ozc,0,0,7135258.000,0
19-05-2020 17:30,pkci93gMrogZuBj,1283.38,6909.75,7201320.750,124.838
16-06-2020 10:30,7JYdWkrLSPkdwr4,8340.71,2136.29,7836935.286,816.229
17-06-2020 02:00,pkci93gMrogZuBj,0,0,7409478.000,0
08-06-2020 00:30,pkci93gMrogZuBj,0,0,7346132.000,0
25-05-2020 15:00,uHbuxQJl8lW7ozc,10402.3,7608.14,7119460.143,1016.9
05-06-2020 22:00,McdE0feGgRqW7Ca,0,7920,7324681.000,0
18-05-2020 21:15,zVJPv84UY57bAof,0,5390,7141405.000,0
15-06-2020 19:00,z9Y9gH1T5YWrNuG,0,6716,7239184.000,0
12-06-2020 01:15,pkci93gMrogZuBj,0,0,7374956.000,0
17-06-2020 01:15,uHbuxQJl8lW7ozc,0,0,7281035.000,0
10-06-2020 08:00,uHbuxQJl8lW7ozc,4238.75,416.125,7234279.125,415.988
14-06-2020 16:30,WRmjgnKYAwPKWDb,2845.43,7175.71,7254354.714,279.343
03-06-2020 08:45,YxYtjZvoooNbGkE,5077.62,663.875,7319592.875,497.775
24-05-2020 14:15,pkci93gMrogZuBj,11396.4,6148.14,7239823.143,1112.86
08-06-2020 20:15,7JYdWkrLSPkdwr4,0,8283,7786793.000,0
16-06-2020 01:30,wCURE6d3bPkepu2,0,0,7016444.000,0
25-05-2020 02:30,ZnxXDlPa8U1GXgE,0,0,6595756.000,0
17-06-2020 12:15,YxYtjZvoooNbGkE,13839.9,3128.57,7422684.571,1349.4
18-05-2020 10:00,sjndEbLyjtCKgGv,1747.62,626.25,7037680.250,171.275
23-05-2020 12:15,ZoEaEvLYb1n2sOq,13291.4,4278.25,7157991.250,1296.24
03-06-2020 19:30,7JYdWkrLSPkdwr4,0,7749,7748622.000,0
15-06-2020 19:30,McdE0feGgRqW7Ca,0,6872,7396230.000,0
25-05-2020 06:00,WRmjgnKYAwPKWDb,0,0,7101117.000,0
20-05-2020 02:45,rGa61gmuvPhdLxV,0,0,7143812.000,0
19-05-2020 07:30,sjndEbLyjtCKgGv,2739.71,177,7042582.000,268.814
11-06-2020 05:15,7JYdWkrLSPkdwr4,0,0,7801091.000,0
04-06-2020 02:00,zVJPv84UY57bAof,0,0,7263053.000,0
08-06-2020 01:00,pkci93gMrogZuBj,0,0,7346132.000,0
13-06-2020 00:30,YxYtjZvoooNbGkE,0,0,7391059.000,0
21-05-2020 16:15,WRmjgnKYAwPKWDb,3283.86,7351.86,7077076.857,322.743
16-05-2020 04:30,ZnxXDlPa8U1GXgE,0,0,6528476.000,0
22-05-2020 06:30,VHMLBKoKgIrUVDU,910.143,27.8571,7256388.857,88.4
20-05-2020 03:30,bvBOhCH3iADSZry,0,0,6346907.000,0
18-05-2020 16:45,YxYtjZvoooNbGkE,2920.25,5178.75,7205407.750,286.6
11-06-2020 16:45,1IF53ai7Xc0U56Y,3247.29,5472.14,6392092.143,319.3
28-05-2020 19:15,VHMLBKoKgIrUVDU,0,8509,7312887.000,0
01-06-2020 04:00,ZnxXDlPa8U1GXgE,0,0,6649525.000,0
15-06-2020 02:00,z9Y9gH1T5YWrNuG,0,0,7232468.000,0
26-05-2020 09:30,uHbuxQJl8lW7ozc,9461,1477.57,7122173.571,925.371
07-06-2020 03:45,bvBOhCH3iADSZry,0,0,6473124.000,0
18-05-2020 23:15,uHbuxQJl8lW7ozc,0,5408,7064201.000,0
23-05-2020 07:30,iCRJl6heRkivqQ3,3199.38,142.375,7234735.375,314.413
01-06-2020 21:45,YxYtjZvoooNbGkE,0,5777,7311516.000,0
28-05-2020 03:30,1BY6WEcLGh8j5v7,0,0,6349833.000,0
04-06-2020 04:45,adLQvlD726eNBSB,0,0,6422267.000,0
06-06-2020 03:30,VHMLBKoKgIrUVDU,0,0,7371554.000,0
08-06-2020 00:30,7JYdWkrLSPkdwr4,0,0,7778510.000,0
17-05-2020 03:45,pkci93gMrogZuBj,0,0,7181650.000,0
09-06-2020 00:30,3PZuoBAID5Wc2HD,0,0,7175733.000,0
05-06-2020 04:00,wCURE6d3bPkepu2,0,0,6939021.000,0
24-05-2020 16:30,adLQvlD726eNBSB,3575,8002.29,6345736.286,350.486
12-06-2020 21:30,WRmjgnKYAwPKWDb,0,5794,7238780.000,0
02-06-2020 03:30,ZnxXDlPa8U1GXgE,0,0,6655443.000,0
23-05-2020 00:15,VHMLBKoKgIrUVDU,0,0,7263721.000,0
25-05-2020 01:00,WRmjgnKYAwPKWDb,0,0,7101117.000,0
07-06-2020 22:45,zBIq5rxdHJRwDNY,0,8183,6514911.000,0
12-06-2020 07:00,YxYtjZvoooNbGkE,927.857,41,7385320.000,90.1143
03-06-2020 10:45,zVJPv84UY57bAof,10649.5,1967.5,7257184.500,1040.47
17-06-2020 10:15,3PZuoBAID5Wc2HD,6952.25,1466.25,7232839.250,680.875
25-05-2020 23:45,ZnxXDlPa8U1GXgE,0,8910,6604666.000,0
16-06-2020 01:00,VHMLBKoKgIrUVDU,0,0,7443869.000,0
12-06-2020 14:30,pkci93gMrogZuBj,6400.12,4613.62,7379569.625,626.987
05-06-2020 16:45,3PZuoBAID5Wc2HD,4409.14,7365,7152068.000,432.871
18-05-2020 02:15,WRmjgnKYAwPKWDb,0,0,7049104.000,0
01-06-2020 12:45,VHMLBKoKgIrUVDU,3840.25,4229.88,7338634.875,377.312
02-06-2020 21:00,iCRJl6heRkivqQ3,0,7465,7317813.000,0
11-06-2020 18:00,McdE0feGgRqW7Ca,653.143,5733.86,7367356.857,63.2571
19-05-2020 23:00,rGa61gmuvPhdLxV,0,6910,7143812.000,0
17-05-2020 08:30,zVJPv84UY57bAof,5579.88,597.875,7129132.875,546.925
07-06-2020 06:30,wCURE6d3bPkepu2,789.571,19.1429,6953113.143,76.5714
26-05-2020 07:30,1BY6WEcLGh8j5v7,3162.29,197.429,6336405.429,310.743
02-06-2020 17:15,bvBOhCH3iADSZry,1436.14,6774.86,6445419.857,140.143
07-06-2020 10:30,adLQvlD726eNBSB,10408.9,1922.5,6446953.500,1016.64
09-06-2020 03:30,bvBOhCH3iADSZry,0,0,6485986.000,0
31-05-2020 04:45,iCRJl6heRkivqQ3,0,0,7298598.000,0
22-05-2020 22:15,uHbuxQJl8lW7ozc,0,0,7095253.000,0
03-06-2020 19:45,zVJPv84UY57bAof,0,7836,7263053.000,0
26-05-2020 03:30,rGa61gmuvPhdLxV,0,0,7192102.000,0
26-05-2020 23:15,adLQvlD726eNBSB,0,0,6363516.000,0
06-06-2020 23:45,WRmjgnKYAwPKWDb,0,6341,7196611.000,0
15-06-2020 09:00,VHMLBKoKgIrUVDU,8696.75,1138.5,7438193.500,850.862
02-06-2020 09:30,7JYdWkrLSPkdwr4,9606.12,1343.75,7734967.750,938.35
25-05-2020 00:15,rGa61gmuvPhdLxV,0,0,7183295.000,0
04-06-2020 14:30,sjndEbLyjtCKgGv,6992.62,6008.88,7169301.875,684.737
07-06-2020 14:15,ZnxXDlPa8U1GXgE,10298.1,6204,6699258.000,1005.33
04-06-2020 22:15,ZoEaEvLYb1n2sOq,0,0,7251540.000,0
19-05-2020 15:45,wCURE6d3bPkepu2,5435.43,6226.57,6814619.571,532.8
25-05-2020 14:45,uHbuxQJl8lW7ozc,10662.6,7368.57,7119220.571,1042.23
28-05-2020 05:45,sjndEbLyjtCKgGv,0,0,7112565.000,0
14-06-2020 13:45,pkci93gMrogZuBj,11443.6,4874.14,7394035.143,1117.03
29-05-2020 07:30,WRmjgnKYAwPKWDb,2235.62,192,7133053.000,219.188
13-06-2020 09:30,adLQvlD726eNBSB,9454.57,1626.43,6490348.429,924.271
31-05-2020 01:45,ih0vzX44oOqAx2f,0,0,6302267.000,0
06-06-2020 21:00,rGa61gmuvPhdLxV,0,0,7279501.000,0
15-06-2020 20:00,zVJPv84UY57bAof,0,6820,7351100.000,0
20-05-2020 13:00,bvBOhCH3iADSZry,11152.1,5000.43,6351907.429,1088.96
20-05-2020 02:15,uHbuxQJl8lW7ozc,0,0,7071198.000,0
25-05-2020 17:45,zBIq5rxdHJRwDNY,468.75,8420.5,6420178.500,45.3375
22-05-2020 09:45,ih0vzX44oOqAx2f,4883,1269.43,6234812.429,479.057
08-06-2020 22:15,YxYtjZvoooNbGkE,0,8343,7365310.000,0
24-05-2020 12:30,zBIq5rxdHJRwDNY,10352.9,3962.57,6408443.571,1011.71
17-06-2020 04:30,sjndEbLyjtCKgGv,0,0,7255794.000,0
15-06-2020 04:00,McdE0feGgRqW7Ca,0,0,7389358.000,0
29-05-2020 21:00,z9Y9gH1T5YWrNuG,0,0,7120455.000,0
21-05-2020 16:30,7JYdWkrLSPkdwr4,4258,7462.62,7651442.625,418.087
11-06-2020 11:15,7JYdWkrLSPkdwr4,7712.62,1681.38,7802772.375,755.05
22-05-2020 16:30,zBIq5rxdHJRwDNY,2253.38,7021,6395620.000,220.925
13-06-2020 21:15,McdE0feGgRqW7Ca,0,8595,7381923.000,0
10-06-2020 01:45,sjndEbLyjtCKgGv,0,0,7209095.000,0
02-06-2020 22:15,7JYdWkrLSPkdwr4,0,0,7740873.000,0
22-05-2020 04:00,McdE0feGgRqW7Ca,0,0,7209055.000,0
10-06-2020 22:30,1BY6WEcLGh8j5v7,0,5911,6444981.000,0
01-06-2020 08:45,1IF53ai7Xc0U56Y,7278.29,987.857,6312419.857,712.643
10-06-2020 11:45,pkci93gMrogZuBj,10476.4,2743.25,7365459.250,1022.95
26-05-2020 01:45,3PZuoBAID5Wc2HD,0,0,7070636.000,0
19-05-2020 02:00,ZoEaEvLYb1n2sOq,0,0,7123527.000,0
18-05-2020 15:00,ZoEaEvLYb1n2sOq,7831.86,4108.71,7122316.714,766.643
02-06-2020 09:45,bvBOhCH3iADSZry,9331.71,1543.57,6440188.571,912.714
28-05-2020 01:45,ZnxXDlPa8U1GXgE,0,0,6619376.000,0
30-05-2020 20:30,zBIq5rxdHJRwDNY,0,7396,6457301.000,0
23-05-2020 21:30,WRmjgnKYAwPKWDb,0,8431,7093026.000,0
26-05-2020 07:45,zBIq5rxdHJRwDNY,3902.14,277.143,6420478.143,383.443
19-05-2020 06:15,zBIq5rxdHJRwDNY,103.714,0.714286,6365047.714,9.98571
27-05-2020 16:45,zVJPv84UY57bAof,3367.5,6507.62,7211890.625,330.275
03-06-2020 07:15,ih0vzX44oOqAx2f,2185.88,104.25,6321415.250,214.3
21-05-2020 20:15,ih0vzX44oOqAx2f,0,0,6233543.000,0
11-06-2020 09:30,sjndEbLyjtCKgGv,4473.71,701.143,7216301.143,439.257
12-06-2020 13:00,sjndEbLyjtCKgGv,8040,3403.29,7224657.286,786.943
12-06-2020 21:45,z9Y9gH1T5YWrNuG,0,5803,7216867.000,0
17-05-2020 13:30,YxYtjZvoooNbGkE,9824.29,5152.86,7197884.857,959.486
24-05-2020 14:15,YxYtjZvoooNbGkE,11191.4,6247.29,7250927.286,1092.81
04-06-2020 09:15,wCURE6d3bPkepu2,6655.5,1095.12,6931871.125,651.825
24-05-2020 12:15,1IF53ai7Xc0U56Y,12893.6,4201.29,6253408.286,1257.14
23-05-2020 14:45,3PZuoBAID5Wc2HD,7104.88,7019.25,7051635.250,695.763
15-05-2020 22:30,ZoEaEvLYb1n2sOq,0,6261,7104360.000,0
26-05-2020 22:15,1IF53ai7Xc0U56Y,0,0,6274638.000,0
25-05-2020 09:15,3PZuoBAID5Wc2HD,9388,1281.38,7062849.375,918.237
20-05-2020 03:30,pkci93gMrogZuBj,0,0,7201349.000,0
09-06-2020 05:30,VHMLBKoKgIrUVDU,0,0,7394696.000,0
20-05-2020 08:15,7JYdWkrLSPkdwr4,5979.43,552.286,7635760.286,585.9
14-06-2020 09:30,WRmjgnKYAwPKWDb,8281,1279.86,7248458.857,810.429
27-05-2020 16:00,McdE0feGgRqW7Ca,6741.43,6249.57,7255809.571,660.257
03-06-2020 23:15,zBIq5rxdHJRwDNY,0,7888,6484342.000,0
17-05-2020 14:30,wCURE6d3bPkepu2,3150.57,5950.71,6801420.714,309.343
18-05-2020 17:45,1IF53ai7Xc0U56Y,744.286,5430.14,6209783.143,72.1857
05-06-2020 12:15,wCURE6d3bPkepu2,4703.75,3755.38,6942776.375,461.575
03-06-2020 23:30,3PZuoBAID5Wc2HD,0,7874,7136488.000,0
22-05-2020 08:30,pkci93gMrogZuBj,2601.5,664.25,7218640.250,255.113
17-06-2020 17:15,VHMLBKoKgIrUVDU,1576.25,5905.12,7456106.125,154.188
02-06-2020 14:45,rGa61gmuvPhdLxV,8304.71,6043.57,7248012.571,811.814
09-06-2020 04:15,YxYtjZvoooNbGkE,0,0,7365310.000,0
26-05-2020 10:30,pkci93gMrogZuBj,11909.6,2455,7252974.000,1161.97
07-06-2020 09:00,wCURE6d3bPkepu2,9500.62,753.25,6953847.250,929.163
29-05-2020 20:30,ZoEaEvLYb1n2sOq,0,0,7209600.000,0
11-06-2020 06:45,VHMLBKoKgIrUVDU,537.571,19,7409314.000,52.0286
11-06-2020 18:30,zBIq5rxdHJRwDNY,58.125,5647,6543550.000,5.625
25-05-2020 18:45,adLQvlD726eNBSB,0,9163,6355294.000,0
17-05-2020 21:15,VHMLBKoKgIrUVDU,0,7717,7227097.000,0
15-05-2020 15:15,1BY6WEcLGh8j5v7,6339.38,4840.25,6264399.250,620.987
13-06-2020 01:45,ZnxXDlPa8U1GXgE,0,0,6735785.000,0
17-05-2020 05:45,uHbuxQJl8lW7ozc,0,0,7051339.000,0
26-05-2020 13:45,ZoEaEvLYb1n2sOq,12482.7,5726.57,7184640.571,1217.07
09-06-2020 21:00,3PZuoBAID5Wc2HD,0,8186,7183919.000,0
29-05-2020 21:15,YxYtjZvoooNbGkE,0,0,7292503.000,0
02-06-2020 07:45,zBIq5rxdHJRwDNY,2358.88,202.625,6469235.625,231.312
08-06-2020 10:30,1IF53ai7Xc0U56Y,12612.9,2534.5,6365872.500,1230.12
13-06-2020 07:45,McdE0feGgRqW7Ca,4305.75,291.25,7373619.250,422.812
27-05-2020 10:00,VHMLBKoKgIrUVDU,9481,1972.5,7299587.500,926.625
02-06-2020 00:00,bvBOhCH3iADSZry,0,0,6438645.000,0
14-06-2020 20:45,McdE0feGgRqW7Ca,0,7435,7389358.000,0
22-05-2020 12:45,ZoEaEvLYb1n2sOq,11215.6,3952.86,7150637.857,1094.37
19-05-2020 01:45,McdE0feGgRqW7Ca,0,0,7185091.000,0
24-05-2020 21:15,1IF53ai7Xc0U56Y,0,8273,6257480.000,0
25-05-2020 12:00,ZoEaEvLYb1n2sOq,12445.9,4158,7174327.000,1213.46
20-05-2020 00:45,zVJPv84UY57bAof,0,0,7148337.000,0
04-06-2020 20:30,bvBOhCH3iADSZry,0,7462,6460186.000,0
25-05-2020 06:00,uHbuxQJl8lW7ozc,0,0,7111852.000,0
16-06-2020 02:30,YxYtjZvoooNbGkE,0,0,7413335.000,0
18-05-2020 05:15,WRmjgnKYAwPKWDb,0,0,7049104.000,0
08-06-2020 15:30,ZoEaEvLYb1n2sOq,7145.38,7304.88,7280757.875,699.425
22-05-2020 08:15,zVJPv84UY57bAof,4738.57,593,7165716.000,464.443
13-06-2020 08:30,McdE0feGgRqW7Ca,7097.14,715.143,7374043.143,694.986
17-05-2020 21:45,1IF53ai7Xc0U56Y,0,7759,6204353.000,0
16-06-2020 02:15,pkci93gMrogZuBj,0,0,7403217.000,0
21-05-2020 22:45,YxYtjZvoooNbGkE,0,7740,7229034.000,0
22-05-2020 11:30,adLQvlD726eNBSB,14300.3,2760.14,6324333.143,1394.29
13-06-2020 04:45,z9Y9gH1T5YWrNuG,0,0,7216867.000,0
10-06-2020 19:00,rGa61gmuvPhdLxV,0,6565,7310769.000,0
02-06-2020 09:45,ZnxXDlPa8U1GXgE,10072.1,1725.86,6657168.857,984.743
03-06-2020 00:30,iCRJl6heRkivqQ3,0,0,7317813.000,0
12-06-2020 18:00,WRmjgnKYAwPKWDb,816.571,5774.14,7238760.143,79.2143
27-05-2020 03:00,WRmjgnKYAwPKWDb,0,0,7117880.000,0
17-05-2020 18:00,z9Y9gH1T5YWrNuG,316,7480,7028220.000,30.5375
03-06-2020 11:15,sjndEbLyjtCKgGv,9255.43,2449.57,7157896.571,905.329
19-05-2020 22:15,WRmjgnKYAwPKWDb,0,0,7060932.000,0
19-05-2020 16:45,pkci93gMrogZuBj,3787.14,6734.71,7201145.714,372.186
28-05-2020 02:30,ZnxXDlPa8U1GXgE,0,0,6619376.000,0
15-05-2020 14:45,uHbuxQJl8lW7ozc,6642.14,5075.14,7043756.143,650.357
11-06-2020 11:00,ZoEaEvLYb1n2sOq,7094.38,1490.75,7297561.750,694.712
01-06-2020 11:30,3PZuoBAID5Wc2HD,13251.3,3491.86,7118795.857,1292.39
30-05-2020 09:00,1BY6WEcLGh8j5v7,3486.62,611.125,6365985.125,342.538
03-06-2020 15:30,1IF53ai7Xc0U56Y,7387,6970.43,6331754.429,723.129
15-05-2020 16:30,bvBOhCH3iADSZry,4333,5429.86,6322232.857,425.543
22-05-2020 21:30,1IF53ai7Xc0U56Y,0,7287,6240534.000,0
18-05-2020 02:00,zBIq5rxdHJRwDNY,0,0,6359657.000,0
19-05-2020 10:45,bvBOhCH3iADSZry,6996.57,1700.43,6342238.429,684.957
31-05-2020 03:45,sjndEbLyjtCKgGv,0,0,7136255.000,0
17-05-2020 23:15,wCURE6d3bPkepu2,0,7530,6803000.000,0
31-05-2020 17:15,3PZuoBAID5Wc2HD,1806.38,5709,7115197.000,177.075
01-06-2020 06:15,pkci93gMrogZuBj,455.571,5.28571,7294796.286,44.1
31-05-2020 02:15,z9Y9gH1T5YWrNuG,0,0,7127597.000,0
16-05-2020 04:45,wCURE6d3bPkepu2,0,0,6788927.000,0
03-06-2020 07:30,zVJPv84UY57bAof,2784.25,166.75,7255383.750,273.087
15-06-2020 19:00,YxYtjZvoooNbGkE,0,6633,7413335.000,0
19-05-2020 11:00,3PZuoBAID5Wc2HD,9996.88,2131,7016049.000,976.237
16-06-2020 19:00,ZoEaEvLYb1n2sOq,0,6191,7335882.000,0
29-05-2020 06:30,rGa61gmuvPhdLxV,997.143,19.2857,7214834.286,96.8857
15-05-2020 11:45,zVJPv84UY57bAof,6012,2254,7118405.000,589.086
13-06-2020 17:15,bvBOhCH3iADSZry,1678.5,7772.12,6517551.125,164.387
21-05-2020 16:00,WRmjgnKYAwPKWDb,4026.88,7262.75,7076987.750,395.562
03-06-2020 02:30,bvBOhCH3iADSZry,0,0,6445487.000,0
14-06-2020 12:00,ih0vzX44oOqAx2f,7419,3314.86,6403832.857,726.414
18-05-2020 20:45,sjndEbLyjtCKgGv,0,5351,7042405.000,0
18-05-2020 20:15,McdE0feGgRqW7Ca,0,5464,7185091.000,0
16-06-2020 03:00,rGa61gmuvPhdLxV,0,0,7344704.000,0
17-06-2020 22:00,wCURE6d3bPkepu2,0,5883,7028601.000,0
13-06-2020 08:45,sjndEbLyjtCKgGv,7179.12,864.25,7227965.250,702.975
14-06-2020 06:00,1BY6WEcLGh8j5v7,51.2857,0,6463663.000,4.94286
18-05-2020 10:30,3PZuoBAID5Wc2HD,3242.57,748.857,7009231.857,318.557
02-06-2020 11:00,rGa61gmuvPhdLxV,9703.86,2667.71,7244636.714,948.586
24-05-2020 20:30,sjndEbLyjtCKgGv,0,7902,7089351.000,0
29-05-2020 21:45,ZoEaEvLYb1n2sOq,0,0,7209600.000,0
10-06-2020 23:45,McdE0feGgRqW7Ca,0,4718.57,7361623.000,0
28-05-2020 14:45,McdE0feGgRqW7Ca,8832.38,6990.25,7263379.250,862.837
27-05-2020 16:00,1BY6WEcLGh8j5v7,6064.62,5654.38,6349323.375,594.225
03-06-2020 13:00,WRmjgnKYAwPKWDb,10663.8,4385.12,7171302.125,1041.58
26-05-2020 13:15,adLQvlD726eNBSB,10723,5556.75,6360850.750,1046.62
01-06-2020 14:15,VHMLBKoKgIrUVDU,3329.75,5167.88,7339572.875,326.325
23-05-2020 01:15,iCRJl6heRkivqQ3,0,0,7234593.000,0
20-05-2020 19:30,1BY6WEcLGh8j5v7,0,8249,6298346.000,0
12-06-2020 14:15,WRmjgnKYAwPKWDb,7030.14,4419.86,7237405.857,688.5
15-06-2020 23:30,ih0vzX44oOqAx2f,0,6564,6414247.000,0
05-06-2020 04:30,adLQvlD726eNBSB,0,0,6430581.000,0
02-06-2020 07:00,wCURE6d3bPkepu2,1749.29,61,6915405.000,171.186
27-05-2020 12:15,rGa61gmuvPhdLxV,7618.71,3775,7203644.000,745.3
04-06-2020 01:00,1IF53ai7Xc0U56Y,0,0,6332659.000,0
11-06-2020 11:30,adLQvlD726eNBSB,7498.43,1935.43,6478879.429,734.157
24-05-2020 10:00,3PZuoBAID5Wc2HD,6621.43,1783.71,7055051.714,648.557
18-05-2020 03:00,McdE0feGgRqW7Ca,0,0,7179627.000,0
13-06-2020 09:15,iCRJl6heRkivqQ3,8282.38,1217.5,7392576.500,810.325
16-05-2020 04:30,ZoEaEvLYb1n2sOq,0,0,7104360.000,0
07-06-2020 07:45,zBIq5rxdHJRwDNY,2516.88,231.625,6506959.625,246.838
16-05-2020 09:45,McdE0feGgRqW7Ca,7223.29,1353.57,7166788.571,707.286
15-05-2020 11:00,z9Y9gH1T5YWrNuG,9592.57,2044.57,7009910.571,937.343
12-06-2020 21:30,McdE0feGgRqW7Ca,0,5955,7373328.000,0
09-06-2020 23:45,ZnxXDlPa8U1GXgE,0,8074,6717772.000,0
26-05-2020 21:30,McdE0feGgRqW7Ca,0,0,7249560.000,0
08-06-2020 22:15,1IF53ai7Xc0U56Y,0,8495,6371833.000,0
18-05-2020 06:45,7JYdWkrLSPkdwr4,1153.62,44.25,7623107.250,112.162
07-06-2020 20:30,VHMLBKoKgIrUVDU,0,8219,7386208.000,0
16-06-2020 14:00,z9Y9gH1T5YWrNuG,6833.75,4596.38,7243780.375,669.188
23-05-2020 16:15,WRmjgnKYAwPKWDb,5184.25,7885.38,7092480.375,508.288
01-06-2020 19:30,YxYtjZvoooNbGkE,0,5777,7311516.000,0
15-05-2020 21:30,bvBOhCH3iADSZry,0,5707,6322510.000,0
27-05-2020 10:30,rGa61gmuvPhdLxV,8626.43,2095.43,7201964.429,843.7
15-05-2020 10:15,3PZuoBAID5Wc2HD,5928.86,1509,6989268.000,581.1
04-06-2020 06:30,z9Y9gH1T5YWrNuG,720.875,17.75,7155130.750,69.875
05-06-2020 02:45,ZoEaEvLYb1n2sOq,0,0,7251540.000,0
22-05-2020 15:15,sjndEbLyjtCKgGv,6125,6426.43,7072312.429,600.2
21-05-2020 10:00,ZnxXDlPa8U1GXgE,8219.83,1596.83,6565951.667,802.783
14-06-2020 07:45,wCURE6d3bPkepu2,4315.71,305.857,7002674.857,423.671
17-05-2020 10:30,1BY6WEcLGh8j5v7,10591.8,2128.25,6273733.250,1034.71
15-05-2020 00:45,ZnxXDlPa8U1GXgE,0,0,6522172.000,0
11-06-2020 09:45,iCRJl6heRkivqQ3,4830.43,821,7380600.000,473.614
18-05-2020 02:30,VHMLBKoKgIrUVDU,0,0,7227097.000,0
06-06-2020 16:15,ZoEaEvLYb1n2sOq,1491.43,6154.86,7265229.857,145.6
12-06-2020 15:00,rGa61gmuvPhdLxV,5915.71,4900,7321332.000,579.657
31-05-2020 23:30,YxYtjZvoooNbGkE,0,5970,7305739.000,0
25-05-2020 19:15,iCRJl6heRkivqQ3,0,8869,7260130.000,0
15-06-2020 08:15,1IF53ai7Xc0U56Y,8263.62,582.5,6414950.500,808.725
19-05-2020 17:45,McdE0feGgRqW7Ca,540.714,7002.29,7192093.286,52.3857
20-05-2020 04:30,3PZuoBAID5Wc2HD,0,0,7020512.000,0
18-05-2020 18:00,ZnxXDlPa8U1GXgE,434.143,5414.86,6548152.857,41.9857
16-06-2020 01:30,1IF53ai7Xc0U56Y,0,0,6421214.000,0
17-05-2020 16:15,rGa61gmuvPhdLxV,5031.33,7020,7131119.000,493.367
23-05-2020 05:00,bvBOhCH3iADSZry,0,0,6368908.000,0
07-06-2020 23:00,adLQvlD726eNBSB,0,8353,6453384.000,0
15-05-2020 20:00,YxYtjZvoooNbGkE,0,6291,7186257.000,0
22-05-2020 11:45,YxYtjZvoooNbGkE,11918.9,2923.14,7231957.143,1162.84
09-06-2020 01:00,ZnxXDlPa8U1GXgE,0,0,6709698.000,0
07-06-2020 15:45,zVJPv84UY57bAof,6941.12,7331,7292861.000,679.562
13-06-2020 00:30,1IF53ai7Xc0U56Y,0,0,6398227.000,0
30-05-2020 14:30,uHbuxQJl8lW7ozc,10719.3,5317.43,7157249.429,1047.73
17-05-2020 23:00,sjndEbLyjtCKgGv,0,7441,7037054.000,0
05-06-2020 09:15,bvBOhCH3iADSZry,8346,989.143,6461175.143,816.657
12-06-2020 21:30,adLQvlD726eNBSB,0,5988,6488722.000,0
16-05-2020 20:15,1IF53ai7Xc0U56Y,0,6592,6196594.000,0
17-06-2020 23:30,iCRJl6heRkivqQ3,0,5957,7426263.000,0
16-05-2020 08:45,iCRJl6heRkivqQ3,6524,724.429,7185134.429,639.057
31-05-2020 16:45,wCURE6d3bPkepu2,1819.71,6047.14,6909205.143,178.357
30-05-2020 10:30,zBIq5rxdHJRwDNY,5265.29,1397.14,6451302.143,516.114
30-05-2020 21:15,WRmjgnKYAwPKWDb,0,7130,7148029.000,0
31-05-2020 17:00,ih0vzX44oOqAx2f,1956.12,5815,6308082.000,191.762
15-06-2020 04:00,1IF53ai7Xc0U56Y,0,0,6414368.000,0
01-06-2020 17:15,ZoEaEvLYb1n2sOq,983.714,5729.14,7228373.143,95.5571
29-05-2020 09:00,z9Y9gH1T5YWrNuG,6972.62,807.5,7113169.500,682.712
13-06-2020 14:00,z9Y9gH1T5YWrNuG,12057.2,6091.5,7222958.500,1176.61
22-05-2020 08:45,rGa61gmuvPhdLxV,4208.5,768,7161167.000,413.25
22-05-2020 10:15,VHMLBKoKgIrUVDU,11564.1,1679,7258040.000,1128.26
13-06-2020 08:45,YxYtjZvoooNbGkE,6436.57,860.857,7391919.857,630.429
02-06-2020 02:45,iCRJl6heRkivqQ3,0,0,7310348.000,0
29-05-2020 22:45,iCRJl6heRkivqQ3,0,0,7291253.000,0
18-05-2020 07:00,zBIq5rxdHJRwDNY,1672.43,74.2857,6359731.286,163.643
11-06-2020 22:00,McdE0feGgRqW7Ca,0,5750,7367373.000,0
11-06-2020 01:45,rGa61gmuvPhdLxV,0,0,7310769.000,0
25-05-2020 06:15,wCURE6d3bPkepu2,393,3,6855794.000,38
24-05-2020 21:15,1BY6WEcLGh8j5v7,0,7537,6327940.000,0
10-06-2020 19:30,rGa61gmuvPhdLxV,0,6565,7310769.000,0
17-06-2020 12:30,sjndEbLyjtCKgGv,9188.62,3426.38,7259220.375,898.163
21-05-2020 15:30,1BY6WEcLGh8j5v7,6464.5,6624.75,6304970.750,633.275
23-05-2020 19:30,McdE0feGgRqW7Ca,0,8684,7224636.000,0
22-05-2020 23:30,WRmjgnKYAwPKWDb,0,7237,7084595.000,0
12-06-2020 22:45,McdE0feGgRqW7Ca,0,5955,7373328.000,0
19-05-2020 10:45,3PZuoBAID5Wc2HD,8634.71,1908.57,7015826.571,844.043
22-05-2020 11:15,sjndEbLyjtCKgGv,7573.12,2365.38,7068251.375,740.438
08-06-2020 01:45,zBIq5rxdHJRwDNY,0,0,6514911.000,0
08-06-2020 23:15,YxYtjZvoooNbGkE,0,8343,7365310.000,0
25-05-2020 17:30,iCRJl6heRkivqQ3,702.857,8832.14,7260093.143,68.1
21-05-2020 16:45,zBIq5rxdHJRwDNY,2473.14,7631.14,6388493.143,242.614
01-06-2020 07:45,sjndEbLyjtCKgGv,4836,356.571,7142598.571,474.214
27-05-2020 14:00,3PZuoBAID5Wc2HD,4402.75,4909.75,7083620.750,432.262
06-06-2020 16:15,WRmjgnKYAwPKWDb,1488.57,6196,7196466.000,145.343
20-05-2020 19:00,YxYtjZvoooNbGkE,0,8818,7221294.000,0
14-06-2020 15:15,bvBOhCH3iADSZry,9140,3098.88,6520740.875,893.862
31-05-2020 04:00,sjndEbLyjtCKgGv,0,0,7136255.000,0
16-05-2020 18:45,bvBOhCH3iADSZry,0,6138,6328648.000,0
22-05-2020 10:45,adLQvlD726eNBSB,9119.12,2093.75,6323666.750,890.913
09-06-2020 16:30,ZnxXDlPa8U1GXgE,5252.88,7631.5,6717329.500,514.9
15-06-2020 10:00,1BY6WEcLGh8j5v7,7887.75,1857.5,6469532.500,772.075
25-05-2020 15:15,YxYtjZvoooNbGkE,8971.38,7836.5,7260487.500,877.638
06-06-2020 18:00,1IF53ai7Xc0U56Y,241.375,6536,6355093.000,23.2875
07-06-2020 02:45,ih0vzX44oOqAx2f,0,0,6350673.000,0
17-05-2020 08:15,bvBOhCH3iADSZry,4846.88,463.875,6329111.875,475.288
24-05-2020 12:45,sjndEbLyjtCKgGv,12097.1,4530,7085979.000,1179.89
07-06-2020 07:15,zBIq5rxdHJRwDNY,1840.62,128.625,6506856.625,180.438
16-06-2020 23:30,1BY6WEcLGh8j5v7,0,5848,6479798.000,0
20-05-2020 04:15,1IF53ai7Xc0U56Y,0,0,6216430.000,0
29-05-2020 08:15,adLQvlD726eNBSB,4511,436.429,6379445.429,442.657
03-06-2020 19:15,adLQvlD726eNBSB,0,7991,6422267.000,0
01-06-2020 20:30,VHMLBKoKgIrUVDU,0,5909,7340314.000,0
21-05-2020 11:15,zBIq5rxdHJRwDNY,12138.4,2947.38,6383809.375,1184.22
23-05-2020 07:15,z9Y9gH1T5YWrNuG,2139.14,79.7143,7064298.714,209.6
06-06-2020 05:30,VHMLBKoKgIrUVDU,0,0,7371554.000,0
04-06-2020 05:45,3PZuoBAID5Wc2HD,0,0,7136488.000,0
04-06-2020 01:45,adLQvlD726eNBSB,0,0,6422267.000,0
26-05-2020 19:15,3PZuoBAID5Wc2HD,0,0,7078711.000,0
19-05-2020 04:15,rGa61gmuvPhdLxV,0,0,7136902.000,0
17-06-2020 23:15,zVJPv84UY57bAof,0,5910,7363272.000,0
28-05-2020 15:30,McdE0feGgRqW7Ca,8386.43,7706.71,7264095.714,820.686
16-05-2020 09:45,wCURE6d3bPkepu2,7072.71,1317.86,6790244.857,692.614
08-06-2020 08:15,YxYtjZvoooNbGkE,3283.88,434,7357401.000,322.812
08-06-2020 00:00,iCRJl6heRkivqQ3,0,0,7356511.000,0
16-05-2020 14:00,1BY6WEcLGh8j5v7,6122.57,4787.29,6270100.286,599.814
17-05-2020 21:00,McdE0feGgRqW7Ca,0,7606,7179627.000,0
07-06-2020 16:00,ih0vzX44oOqAx2f,7113,7305.57,6357978.571,696.529
20-05-2020 19:45,ZnxXDlPa8U1GXgE,0,8909,6564045.000,0
26-05-2020 12:30,adLQvlD726eNBSB,8109,4815.43,6360109.429,792.314
07-06-2020 10:45,sjndEbLyjtCKgGv,13209.7,2154.43,7187810.429,1287.93
15-06-2020 14:15,rGa61gmuvPhdLxV,6184.43,5098.29,7343070.286,605.086
22-05-2020 11:45,iCRJl6heRkivqQ3,12815.6,2934,7230376.000,1249.91
30-05-2020 22:45,ih0vzX44oOqAx2f,0,7146,6302267.000,0
16-06-2020 02:45,zVJPv84UY57bAof,0,0,7351100.000,0
03-06-2020 21:30,1BY6WEcLGh8j5v7,0,7341,6397809.000,0
08-06-2020 01:30,WRmjgnKYAwPKWDb,0,0,7204682.000,0
31-05-2020 20:00,VHMLBKoKgIrUVDU,0,6076,7334405.000,0
15-06-2020 21:00,zVJPv84UY57bAof,0,6820,7351100.000,0
18-05-2020 17:15,1IF53ai7Xc0U56Y,1684.86,5371.43,6209724.429,164.929
22-05-2020 11:00,YxYtjZvoooNbGkE,6797.86,2210.29,7231244.286,665.214
22-05-2020 08:45,ih0vzX44oOqAx2f,3848.86,741.286,6234284.286,378.086
16-05-2020 09:30,McdE0feGgRqW7Ca,6050.12,1196.25,7166631.250,592.812
16-06-2020 06:30,VHMLBKoKgIrUVDU,706.125,11.5,7443880.500,68.4625
19-05-2020 10:30,zVJPv84UY57bAof,7223.29,1764.29,7143169.286,706.714
06-06-2020 10:30,wCURE6d3bPkepu2,7746.38,2128.75,6948897.750,756.35
11-06-2020 04:30,z9Y9gH1T5YWrNuG,0,0,7205465.000,0
02-06-2020 20:45,VHMLBKoKgIrUVDU,0,0,7347744.000,0
29-05-2020 14:45,z9Y9gH1T5YWrNuG,8720.88,6551.5,7118913.500,853.25
21-05-2020 16:45,wCURE6d3bPkepu2,2444,7707.57,6831951.571,239.757
03-06-2020 16:00,3PZuoBAID5Wc2HD,5894,7270,7135884.000,577.671
06-06-2020 02:30,7JYdWkrLSPkdwr4,0,0,7764140.000,0
28-05-2020 08:15,bvBOhCH3iADSZry,5443.88,517.375,6406350.375,533.575
06-06-2020 21:00,1IF53ai7Xc0U56Y,0,6542,6355099.000,0
30-05-2020 03:30,pkci93gMrogZuBj,0,0,7281535.000,0
19-05-2020 20:30,McdE0feGgRqW7Ca,0,7007,7192098.000,0
09-06-2020 08:00,WRmjgnKYAwPKWDb,5666,399.143,7213400.143,555.386
28-05-2020 11:00,ih0vzX44oOqAx2f,10885.6,2954.86,6281809.857,1062.09
01-06-2020 22:00,adLQvlD726eNBSB,0,6127,6406831.000,0
18-05-2020 07:30,iCRJl6heRkivqQ3,3512.29,207,7198574.000,345
19-05-2020 01:15,7JYdWkrLSPkdwr4,0,0,7628372.000,0
13-06-2020 18:15,iCRJl6heRkivqQ3,298.625,8490.88,7399849.875,28.8375
04-06-2020 12:00,1IF53ai7Xc0U56Y,11078,3690,6336349.000,1081.41
15-06-2020 23:30,z9Y9gH1T5YWrNuG,0,6716,7239184.000,0
20-05-2020 19:00,pkci93gMrogZuBj,0,8849,7210198.000,0
16-05-2020 22:00,zBIq5rxdHJRwDNY,0,6374,6352150.000,0
17-06-2020 08:15,YxYtjZvoooNbGkE,3779.38,385.25,7419941.250,371.387
17-06-2020 23:00,7JYdWkrLSPkdwr4,0,5856,7846821.000,0
19-05-2020 17:00,McdE0feGgRqW7Ca,2717.25,6886,7191977.000,266.7
27-05-2020 09:15,rGa61gmuvPhdLxV,8636.29,1189.29,7201058.286,845.029
31-05-2020 10:00,wCURE6d3bPkepu2,7130.14,1472.57,6904630.571,698
16-06-2020 16:45,McdE0feGgRqW7Ca,2293,6154.25,7402384.250,224.825
22-05-2020 06:30,zBIq5rxdHJRwDNY,896.5,28.75,6388627.750,87.0625
18-05-2020 00:15,iCRJl6heRkivqQ3,0,0,7198367.000,0
04-06-2020 00:45,3PZuoBAID5Wc2HD,0,0,7136488.000,0
16-06-2020 16:15,wCURE6d3bPkepu2,3528.38,5931.12,7022375.125,346.625
13-06-2020 17:15,zBIq5rxdHJRwDNY,1757.29,8336.29,6557723.286,172.257
17-06-2020 16:00,zVJPv84UY57bAof,3269.62,5556.88,7362918.875,321.25
19-05-2020 21:00,7JYdWkrLSPkdwr4,0,6836,7635208.000,0
31-05-2020 10:15,uHbuxQJl8lW7ozc,9430.43,1603.43,7160875.429,921.057
19-05-2020 05:45,3PZuoBAID5Wc2HD,0,0,7013918.000,0
16-06-2020 12:00,WRmjgnKYAwPKWDb,3443.88,3374,7264689.000,338.275
17-06-2020 14:00,3PZuoBAID5Wc2HD,6091.25,4796,7236169.000,596.763
30-05-2020 14:30,McdE0feGgRqW7Ca,10849.4,5327.57,7278540.571,1060.34
04-06-2020 05:15,McdE0feGgRqW7Ca,0,0,7308369.000,0
24-05-2020 12:45,rGa61gmuvPhdLxV,11698.3,4431.86,7179724.857,1141.17
13-06-2020 12:15,WRmjgnKYAwPKWDb,11717.8,4465.25,7243245.250,1143.2
26-05-2020 20:00,McdE0feGgRqW7Ca,0,0,7249560.000,0
05-06-2020 09:15,adLQvlD726eNBSB,9011.57,1160,6431741.000,881.343
12-06-2020 21:15,1IF53ai7Xc0U56Y,0,5903,6398227.000,0
16-06-2020 20:00,uHbuxQJl8lW7ozc,0,6292,7281035.000,0
13-06-2020 13:30,7JYdWkrLSPkdwr4,7705,5777.88,7818194.875,754.263
25-05-2020 21:30,1IF53ai7Xc0U56Y,0,9048,6266528.000,0
07-06-2020 20:00,adLQvlD726eNBSB,0,8353,6453384.000,0
05-06-2020 20:00,VHMLBKoKgIrUVDU,0,0,7371554.000,0
20-05-2020 00:00,1BY6WEcLGh8j5v7,0,806.125,6290097.000,0
16-05-2020 23:30,rGa61gmuvPhdLxV,0,6233,7124099.000,0
04-06-2020 11:00,YxYtjZvoooNbGkE,10351.3,2547.14,7329303.143,1010.94
21-05-2020 14:30,ZnxXDlPa8U1GXgE,8358.5,6413.25,6570458.250,817.125
04-06-2020 11:45,ZnxXDlPa8U1GXgE,9926.71,3314.71,6674198.714,969.943
06-06-2020 20:45,pkci93gMrogZuBj,0,0,7337918.000,0
27-05-2020 05:15,wCURE6d3bPkepu2,0,0,6872485.000,0
22-05-2020 15:45,1BY6WEcLGh8j5v7,4687.14,6460.71,6312049.714,459.886
15-05-2020 23:00,ih0vzX44oOqAx2f,0,0,6191360.000,0
17-06-2020 12:00,adLQvlD726eNBSB,11742.2,2918.25,6521316.250,1145.88
13-06-2020 08:30,wCURE6d3bPkepu2,6800.86,685.857,6994593.857,666.114
17-06-2020 12:00,VHMLBKoKgIrUVDU,11310.9,2861.25,7453062.250,1104.21
09-06-2020 18:30,1BY6WEcLGh8j5v7,85.4286,7455.14,6439069.143,8.21429
01-06-2020 01:45,wCURE6d3bPkepu2,0,0,6909405.000,0
25-05-2020 11:15,adLQvlD726eNBSB,12567.2,3523.5,6349654.500,1225.28
16-05-2020 07:30,1BY6WEcLGh8j5v7,2322.14,157.429,6265470.429,227.7
30-05-2020 14:15,1BY6WEcLGh8j5v7,10641.1,4687.5,6370061.500,1040.11
15-06-2020 02:15,uHbuxQJl8lW7ozc,0,0,7267837.000,0
22-05-2020 13:15,7JYdWkrLSPkdwr4,11912.1,4564.14,7656199.143,1162.26
15-06-2020 04:30,1BY6WEcLGh8j5v7,0,0,6467675.000,0
22-05-2020 00:45,ZnxXDlPa8U1GXgE,0,0,6571864.000,0
06-06-2020 23:30,McdE0feGgRqW7Ca,0,0,7331160.000,0
04-06-2020 04:15,McdE0feGgRqW7Ca,0,0,7308369.000,0
02-06-2020 08:00,ZoEaEvLYb1n2sOq,3823,268.857,7228708.857,375.371
12-06-2020 12:30,3PZuoBAID5Wc2HD,7207.62,3066.88,7199252.875,705.788
26-05-2020 03:00,uHbuxQJl8lW7ozc,0,0,7120696.000,0
17-05-2020 10:00,McdE0feGgRqW7Ca,10128.9,1833.12,7173854.125,990.125
12-06-2020 12:30,YxYtjZvoooNbGkE,7024.38,2993.62,7388272.625,687.925
23-05-2020 22:30,ZoEaEvLYb1n2sOq,0,8471,7162184.000,0
16-05-2020 21:00,bvBOhCH3iADSZry,0,6138,6328648.000,0
10-06-2020 04:45,YxYtjZvoooNbGkE,0,0,7373268.000,0
15-06-2020 17:45,wCURE6d3bPkepu2,1257.57,6712.43,7016410.429,122.5
07-06-2020 06:00,adLQvlD726eNBSB,80,0.285714,6445031.286,7.72857
18-05-2020 01:45,bvBOhCH3iADSZry,0,0,6335576.000,0
02-06-2020 07:30,VHMLBKoKgIrUVDU,2146.86,154.571,7340468.571,210.471
10-06-2020 19:30,ZoEaEvLYb1n2sOq,0,6392,7296071.000,0
25-05-2020 04:00,adLQvlD726eNBSB,0,0,6346131.000,0
21-05-2020 13:30,McdE0feGgRqW7Ca,9585,5595.43,7206657.429,935.857
10-06-2020 21:00,zVJPv84UY57bAof,0,6560,7317016.000,0
15-05-2020 02:45,zVJPv84UY57bAof,0,0,7116151.000,0
05-06-2020 08:00,YxYtjZvoooNbGkE,2724,281.571,7335167.571,267.314
05-06-2020 17:15,3PZuoBAID5Wc2HD,3715.12,7561.5,7152264.500,364.775
12-06-2020 17:00,iCRJl6heRkivqQ3,1947.71,5693,7391164.000,190.943
23-05-2020 23:00,1IF53ai7Xc0U56Y,0,8673,6249207.000,0
07-06-2020 09:15,1IF53ai7Xc0U56Y,8509.62,993,6356092.000,832.663
12-06-2020 18:15,McdE0feGgRqW7Ca,376,5948.57,7373321.571,36.3429
24-05-2020 21:15,WRmjgnKYAwPKWDb,0,8091,7101117.000,0
07-06-2020 15:00,z9Y9gH1T5YWrNuG,10007.3,4897,7182186.000,977.329
14-06-2020 15:30,adLQvlD726eNBSB,6939.57,6845.43,6504341.429,679.486
08-06-2020 07:15,ZoEaEvLYb1n2sOq,1825.86,121.714,7273574.714,178.843
03-06-2020 07:15,uHbuxQJl8lW7ozc,2236.43,106,7178511.000,219.257
04-06-2020 11:30,1BY6WEcLGh8j5v7,8034.71,2851.57,6400660.571,786.386
16-05-2020 05:30,VHMLBKoKgIrUVDU,0,0,7212666.000,0
16-05-2020 06:15,VHMLBKoKgIrUVDU,357.375,4,7212670.000,34.525
10-06-2020 05:00,1BY6WEcLGh8j5v7,0,0,6439070.000,0
29-05-2020 10:00,rGa61gmuvPhdLxV,8670.5,1614.12,7216429.125,848.1
07-06-2020 20:15,wCURE6d3bPkepu2,0,6433,6959527.000,0
17-05-2020 18:00,sjndEbLyjtCKgGv,315.625,7434.62,7037047.625,30.5125
25-05-2020 01:30,zVJPv84UY57bAof,0,0,7188796.000,0
30-05-2020 00:30,wCURE6d3bPkepu2,0,0,6895880.000,0
25-05-2020 22:15,rGa61gmuvPhdLxV,0,8807,7192102.000,0
13-06-2020 06:15,zVJPv84UY57bAof,349.714,5.14286,7328555.143,33.8286
30-05-2020 00:45,pkci93gMrogZuBj,0,0,7281535.000,0
03-06-2020 09:15,7JYdWkrLSPkdwr4,6339,961.286,7741834.286,621.014
04-06-2020 22:30,uHbuxQJl8lW7ozc,0,0,7194535.000,0
17-05-2020 08:45,zBIq5rxdHJRwDNY,7387.86,759.714,6352909.714,723.357
10-06-2020 16:15,zVJPv84UY57bAof,5259.5,6135.62,7316591.625,515.6
12-06-2020 17:45,adLQvlD726eNBSB,1542.62,5938.38,6488672.375,150.613
23-05-2020 23:15,wCURE6d3bPkepu2,0,8605,6847830.000,0
14-06-2020 04:30,ZnxXDlPa8U1GXgE,0,0,6744343.000,0
16-06-2020 14:30,adLQvlD726eNBSB,10757.4,5062.57,6517064.571,1050.13
16-06-2020 09:30,VHMLBKoKgIrUVDU,7485.29,1228.29,7445097.286,732.871
06-06-2020 14:45,ih0vzX44oOqAx2f,2358.88,5536.12,6350012.125,231.312
22-05-2020 23:45,McdE0feGgRqW7Ca,0,0,7215952.000,0
09-06-2020 09:45,uHbuxQJl8lW7ozc,9191,1775.62,7227329.625,898.462
01-06-2020 00:30,uHbuxQJl8lW7ozc,0,0,7165353.000,0
21-05-2020 13:45,ZoEaEvLYb1n2sOq,10623.4,5579,7144647.000,1036.81
27-05-2020 19:30,rGa61gmuvPhdLxV,0,0,7206549.000,0
27-05-2020 02:45,iCRJl6heRkivqQ3,0,0,7267996.000,0
08-06-2020 00:30,uHbuxQJl8lW7ozc,0,0,7217149.000,0
22-05-2020 10:30,wCURE6d3bPkepu2,6233.14,1837.71,6833892.714,610.186
23-05-2020 02:00,1IF53ai7Xc0U56Y,0,0,6240534.000,0
27-05-2020 15:45,z9Y9gH1T5YWrNuG,5880,5979.14,7103162.143,576.043
23-05-2020 00:15,YxYtjZvoooNbGkE,0,0,7236121.000,0
08-06-2020 08:15,3PZuoBAID5Wc2HD,3473,465,7167689.000,341.4
10-06-2020 07:45,pkci93gMrogZuBj,4037.14,293.286,7363009.286,396.671
06-06-2020 05:30,ZoEaEvLYb1n2sOq,0,0,7259075.000,0
28-05-2020 18:30,rGa61gmuvPhdLxV,72.4286,8265.14,7214814.143,6.95714
03-06-2020 00:30,ZoEaEvLYb1n2sOq,0,0,7235727.000,0
15-05-2020 04:15,z9Y9gH1T5YWrNuG,0,0,7007866.000,0
09-06-2020 07:45,adLQvlD726eNBSB,2738.86,324.714,6462328.714,268.914
03-06-2020 02:00,wCURE6d3bPkepu2,0,0,6922869.000,0
09-06-2020 06:00,VHMLBKoKgIrUVDU,153.143,0.714286,7394696.714,14.7571
22-05-2020 09:15,1BY6WEcLGh8j5v7,5106.43,953.714,6306542.714,500.6
26-05-2020 01:15,z9Y9gH1T5YWrNuG,0,0,7089440.000,0
26-05-2020 10:00,WRmjgnKYAwPKWDb,10701.6,2047.71,7112043.714,1045.97
15-05-2020 18:30,rGa61gmuvPhdLxV,0,6373,7117866.000,0
07-06-2020 21:30,3PZuoBAID5Wc2HD,0,8242,7167224.000,0
03-06-2020 17:45,YxYtjZvoooNbGkE,1291.75,7783.12,7326712.125,125.812
13-06-2020 11:15,bvBOhCH3iADSZry,11911.8,3028.38,6512807.375,1161.67
04-06-2020 11:15,zVJPv84UY57bAof,9387.14,2874.14,7265927.143,916.914
18-05-2020 11:30,uHbuxQJl8lW7ozc,5357.88,1323.38,7060116.375,525.175
04-06-2020 03:00,adLQvlD726eNBSB,0,0,6422267.000,0
12-06-2020 05:45,YxYtjZvoooNbGkE,0,0,7385279.000,0
31-05-2020 02:00,zVJPv84UY57bAof,0,0,7235977.000,0
17-06-2020 13:30,z9Y9gH1T5YWrNuG,8768.25,4199.75,7249584.750,857.812
05-06-2020 02:00,wCURE6d3bPkepu2,0,0,6939021.000,0
21-05-2020 11:15,WRmjgnKYAwPKWDb,13109.2,3061.62,7072786.625,1278.14
11-06-2020 09:45,ih0vzX44oOqAx2f,4680.14,801.857,6381833.857,459.143
13-06-2020 18:30,ZoEaEvLYb1n2sOq,65.125,8377.5,7315762.500,6.2875
24-05-2020 18:00,WRmjgnKYAwPKWDb,598.429,8071,7101097.000,57.9286
20-05-2020 05:15,adLQvlD726eNBSB,0,0,6304513.000,0
18-05-2020 14:15,ih0vzX44oOqAx2f,4798.86,3617.14,6208818.143,470.8
20-05-2020 13:00,z9Y9gH1T5YWrNuG,11524.4,5401,7045866.000,1124.79
18-05-2020 21:00,rGa61gmuvPhdLxV,0,5365,7136902.000,0
20-05-2020 10:30,zVJPv84UY57bAof,10994.1,2427,7150764.000,1074.42
21-05-2020 22:30,1BY6WEcLGh8j5v7,0,7243,6305589.000,0
12-06-2020 05:15,zBIq5rxdHJRwDNY,0,0,6543550.000,0
20-05-2020 06:00,ih0vzX44oOqAx2f,99.8571,0.285714,6217277.286,9.64286
29-05-2020 06:15,wCURE6d3bPkepu2,527.333,2.33333,6887711.333,51.0667
24-05-2020 22:30,3PZuoBAID5Wc2HD,0,8300,7061568.000,0
29-05-2020 09:30,rGa61gmuvPhdLxV,6912.88,1226.25,7216041.250,676.913
17-05-2020 06:30,7JYdWkrLSPkdwr4,441,6.75,7615543.750,42.6375
14-06-2020 10:00,McdE0feGgRqW7Ca,8463.71,1672.14,7383595.143,828.214
17-06-2020 11:15,1BY6WEcLGh8j5v7,7522.75,1985.75,6481783.750,736.525
09-06-2020 12:00,wCURE6d3bPkepu2,9848.57,3929.43,6971899.429,961.586
06-06-2020 12:15,wCURE6d3bPkepu2,9313.86,3626,6950395.000,909.657
02-06-2020 19:30,zBIq5rxdHJRwDNY,0,7421,6476454.000,0
09-06-2020 10:00,sjndEbLyjtCKgGv,6249,1913.71,7202838.714,611.771
09-06-2020 00:30,1BY6WEcLGh8j5v7,0,0,6431614.000,0
10-06-2020 18:45,7JYdWkrLSPkdwr4,0,6362,7801091.000,0
10-06-2020 02:15,ZoEaEvLYb1n2sOq,0,0,7289679.000,0
21-05-2020 19:30,zVJPv84UY57bAof,0,7944,7165123.000,0
12-06-2020 09:15,z9Y9gH1T5YWrNuG,5973.43,618.286,7211682.286,585.3
28-05-2020 18:30,iCRJl6heRkivqQ3,52,8345,7283037.000,5
01-06-2020 09:15,adLQvlD726eNBSB,6419.29,1370.43,6402074.429,628.871
15-05-2020 05:15,ZnxXDlPa8U1GXgE,0,0,6522172.000,0
13-06-2020 07:45,zVJPv84UY57bAof,4211.57,284.857,7328834.857,413.714
23-05-2020 20:30,YxYtjZvoooNbGkE,0,8559,7244680.000,0
15-06-2020 10:45,YxYtjZvoooNbGkE,8553.88,2684.62,7409386.625,836.263
20-05-2020 20:15,ZnxXDlPa8U1GXgE,0,8909,6564045.000,0
10-06-2020 11:30,sjndEbLyjtCKgGv,10554,2508.29,7211603.286,1030.23
26-05-2020 04:00,3PZuoBAID5Wc2HD,0,0,7070636.000,0
17-05-2020 10:30,7JYdWkrLSPkdwr4,10010.9,2267,7617804.000,978.214
12-06-2020 07:45,wCURE6d3bPkepu2,1293.71,115.286,6988169.286,125.886
09-06-2020 07:15,ZoEaEvLYb1n2sOq,2557.57,150.714,7281874.714,250.786
16-06-2020 00:15,wCURE6d3bPkepu2,0,0,7016444.000,0
16-06-2020 15:00,pkci93gMrogZuBj,4308,5282.14,7408499.143,422.843
10-06-2020 09:15,iCRJl6heRkivqQ3,8069.71,1016.57,7374236.571,789.771
01-06-2020 03:45,zVJPv84UY57bAof,0,0,7242024.000,0
20-05-2020 02:45,1BY6WEcLGh8j5v7,0,0,6290097.000,0
06-06-2020 05:15,sjndEbLyjtCKgGv,0,0,7179277.000,0
31-05-2020 00:15,3PZuoBAID5Wc2HD,0,0,7109488.000,0
24-05-2020 01:30,bvBOhCH3iADSZry,0,0,6376772.000,0
27-05-2020 14:30,YxYtjZvoooNbGkE,9880.29,5241.86,7274574.857,965.314
04-06-2020 10:15,bvBOhCH3iADSZry,6683.38,1658.88,6454382.875,654.175
30-05-2020 08:30,wCURE6d3bPkepu2,3556.57,475.714,6896355.714,349.629
19-05-2020 14:00,wCURE6d3bPkepu2,9482.86,4805.86,6813198.857,927.457
16-05-2020 10:15,ih0vzX44oOqAx2f,7136.88,1676.62,6193036.625,698.75
18-05-2020 01:30,ih0vzX44oOqAx2f,0,0,6205201.000,0
09-06-2020 15:00,ZoEaEvLYb1n2sOq,8101.71,6483.43,7288207.429,792.914
25-05-2020 02:30,rGa61gmuvPhdLxV,0,0,7183295.000,0
02-06-2020 13:00,ZnxXDlPa8U1GXgE,12785.2,4475.38,6659918.375,1246.96
12-06-2020 06:45,McdE0feGgRqW7Ca,725,22,7367395.000,70.2875
15-05-2020 11:30,ZnxXDlPa8U1GXgE,6904.57,2281.14,6524453.143,676.071
13-06-2020 01:00,YxYtjZvoooNbGkE,0,0,7391059.000,0
31-05-2020 04:30,YxYtjZvoooNbGkE,0,0,7299769.000,0
17-06-2020 00:45,3PZuoBAID5Wc2HD,0,0,7231373.000,0
27-05-2020 09:00,YxYtjZvoooNbGkE,8382.86,1009.86,7270342.857,820.343
15-05-2020 13:30,pkci93gMrogZuBj,7972.12,3991.12,7173093.125,780.325
14-06-2020 23:45,7JYdWkrLSPkdwr4,0,7306,7828158.000,0
16-06-2020 09:45,ZnxXDlPa8U1GXgE,8921,1416.5,6759920.500,872.688
27-05-2020 03:15,1BY6WEcLGh8j5v7,0,0,6343669.000,0
03-06-2020 14:45,adLQvlD726eNBSB,11173.1,6293.71,6420569.714,1091.01
13-06-2020 02:30,iCRJl6heRkivqQ3,0,0,7391359.000,0
16-06-2020 03:45,3PZuoBAID5Wc2HD,0,0,7225042.000,0
12-06-2020 21:45,adLQvlD726eNBSB,0,5988,6488722.000,0
19-05-2020 22:00,bvBOhCH3iADSZry,0,6369,6346907.000,0
07-06-2020 03:45,iCRJl6heRkivqQ3,0,0,7348234.000,0
31-05-2020 21:45,wCURE6d3bPkepu2,0,6247,6909405.000,0
23-05-2020 02:15,sjndEbLyjtCKgGv,0,0,7072962.000,0
02-06-2020 11:15,ih0vzX44oOqAx2f,6838,2908.57,6316891.571,669.643
16-05-2020 08:15,ih0vzX44oOqAx2f,4711.75,434.75,6191794.750,462.175
16-06-2020 14:15,1IF53ai7Xc0U56Y,4473.38,4827.75,6426041.750,439.087
25-05-2020 17:45,bvBOhCH3iADSZry,457.875,8102.88,6392314.875,44.2875
23-05-2020 18:45,iCRJl6heRkivqQ3,0,8627,7243220.000,0
28-05-2020 19:15,z9Y9gH1T5YWrNuG,0,8477,7112362.000,0
22-05-2020 23:30,bvBOhCH3iADSZry,0,6760,6368908.000,0
21-05-2020 14:15,1IF53ai7Xc0U56Y,8614.5,6243.38,6231670.375,841.638
01-06-2020 17:30,1BY6WEcLGh8j5v7,656.125,5466.38,6383397.375,63.5375
06-06-2020 12:00,ZoEaEvLYb1n2sOq,8113.57,3372.14,7262447.143,792.671
29-05-2020 17:45,rGa61gmuvPhdLxV,938.143,8235.86,7223050.857,91.1
16-05-2020 15:30,3PZuoBAID5Wc2HD,5218.71,6071.43,7000104.429,511.586
22-05-2020 00:00,1IF53ai7Xc0U56Y,0,0,6233247.000,0
23-05-2020 15:45,bvBOhCH3iADSZry,7076.43,7017,6375925.000,693
30-05-2020 10:15,McdE0feGgRqW7Ca,4520.71,1289,7274502.000,443.729
06-06-2020 06:15,ZnxXDlPa8U1GXgE,428.75,7,6686706.000,41.475
19-05-2020 17:30,ih0vzX44oOqAx2f,1242.12,6761,6217248.000,120.812
31-05-2020 09:30,z9Y9gH1T5YWrNuG,9648.12,1157.25,7128754.250,943.15
27-05-2020 00:45,sjndEbLyjtCKgGv,0,0,7105889.000,0
28-05-2020 21:15,uHbuxQJl8lW7ozc,0,8374,7143632.000,0
22-05-2020 08:30,rGa61gmuvPhdLxV,2570.14,670,7161069.000,252.014
26-05-2020 14:30,VHMLBKoKgIrUVDU,8159.38,6526.25,7296051.250,797.913
08-06-2020 02:00,3PZuoBAID5Wc2HD,0,0,7167224.000,0
04-06-2020 23:00,z9Y9gH1T5YWrNuG,0,0,7163262.000,0
19-05-2020 03:45,YxYtjZvoooNbGkE,0,0,7205598.000,0
17-06-2020 22:00,McdE0feGgRqW7Ca,0,5992,7408587.000,0
18-05-2020 20:45,z9Y9gH1T5YWrNuG,0,5347,7033573.000,0
31-05-2020 23:45,pkci93gMrogZuBj,0,5915,7294791.000,0
20-05-2020 05:30,YxYtjZvoooNbGkE,0,0,7212476.000,0
22-05-2020 15:15,McdE0feGgRqW7Ca,5913.29,6242.57,7215297.571,579.557
14-06-2020 19:00,McdE0feGgRqW7Ca,0,7435,7389358.000,0
23-05-2020 08:00,ih0vzX44oOqAx2f,4400.62,320.875,6240863.875,432
15-06-2020 10:30,1IF53ai7Xc0U56Y,10915.9,2582.29,6416950.286,1065.11
21-05-2020 20:15,ZnxXDlPa8U1GXgE,0,0,6571864.000,0
22-05-2020 11:30,zBIq5rxdHJRwDNY,12225.4,2608.86,6391207.857,1192.74
14-06-2020 18:45,ih0vzX44oOqAx2f,0,7165,6407683.000,0
02-06-2020 08:00,1BY6WEcLGh8j5v7,4657.86,272,6383711.000,456.9
22-05-2020 05:30,z9Y9gH1T5YWrNuG,0,0,7057147.000,0
17-05-2020 13:45,sjndEbLyjtCKgGv,7522.12,5308.5,7034921.500,735.975
10-06-2020 22:00,iCRJl6heRkivqQ3,0,6559,7379779.000,0
04-06-2020 18:00,wCURE6d3bPkepu2,891.714,8227.29,6939003.286,86.5429
15-05-2020 07:45,bvBOhCH3iADSZry,1890.12,207.625,6317010.625,185.3
16-06-2020 15:00,uHbuxQJl8lW7ozc,4321.29,5310,7280053.000,424.243
13-06-2020 17:00,wCURE6d3bPkepu2,1597.57,8320,7002228.000,156.314
13-06-2020 08:00,YxYtjZvoooNbGkE,5123,400.25,7391459.250,502.225
21-05-2020 18:45,iCRJl6heRkivqQ3,0,7837,7227442.000,0
08-06-2020 02:00,WRmjgnKYAwPKWDb,0,0,7204682.000,0
27-05-2020 00:30,1IF53ai7Xc0U56Y,0,0,6274638.000,0
09-06-2020 11:30,wCURE6d3bPkepu2,8295.14,3407.57,6971377.571,810.929
17-06-2020 19:45,rGa61gmuvPhdLxV,0,5950,7356897.000,0
06-06-2020 22:45,wCURE6d3bPkepu2,0,0,6953094.000,0
27-05-2020 04:30,z9Y9gH1T5YWrNuG,0,0,7097183.000,0
11-06-2020 08:45,VHMLBKoKgIrUVDU,3468.86,415.143,7409710.143,341.014
07-06-2020 02:30,VHMLBKoKgIrUVDU,0,0,7377989.000,0
18-05-2020 10:30,rGa61gmuvPhdLxV,3216,736.75,7132273.750,315.887
08-06-2020 03:00,iCRJl6heRkivqQ3,0,0,7356511.000,0
05-06-2020 00:15,ZnxXDlPa8U1GXgE,0,0,6679062.000,0
18-05-2020 22:15,WRmjgnKYAwPKWDb,0,5348,7054452.000,0
24-05-2020 02:45,iCRJl6heRkivqQ3,0,0,7243220.000,0
31-05-2020 19:15,WRmjgnKYAwPKWDb,0,5837,7153866.000,0
08-06-2020 05:30,ih0vzX44oOqAx2f,0,0,6358692.000,0
24-05-2020 03:00,7JYdWkrLSPkdwr4,0,0,7667220.000,0
24-05-2020 20:45,7JYdWkrLSPkdwr4,0,8021,7675241.000,0
20-05-2020 03:15,wCURE6d3bPkepu2,0,0,6815349.000,0
27-05-2020 15:00,pkci93gMrogZuBj,6145.12,5476.38,7263770.375,601.987
18-05-2020 16:00,ZnxXDlPa8U1GXgE,6085.14,4916.86,6547654.857,596.243
07-06-2020 20:30,WRmjgnKYAwPKWDb,0,8071,7204682.000,0
03-06-2020 01:30,zVJPv84UY57bAof,0,0,7255217.000,0
17-06-2020 12:45,ih0vzX44oOqAx2f,9663.86,3560.43,6423931.429,944.7
11-06-2020 06:00,ZnxXDlPa8U1GXgE,0,0,6724210.000,0
26-05-2020 12:00,7JYdWkrLSPkdwr4,10425,4081.62,7688101.625,1017.34
12-06-2020 18:00,ZnxXDlPa8U1GXgE,871.5,5861.25,6735763.250,84.625
07-06-2020 02:15,ZoEaEvLYb1n2sOq,0,0,7265368.000,0
07-06-2020 11:15,McdE0feGgRqW7Ca,14091.7,2826.57,7333986.571,1373.93
25-05-2020 04:00,uHbuxQJl8lW7ozc,0,0,7111852.000,0
24-05-2020 23:45,wCURE6d3bPkepu2,0,3411.86,6855791.000,0
13-06-2020 23:45,1IF53ai7Xc0U56Y,0,8654,6406881.000,0
12-06-2020 20:45,pkci93gMrogZuBj,0,5851,7380807.000,0
17-05-2020 23:30,pkci93gMrogZuBj,0,7397,7189047.000,0
30-05-2020 09:15,sjndEbLyjtCKgGv,5669.86,756.429,7129785.429,555.729
05-06-2020 11:45,uHbuxQJl8lW7ozc,13590.7,3502.57,7198037.571,1325.07
01-06-2020 18:30,zVJPv84UY57bAof,24,5742,7247766.000,2.325
10-06-2020 09:30,7JYdWkrLSPkdwr4,9168,1249.43,7795978.429,896.743
25-05-2020 19:45,pkci93gMrogZuBj,0,8812,7250519.000,0
16-05-2020 04:00,ih0vzX44oOqAx2f,0,0,6191360.000,0
30-05-2020 02:45,VHMLBKoKgIrUVDU,0,0,7321059.000,0
14-06-2020 13:15,ZnxXDlPa8U1GXgE,11373.1,4425.5,6748768.500,1110.25
15-05-2020 06:45,McdE0feGgRqW7Ca,1331.86,38.7143,7159002.714,129.886
17-05-2020 18:45,bvBOhCH3iADSZry,0,6928,6335576.000,0
08-06-2020 04:00,zBIq5rxdHJRwDNY,0,0,6514911.000,0
16-06-2020 00:45,YxYtjZvoooNbGkE,0,0,7413335.000,0
22-05-2020 17:45,uHbuxQJl8lW7ozc,504.143,7261.86,7095237.857,48.7571
09-06-2020 06:00,McdE0feGgRqW7Ca,172.25,1.375,7346783.375,16.6375
04-06-2020 02:30,sjndEbLyjtCKgGv,0,0,7163293.000,0
28-05-2020 11:45,WRmjgnKYAwPKWDb,13077.1,3986.75,7128524.750,1275.01
17-06-2020 19:15,ZnxXDlPa8U1GXgE,0,5929,6770737.000,0
15-06-2020 01:00,rGa61gmuvPhdLxV,0,0,7337972.000,0
15-05-2020 10:00,bvBOhCH3iADSZry,5785.12,1173.25,6317976.250,567.062
03-06-2020 19:00,sjndEbLyjtCKgGv,0,7846,7163293.000,0
08-06-2020 20:15,rGa61gmuvPhdLxV,0,8291,7295964.000,0
22-05-2020 04:15,ZoEaEvLYb1n2sOq,0,0,7146685.000,0
09-06-2020 08:45,3PZuoBAID5Wc2HD,7927,914.25,7176647.250,775.663
25-05-2020 03:15,bvBOhCH3iADSZry,0,0,6384212.000,0
15-06-2020 13:30,1IF53ai7Xc0U56Y,3583.88,4936.25,6419304.250,351.775
04-06-2020 06:45,ih0vzX44oOqAx2f,1198,42.5714,6329052.571,116.529
21-05-2020 18:00,VHMLBKoKgIrUVDU,328.286,7834.14,7256358.143,31.7
11-06-2020 13:15,uHbuxQJl8lW7ozc,7367.62,3232.88,7243740.875,721.362
21-05-2020 15:30,z9Y9gH1T5YWrNuG,7504.88,7221,7056482.000,734.725
04-06-2020 23:45,1BY6WEcLGh8j5v7,0,7571,6405380.000,0
01-06-2020 14:00,z9Y9gH1T5YWrNuG,3199.14,5175.86,7139072.857,313.471
14-06-2020 12:00,zBIq5rxdHJRwDNY,7329.71,3409.86,6561231.857,717.686
16-05-2020 13:15,iCRJl6heRkivqQ3,10772.6,4225.75,7188635.750,1052.58
28-05-2020 21:30,3PZuoBAID5Wc2HD,0,8528,7093979.000,0
13-06-2020 10:45,wCURE6d3bPkepu2,11670.1,2590.14,6996498.143,1138.19
23-05-2020 01:30,sjndEbLyjtCKgGv,0,0,7072962.000,0
05-06-2020 21:00,1BY6WEcLGh8j5v7,0,7162,6412542.000,0
12-06-2020 16:30,bvBOhCH3iADSZry,2536.14,5084.71,6509491.714,248.714
08-06-2020 11:30,3PZuoBAID5Wc2HD,10953.4,3675.88,7170899.875,1069.24
12-06-2020 18:30,3PZuoBAID5Wc2HD,80.2857,5899.86,7202085.857,7.75714
17-06-2020 02:15,7JYdWkrLSPkdwr4,0,0,7840965.000,0
10-06-2020 17:00,3PZuoBAID5Wc2HD,2396.14,6377.43,7190296.429,234.957
02-06-2020 01:45,WRmjgnKYAwPKWDb,0,0,7159700.000,0
20-05-2020 01:15,ZoEaEvLYb1n2sOq,0,0,7130332.000,0
10-06-2020 09:30,1BY6WEcLGh8j5v7,8517.38,1155,6440225.000,833.4
23-05-2020 08:45,iCRJl6heRkivqQ3,7652.43,830.429,7235423.429,749.171
10-06-2020 18:30,zVJPv84UY57bAof,0,6560,7317016.000,0
12-06-2020 10:45,VHMLBKoKgIrUVDU,6773.29,1629,7416640.000,663.386
21-05-2020 23:30,bvBOhCH3iADSZry,0,7110,6362148.000,0
07-06-2020 08:15,VHMLBKoKgIrUVDU,3589.43,394.571,7378383.571,352.829
16-06-2020 14:30,wCURE6d3bPkepu2,9896.62,4944.75,7021388.750,966.675
25-05-2020 16:15,wCURE6d3bPkepu2,4437.25,8625.5,6864416.500,435.525
10-06-2020 13:00,zBIq5rxdHJRwDNY,10293.4,4148.14,6535553.143,1005.26
01-06-2020 14:30,rGa61gmuvPhdLxV,5308.14,5016.14,7241348.143,520.4
14-06-2020 15:00,3PZuoBAID5Wc2HD,8781.25,6334.25,7217053.250,858.475
17-05-2020 08:45,pkci93gMrogZuBj,7345,749.571,7182399.571,719.171
12-06-2020 05:00,1IF53ai7Xc0U56Y,0,0,6392324.000,0
04-06-2020 20:15,wCURE6d3bPkepu2,0,0,6939021.000,0
29-05-2020 17:30,7JYdWkrLSPkdwr4,1243.38,7956.75,7714784.750,121.05
11-06-2020 22:15,sjndEbLyjtCKgGv,0,5654,7221254.000,0
18-05-2020 21:15,WRmjgnKYAwPKWDb,0,5348,7054452.000,0
14-06-2020 10:30,1IF53ai7Xc0U56Y,11588.9,2137.38,6409018.375,1131.33
05-06-2020 09:00,ZoEaEvLYb1n2sOq,6629.86,864.714,7252404.714,649.014
14-06-2020 18:15,WRmjgnKYAwPKWDb,246.5,7400.25,7254579.250,23.7875
07-06-2020 17:15,zBIq5rxdHJRwDNY,3528.88,8033.62,6514761.625,346.675
11-06-2020 06:30,McdE0feGgRqW7Ca,369.125,6.75,7361629.750,35.6875
08-06-2020 05:30,uHbuxQJl8lW7ozc,0,0,7217149.000,0
10-06-2020 19:00,wCURE6d3bPkepu2,0,6423,6982403.000,0
20-05-2020 17:30,sjndEbLyjtCKgGv,1863,8706,7057990.000,182.6
11-06-2020 06:45,7JYdWkrLSPkdwr4,526.429,18.5714,7801109.571,50.9286
24-05-2020 11:15,bvBOhCH3iADSZry,10768.7,2809,6379581.000,1051.1
29-05-2020 09:30,zVJPv84UY57bAof,6624.75,1219.12,7221692.125,648.862
28-05-2020 11:30,YxYtjZvoooNbGkE,12949,3530.86,7279559.857,1262.54
03-06-2020 06:15,WRmjgnKYAwPKWDb,336.625,3.75,7166920.750,32.5
22-05-2020 00:45,YxYtjZvoooNbGkE,0,0,7229034.000,0
17-05-2020 16:15,ZnxXDlPa8U1GXgE,4629.14,7172.57,6542324.571,454.386
05-06-2020 20:45,McdE0feGgRqW7Ca,0,7920,7324681.000,0
19-05-2020 21:45,sjndEbLyjtCKgGv,0,6879,7049284.000,0
04-06-2020 05:45,iCRJl6heRkivqQ3,0,0,7325696.000,0
16-06-2020 07:15,3PZuoBAID5Wc2HD,2422.12,108.375,7225150.375,237.575
06-06-2020 00:30,zVJPv84UY57bAof,0,0,7279090.000,0
24-05-2020 06:15,VHMLBKoKgIrUVDU,418.75,6.5,7272338.500,40.475
11-06-2020 15:45,z9Y9gH1T5YWrNuG,6243.71,4948,7210413.000,611.7
27-05-2020 14:30,ZnxXDlPa8U1GXgE,10276.1,5267.43,6617916.429,1003.6
18-05-2020 05:45,McdE0feGgRqW7Ca,0,0,7179627.000,0
20-05-2020 21:15,pkci93gMrogZuBj,0,8849,7210198.000,0
22-05-2020 11:00,zVJPv84UY57bAof,8366,2202.14,7167325.143,817.757
25-05-2020 11:15,McdE0feGgRqW7Ca,12380.7,3371.29,7236062.286,1207.09
15-06-2020 16:15,VHMLBKoKgIrUVDU,2506.5,6384,7443439.000,245.863
10-06-2020 18:00,ZnxXDlPa8U1GXgE,568.714,6428.57,6724200.571,55.0571
31-05-2020 04:30,adLQvlD726eNBSB,0,0,6394771.000,0
17-05-2020 20:30,1BY6WEcLGh8j5v7,0,7045,6278650.000,0
16-05-2020 18:15,z9Y9gH1T5YWrNuG,123.143,6487.43,7020739.429,11.8714
22-05-2020 15:30,ZnxXDlPa8U1GXgE,4200.38,6730.88,6578594.875,412.163
06-06-2020 18:30,adLQvlD726eNBSB,0,6603,6445031.000,0
27-05-2020 11:30,1IF53ai7Xc0U56Y,13073.5,3151.5,6277789.500,1274.67
26-05-2020 17:00,WRmjgnKYAwPKWDb,3887.88,7779.38,7117775.375,381.35
24-05-2020 15:45,pkci93gMrogZuBj,2914.12,7362.88,7241037.875,285.887
13-06-2020 06:15,1IF53ai7Xc0U56Y,381.857,5.71429,6398232.714,36.8857
11-06-2020 01:15,pkci93gMrogZuBj,0,0,7369294.000,0
16-05-2020 12:15,ZoEaEvLYb1n2sOq,7674.25,3258.62,7107618.625,751.237
25-05-2020 10:15,1IF53ai7Xc0U56Y,11394.9,2295.38,6259775.375,1112.91
23-05-2020 12:30,WRmjgnKYAwPKWDb,12230,4620.25,7089215.250,1193.11
07-06-2020 04:45,ZnxXDlPa8U1GXgE,0,0,6693054.000,0
12-06-2020 06:45,ZoEaEvLYb1n2sOq,678,19.25,7301651.250,65.6875
06-06-2020 11:30,bvBOhCH3iADSZry,8105.86,2896.43,6470147.429,791.929
06-06-2020 20:30,YxYtjZvoooNbGkE,0,0,7348812.000,0
24-05-2020 07:45,ih0vzX44oOqAx2f,3887.57,278.429,6249216.429,382.014
04-06-2020 00:30,zVJPv84UY57bAof,0,0,7263053.000,0
05-06-2020 23:15,adLQvlD726eNBSB,0,0,6438428.000,0
14-06-2020 08:30,ZnxXDlPa8U1GXgE,4791.62,612.714,6744955.714,486.114
22-05-2020 15:30,zVJPv84UY57bAof,4478.12,6638.75,7171761.750,439.462
17-05-2020 01:45,rGa61gmuvPhdLxV,0,0,7124099.000,0
08-06-2020 05:30,wCURE6d3bPkepu2,0,0,6959527.000,0
09-06-2020 11:00,iCRJl6heRkivqQ3,13702.7,3025.43,7367980.429,1336
18-05-2020 15:00,VHMLBKoKgIrUVDU,7890.43,4244.57,7231341.571,772.357
26-05-2020 18:15,McdE0feGgRqW7Ca,0,7911,7249560.000,0
29-05-2020 09:45,z9Y9gH1T5YWrNuG,8649.14,1377.57,7113739.571,846.143
23-05-2020 19:45,3PZuoBAID5Wc2HD,0,8652,7053268.000,0
16-05-2020 02:30,ih0vzX44oOqAx2f,0,0,6191360.000,0
20-05-2020 10:00,bvBOhCH3iADSZry,9438.38,1786,6348693.000,923.175
18-05-2020 18:15,adLQvlD726eNBSB,191,5504.29,6297814.286,18.4
02-06-2020 12:15,zBIq5rxdHJRwDNY,9530.86,3617.71,6472650.714,931.729
24-05-2020 19:00,zBIq5rxdHJRwDNY,0,7277,6411758.000,0
29-05-2020 11:00,bvBOhCH3iADSZry,10364.7,2467.86,6416052.857,1012.76
12-06-2020 03:15,VHMLBKoKgIrUVDU,0,0,7415011.000,0
17-06-2020 22:45,wCURE6d3bPkepu2,0,5883,7028601.000,0
24-05-2020 23:45,uHbuxQJl8lW7ozc,0,8106,7111852.000,0
14-06-2020 19:15,ZnxXDlPa8U1GXgE,0,7404,6751747.000,0
09-06-2020 23:45,1IF53ai7Xc0U56Y,0,8189,6380022.000,0
15-05-2020 12:45,z9Y9gH1T5YWrNuG,9541.29,3489.71,7011355.714,931.957
19-05-2020 10:00,sjndEbLyjtCKgGv,6086.57,1352.57,7043757.571,596.429
29-05-2020 12:45,rGa61gmuvPhdLxV,12530.4,4736.88,7219551.875,1221.72
21-05-2020 19:30,bvBOhCH3iADSZry,0,7110,6362148.000,0
05-06-2020 08:00,1BY6WEcLGh8j5v7,2653.5,266.5,6405646.500,260.363
22-05-2020 08:00,uHbuxQJl8lW7ozc,4770.25,459.25,7088435.250,467.975
08-06-2020 01:15,ZoEaEvLYb1n2sOq,0,0,7273453.000,0
28-05-2020 09:45,sjndEbLyjtCKgGv,9555.29,1726.71,7114291.714,934.443
10-06-2020 20:15,WRmjgnKYAwPKWDb,0,6389,7227367.000,0
26-05-2020 16:45,3PZuoBAID5Wc2HD,5792.43,7837.14,7078473.143,567.671
31-05-2020 13:15,WRmjgnKYAwPKWDb,7018,4195.29,7152224.286,686.357
30-05-2020 09:00,wCURE6d3bPkepu2,3766.43,645.429,6896525.429,370.129
01-06-2020 21:00,VHMLBKoKgIrUVDU,0,5909,7340314.000,0
22-05-2020 22:30,7JYdWkrLSPkdwr4,0,7135,7658770.000,0
30-05-2020 03:30,ZnxXDlPa8U1GXgE,0,0,6636066.000,0
23-05-2020 10:15,McdE0feGgRqW7Ca,8906.43,2155.43,7218107.429,870.9
15-05-2020 15:00,ZoEaEvLYb1n2sOq,5021.86,5140.71,7103239.714,492.629
12-06-2020 09:30,ZnxXDlPa8U1GXgE,5331.75,757.625,6730659.625,522.638
05-06-2020 18:30,bvBOhCH3iADSZry,84.2857,7064.43,6467250.429,8.14286
09-06-2020 14:45,uHbuxQJl8lW7ozc,8869.86,6568.86,7232122.857,867.571
16-05-2020 05:45,VHMLBKoKgIrUVDU,0,0,7212666.000,0
27-05-2020 03:00,1IF53ai7Xc0U56Y,0,0,6274638.000,0
06-06-2020 12:15,adLQvlD726eNBSB,8437.5,3883.12,6442311.125,824.513
20-05-2020 05:00,zBIq5rxdHJRwDNY,0,0,6371971.000,0
19-05-2020 14:15,pkci93gMrogZuBj,9002.38,5053.88,7199464.875,880.45
05-06-2020 19:45,YxYtjZvoooNbGkE,0,7603,7342489.000,0
15-06-2020 23:15,iCRJl6heRkivqQ3,0,6777,7414001.000,0
10-06-2020 09:30,bvBOhCH3iADSZry,7761.75,1146.5,6494493.500,759.688
15-06-2020 22:30,pkci93gMrogZuBj,0,6795,7403217.000,0
24-05-2020 03:45,7JYdWkrLSPkdwr4,0,0,7667220.000,0
07-06-2020 19:15,pkci93gMrogZuBj,0,8214,7346132.000,0
16-06-2020 15:45,adLQvlD726eNBSB,4981,5817.14,6517819.143,488.486
30-05-2020 19:30,3PZuoBAID5Wc2HD,0,7299,7109488.000,0
04-06-2020 02:15,bvBOhCH3iADSZry,0,0,6452724.000,0
03-06-2020 21:00,adLQvlD726eNBSB,0,7991,6422267.000,0
05-06-2020 22:00,zVJPv84UY57bAof,0,7817,7279090.000,0
03-06-2020 10:15,zVJPv84UY57bAof,6206.62,1539.75,7256756.750,608.075
28-05-2020 00:45,sjndEbLyjtCKgGv,0,0,7112565.000,0
06-06-2020 01:45,YxYtjZvoooNbGkE,0,0,7342489.000,0
11-06-2020 05:45,uHbuxQJl8lW7ozc,0,0,7240508.000,0
28-05-2020 01:30,ih0vzX44oOqAx2f,0,0,6278855.000,0
24-05-2020 14:00,zBIq5rxdHJRwDNY,10388.1,5500.14,6409981.143,1015.53
03-06-2020 01:00,YxYtjZvoooNbGkE,0,0,7318929.000,0
11-06-2020 01:30,uHbuxQJl8lW7ozc,0,0,7240508.000,0
04-06-2020 10:00,sjndEbLyjtCKgGv,9804.71,1621.29,7164914.286,957.614
26-05-2020 12:15,WRmjgnKYAwPKWDb,11345.6,4419.12,7114415.125,1106.96
17-06-2020 19:15,1IF53ai7Xc0U56Y,0,6034,6433566.000,0
31-05-2020 13:15,adLQvlD726eNBSB,7320.43,4295.71,6399066.714,715.829
08-06-2020 00:00,1BY6WEcLGh8j5v7,0,752.571,6423750.000,0
16-06-2020 18:30,1BY6WEcLGh8j5v7,75.4286,5847.86,6479797.857,7.27143
19-05-2020 17:30,VHMLBKoKgIrUVDU,1270.62,6959.5,7239513.500,123.612
30-05-2020 08:00,3PZuoBAID5Wc2HD,3186.57,299.429,7102488.429,312.957
15-05-2020 11:15,1IF53ai7Xc0U56Y,6082.38,2194.12,6185839.125,595.925
25-05-2020 22:45,bvBOhCH3iADSZry,0,8124,6392336.000,0
09-06-2020 08:00,YxYtjZvoooNbGkE,5102.38,369.5,7365679.500,500.262
29-05-2020 14:15,bvBOhCH3iADSZry,8123.71,5617,6419202.000,795.057
24-05-2020 00:00,z9Y9gH1T5YWrNuG,0,2135.75,7072762.000,0
14-06-2020 17:00,1IF53ai7Xc0U56Y,1842.12,7364.5,6414245.500,180.575
10-06-2020 19:00,YxYtjZvoooNbGkE,0,6419,7379687.000,0
18-05-2020 03:45,1BY6WEcLGh8j5v7,0,0,6278650.000,0
31-05-2020 01:45,wCURE6d3bPkepu2,0,0,6903158.000,0
18-05-2020 17:30,1IF53ai7Xc0U56Y,1166.62,5406.12,6209759.125,113.45
10-06-2020 13:30,z9Y9gH1T5YWrNuG,11703.7,4542.86,7203595.857,1141.8
04-06-2020 07:00,VHMLBKoKgIrUVDU,1938.29,80.5714,7355741.571,190
07-06-2020 13:45,1BY6WEcLGh8j5v7,1134.71,3636.57,6422118.571,111.486
31-05-2020 10:45,iCRJl6heRkivqQ3,9312.86,2199.43,7300797.429,910.043
19-05-2020 11:00,McdE0feGgRqW7Ca,11280.1,2179.71,7187270.714,1100.64
11-06-2020 20:15,McdE0feGgRqW7Ca,0,5750,7367373.000,0
23-05-2020 02:15,WRmjgnKYAwPKWDb,0,0,7084595.000,0
21-05-2020 15:15,WRmjgnKYAwPKWDb,5600,6830.14,7076555.143,548.971
15-05-2020 05:45,ih0vzX44oOqAx2f,0,0,6185184.000,0
21-05-2020 11:00,VHMLBKoKgIrUVDU,12141.3,2789.71,7251313.714,1184.54
27-05-2020 12:15,McdE0feGgRqW7Ca,10288.7,3983.43,7253543.429,1005.53
02-06-2020 08:15,WRmjgnKYAwPKWDb,8129.5,410.625,7160110.625,795.587
22-05-2020 12:15,uHbuxQJl8lW7ozc,11632.1,3580,7091556.000,1135.19
15-06-2020 15:45,zVJPv84UY57bAof,5856.86,6253.43,7350533.429,573.929
07-06-2020 00:30,wCURE6d3bPkepu2,0,0,6953094.000,0
22-05-2020 05:30,VHMLBKoKgIrUVDU,0,0,7256361.000,0
17-06-2020 18:00,wCURE6d3bPkepu2,600.714,5866.57,7028584.571,58.1429
23-05-2020 01:15,bvBOhCH3iADSZry,0,0,6368908.000,0
10-06-2020 13:15,WRmjgnKYAwPKWDb,7635.43,4277.14,7225255.143,746.914
16-06-2020 21:30,zVJPv84UY57bAof,0,6262,7357362.000,0
17-05-2020 10:45,bvBOhCH3iADSZry,11185.4,2349,6330997.000,1093.01
15-06-2020 06:15,uHbuxQJl8lW7ozc,460.571,6.71429,7267843.714,44.5571
18-05-2020 15:30,z9Y9gH1T5YWrNuG,7624.43,4522.14,7032748.143,746.386
16-05-2020 08:30,uHbuxQJl8lW7ozc,6091.71,578.857,7045646.857,596.886
11-06-2020 13:45,wCURE6d3bPkepu2,6442.71,3502,6985905.000,631.157
16-06-2020 07:30,rGa61gmuvPhdLxV,2809,168.125,7344872.125,275.488
29-05-2020 17:00,uHbuxQJl8lW7ozc,3333.25,8135.62,7151767.625,327.525
05-06-2020 02:45,1BY6WEcLGh8j5v7,0,0,6405380.000,0
16-06-2020 01:15,uHbuxQJl8lW7ozc,0,0,7274743.000,0
19-05-2020 22:30,sjndEbLyjtCKgGv,0,6879,7049284.000,0
30-05-2020 21:45,1IF53ai7Xc0U56Y,0,7332,6305543.000,0
02-06-2020 22:15,rGa61gmuvPhdLxV,0,7361,7249330.000,0
24-05-2020 22:45,1BY6WEcLGh8j5v7,0,7537,6327940.000,0
21-05-2020 15:00,wCURE6d3bPkepu2,10640.8,6803.75,6831047.750,1039.75
08-06-2020 08:00,zBIq5rxdHJRwDNY,3937.14,341.571,6515252.571,386.786
02-06-2020 12:45,VHMLBKoKgIrUVDU,11171.3,4123.86,7344437.857,1091.09
23-05-2020 17:45,iCRJl6heRkivqQ3,1601.14,8560.29,7243153.286,156.786
29-05-2020 19:30,3PZuoBAID5Wc2HD,0,8210,7102189.000,0
27-05-2020 13:15,zBIq5rxdHJRwDNY,4561.29,4418,6432120.000,447.5
10-06-2020 11:30,VHMLBKoKgIrUVDU,7337.29,2566.57,7405382.571,717.957
25-05-2020 14:45,7JYdWkrLSPkdwr4,8959.14,7364.86,7682605.857,876.3
27-05-2020 21:30,sjndEbLyjtCKgGv,0,0,7112565.000,0
08-06-2020 18:00,3PZuoBAID5Wc2HD,749.75,8487,7175711.000,72.7
02-06-2020 08:45,sjndEbLyjtCKgGv,7521.12,880.75,7148888.750,736.263
23-05-2020 10:30,VHMLBKoKgIrUVDU,9013.62,2392,7266113.000,881.288
21-05-2020 11:45,VHMLBKoKgIrUVDU,12288.8,3727.88,7252251.875,1198.84
27-05-2020 20:00,rGa61gmuvPhdLxV,0,0,7206549.000,0
11-06-2020 21:45,zBIq5rxdHJRwDNY,0,5647,6543550.000,0
07-06-2020 16:30,7JYdWkrLSPkdwr4,3298.43,7631.14,7778088.143,323.686
16-05-2020 22:45,uHbuxQJl8lW7ozc,0,6271,7051339.000,0
06-06-2020 05:15,McdE0feGgRqW7Ca,0,0,7324681.000,0
05-06-2020 22:45,uHbuxQJl8lW7ozc,0,7838,7202373.000,0
02-06-2020 23:30,ZoEaEvLYb1n2sOq,0,7287,7235727.000,0
23-05-2020 04:30,McdE0feGgRqW7Ca,0,0,7215952.000,0
16-05-2020 15:45,ZoEaEvLYb1n2sOq,3813.29,5921,7110281.000,374.714
08-06-2020 13:00,1BY6WEcLGh8j5v7,9730.88,4726.12,6428476.125,950.263
23-05-2020 11:30,7JYdWkrLSPkdwr4,13032.1,3351.43,7662121.429,1270.66
17-06-2020 10:00,WRmjgnKYAwPKWDb,6264,1284.86,7268863.857,613.686
02-06-2020 16:00,1BY6WEcLGh8j5v7,6637,6506.14,6389945.143,649.957
07-06-2020 11:15,sjndEbLyjtCKgGv,13735,2768.43,7188424.429,1339.17
15-06-2020 08:30,wCURE6d3bPkepu2,7820.12,734.875,7010432.875,765.462
02-06-2020 02:30,YxYtjZvoooNbGkE,0,0,7311516.000,0
18-05-2020 05:30,YxYtjZvoooNbGkE,0,0,7200229.000,0
28-05-2020 01:45,7JYdWkrLSPkdwr4,0,0,7698550.000,0
31-05-2020 21:15,1IF53ai7Xc0U56Y,0,5889,6311432.000,0
06-06-2020 11:15,ZoEaEvLYb1n2sOq,10718,2874.75,7261949.750,1046.12
17-06-2020 07:45,zBIq5rxdHJRwDNY,3678,211.143,6577763.143,361.486
20-05-2020 03:45,3PZuoBAID5Wc2HD,0,0,7020512.000,0
16-06-2020 08:45,sjndEbLyjtCKgGv,5876,735,7250274.000,575.8
16-05-2020 12:45,bvBOhCH3iADSZry,10950.4,3603.71,6326113.714,1070.17
29-05-2020 16:30,pkci93gMrogZuBj,4252.75,7930.88,7281188.875,417.562
23-05-2020 02:15,1BY6WEcLGh8j5v7,0,0,6312437.000,0
02-06-2020 00:15,z9Y9gH1T5YWrNuG,0,0,7139828.000,0
20-05-2020 05:30,sjndEbLyjtCKgGv,0,0,7049284.000,0
09-06-2020 04:30,1IF53ai7Xc0U56Y,0,0,6371833.000,0
25-05-2020 16:15,pkci93gMrogZuBj,4224,8581.75,7250288.750,414.825
01-06-2020 22:45,YxYtjZvoooNbGkE,0,5777,7311516.000,0
02-06-2020 19:00,bvBOhCH3iADSZry,0,6842,6445487.000,0
10-06-2020 17:45,bvBOhCH3iADSZry,1090.71,5836.57,6499183.571,106.029
18-05-2020 18:15,zVJPv84UY57bAof,189.857,5387.43,7141402.429,18.3143
29-05-2020 10:30,VHMLBKoKgIrUVDU,12421.8,2162.5,7315049.500,1211.44
17-06-2020 19:15,ih0vzX44oOqAx2f,0,5758,6426129.000,0
01-06-2020 08:15,YxYtjZvoooNbGkE,5956,632.25,7306371.250,583.663
15-05-2020 13:30,iCRJl6heRkivqQ3,8068.71,4039.86,7182031.857,789.786
15-06-2020 18:45,bvBOhCH3iADSZry,0,6192,6527792.000,0
02-06-2020 20:15,zBIq5rxdHJRwDNY,0,7421,6476454.000,0
19-05-2020 05:30,uHbuxQJl8lW7ozc,0,0,7064201.000,0
03-06-2020 07:15,McdE0feGgRqW7Ca,2222.38,106.5,7300465.500,217.887
10-06-2020 04:45,rGa61gmuvPhdLxV,0,0,7304204.000,0
16-05-2020 14:15,zBIq5rxdHJRwDNY,8731,4932.75,6350708.750,854.25
05-06-2020 12:30,WRmjgnKYAwPKWDb,3676.57,3837.86,7186502.857,361.343
18-05-2020 05:30,pkci93gMrogZuBj,0,0,7189047.000,0
16-06-2020 12:30,zVJPv84UY57bAof,6688.29,3621.43,7354721.429,654.971
16-06-2020 04:30,zBIq5rxdHJRwDNY,0,0,6571833.000,0
01-06-2020 02:30,iCRJl6heRkivqQ3,0,0,7304567.000,0
03-06-2020 00:15,pkci93gMrogZuBj,0,0,7307650.000,0
03-06-2020 02:15,1BY6WEcLGh8j5v7,0,0,6390468.000,0
22-05-2020 14:00,7JYdWkrLSPkdwr4,10066.5,5324.62,7656959.625,982.337
15-06-2020 12:30,McdE0feGgRqW7Ca,5675.12,4261.5,7393619.500,556.2
25-05-2020 18:30,VHMLBKoKgIrUVDU,28,9013,7289525.000,2.7
28-05-2020 20:15,z9Y9gH1T5YWrNuG,0,8477,7112362.000,0
15-06-2020 02:15,WRmjgnKYAwPKWDb,0,0,7254584.000,0
31-05-2020 12:00,WRmjgnKYAwPKWDb,6737.12,3105,7151134.000,659.675
18-05-2020 17:00,wCURE6d3bPkepu2,2249.38,5263.38,6808263.375,220.55
26-05-2020 04:45,VHMLBKoKgIrUVDU,0,0,7289525.000,0
11-06-2020 14:00,3PZuoBAID5Wc2HD,6806.86,3731.43,7194200.429,666.643
08-06-2020 01:00,ih0vzX44oOqAx2f,0,0,6358692.000,0
15-05-2020 14:45,iCRJl6heRkivqQ3,7290.43,5114.14,7183106.143,713.271
16-06-2020 13:30,bvBOhCH3iADSZry,7705,3992.14,6531784.143,754.186
01-06-2020 09:45,uHbuxQJl8lW7ozc,6909.62,1554.75,7166907.750,676.525
09-06-2020 15:45,McdE0feGgRqW7Ca,7842.25,7317.25,7354099.250,767.675
26-05-2020 21:15,YxYtjZvoooNbGkE,0,0,7269333.000,0
23-05-2020 17:00,YxYtjZvoooNbGkE,3389.5,8309.25,7244430.250,333.262
30-05-2020 02:00,ih0vzX44oOqAx2f,0,0,6295121.000,0
17-06-2020 15:45,bvBOhCH3iADSZry,1302.29,5079.86,6538628.857,126.957
26-05-2020 21:30,pkci93gMrogZuBj,0,0,7258294.000,0
06-06-2020 22:00,uHbuxQJl8lW7ozc,0,0,7208855.000,0
23-05-2020 07:45,McdE0feGgRqW7Ca,3715.57,233.571,7216185.571,365.171
08-06-2020 12:00,pkci93gMrogZuBj,10012.5,4044,7350176.000,978.938
15-05-2020 14:30,zBIq5rxdHJRwDNY,7498.62,4924,6344304.000,733.388
06-06-2020 03:00,z9Y9gH1T5YWrNuG,0,0,7171001.000,0
15-05-2020 05:15,bvBOhCH3iADSZry,0,0,6316803.000,0
29-05-2020 11:00,iCRJl6heRkivqQ3,11797,2724.57,7285761.571,1150.93
13-06-2020 19:30,7JYdWkrLSPkdwr4,0,8435,7820852.000,0
08-06-2020 21:00,7JYdWkrLSPkdwr4,0,8283,7786793.000,0
13-06-2020 11:15,z9Y9gH1T5YWrNuG,12947,3128.71,7219995.714,1262.36
12-06-2020 05:30,pkci93gMrogZuBj,0,0,7374956.000,0
02-06-2020 05:45,McdE0feGgRqW7Ca,0,0,7292752.000,0
14-06-2020 23:00,1BY6WEcLGh8j5v7,0,4012,6467675.000,0
12-06-2020 04:15,zBIq5rxdHJRwDNY,0,0,6543550.000,0
07-06-2020 16:45,ZnxXDlPa8U1GXgE,5098.75,7861.75,6700915.750,499.837
29-05-2020 21:15,VHMLBKoKgIrUVDU,0,8172,7321059.000,0
01-06-2020 23:00,zBIq5rxdHJRwDNY,0,5794,6469033.000,0
02-06-2020 06:00,pkci93gMrogZuBj,43.5714,0.428571,7300300.429,4.2
09-06-2020 17:00,z9Y9gH1T5YWrNuG,3238.29,7401.71,7198825.714,318.329
03-06-2020 12:15,ZoEaEvLYb1n2sOq,9980,3471.88,7239198.875,975.812
25-05-2020 01:00,ih0vzX44oOqAx2f,0,0,6256494.000,0
26-05-2020 19:30,7JYdWkrLSPkdwr4,0,0,7691912.000,0
25-05-2020 14:00,zBIq5rxdHJRwDNY,11030.9,6291.5,6418049.500,1078
08-06-2020 09:45,ZoEaEvLYb1n2sOq,11379.4,1575.12,7275028.125,1110.9
10-06-2020 17:45,rGa61gmuvPhdLxV,1207,6536.14,7310740.143,117.4
19-05-2020 13:00,YxYtjZvoooNbGkE,9759,3889.14,7209487.143,953.929
06-06-2020 04:45,1BY6WEcLGh8j5v7,0,0,6412542.000,0
04-06-2020 21:30,uHbuxQJl8lW7ozc,0,0,7194535.000,0
29-05-2020 08:45,wCURE6d3bPkepu2,5532.29,660.429,6888369.429,542.229
15-05-2020 10:00,WRmjgnKYAwPKWDb,6619.25,1329.75,7030002.750,648.275
30-05-2020 16:45,bvBOhCH3iADSZry,3833.86,6391.71,6427414.714,376.757
14-06-2020 03:30,uHbuxQJl8lW7ozc,0,0,7260531.000,0
24-05-2020 07:15,rGa61gmuvPhdLxV,2318.38,124,7175417.000,227.312
10-06-2020 03:45,McdE0feGgRqW7Ca,0,0,7355017.000,0
28-05-2020 06:30,pkci93gMrogZuBj,740.143,20.2857,7265005.286,71.7571
19-05-2020 20:00,VHMLBKoKgIrUVDU,0,6988,7239542.000,0
04-06-2020 06:30,wCURE6d3bPkepu2,718.75,19.375,6930795.375,69.65
08-06-2020 00:30,McdE0feGgRqW7Ca,0,0,7338202.000,0
25-05-2020 02:30,ih0vzX44oOqAx2f,0,0,6256494.000,0
08-06-2020 05:15,pkci93gMrogZuBj,0,0,7346132.000,0
05-06-2020 11:00,ZnxXDlPa8U1GXgE,9266,2558.43,6681620.429,905.571
24-05-2020 04:30,uHbuxQJl8lW7ozc,0,0,7103746.000,0
16-06-2020 01:45,ZoEaEvLYb1n2sOq,0,0,7329691.000,0
27-05-2020 12:15,wCURE6d3bPkepu2,9060.12,3907.62,6876392.625,885.788
26-05-2020 17:15,uHbuxQJl8lW7ozc,1061.38,7793.25,7128489.250,103.287
14-06-2020 08:30,1BY6WEcLGh8j5v7,4431,567.143,6464230.143,451.286
05-06-2020 20:45,rGa61gmuvPhdLxV,0,7741,7273090.000,0
04-06-2020 08:30,bvBOhCH3iADSZry,5721.14,599.714,6453323.714,560.686
11-06-2020 06:30,3PZuoBAID5Wc2HD,370.143,7.85714,7190476.857,35.7571
09-06-2020 22:45,1BY6WEcLGh8j5v7,0,7456,6439070.000,0
19-05-2020 05:00,iCRJl6heRkivqQ3,0,0,7203767.000,0
14-06-2020 18:45,WRmjgnKYAwPKWDb,0,7405,7254584.000,0
13-06-2020 13:00,pkci93gMrogZuBj,9375,5228.57,7386035.571,915.729
22-05-2020 16:45,wCURE6d3bPkepu2,1958.57,7035.29,6839090.286,192
16-06-2020 08:15,WRmjgnKYAwPKWDb,4653.12,482.875,7261797.875,456.738
07-06-2020 21:30,zBIq5rxdHJRwDNY,0,8183,6514911.000,0
16-06-2020 08:45,ZnxXDlPa8U1GXgE,5955.75,743.75,6759247.750,583.587
15-05-2020 15:15,ZnxXDlPa8U1GXgE,6732.25,5311.12,6527483.125,659.3
13-06-2020 02:15,3PZuoBAID5Wc2HD,0,0,7202086.000,0
16-06-2020 10:30,ZnxXDlPa8U1GXgE,8753,2165.29,6760669.286,856.371
11-06-2020 08:15,7JYdWkrLSPkdwr4,2874.57,255.429,7801346.429,281.971
26-05-2020 05:30,adLQvlD726eNBSB,0,0,6355294.000,0
14-06-2020 11:45,WRmjgnKYAwPKWDb,5892.71,3330.43,7250509.429,577.243
28-05-2020 03:30,wCURE6d3bPkepu2,0,0,6879195.000,0
20-05-2020 10:00,uHbuxQJl8lW7ozc,10300.4,1909,7073107.000,1006.99
07-06-2020 16:00,pkci93gMrogZuBj,7370.57,7448.57,7345366.571,721.586
14-06-2020 04:00,z9Y9gH1T5YWrNuG,0,0,7225230.000,0
13-06-2020 03:15,1IF53ai7Xc0U56Y,0,0,6398227.000,0
26-05-2020 09:30,YxYtjZvoooNbGkE,9512.86,1487.57,7262951.571,930.371
24-05-2020 20:15,wCURE6d3bPkepu2,0,7961,6855791.000,0
17-06-2020 08:15,ZnxXDlPa8U1GXgE,3856.12,388.5,6765196.500,378.913
09-06-2020 03:00,wCURE6d3bPkepu2,0,0,6967970.000,0
09-06-2020 08:00,pkci93gMrogZuBj,5131.71,370.857,7354846.857,503.157
26-05-2020 18:15,bvBOhCH3iADSZry,0,7364,6399700.000,0
15-05-2020 22:30,ih0vzX44oOqAx2f,0,0,6191360.000,0
28-05-2020 05:00,VHMLBKoKgIrUVDU,0,0,7304378.000,0
30-05-2020 12:15,rGa61gmuvPhdLxV,10397,2885.29,7225959.286,1015.03
27-05-2020 16:15,1IF53ai7Xc0U56Y,4969.38,6411.12,6281049.125,487.05
22-05-2020 08:00,adLQvlD726eNBSB,5202.25,521,6322094.000,509.887
17-06-2020 04:15,zBIq5rxdHJRwDNY,0,0,6577552.000,0
20-05-2020 01:45,zBIq5rxdHJRwDNY,0,0,6371971.000,0
08-06-2020 01:15,rGa61gmuvPhdLxV,0,0,7287673.000,0
25-05-2020 06:30,3PZuoBAID5Wc2HD,811.25,18.75,7061586.750,78.675
12-06-2020 13:00,7JYdWkrLSPkdwr4,7849.29,3358,7810022.000,768.371
25-05-2020 11:45,ZnxXDlPa8U1GXgE,12627.6,3956.86,6599712.857,1231.19
17-06-2020 22:45,1IF53ai7Xc0U56Y,0,6034,6433566.000,0
17-05-2020 06:15,McdE0feGgRqW7Ca,137.75,1.125,7172022.125,13.2875
19-05-2020 01:30,7JYdWkrLSPkdwr4,0,0,7628372.000,0
06-06-2020 17:30,YxYtjZvoooNbGkE,455.857,6307.86,7348796.857,44.0714
27-05-2020 21:30,adLQvlD726eNBSB,0,6857,6370373.000,0
26-05-2020 13:45,z9Y9gH1T5YWrNuG,11842,5805,7095245.000,1155.03
22-05-2020 14:00,adLQvlD726eNBSB,9574.5,5500.25,6327073.250,935.237
07-06-2020 23:15,McdE0feGgRqW7Ca,0,7042,7338202.000,0
24-05-2020 04:15,z9Y9gH1T5YWrNuG,0,0,7072762.000,0
06-06-2020 18:15,bvBOhCH3iADSZry,88.2857,5872.57,6473123.571,8.51429
12-06-2020 15:45,zBIq5rxdHJRwDNY,4649.12,5293.75,6548843.750,456.188
27-05-2020 09:45,rGa61gmuvPhdLxV,5913.14,1622.71,7201491.714,579.543
08-06-2020 17:45,bvBOhCH3iADSZry,1209.38,7649.75,6485942.750,117.75
14-06-2020 07:00,McdE0feGgRqW7Ca,2002.62,72,7381995.000,196.2
28-05-2020 06:15,7JYdWkrLSPkdwr4,451,8,7698558.000,43.6
28-05-2020 03:15,ZoEaEvLYb1n2sOq,0,0,7193291.000,0
24-05-2020 23:15,bvBOhCH3iADSZry,0,7440,6384212.000,0
05-06-2020 21:45,VHMLBKoKgIrUVDU,0,0,7371554.000,0
07-06-2020 04:30,ZoEaEvLYb1n2sOq,0,0,7265368.000,0
14-06-2020 17:30,ih0vzX44oOqAx2f,1023.88,7124.25,6407642.250,99.575
11-06-2020 09:30,ih0vzX44oOqAx2f,4373.25,688.25,6381720.250,429.538
16-05-2020 15:15,z9Y9gH1T5YWrNuG,5840.43,5780.43,7020032.429,572.286
06-06-2020 05:00,1IF53ai7Xc0U56Y,0,0,6348557.000,0
23-05-2020 12:00,WRmjgnKYAwPKWDb,12189.5,3982.88,7088577.875,1188.84
05-06-2020 09:15,zVJPv84UY57bAof,8761.75,1072.75,7272345.750,857
03-06-2020 20:30,zVJPv84UY57bAof,0,7836,7263053.000,0
23-05-2020 20:00,iCRJl6heRkivqQ3,0,8627,7243220.000,0
20-05-2020 18:15,zBIq5rxdHJRwDNY,367.429,8885.71,6380856.714,35.5
18-05-2020 21:30,zBIq5rxdHJRwDNY,0,5390,6365047.000,0
16-06-2020 21:15,uHbuxQJl8lW7ozc,0,6292,7281035.000,0
27-05-2020 11:45,iCRJl6heRkivqQ3,10145.4,3324.86,7271320.857,990.429
05-06-2020 00:15,1IF53ai7Xc0U56Y,0,0,6340855.000,0
27-05-2020 01:15,iCRJl6heRkivqQ3,0,0,7267996.000,0
08-06-2020 09:45,1IF53ai7Xc0U56Y,11880.4,1686.62,6365024.625,1159.28
17-05-2020 07:30,ZoEaEvLYb1n2sOq,2770.62,154.375,7110898.375,272.038
09-06-2020 11:30,iCRJl6heRkivqQ3,8677,3555.29,7368510.286,847.8
23-05-2020 10:45,pkci93gMrogZuBj,12421.3,2540.43,7227740.429,1211.53
20-05-2020 02:00,1IF53ai7Xc0U56Y,0,0,6216430.000,0
17-06-2020 16:30,ih0vzX44oOqAx2f,1877.71,5559.14,6425930.143,183.971
28-05-2020 17:00,1BY6WEcLGh8j5v7,3109,7818.71,6357651.714,305.371
12-06-2020 10:30,ih0vzX44oOqAx2f,7952.38,1362.38,6387915.375,778.362
10-06-2020 03:00,McdE0feGgRqW7Ca,0,0,7355017.000,0
07-06-2020 00:30,VHMLBKoKgIrUVDU,0,0,7377989.000,0
10-06-2020 22:00,wCURE6d3bPkepu2,0,6423,6982403.000,0
14-06-2020 23:15,7JYdWkrLSPkdwr4,0,7306,7828158.000,0
16-06-2020 18:00,zBIq5rxdHJRwDNY,670.375,5701.75,6577534.750,64.925
18-05-2020 05:45,YxYtjZvoooNbGkE,0,0,7200229.000,0
20-05-2020 01:30,YxYtjZvoooNbGkE,0,0,7212476.000,0
10-06-2020 09:15,VHMLBKoKgIrUVDU,6769,1075.25,7403891.250,662.938
15-05-2020 07:15,iCRJl6heRkivqQ3,2036.43,124.429,7178116.429,199.629
05-06-2020 06:30,7JYdWkrLSPkdwr4,632.25,17.25,7756638.250,61.2
04-06-2020 07:15,3PZuoBAID5Wc2HD,2763.86,144.857,7136632.857,271.157
03-06-2020 02:00,rGa61gmuvPhdLxV,0,0,7249330.000,0
09-06-2020 05:15,wCURE6d3bPkepu2,0,0,6967970.000,0
10-06-2020 00:45,7JYdWkrLSPkdwr4,0,0,7794729.000,0
03-06-2020 14:30,adLQvlD726eNBSB,8817,6069.12,6420345.125,862.3
21-05-2020 16:00,pkci93gMrogZuBj,3936.62,7389.5,7217587.500,386.788
17-06-2020 16:30,ZnxXDlPa8U1GXgE,1935,5727.57,6770535.571,189.657
24-05-2020 06:30,iCRJl6heRkivqQ3,720.125,20.125,7243240.125,69.775
18-05-2020 17:45,YxYtjZvoooNbGkE,726.125,5346.5,7205575.500,70.4
05-06-2020 09:30,ih0vzX44oOqAx2f,9787.43,1241.71,6338260.714,956.614
03-06-2020 11:30,ih0vzX44oOqAx2f,10169.6,2640,6323951.000,993.85
23-05-2020 21:30,VHMLBKoKgIrUVDU,0,8611,7272332.000,0
16-05-2020 11:00,WRmjgnKYAwPKWDb,9206.71,2453,7037268.000,900.471
25-05-2020 16:00,WRmjgnKYAwPKWDb,7665.57,8505,7109622.000,750.429
16-05-2020 11:15,VHMLBKoKgIrUVDU,8020.88,2636.62,7215302.625,785
19-05-2020 04:15,McdE0feGgRqW7Ca,0,0,7185091.000,0
15-05-2020 10:15,sjndEbLyjtCKgGv,8947.12,1574.75,7018406.750,874.163
04-06-2020 09:15,ih0vzX44oOqAx2f,6185.75,1082.25,6330092.250,606.013
28-05-2020 03:00,WRmjgnKYAwPKWDb,0,0,7124538.000,0
16-05-2020 15:15,wCURE6d3bPkepu2,5890.14,5830.71,6794757.714,577.157
20-05-2020 06:30,z9Y9gH1T5YWrNuG,699.286,20.2857,7040485.286,67.7714
25-05-2020 07:00,YxYtjZvoooNbGkE,1700,72.1429,7252723.143,166.529
02-06-2020 07:45,YxYtjZvoooNbGkE,2361,205.75,7311721.750,231.525
03-06-2020 16:00,ZnxXDlPa8U1GXgE,5374.43,7267.71,6670235.714,526.929
23-05-2020 15:45,3PZuoBAID5Wc2HD,7572,7763.88,7052379.875,741.337
17-05-2020 00:30,iCRJl6heRkivqQ3,0,0,7190848.000,0
02-06-2020 17:15,1BY6WEcLGh8j5v7,1451.86,6961.43,6390400.429,141.771
09-06-2020 05:00,zVJPv84UY57bAof,0,0,7302167.000,0
31-05-2020 12:30,zVJPv84UY57bAof,7012.38,3736.25,7239713.250,686.2
26-05-2020 03:45,uHbuxQJl8lW7ozc,0,0,7120696.000,0
29-05-2020 20:00,bvBOhCH3iADSZry,0,7438,6421023.000,0
04-06-2020 12:30,YxYtjZvoooNbGkE,9734,4073.57,7330829.571,950.286
16-06-2020 23:00,z9Y9gH1T5YWrNuG,0,6201,7245385.000,0
02-06-2020 11:30,zVJPv84UY57bAof,6371.25,3098.62,7250864.625,624.175
19-05-2020 00:45,rGa61gmuvPhdLxV,0,0,7136902.000,0
27-05-2020 21:15,z9Y9gH1T5YWrNuG,0,0,7103885.000,0
27-05-2020 06:45,1BY6WEcLGh8j5v7,1427.88,45.25,6343714.250,139.375
16-05-2020 21:45,adLQvlD726eNBSB,0,6705,6284443.000,0
30-05-2020 01:00,1IF53ai7Xc0U56Y,0,0,6298211.000,0
19-05-2020 05:00,VHMLBKoKgIrUVDU,0,0,7232554.000,0
12-06-2020 08:45,zVJPv84UY57bAof,4139.25,373.25,7323060.250,406.538
30-05-2020 21:45,ih0vzX44oOqAx2f,0,7146,6302267.000,0
17-05-2020 17:30,1BY6WEcLGh8j5v7,1279.57,7000.71,6278605.714,124.486
16-06-2020 15:15,rGa61gmuvPhdLxV,4802.5,5382.38,7350086.375,471.125
29-05-2020 14:45,ih0vzX44oOqAx2f,8844.88,6423,6293593.000,865.3
31-05-2020 17:45,zVJPv84UY57bAof,1048.25,6011.12,7241988.125,101.862
05-06-2020 06:30,bvBOhCH3iADSZry,534.5,15.5,6460201.500,51.7125
28-05-2020 10:45,YxYtjZvoooNbGkE,9042.43,2724.86,7278753.857,883.357
17-05-2020 22:15,sjndEbLyjtCKgGv,0,7441,7037054.000,0
15-06-2020 03:30,ZoEaEvLYb1n2sOq,0,0,7323052.000,0
16-06-2020 12:30,ZnxXDlPa8U1GXgE,6974,3693.57,6762197.571,682.914
20-05-2020 09:00,YxYtjZvoooNbGkE,7785,1025.88,7213501.875,762.075
22-05-2020 15:15,adLQvlD726eNBSB,6370.57,6711,6328284.000,624.014
29-05-2020 21:45,1BY6WEcLGh8j5v7,0,7564,6365374.000,0
27-05-2020 02:30,3PZuoBAID5Wc2HD,0,0,7078711.000,0
16-06-2020 10:30,iCRJl6heRkivqQ3,8600.57,2150,7416151.000,841.543
15-06-2020 03:00,YxYtjZvoooNbGkE,0,0,7406702.000,0
05-06-2020 03:45,VHMLBKoKgIrUVDU,0,0,7363821.000,0
09-06-2020 11:15,iCRJl6heRkivqQ3,11428.5,3348.5,7368303.500,1115.34
03-06-2020 08:45,iCRJl6heRkivqQ3,5157.71,673.286,7318486.286,505.614
24-05-2020 13:15,YxYtjZvoooNbGkE,11444.4,5236.71,7249916.714,1116.23
04-06-2020 22:30,wCURE6d3bPkepu2,0,0,6939021.000,0
04-06-2020 05:45,sjndEbLyjtCKgGv,0,0,7163293.000,0
01-06-2020 00:15,WRmjgnKYAwPKWDb,0,0,7153866.000,0
20-05-2020 03:00,7JYdWkrLSPkdwr4,0,0,7635208.000,0
22-05-2020 23:45,bvBOhCH3iADSZry,0,3862.86,6368908.000,0
05-06-2020 11:00,1BY6WEcLGh8j5v7,9449.14,2433.86,6407813.857,923
23-05-2020 08:30,zBIq5rxdHJRwDNY,7897,641.75,6396448.750,773.025
28-05-2020 18:45,rGa61gmuvPhdLxV,0,8266,7214815.000,0
02-06-2020 21:30,sjndEbLyjtCKgGv,0,7439,7155447.000,0
22-05-2020 12:30,1IF53ai7Xc0U56Y,10890.9,3882.86,6237129.857,1063.49
18-05-2020 07:00,bvBOhCH3iADSZry,1587.25,71,6335647.000,155.213
20-05-2020 10:00,zVJPv84UY57bAof,10278.6,1899,7150236.000,1004.89
28-05-2020 03:15,WRmjgnKYAwPKWDb,0,0,7124538.000,0
02-06-2020 08:00,pkci93gMrogZuBj,3828.86,268.714,7300568.714,375.871
01-06-2020 15:15,uHbuxQJl8lW7ozc,1986.62,5200.25,7170553.250,194.762
03-06-2020 17:15,WRmjgnKYAwPKWDb,2435.75,7593.75,7174510.750,238.925
03-06-2020 00:45,uHbuxQJl8lW7ozc,0,0,7178405.000,0
07-06-2020 03:30,iCRJl6heRkivqQ3,0,0,7348234.000,0
26-05-2020 00:30,VHMLBKoKgIrUVDU,0,0,7289525.000,0
03-06-2020 07:00,iCRJl6heRkivqQ3,1437.12,61.5,7317874.500,140.2
15-06-2020 21:00,1IF53ai7Xc0U56Y,0,6846,6421214.000,0
15-06-2020 00:45,zVJPv84UY57bAof,0,0,7344280.000,0
16-06-2020 03:30,YxYtjZvoooNbGkE,0,0,7413335.000,0
22-05-2020 09:15,zVJPv84UY57bAof,5574,984.667,7166107.667,546.3
07-06-2020 14:45,7JYdWkrLSPkdwr4,4502.75,6498.25,7776955.250,441.863
11-06-2020 13:15,bvBOhCH3iADSZry,6719.5,2977.25,6502187.250,658.163
19-05-2020 20:45,3PZuoBAID5Wc2HD,0,0,7020512.000,0
27-05-2020 15:30,3PZuoBAID5Wc2HD,7556.25,5868.88,7084579.875,739.6
15-05-2020 05:30,WRmjgnKYAwPKWDb,0,0,7028673.000,0
15-06-2020 05:45,iCRJl6heRkivqQ3,0,0,7407224.000,0
22-05-2020 04:45,1IF53ai7Xc0U56Y,0,0,6233247.000,0
16-05-2020 07:30,VHMLBKoKgIrUVDU,2536.12,170.625,7212836.625,248.713
08-06-2020 15:30,zVJPv84UY57bAof,6360.88,7414.5,7301204.500,622.775
18-05-2020 16:45,iCRJl6heRkivqQ3,2947.75,5208,7203575.000,289.312
03-06-2020 17:30,rGa61gmuvPhdLxV,2238,7720.75,7257050.750,219.425
15-05-2020 08:45,3PZuoBAID5Wc2HD,5567.43,613.286,6988372.286,545.729
17-05-2020 06:00,WRmjgnKYAwPKWDb,0,0,7041430.000,0
08-06-2020 15:00,iCRJl6heRkivqQ3,10608.3,7015.71,7363526.714,1036.91
26-05-2020 16:45,1IF53ai7Xc0U56Y,5876.57,7868.29,6274396.286,575.871
13-06-2020 17:30,1IF53ai7Xc0U56Y,1231.5,8593.75,6406820.750,120.037
19-05-2020 16:15,ih0vzX44oOqAx2f,5259.14,6364.29,6216851.286,515.786
06-06-2020 05:00,iCRJl6heRkivqQ3,0,0,7341803.000,0
22-05-2020 22:45,zVJPv84UY57bAof,0,0,7172294.000,0
28-05-2020 12:45,1BY6WEcLGh8j5v7,11597.6,4919.71,6354752.714,1131.53
30-05-2020 09:45,zVJPv84UY57bAof,4599.12,1049.88,7229736.875,451.413
17-06-2020 20:30,YxYtjZvoooNbGkE,0,5886,7425442.000,0
20-05-2020 19:45,sjndEbLyjtCKgGv,0,8777,7058061.000,0
05-06-2020 21:00,bvBOhCH3iADSZry,0,7065,6467251.000,0
04-06-2020 02:45,zBIq5rxdHJRwDNY,0,0,6484342.000,0
24-05-2020 19:15,YxYtjZvoooNbGkE,0,7971,7252651.000,0
26-05-2020 23:00,ih0vzX44oOqAx2f,0,0,6272291.000,0
27-05-2020 00:15,1BY6WEcLGh8j5v7,0,0,6343669.000,0
06-06-2020 19:45,ZoEaEvLYb1n2sOq,0,0,7265368.000,0
23-05-2020 20:30,z9Y9gH1T5YWrNuG,0,8543,7072762.000,0
17-05-2020 02:15,3PZuoBAID5Wc2HD,0,0,7000689.000,0
17-05-2020 04:15,zBIq5rxdHJRwDNY,0,0,6352150.000,0
19-05-2020 14:30,ZoEaEvLYb1n2sOq,10328.3,5170.43,7128697.429,1009.71
24-05-2020 13:15,ZoEaEvLYb1n2sOq,11985.3,5172.71,7167356.714,1168.89
18-05-2020 04:45,WRmjgnKYAwPKWDb,0,0,7049104.000,0
11-06-2020 22:30,WRmjgnKYAwPKWDb,0,5619,7232986.000,0
23-05-2020 16:15,1IF53ai7Xc0U56Y,5540.75,8098.25,6248632.250,543.138
29-05-2020 17:30,bvBOhCH3iADSZry,1152.57,7390.71,6420975.714,112.071
01-06-2020 22:45,McdE0feGgRqW7Ca,0,5992,7292752.000,0
23-05-2020 22:00,7JYdWkrLSPkdwr4,0,8450,7667220.000,0
01-06-2020 11:00,1BY6WEcLGh8j5v7,8495.43,2542.14,6380473.143,830.443
14-06-2020 03:30,ZoEaEvLYb1n2sOq,0,0,7315763.000,0
17-05-2020 18:30,1IF53ai7Xc0U56Y,0,7759,6204353.000,0
18-05-2020 05:45,zBIq5rxdHJRwDNY,0,0,6359657.000,0
19-05-2020 20:45,1IF53ai7Xc0U56Y,0,0,6216430.000,0
23-05-2020 12:00,iCRJl6heRkivqQ3,12605,4043.86,7238636.857,1228.97
08-06-2020 19:45,WRmjgnKYAwPKWDb,0,8319,7213001.000,0
09-06-2020 01:15,ZoEaEvLYb1n2sOq,0,0,7281724.000,0
21-05-2020 12:15,pkci93gMrogZuBj,11236.5,4080.62,7214278.625,1096.26
15-05-2020 14:15,z9Y9gH1T5YWrNuG,11975.7,4680.71,7012546.714,1168.31
22-05-2020 13:30,ih0vzX44oOqAx2f,11161.4,4772.29,6238315.286,1089.01
02-06-2020 15:30,rGa61gmuvPhdLxV,5969.5,6505.5,7248474.500,584.938
13-06-2020 23:30,1IF53ai7Xc0U56Y,0,8654,6406881.000,0
29-05-2020 22:30,adLQvlD726eNBSB,0,8343,6387352.000,0
27-05-2020 20:30,adLQvlD726eNBSB,0,6857,6370373.000,0
27-05-2020 22:00,3PZuoBAID5Wc2HD,0,6740,7085451.000,0
30-05-2020 22:30,pkci93gMrogZuBj,0,7341,7288876.000,0
15-06-2020 19:15,ZoEaEvLYb1n2sOq,0,6639,7329691.000,0
22-05-2020 01:30,1BY6WEcLGh8j5v7,0,0,6305589.000,0
26-05-2020 11:30,ih0vzX44oOqAx2f,10627.1,3494.75,6268073.750,1037.25
18-05-2020 11:30,iCRJl6heRkivqQ3,5288,1319.5,7199686.500,518.35
10-06-2020 00:30,ZnxXDlPa8U1GXgE,0,0,6717772.000,0
23-05-2020 23:00,sjndEbLyjtCKgGv,0,8487,7081449.000,0
09-06-2020 22:45,ZnxXDlPa8U1GXgE,0,8074,6717772.000,0
22-05-2020 02:00,7JYdWkrLSPkdwr4,0,0,7651635.000,0
28-05-2020 11:45,VHMLBKoKgIrUVDU,12633.6,4001.43,7308379.429,1232.2
06-06-2020 10:30,bvBOhCH3iADSZry,8498.62,1979,6469230.000,829.087
22-05-2020 19:15,1IF53ai7Xc0U56Y,0,7287,6240534.000,0
14-06-2020 15:00,7JYdWkrLSPkdwr4,8690.75,6142.12,7826994.125,849.938
14-06-2020 02:00,McdE0feGgRqW7Ca,0,0,7381923.000,0
14-06-2020 03:15,pkci93gMrogZuBj,0,0,7389161.000,0
09-06-2020 19:45,WRmjgnKYAwPKWDb,0,7977,7220978.000,0
15-05-2020 17:00,rGa61gmuvPhdLxV,2297.43,6238.86,7117731.857,225.257
02-06-2020 08:45,wCURE6d3bPkepu2,7331,879.571,6916223.571,717.771
14-06-2020 22:15,1BY6WEcLGh8j5v7,0,4012,6467675.000,0
28-05-2020 14:00,3PZuoBAID5Wc2HD,7327.33,6615.83,7092066.833,716.583
15-05-2020 03:30,z9Y9gH1T5YWrNuG,0,0,7007866.000,0
07-06-2020 18:30,wCURE6d3bPkepu2,65.625,6432.12,6959526.125,6.325
09-06-2020 12:45,YxYtjZvoooNbGkE,9474.12,4604.62,7369914.625,925.913
07-06-2020 18:00,z9Y9gH1T5YWrNuG,683.625,6325.25,7183614.250,66.2375
10-06-2020 21:45,ZoEaEvLYb1n2sOq,0,6392,7296071.000,0
06-06-2020 21:00,1BY6WEcLGh8j5v7,0,5940,6418482.000,0
27-05-2020 04:00,bvBOhCH3iADSZry,0,0,6399700.000,0
27-05-2020 23:45,1IF53ai7Xc0U56Y,0,5971,6281462.000,0
07-06-2020 15:45,bvBOhCH3iADSZry,5744.38,4380.88,6477504.875,562.562
16-06-2020 19:45,zBIq5rxdHJRwDNY,0,5719,6577552.000,0
13-06-2020 15:15,z9Y9gH1T5YWrNuG,9733,7368.5,7224235.500,951.737
06-06-2020 01:30,3PZuoBAID5Wc2HD,0,0,7152486.000,0
23-05-2020 23:30,WRmjgnKYAwPKWDb,0,8431,7093026.000,0
28-05-2020 14:00,zVJPv84UY57bAof,11253.5,6294,7218376.000,1098.6
21-05-2020 22:00,1IF53ai7Xc0U56Y,0,0,6233247.000,0
16-05-2020 12:30,uHbuxQJl8lW7ozc,8863.14,3399.14,7048467.143,866.986
16-05-2020 14:00,zBIq5rxdHJRwDNY,6246.29,4746.29,6350522.286,611.929
05-06-2020 18:15,McdE0feGgRqW7Ca,559.286,7911.86,7324672.857,54.1286
24-05-2020 23:00,zBIq5rxdHJRwDNY,0,7277,6411758.000,0
14-06-2020 10:30,ih0vzX44oOqAx2f,10107.1,2003.75,6402521.750,987.462
30-05-2020 23:45,z9Y9gH1T5YWrNuG,0,7142,7127597.000,0
15-06-2020 15:30,VHMLBKoKgIrUVDU,5253.43,6071,7443126.000,515.071
01-06-2020 08:45,wCURE6d3bPkepu2,6802,918.125,6910323.125,666.15
23-05-2020 13:45,zVJPv84UY57bAof,12866.4,6035.38,7178329.375,1254.47
26-05-2020 05:00,ih0vzX44oOqAx2f,0,0,6264579.000,0
20-05-2020 03:00,VHMLBKoKgIrUVDU,0,0,7239542.000,0
02-06-2020 03:30,WRmjgnKYAwPKWDb,0,0,7159700.000,0
14-06-2020 06:00,McdE0feGgRqW7Ca,52.5,0.375,7381923.375,5.075
03-06-2020 23:30,sjndEbLyjtCKgGv,0,7846,7163293.000,0
14-06-2020 06:45,ZnxXDlPa8U1GXgE,1093.29,37,6744380.000,106.257
04-06-2020 23:00,adLQvlD726eNBSB,0,8314,6430581.000,0
09-06-2020 05:15,bvBOhCH3iADSZry,0,0,6485986.000,0
27-05-2020 01:45,uHbuxQJl8lW7ozc,0,0,7128538.000,0
11-06-2020 21:00,WRmjgnKYAwPKWDb,0,5619,7232986.000,0
12-06-2020 04:15,1IF53ai7Xc0U56Y,0,0,6392324.000,0
23-05-2020 11:30,pkci93gMrogZuBj,11401.4,3422.75,7228622.750,1112.99
09-06-2020 19:15,1BY6WEcLGh8j5v7,0,7456,6439070.000,0
20-05-2020 09:00,1BY6WEcLGh8j5v7,7395.88,985.875,6291082.875,724.15
07-06-2020 21:00,ih0vzX44oOqAx2f,0,8019,6358692.000,0
24-05-2020 06:45,rGa61gmuvPhdLxV,1124.5,42.375,7175335.375,109.3
19-05-2020 13:00,McdE0feGgRqW7Ca,10680.1,3961.57,7189052.571,1043.26
04-06-2020 17:45,bvBOhCH3iADSZry,1748,7415.75,6460139.750,170.963
05-06-2020 17:30,1IF53ai7Xc0U56Y,3502.38,7565.25,6348420.250,344.175
13-06-2020 14:30,YxYtjZvoooNbGkE,8480.57,6651.57,7397710.571,829.357
24-05-2020 15:30,3PZuoBAID5Wc2HD,4272.38,7491.12,7060759.125,419.175
08-06-2020 15:45,ZnxXDlPa8U1GXgE,8154.29,7606,6708869.000,797.771
24-05-2020 12:30,VHMLBKoKgIrUVDU,11931.1,4583.25,7276915.250,1164
08-06-2020 05:00,YxYtjZvoooNbGkE,0,0,7356967.000,0
15-05-2020 21:30,iCRJl6heRkivqQ3,0,6418,7184410.000,0
06-06-2020 21:15,1BY6WEcLGh8j5v7,0,5940,6418482.000,0
22-05-2020 19:00,3PZuoBAID5Wc2HD,0,7315,7044616.000,0
15-05-2020 17:00,McdE0feGgRqW7Ca,2386.57,6336.43,7165300.429,234.129
01-06-2020 08:00,sjndEbLyjtCKgGv,6069.12,488.125,7142730.125,594.663
07-06-2020 23:30,z9Y9gH1T5YWrNuG,0,6342,7183631.000,0
09-06-2020 19:00,1IF53ai7Xc0U56Y,0,8189,6380022.000,0
16-05-2020 04:30,uHbuxQJl8lW7ozc,0,0,7045068.000,0
15-05-2020 17:00,1IF53ai7Xc0U56Y,2165.29,6227.14,6189872.143,212.271
03-06-2020 09:00,z9Y9gH1T5YWrNuG,6194.71,815.571,7148089.571,606.929
07-06-2020 17:15,3PZuoBAID5Wc2HD,3255,8097,7167079.000,319.829
24-05-2020 04:30,wCURE6d3bPkepu2,0,0,6847830.000,0
10-06-2020 04:45,McdE0feGgRqW7Ca,0,0,7355017.000,0
18-05-2020 13:45,adLQvlD726eNBSB,12941.6,3333.88,6295643.875,1261.83
30-05-2020 20:15,VHMLBKoKgIrUVDU,0,7270,7328329.000,0
06-06-2020 00:15,WRmjgnKYAwPKWDb,0,0,7190270.000,0
31-05-2020 09:45,7JYdWkrLSPkdwr4,5682,1173.25,7723151.250,556.862
16-06-2020 05:30,ZnxXDlPa8U1GXgE,0,0,6758504.000,0
04-06-2020 15:00,bvBOhCH3iADSZry,10639.8,5913,6458637.000,1039.97
08-06-2020 06:45,3PZuoBAID5Wc2HD,1146.88,48.25,7167272.250,111.525
07-06-2020 11:15,ZnxXDlPa8U1GXgE,13193.6,2800.62,6695854.625,1286.65
15-06-2020 21:15,adLQvlD726eNBSB,0,6916,6512002.000,0
01-06-2020 23:00,McdE0feGgRqW7Ca,0,5992,7292752.000,0
15-05-2020 01:45,ih0vzX44oOqAx2f,0,0,6185184.000,0
07-06-2020 01:30,z9Y9gH1T5YWrNuG,0,0,7177289.000,0
18-05-2020 12:00,7JYdWkrLSPkdwr4,7986.14,1606.57,7624669.571,781.614
30-05-2020 07:30,ZoEaEvLYb1n2sOq,1996.75,171.375,7209771.375,195.713
16-06-2020 03:15,ZnxXDlPa8U1GXgE,0,0,6758504.000,0
29-05-2020 07:15,iCRJl6heRkivqQ3,1983.14,141.571,7283178.571,194.429
28-05-2020 16:30,1IF53ai7Xc0U56Y,4158.38,8148.25,6289610.250,407.625
27-05-2020 22:45,uHbuxQJl8lW7ozc,0,0,7135258.000,0
01-06-2020 21:45,z9Y9gH1T5YWrNuG,0,5931,7139828.000,0
02-06-2020 10:30,7JYdWkrLSPkdwr4,6788.62,2206.25,7735830.250,664.812
29-05-2020 23:15,1BY6WEcLGh8j5v7,0,7564,6365374.000,0
13-06-2020 18:30,pkci93gMrogZuBj,67.5,8353.75,7389160.750,6.525
26-05-2020 05:30,WRmjgnKYAwPKWDb,0,0,7109996.000,0
13-06-2020 13:30,iCRJl6heRkivqQ3,7982.25,5719.25,7397078.250,781.312
17-06-2020 16:30,WRmjgnKYAwPKWDb,1880.12,5755.12,7273334.125,184.062
19-05-2020 14:00,rGa61gmuvPhdLxV,9378.71,4795.14,7141697.143,917.343
15-05-2020 10:30,3PZuoBAID5Wc2HD,5319.86,1661.86,6989420.857,521.6
05-06-2020 00:00,adLQvlD726eNBSB,0,0,6430581.000,0
26-05-2020 10:00,wCURE6d3bPkepu2,10776.6,1975.29,6866625.286,1053.27
08-06-2020 00:15,zBIq5rxdHJRwDNY,0,0,6514911.000,0
28-05-2020 10:45,zVJPv84UY57bAof,10275.7,2706,7214788.000,1002.66
05-06-2020 01:00,zBIq5rxdHJRwDNY,0,0,6492579.000,0
30-05-2020 11:45,1IF53ai7Xc0U56Y,9337.86,2354.43,6300565.429,912.929
18-05-2020 23:15,YxYtjZvoooNbGkE,0,5369,7205598.000,0
19-05-2020 20:30,adLQvlD726eNBSB,0,0,6304513.000,0
21-05-2020 23:15,bvBOhCH3iADSZry,0,7110,6362148.000,0
16-06-2020 13:45,bvBOhCH3iADSZry,5474.62,4127.38,6531919.375,536.388
10-06-2020 14:30,z9Y9gH1T5YWrNuG,6006.43,5407,7204460.000,587.957
11-06-2020 10:00,rGa61gmuvPhdLxV,5209.38,943.25,7311712.250,510.637
17-06-2020 15:45,sjndEbLyjtCKgGv,1400.38,5478.5,7261272.500,136.65
07-06-2020 19:30,ih0vzX44oOqAx2f,0,8019,6358692.000,0
26-05-2020 08:15,ZnxXDlPa8U1GXgE,5985.88,540,6605206.000,586.538
09-06-2020 02:00,VHMLBKoKgIrUVDU,0,0,7394696.000,0
14-06-2020 07:45,pkci93gMrogZuBj,4347.88,305.5,7389466.500,426.85
08-06-2020 07:15,zBIq5rxdHJRwDNY,1838.25,120.125,6515031.125,180.15
15-06-2020 21:30,bvBOhCH3iADSZry,0,6192,6527792.000,0
30-05-2020 13:15,McdE0feGgRqW7Ca,11436.8,3927.88,7277140.875,1116.67
19-05-2020 20:30,YxYtjZvoooNbGkE,0,6878,7212476.000,0
22-05-2020 10:45,YxYtjZvoooNbGkE,8643,1974.5,7231008.500,844.513
11-06-2020 08:15,1BY6WEcLGh8j5v7,2702.71,237.571,6445218.571,265.086
17-06-2020 11:45,wCURE6d3bPkepu2,11444.4,2519,7025237.000,1117.29
01-06-2020 02:15,zBIq5rxdHJRwDNY,0,0,6463239.000,0
15-05-2020 10:30,adLQvlD726eNBSB,5257.57,1712.43,6273067.429,515.571
23-05-2020 01:00,wCURE6d3bPkepu2,0,0,6839225.000,0
17-05-2020 22:00,uHbuxQJl8lW7ozc,0,7454,7058793.000,0
28-05-2020 10:45,bvBOhCH3iADSZry,8876.5,2543.88,6408376.875,867.6
19-05-2020 21:15,ZoEaEvLYb1n2sOq,0,6805,7130332.000,0
20-05-2020 06:30,adLQvlD726eNBSB,782.125,22.875,6304535.875,75.875
13-06-2020 09:15,WRmjgnKYAwPKWDb,9191.57,1356.86,7240136.857,899.014
17-05-2020 08:15,1IF53ai7Xc0U56Y,5427,525.25,6197119.250,531.925
15-06-2020 08:00,ZoEaEvLYb1n2sOq,6230.29,372.429,7323424.429,610.429
06-06-2020 21:45,wCURE6d3bPkepu2,0,0,6953094.000,0
06-06-2020 07:30,VHMLBKoKgIrUVDU,4056.88,271.5,7371825.500,398.575
31-05-2020 22:15,zBIq5rxdHJRwDNY,0,0,6463239.000,0
14-06-2020 01:45,McdE0feGgRqW7Ca,0,0,7381923.000,0
18-05-2020 04:45,bvBOhCH3iADSZry,0,0,6335576.000,0
05-06-2020 11:00,bvBOhCH3iADSZry,9728.29,2406,6462592.000,950.2
23-05-2020 01:00,zBIq5rxdHJRwDNY,0,0,6395807.000,0
01-06-2020 15:00,zBIq5rxdHJRwDNY,2943.29,5342.14,6468581.143,288.914
26-05-2020 00:15,bvBOhCH3iADSZry,0,0,6392336.000,0
12-06-2020 20:45,1BY6WEcLGh8j5v7,0,5441,6455679.000,0
25-05-2020 11:00,sjndEbLyjtCKgGv,11861.6,2981.88,7092332.875,1156.53
15-05-2020 02:15,WRmjgnKYAwPKWDb,0,0,7028673.000,0
31-05-2020 08:30,bvBOhCH3iADSZry,4000.86,400,6428081.000,393.071
05-06-2020 08:45,zBIq5rxdHJRwDNY,7830.12,694.875,6493273.875,766.487
18-05-2020 23:15,VHMLBKoKgIrUVDU,0,5457,7232554.000,0
08-06-2020 15:30,sjndEbLyjtCKgGv,7808,7394.43,7199948.429,764.043
14-06-2020 14:45,bvBOhCH3iADSZry,5929.75,2696.12,6520338.125,581.062
15-06-2020 10:45,3PZuoBAID5Wc2HD,8717,2759,7220982.000,851.725
20-05-2020 13:00,ih0vzX44oOqAx2f,11880.5,5325.38,6222602.375,1158.7
18-05-2020 00:00,sjndEbLyjtCKgGv,0,0,7037054.000,0
22-05-2020 15:45,WRmjgnKYAwPKWDb,4452.25,6823.88,7084181.875,436.925
09-06-2020 14:45,iCRJl6heRkivqQ3,7798.43,6522.86,7371477.857,763.214
21-05-2020 18:00,pkci93gMrogZuBj,311.75,7771.5,7217969.500,30.1
26-05-2020 02:45,YxYtjZvoooNbGkE,0,0,7261464.000,0
16-05-2020 09:00,WRmjgnKYAwPKWDb,6406,906.143,7035721.143,627.529
31-05-2020 12:45,bvBOhCH3iADSZry,12623.3,3717.43,6431398.429,1230.76
17-05-2020 13:15,McdE0feGgRqW7Ca,6429.12,5022.62,7177043.625,629
14-06-2020 21:15,bvBOhCH3iADSZry,0,3958,6521600.000,0
14-06-2020 20:15,VHMLBKoKgIrUVDU,0,7489,7437055.000,0
16-05-2020 11:15,pkci93gMrogZuBj,6742.71,2400.14,7177877.143,660.414
31-05-2020 01:15,ZoEaEvLYb1n2sOq,0,0,7216848.000,0
26-05-2020 02:15,YxYtjZvoooNbGkE,0,0,7261464.000,0
17-05-2020 07:30,rGa61gmuvPhdLxV,2792.29,157,7124256.000,274.171
13-06-2020 21:30,zVJPv84UY57bAof,0,8410,7336960.000,0
12-06-2020 07:30,7JYdWkrLSPkdwr4,946.143,88.7143,7806752.714,91.8857
19-05-2020 01:15,z9Y9gH1T5YWrNuG,0,0,7033573.000,0
22-05-2020 09:45,VHMLBKoKgIrUVDU,5400.25,1342,7257703.000,529.5
15-05-2020 18:00,WRmjgnKYAwPKWDb,292,6136.71,7034809.714,28.2286
19-05-2020 21:45,pkci93gMrogZuBj,0,6938,7201349.000,0
22-05-2020 22:00,adLQvlD726eNBSB,0,7378,6328951.000,0
16-05-2020 11:30,z9Y9gH1T5YWrNuG,7666.57,2646.71,7016898.714,750.443
10-06-2020 04:00,uHbuxQJl8lW7ozc,0,0,7233863.000,0
01-06-2020 23:45,1IF53ai7Xc0U56Y,0,6012,6317444.000,0
11-06-2020 13:15,iCRJl6heRkivqQ3,7393.88,3239.25,7383018.250,723.925
21-05-2020 23:45,WRmjgnKYAwPKWDb,0,0,7077358.000,0
27-05-2020 07:45,7JYdWkrLSPkdwr4,3909.14,305.429,7692217.429,384.029
16-06-2020 11:45,YxYtjZvoooNbGkE,7407.86,3214,7416549.000,725.157
21-05-2020 19:45,1BY6WEcLGh8j5v7,0,7243,6305589.000,0
02-06-2020 18:00,YxYtjZvoooNbGkE,362,7399.29,7318915.286,35
13-06-2020 12:45,WRmjgnKYAwPKWDb,11781,5066.25,7243846.250,1149.41
13-06-2020 08:30,sjndEbLyjtCKgGv,6917.71,696.286,7227797.286,677.5
10-06-2020 20:15,1BY6WEcLGh8j5v7,0,5911,6444981.000,0
05-06-2020 10:30,bvBOhCH3iADSZry,9798.43,1918.43,6462104.429,956.786
12-06-2020 15:30,3PZuoBAID5Wc2HD,5909.75,5226.75,7201412.750,579.1
30-05-2020 04:15,sjndEbLyjtCKgGv,0,0,7129029.000,0
09-06-2020 20:30,McdE0feGgRqW7Ca,0,8235,7355017.000,0
19-05-2020 05:45,1BY6WEcLGh8j5v7,0,0,6283648.000,0
22-05-2020 23:15,rGa61gmuvPhdLxV,0,0,7167141.000,0
26-05-2020 09:00,uHbuxQJl8lW7ozc,8150.14,1046.86,7121742.857,797.7
13-06-2020 00:00,ZoEaEvLYb1n2sOq,0,0,7307385.000,0
18-05-2020 11:30,rGa61gmuvPhdLxV,5301,1318.25,7132855.250,519.625
19-05-2020 04:45,1BY6WEcLGh8j5v7,0,0,6283648.000,0
06-06-2020 21:30,uHbuxQJl8lW7ozc,0,0,7208855.000,0
26-05-2020 05:30,zVJPv84UY57bAof,0,0,7197609.000,0
02-06-2020 10:30,WRmjgnKYAwPKWDb,6529.43,2182.86,7161882.857,639.543
21-05-2020 16:15,1BY6WEcLGh8j5v7,3180.29,6976.43,6305322.429,312.4
16-05-2020 06:30,1IF53ai7Xc0U56Y,735.5,17.25,6190019.250,71.3
17-05-2020 06:30,rGa61gmuvPhdLxV,462.429,7.85714,7124106.857,44.7143
17-06-2020 02:30,rGa61gmuvPhdLxV,0,0,7350947.000,0
08-06-2020 01:30,McdE0feGgRqW7Ca,0,0,7338202.000,0
11-06-2020 19:00,1BY6WEcLGh8j5v7,0,5257,6450238.000,0
01-06-2020 09:45,1BY6WEcLGh8j5v7,6253.5,1469.88,6379400.875,612.612
28-05-2020 03:15,zVJPv84UY57bAof,0,0,7212082.000,0
08-06-2020 13:00,WRmjgnKYAwPKWDb,10096,5009,7209691.000,985.529
27-05-2020 11:15,sjndEbLyjtCKgGv,11297.7,2764.57,7108653.571,1102.37
15-06-2020 10:45,sjndEbLyjtCKgGv,11271.6,2716.57,7245527.571,1100.2
09-06-2020 18:45,rGa61gmuvPhdLxV,0,8240,7304204.000,0
04-06-2020 10:30,ZoEaEvLYb1n2sOq,10275.2,1989.25,7245490.250,1003.39
16-05-2020 18:15,1BY6WEcLGh8j5v7,120.143,6291.43,6271604.429,11.6
31-05-2020 07:30,ZnxXDlPa8U1GXgE,2018.62,145,6643528.000,197.887
17-05-2020 07:00,WRmjgnKYAwPKWDb,1479.5,53,7041483.000,144.475
23-05-2020 10:45,ZnxXDlPa8U1GXgE,8582.88,2525.5,6581664.500,838.875
14-06-2020 23:30,rGa61gmuvPhdLxV,0,7302,7337972.000,0
12-06-2020 01:00,z9Y9gH1T5YWrNuG,0,0,7211064.000,0
06-06-2020 22:30,zBIq5rxdHJRwDNY,0,0,6506728.000,0
23-05-2020 18:30,zBIq5rxdHJRwDNY,34.875,8674,6404481.000,3.375
16-05-2020 09:45,adLQvlD726eNBSB,8174.25,1413,6279151.000,799.987
07-06-2020 07:15,adLQvlD726eNBSB,1921.62,140.25,6445171.250,188.338
28-05-2020 05:30,ZnxXDlPa8U1GXgE,0,0,6619376.000,0
31-05-2020 14:00,uHbuxQJl8lW7ozc,9548.14,4996.86,7164268.857,932.5
31-05-2020 05:45,rGa61gmuvPhdLxV,0,0,7230438.000,0
31-05-2020 20:45,uHbuxQJl8lW7ozc,0,6081,7165353.000,0
28-05-2020 17:45,zBIq5rxdHJRwDNY,629.5,7886.38,6441969.375,60.9375
30-05-2020 01:30,uHbuxQJl8lW7ozc,0,0,7151932.000,0
30-05-2020 19:00,McdE0feGgRqW7Ca,0,7352,7280565.000,0
10-06-2020 17:45,VHMLBKoKgIrUVDU,1191.86,6450.71,7409266.714,115.9
09-06-2020 15:15,uHbuxQJl8lW7ozc,8389.14,6995.14,7232549.143,820.971
10-06-2020 21:45,zBIq5rxdHJRwDNY,0,6498,6537903.000,0
16-05-2020 16:30,pkci93gMrogZuBj,2609.14,5941.71,7181418.714,255.871
07-06-2020 06:45,ZnxXDlPa8U1GXgE,1516.14,47,6693101.000,148.229
27-05-2020 16:00,3PZuoBAID5Wc2HD,6199.14,6211.29,7084922.286,607.329
16-06-2020 14:30,VHMLBKoKgIrUVDU,10570.9,5012,7448881.000,1032.03
12-06-2020 14:00,7JYdWkrLSPkdwr4,8712.43,4188.14,7810852.143,852.443
30-05-2020 17:45,ZnxXDlPa8U1GXgE,1023.5,7281.25,6643347.250,99.475
05-06-2020 20:15,7JYdWkrLSPkdwr4,0,0,7764140.000,0
24-05-2020 13:45,1BY6WEcLGh8j5v7,11000.8,5513.62,6325916.625,1075.08
06-06-2020 03:45,bvBOhCH3iADSZry,0,0,6467251.000,0
02-06-2020 09:30,adLQvlD726eNBSB,9931.71,1356.29,6408187.286,969.943
25-05-2020 18:45,iCRJl6heRkivqQ3,0,8869,7260130.000,0
06-06-2020 08:00,McdE0feGgRqW7Ca,5242,486.143,7325167.143,513.871
13-06-2020 15:00,McdE0feGgRqW7Ca,10229.4,7310.14,7380638.143,999.7
31-05-2020 23:15,WRmjgnKYAwPKWDb,0,5837,7153866.000,0
01-06-2020 14:45,wCURE6d3bPkepu2,2873.75,5430.25,6914835.250,282.137
08-06-2020 11:30,ZnxXDlPa8U1GXgE,10833.9,3598.86,6704861.857,1058.11
26-05-2020 08:30,pkci93gMrogZuBj,6490,668.143,7251187.143,635.771
08-06-2020 03:30,sjndEbLyjtCKgGv,0,0,7192554.000,0
13-06-2020 22:15,VHMLBKoKgIrUVDU,0,8652,7429566.000,0
11-06-2020 12:15,McdE0feGgRqW7Ca,9087.12,2568,7364191.000,888.938
15-06-2020 08:15,pkci93gMrogZuBj,7001.57,543.571,7396965.571,685.671
24-05-2020 09:00,bvBOhCH3iADSZry,7089.12,882.25,6377654.250,694.125
07-06-2020 17:00,zVJPv84UY57bAof,3429.57,8023.43,7293553.429,336.586
07-06-2020 19:00,ZoEaEvLYb1n2sOq,0,8085,7273453.000,0
31-05-2020 18:45,ZoEaEvLYb1n2sOq,0,5796,7222644.000,0
08-06-2020 17:30,McdE0feGgRqW7Ca,2035.43,8487.29,7346689.286,199.429
09-06-2020 04:15,rGa61gmuvPhdLxV,0,0,7295964.000,0
30-05-2020 13:15,ZnxXDlPa8U1GXgE,12273.6,3924.86,6639990.857,1197.4
10-06-2020 10:30,McdE0feGgRqW7Ca,6710.57,1898.14,7356915.143,657.229
09-06-2020 01:45,adLQvlD726eNBSB,0,0,6462004.000,0
30-05-2020 06:15,ZnxXDlPa8U1GXgE,319,5.71429,6636071.714,30.8143
16-06-2020 06:30,bvBOhCH3iADSZry,632.375,10.5,6527802.500,61.25
15-06-2020 16:00,YxYtjZvoooNbGkE,1819.25,6156,7412858.000,178
05-06-2020 00:30,ZnxXDlPa8U1GXgE,0,0,6679062.000,0
17-06-2020 14:00,adLQvlD726eNBSB,6460.62,4841.38,6523239.375,632.737
02-06-2020 15:45,VHMLBKoKgIrUVDU,6334.25,6717.62,7347031.625,620.487
31-05-2020 18:00,ZnxXDlPa8U1GXgE,693,6127.57,6649510.571,67.1429
11-06-2020 23:45,ZoEaEvLYb1n2sOq,0,5561,7301632.000,0
17-06-2020 03:15,YxYtjZvoooNbGkE,0,0,7419556.000,0
24-05-2020 19:15,sjndEbLyjtCKgGv,0,7902,7089351.000,0
07-06-2020 17:30,3PZuoBAID5Wc2HD,2113.75,8164,7167146.000,207.137
16-05-2020 18:00,7JYdWkrLSPkdwr4,402.429,6452.43,7615528.429,38.9143
26-05-2020 14:00,ZoEaEvLYb1n2sOq,9134.12,5989.38,7184903.375,892.425
16-05-2020 03:45,z9Y9gH1T5YWrNuG,0,0,7014252.000,0
31-05-2020 11:15,wCURE6d3bPkepu2,12817.1,2699,6905857.000,1250.35
09-06-2020 22:15,McdE0feGgRqW7Ca,0,8235,7355017.000,0
31-05-2020 04:45,VHMLBKoKgIrUVDU,0,0,7328329.000,0
18-05-2020 13:15,YxYtjZvoooNbGkE,10415,2652.57,7202881.571,1017.2
31-05-2020 19:30,1IF53ai7Xc0U56Y,0,5889,6311432.000,0
11-06-2020 10:30,z9Y9gH1T5YWrNuG,5721.14,1200.71,7206665.714,560.7
02-06-2020 20:30,zVJPv84UY57bAof,0,7451,7255217.000,0
23-05-2020 01:00,zVJPv84UY57bAof,0,0,7172294.000,0
03-06-2020 18:45,1BY6WEcLGh8j5v7,0,7341,6397809.000,0
02-06-2020 20:45,3PZuoBAID5Wc2HD,0,0,7128614.000,0
31-05-2020 22:15,YxYtjZvoooNbGkE,0,5970,7305739.000,0
24-05-2020 06:00,WRmjgnKYAwPKWDb,110.25,0.375,7093026.375,10.65
07-06-2020 13:00,ih0vzX44oOqAx2f,12350.5,4822.62,6355495.625,1204.19
12-06-2020 08:15,sjndEbLyjtCKgGv,2800.43,209.143,7221463.143,274.686
26-05-2020 20:00,uHbuxQJl8lW7ozc,0,0,7128538.000,0
19-05-2020 14:30,zBIq5rxdHJRwDNY,10436.6,5264.29,6370311.286,1020.24
05-06-2020 15:30,z9Y9gH1T5YWrNuG,5144,6458.57,7169720.571,503.543
23-05-2020 13:00,YxYtjZvoooNbGkE,10306.4,5136.43,7241257.429,1007.53
05-06-2020 05:30,zBIq5rxdHJRwDNY,0,0,6492579.000,0
27-05-2020 03:30,zVJPv84UY57bAof,0,0,7205383.000,0
09-06-2020 04:45,iCRJl6heRkivqQ3,0,0,7364955.000,0
20-05-2020 06:45,iCRJl6heRkivqQ3,938,40,7210758.000,91.1125
11-06-2020 08:30,VHMLBKoKgIrUVDU,3085.88,334.625,7409629.625,303.087
17-05-2020 19:00,3PZuoBAID5Wc2HD,0,7794,7008483.000,0
29-05-2020 06:15,ih0vzX44oOqAx2f,446.167,2,6287172.000,43.2167
08-06-2020 12:15,sjndEbLyjtCKgGv,8350.86,4290,7196844.000,817.057
13-06-2020 06:45,7JYdWkrLSPkdwr4,1127.5,38,7812455.000,109.625
14-06-2020 06:30,VHMLBKoKgIrUVDU,677.5,16.75,7429582.750,65.65
06-06-2020 21:00,7JYdWkrLSPkdwr4,0,6317,7770457.000,0
25-05-2020 08:00,WRmjgnKYAwPKWDb,4575.29,386.714,7101503.714,448.8
02-06-2020 23:15,ZoEaEvLYb1n2sOq,0,7287,7235727.000,0
18-05-2020 12:30,WRmjgnKYAwPKWDb,8417.43,2055.57,7051159.571,823.729
02-06-2020 10:30,sjndEbLyjtCKgGv,7252.62,2303.5,7150311.500,710.075
29-05-2020 11:00,1BY6WEcLGh8j5v7,10951.3,2519.43,6360329.429,1069.87
18-05-2020 13:00,uHbuxQJl8lW7ozc,8312,2467.12,7061260.125,813.4
14-06-2020 04:00,7JYdWkrLSPkdwr4,0,0,7820852.000,0
18-05-2020 10:30,1BY6WEcLGh8j5v7,2999,695.429,6279345.429,294.586
15-05-2020 06:45,YxYtjZvoooNbGkE,1292.12,37.25,7180003.250,125.963
16-05-2020 11:00,wCURE6d3bPkepu2,7736.88,2296.5,6791223.500,757.375
17-06-2020 19:00,ih0vzX44oOqAx2f,0,5758,6426129.000,0
02-06-2020 06:45,uHbuxQJl8lW7ozc,809.25,30.75,7170972.750,78.5375
15-06-2020 18:45,ZoEaEvLYb1n2sOq,0,6639,7329691.000,0
29-05-2020 18:00,zVJPv84UY57bAof,445,8209.25,7228682.250,43.0375
16-06-2020 12:15,7JYdWkrLSPkdwr4,6473,3425.12,7838224.125,634.038
05-06-2020 16:30,YxYtjZvoooNbGkE,6032.57,7030.86,7341916.857,591.1
20-05-2020 12:30,YxYtjZvoooNbGkE,12873,4777.71,7217253.714,1255.13
02-06-2020 11:30,adLQvlD726eNBSB,6647.29,3089.86,6409920.857,651.1
22-05-2020 14:15,rGa61gmuvPhdLxV,7926.5,5334,7165733.000,775.6
16-06-2020 05:45,wCURE6d3bPkepu2,0,0,7016444.000,0
21-05-2020 23:00,zVJPv84UY57bAof,0,7944,7165123.000,0
05-06-2020 23:00,WRmjgnKYAwPKWDb,0,0,7190270.000,0
09-06-2020 13:30,1BY6WEcLGh8j5v7,9372.43,5088.43,6436702.429,915.329
26-05-2020 19:30,uHbuxQJl8lW7ozc,0,0,7128538.000,0
11-06-2020 17:00,adLQvlD726eNBSB,2456.12,5625.5,6482569.500,240.838
05-06-2020 11:00,sjndEbLyjtCKgGv,8333.88,2575.88,7174093.875,815.075
21-05-2020 11:45,wCURE6d3bPkepu2,12387.6,3556.88,6827800.875,1208.49
12-06-2020 09:30,7JYdWkrLSPkdwr4,5280.88,749.25,7807413.250,517.663
21-05-2020 10:15,1IF53ai7Xc0U56Y,7354.86,2075.57,6227502.571,719.086
15-05-2020 11:45,sjndEbLyjtCKgGv,6771.38,2640,7019472.000,663.075
03-06-2020 19:15,zVJPv84UY57bAof,0,7836,7263053.000,0
18-05-2020 03:30,zVJPv84UY57bAof,0,0,7136015.000,0
24-05-2020 14:30,ih0vzX44oOqAx2f,6684.71,6256.86,6255194.857,654.529
07-06-2020 04:15,zVJPv84UY57bAof,0,0,7285530.000,0
31-05-2020 14:00,adLQvlD726eNBSB,10837.4,4771.62,6399542.625,1057.74
25-05-2020 00:30,1BY6WEcLGh8j5v7,0,0,6327940.000,0
17-05-2020 08:00,uHbuxQJl8lW7ozc,4843,363.143,7051702.143,475.071
20-05-2020 06:30,3PZuoBAID5Wc2HD,747.714,20.5714,7020532.571,72.4857
12-06-2020 11:45,bvBOhCH3iADSZry,8490.57,2212.29,6506619.286,830.857
16-05-2020 13:45,WRmjgnKYAwPKWDb,6439,4867,7039682.000,630.757
21-05-2020 08:00,uHbuxQJl8lW7ozc,4829.8,369.2,7080474.667,473.54
30-05-2020 18:00,VHMLBKoKgIrUVDU,647.286,7254.57,7328313.571,62.6714
22-05-2020 10:30,ZnxXDlPa8U1GXgE,6476.62,1898.5,6573762.500,634.025
06-06-2020 17:45,YxYtjZvoooNbGkE,335.75,6317.75,7348806.750,32.4375
03-06-2020 18:15,1BY6WEcLGh8j5v7,347,7334.86,6397802.857,33.5429
11-06-2020 21:45,pkci93gMrogZuBj,0,5662,7374956.000,0
15-05-2020 16:15,iCRJl6heRkivqQ3,4732.14,5983,7183975.000,464.257
07-06-2020 06:00,WRmjgnKYAwPKWDb,66,0.285714,7196611.286,6.37143
17-05-2020 23:30,zVJPv84UY57bAof,0,7480,7136015.000,0
19-05-2020 23:45,ZoEaEvLYb1n2sOq,0,6805,7130332.000,0
07-06-2020 21:45,1IF53ai7Xc0U56Y,0,8239,6363338.000,0
16-05-2020 05:45,ZnxXDlPa8U1GXgE,0,0,6528476.000,0
03-06-2020 18:15,3PZuoBAID5Wc2HD,360.429,7868.29,7136482.286,34.8429
15-06-2020 19:15,1IF53ai7Xc0U56Y,0,6846,6421214.000,0
02-06-2020 12:45,7JYdWkrLSPkdwr4,10673.3,4011.86,7737635.857,1042.63
04-06-2020 15:30,zBIq5rxdHJRwDNY,8800,6943.29,6491285.286,860.9
13-06-2020 01:00,pkci93gMrogZuBj,0,0,7380807.000,0
18-05-2020 21:15,zBIq5rxdHJRwDNY,0,5390,6365047.000,0
25-05-2020 14:45,3PZuoBAID5Wc2HD,9591.29,7597.14,7069165.143,937.957
24-05-2020 02:15,sjndEbLyjtCKgGv,0,0,7081449.000,0
20-05-2020 13:15,McdE0feGgRqW7Ca,12517.5,5743.83,7197841.833,1220.43
18-05-2020 16:30,3PZuoBAID5Wc2HD,3796.62,5160.88,7013643.875,373.05
21-05-2020 12:45,1BY6WEcLGh8j5v7,8430.25,4273.38,6302619.375,824.4
26-05-2020 14:00,McdE0feGgRqW7Ca,9593.5,6153.5,7247802.500,936.5
16-06-2020 01:45,VHMLBKoKgIrUVDU,0,0,7443869.000,0
12-06-2020 15:15,zBIq5rxdHJRwDNY,4924.88,5027.25,6548577.250,482.938
07-06-2020 04:15,3PZuoBAID5Wc2HD,0,0,7158982.000,0
04-06-2020 15:15,wCURE6d3bPkepu2,8597,6748.57,6937524.571,840.657
15-05-2020 13:30,7JYdWkrLSPkdwr4,7975.43,3782.29,7606742.286,780.686
26-05-2020 22:30,1BY6WEcLGh8j5v7,0,0,6343669.000,0
03-06-2020 02:45,7JYdWkrLSPkdwr4,0,0,7740873.000,0
22-05-2020 15:30,rGa61gmuvPhdLxV,4100.62,6269.5,7166668.500,402.125
28-05-2020 10:00,1IF53ai7Xc0U56Y,10736.1,2093,6283555.000,1048.64
27-05-2020 17:15,sjndEbLyjtCKgGv,1840.71,6613.86,7112502.857,180.186
17-06-2020 11:00,WRmjgnKYAwPKWDb,6593.29,1935.86,7269514.857,645.657
16-06-2020 19:45,sjndEbLyjtCKgGv,0,6255,7255794.000,0
17-05-2020 14:15,McdE0feGgRqW7Ca,4386,5903.12,7177924.125,430.55
04-06-2020 03:45,WRmjgnKYAwPKWDb,0,0,7174627.000,0
04-06-2020 12:30,ZnxXDlPa8U1GXgE,8029.88,4103.38,6674987.375,785.425
14-06-2020 09:00,WRmjgnKYAwPKWDb,6076,889,7248068.000,595.286
17-05-2020 12:45,1IF53ai7Xc0U56Y,11852.4,4790.14,6201384.143,1156.49
19-05-2020 21:30,wCURE6d3bPkepu2,0,6956,6815349.000,0
21-05-2020 07:45,uHbuxQJl8lW7ozc,4057.5,302.5,7080413.500,398.65
17-05-2020 14:30,VHMLBKoKgIrUVDU,4206,6079.14,7225459.143,412.529
05-06-2020 23:15,wCURE6d3bPkepu2,0,7748,6946769.000,0
09-06-2020 02:30,7JYdWkrLSPkdwr4,0,0,7786793.000,0
10-06-2020 02:00,zVJPv84UY57bAof,0,0,7310456.000,0
01-06-2020 16:30,wCURE6d3bPkepu2,1727.29,5770.29,6915175.286,169.286
22-05-2020 16:45,zVJPv84UY57bAof,1949.86,7037.71,7172160.714,191.143
30-05-2020 02:30,sjndEbLyjtCKgGv,0,0,7129029.000,0
18-05-2020 09:45,3PZuoBAID5Wc2HD,1547.25,595.125,7009078.125,151.175
01-06-2020 23:15,1BY6WEcLGh8j5v7,0,5508,6383439.000,0
24-05-2020 05:45,rGa61gmuvPhdLxV,0,0,7175293.000,0
29-05-2020 23:30,zBIq5rxdHJRwDNY,0,0,6449905.000,0
13-06-2020 10:45,YxYtjZvoooNbGkE,9176.38,2607.25,7393666.250,896.163
14-06-2020 15:45,WRmjgnKYAwPKWDb,5921.75,6820.25,7253999.250,580.275
15-05-2020 03:45,z9Y9gH1T5YWrNuG,0,0,7007866.000,0
30-05-2020 00:15,3PZuoBAID5Wc2HD,0,0,7102189.000,0
09-06-2020 07:15,pkci93gMrogZuBj,2547.38,150.375,7354626.375,249.8
30-05-2020 11:30,ih0vzX44oOqAx2f,7512.29,2074.29,6297195.286,735.5
29-05-2020 23:00,ZnxXDlPa8U1GXgE,0,8150,6636066.000,0
02-06-2020 15:45,ZnxXDlPa8U1GXgE,7040.75,6784.38,6662227.375,689.275
17-05-2020 12:45,7JYdWkrLSPkdwr4,10987.5,4609.88,7620146.875,1072.34
31-05-2020 11:45,iCRJl6heRkivqQ3,7087,3061.14,7301659.143,693.8
17-06-2020 04:45,ZnxXDlPa8U1GXgE,0,0,6764808.000,0
26-05-2020 08:15,7JYdWkrLSPkdwr4,5995.25,560.125,7684580.125,587.438
19-05-2020 08:15,z9Y9gH1T5YWrNuG,2831.12,368.875,7033941.875,277.675
03-06-2020 03:15,3PZuoBAID5Wc2HD,0,0,7128614.000,0
13-06-2020 18:30,McdE0feGgRqW7Ca,70.2857,8594.43,7381922.429,6.78571
01-06-2020 22:15,McdE0feGgRqW7Ca,0,5992,7292752.000,0
04-06-2020 08:30,z9Y9gH1T5YWrNuG,6132.14,618.429,7155731.429,600.886
29-05-2020 17:15,bvBOhCH3iADSZry,2105.29,7354.57,6420939.571,206.414
16-06-2020 14:45,1BY6WEcLGh8j5v7,6350.29,4847.29,6478797.286,622.114
15-05-2020 03:45,McdE0feGgRqW7Ca,0,0,7158964.000,0
29-05-2020 23:00,7JYdWkrLSPkdwr4,0,8007,7714835.000,0
02-06-2020 12:15,YxYtjZvoooNbGkE,9686.29,3628.57,7315144.571,947.014
26-05-2020 10:00,uHbuxQJl8lW7ozc,10527.9,1967.29,7122663.286,1029.07
12-06-2020 08:30,bvBOhCH3iADSZry,2975.57,261.429,6504668.429,292
21-05-2020 20:30,WRmjgnKYAwPKWDb,0,0,7077358.000,0
09-06-2020 03:45,ZoEaEvLYb1n2sOq,0,0,7281724.000,0
11-06-2020 17:45,zBIq5rxdHJRwDNY,988.857,5612,6543515.000,96.0857
12-06-2020 07:45,bvBOhCH3iADSZry,1216.5,107.125,6504514.125,118.325
20-05-2020 11:00,bvBOhCH3iADSZry,10609.9,2770.75,6349677.750,1037.09
14-06-2020 11:30,rGa61gmuvPhdLxV,9289.5,3050.25,7333720.250,908.337
26-05-2020 03:45,McdE0feGgRqW7Ca,0,0,7241649.000,0
07-06-2020 22:15,3PZuoBAID5Wc2HD,0,8242,7167224.000,0
01-06-2020 18:15,iCRJl6heRkivqQ3,277.857,5777.71,7310344.714,26.8429
16-05-2020 02:15,bvBOhCH3iADSZry,0,0,6322510.000,0
13-06-2020 19:15,7JYdWkrLSPkdwr4,0,8435,7820852.000,0
14-06-2020 04:00,iCRJl6heRkivqQ3,0,0,7399855.000,0
24-05-2020 09:15,1IF53ai7Xc0U56Y,7861.75,1210.62,6250417.625,769.375
05-06-2020 03:45,ZnxXDlPa8U1GXgE,0,0,6679062.000,0
24-05-2020 12:30,WRmjgnKYAwPKWDb,11870.4,4528.14,7097554.143,1157.81
02-06-2020 04:30,zBIq5rxdHJRwDNY,0,0,6469033.000,0
08-06-2020 04:15,z9Y9gH1T5YWrNuG,0,0,7183631.000,0
04-06-2020 10:15,zBIq5rxdHJRwDNY,8495.29,1783.57,6486125.571,829.843
15-06-2020 04:30,YxYtjZvoooNbGkE,0,0,7406702.000,0
06-06-2020 08:45,YxYtjZvoooNbGkE,5991.25,917.875,7343406.875,587.025
15-05-2020 16:15,ZnxXDlPa8U1GXgE,4593.62,5869.5,6528041.500,450.725
16-06-2020 02:00,uHbuxQJl8lW7ozc,0,0,7274743.000,0
02-06-2020 14:00,1BY6WEcLGh8j5v7,6286.57,5194.29,6388633.286,615.9
24-05-2020 14:30,iCRJl6heRkivqQ3,9016.43,6520,7249740.000,881.129
23-05-2020 06:45,YxYtjZvoooNbGkE,687.167,26.5,7236147.500,66.5833
25-05-2020 02:00,zBIq5rxdHJRwDNY,0,0,6411758.000,0
05-06-2020 04:45,McdE0feGgRqW7Ca,0,0,7316761.000,0
14-06-2020 02:45,YxYtjZvoooNbGkE,0,0,7399439.000,0
24-05-2020 20:30,WRmjgnKYAwPKWDb,0,8091,7101117.000,0
17-06-2020 09:00,7JYdWkrLSPkdwr4,5100,691.286,7841656.286,499.971
25-05-2020 19:00,bvBOhCH3iADSZry,0,8124,6392336.000,0
01-06-2020 12:45,7JYdWkrLSPkdwr4,3875.62,4157.5,7731978.500,380.825
21-05-2020 11:00,rGa61gmuvPhdLxV,9665.12,2694,7155327.000,944.237
09-06-2020 07:00,ih0vzX44oOqAx2f,2210.14,97,6367006.000,216.671
26-05-2020 15:15,7JYdWkrLSPkdwr4,3710.43,6732,7690752.000,364.443
23-05-2020 21:30,uHbuxQJl8lW7ozc,0,8493,7103746.000,0
30-05-2020 01:00,ih0vzX44oOqAx2f,0,0,6295121.000,0
20-05-2020 01:30,WRmjgnKYAwPKWDb,0,0,7060932.000,0
17-05-2020 05:00,ZnxXDlPa8U1GXgE,0,0,6535152.000,0
01-06-2020 12:45,wCURE6d3bPkepu2,3742.57,4194.71,6913599.714,367.7
06-06-2020 04:15,pkci93gMrogZuBj,0,0,7331487.000,0
08-06-2020 21:30,sjndEbLyjtCKgGv,0,8371,7200925.000,0
27-05-2020 12:00,sjndEbLyjtCKgGv,11949.4,3626.12,7109515.125,1165.9
07-06-2020 22:00,WRmjgnKYAwPKWDb,0,8071,7204682.000,0
07-06-2020 06:00,rGa61gmuvPhdLxV,46.7143,0,7279501.000,4.51429
12-06-2020 13:30,z9Y9gH1T5YWrNuG,8230.57,3770.43,7214834.429,805.571
26-05-2020 11:00,VHMLBKoKgIrUVDU,13057.6,3157,7292682.000,1273.11
27-05-2020 04:00,WRmjgnKYAwPKWDb,0,0,7117880.000,0
20-05-2020 18:00,pkci93gMrogZuBj,843.875,8829.75,7210178.750,81.9125
17-06-2020 02:15,1IF53ai7Xc0U56Y,0,0,6427532.000,0
19-05-2020 00:15,WRmjgnKYAwPKWDb,0,0,7054452.000,0
09-06-2020 10:00,ZoEaEvLYb1n2sOq,5233.5,1856,7283580.000,512.837
29-05-2020 23:15,z9Y9gH1T5YWrNuG,0,0,7120455.000,0
13-06-2020 04:30,pkci93gMrogZuBj,0,0,7380807.000,0
10-06-2020 10:00,McdE0feGgRqW7Ca,4915.14,1578.29,7356595.286,482.071
20-05-2020 01:15,WRmjgnKYAwPKWDb,0,0,7060932.000,0
16-06-2020 00:00,1IF53ai7Xc0U56Y,0,0,6421214.000,0
15-05-2020 15:00,uHbuxQJl8lW7ozc,6160.62,5237.25,7043918.250,603.688
30-05-2020 09:15,adLQvlD726eNBSB,5474.62,811.625,6388163.625,536.663
21-05-2020 14:45,wCURE6d3bPkepu2,7673.71,6564.14,6830808.143,750.886
27-05-2020 01:30,ih0vzX44oOqAx2f,0,0,6272291.000,0
06-06-2020 18:00,zVJPv84UY57bAof,141.5,6440,7285530.000,13.65
03-06-2020 06:15,ZoEaEvLYb1n2sOq,335.857,4.28571,7235731.286,32.4857
22-05-2020 13:45,ZoEaEvLYb1n2sOq,8744.71,4982.86,7151667.857,854.114
01-06-2020 21:00,3PZuoBAID5Wc2HD,0,5965,7121269.000,0
25-05-2020 18:00,1BY6WEcLGh8j5v7,394.857,8258.43,6336198.429,38.1857
25-05-2020 01:15,pkci93gMrogZuBj,0,0,7241707.000,0
06-06-2020 03:00,1BY6WEcLGh8j5v7,0,0,6412542.000,0
02-06-2020 10:15,zBIq5rxdHJRwDNY,7075.38,2093.62,6471126.625,692.8
10-06-2020 22:15,wCURE6d3bPkepu2,0,6423,6982403.000,0
09-06-2020 21:45,7JYdWkrLSPkdwr4,0,7936,7794729.000,0
13-06-2020 16:45,WRmjgnKYAwPKWDb,2186.71,8213.14,7246993.143,214.414
10-06-2020 14:30,adLQvlD726eNBSB,5620.57,5636,6475913.000,550.586
11-06-2020 05:15,McdE0feGgRqW7Ca,0,0,7361623.000,0
15-06-2020 01:45,3PZuoBAID5Wc2HD,0,0,7218223.000,0
10-06-2020 23:45,rGa61gmuvPhdLxV,0,6565,7310769.000,0
12-06-2020 14:00,pkci93gMrogZuBj,8942.62,4243.88,7379199.875,874.837
12-06-2020 10:45,3PZuoBAID5Wc2HD,6743.12,1638.62,7197824.625,660.45
04-06-2020 15:45,1IF53ai7Xc0U56Y,6974.57,7197.71,6339856.714,682.971
01-06-2020 10:00,YxYtjZvoooNbGkE,7631.43,1760.29,7307499.286,746.614
14-06-2020 19:30,bvBOhCH3iADSZry,0,3958,6521600.000,0
03-06-2020 19:15,1IF53ai7Xc0U56Y,0,7875,6332659.000,0
10-06-2020 19:00,z9Y9gH1T5YWrNuG,0,6412,7205465.000,0
18-05-2020 21:00,adLQvlD726eNBSB,0,5506,6297816.000,0
27-05-2020 20:45,uHbuxQJl8lW7ozc,0,0,7135258.000,0
10-06-2020 09:00,McdE0feGgRqW7Ca,7107.62,886.75,7355903.750,695.987
02-06-2020 18:30,iCRJl6heRkivqQ3,64.5714,7464.57,7317812.571,6.21429
25-05-2020 05:15,iCRJl6heRkivqQ3,0,0,7251261.000,0
30-05-2020 03:15,VHMLBKoKgIrUVDU,0,0,7321059.000,0
07-06-2020 02:00,YxYtjZvoooNbGkE,0,0,7348812.000,0
13-06-2020 02:00,3PZuoBAID5Wc2HD,0,0,7202086.000,0
24-05-2020 05:30,iCRJl6heRkivqQ3,0,0,7243220.000,0
22-05-2020 22:15,WRmjgnKYAwPKWDb,0,7237,7084595.000,0
22-05-2020 02:15,zVJPv84UY57bAof,0,0,7165123.000,0
17-06-2020 07:15,7JYdWkrLSPkdwr4,2051.86,55.8571,7841020.857,201.157
15-06-2020 23:45,WRmjgnKYAwPKWDb,0,5889.62,7261315.000,0
24-05-2020 00:00,VHMLBKoKgIrUVDU,0,1230.14,7272332.000,0
01-06-2020 03:15,wCURE6d3bPkepu2,0,0,6909405.000,0
24-05-2020 22:00,sjndEbLyjtCKgGv,0,7902,7089351.000,0
16-05-2020 05:45,3PZuoBAID5Wc2HD,0,0,6994033.000,0
02-06-2020 15:45,sjndEbLyjtCKgGv,6528.75,6704.88,7154712.875,639.388
06-06-2020 10:15,YxYtjZvoooNbGkE,8481,1990.38,7344479.375,828.612
10-06-2020 07:30,ih0vzX44oOqAx2f,3296.14,214.143,6374969.143,324
18-05-2020 11:15,VHMLBKoKgIrUVDU,7270.71,1192,7228289.000,711.929
08-06-2020 10:45,pkci93gMrogZuBj,10821.6,2669.57,7348801.571,1056.77
24-05-2020 02:00,ih0vzX44oOqAx2f,0,0,6248938.000,0
30-05-2020 21:00,WRmjgnKYAwPKWDb,0,7130,7148029.000,0
31-05-2020 13:00,7JYdWkrLSPkdwr4,9401.25,4014,7725992.000,918.125
02-06-2020 03:00,wCURE6d3bPkepu2,0,0,6915344.000,0
22-05-2020 00:45,ih0vzX44oOqAx2f,0,0,6233543.000,0
11-06-2020 15:15,3PZuoBAID5Wc2HD,6330.25,4725.25,7195194.250,620.212
12-06-2020 21:15,uHbuxQJl8lW7ozc,0,5888,7252094.000,0
17-06-2020 01:30,rGa61gmuvPhdLxV,0,0,7350947.000,0
27-05-2020 12:15,WRmjgnKYAwPKWDb,6545.86,3864.14,7121744.143,641.129
07-06-2020 09:30,pkci93gMrogZuBj,6882,1151.62,7339069.625,673.95
26-05-2020 05:15,pkci93gMrogZuBj,0,0,7250519.000,0
17-06-2020 10:45,uHbuxQJl8lW7ozc,6663.12,1794.88,7282829.875,652.625
07-06-2020 05:45,sjndEbLyjtCKgGv,0,0,7185656.000,0
25-05-2020 14:15,3PZuoBAID5Wc2HD,10696.1,7081.43,7068649.429,1045.43
30-05-2020 06:15,z9Y9gH1T5YWrNuG,313.286,4,7120459.000,30.2571
25-05-2020 12:00,bvBOhCH3iADSZry,11486.1,3914.12,6388126.125,1121.5
13-06-2020 01:45,ih0vzX44oOqAx2f,0,0,6392263.000,0
09-06-2020 09:45,sjndEbLyjtCKgGv,9886.5,1748.88,7202673.875,965.65
13-06-2020 12:30,VHMLBKoKgIrUVDU,12986.8,4890.62,7425804.625,1266.85
07-06-2020 08:00,zVJPv84UY57bAof,3389.57,306.286,7285836.286,333.2
15-06-2020 21:30,VHMLBKoKgIrUVDU,0,6814,7443869.000,0
09-06-2020 13:15,VHMLBKoKgIrUVDU,9826.71,5281.86,7399977.857,959.786
02-06-2020 06:00,rGa61gmuvPhdLxV,66.125,0,7241969.000,6.3875
29-05-2020 12:45,3PZuoBAID5Wc2HD,12723,4702.62,7098681.625,1240.46
09-06-2020 20:30,3PZuoBAID5Wc2HD,0,8186,7183919.000,0
17-05-2020 04:00,ZnxXDlPa8U1GXgE,0,0,6535152.000,0
10-06-2020 03:15,uHbuxQJl8lW7ozc,0,0,7233863.000,0
17-06-2020 07:00,3PZuoBAID5Wc2HD,1392.25,17.875,7231390.875,135.925
31-05-2020 08:45,ih0vzX44oOqAx2f,7367.43,562.286,6302829.286,721.229
11-06-2020 00:00,iCRJl6heRkivqQ3,0,0,7379779.000,0
01-06-2020 20:00,VHMLBKoKgIrUVDU,0,5909,7340314.000,0
15-05-2020 15:45,z9Y9gH1T5YWrNuG,4801,5702.62,7013568.625,470.575
03-06-2020 23:15,pkci93gMrogZuBj,0,7786,7315436.000,0
08-06-2020 22:45,wCURE6d3bPkepu2,0,8443,6967970.000,0
12-06-2020 09:15,ZoEaEvLYb1n2sOq,5835.38,614.875,7302246.875,571.837
11-06-2020 06:30,sjndEbLyjtCKgGv,366.625,6.75,7215606.750,35.4
10-06-2020 15:30,1BY6WEcLGh8j5v7,4411,5228.86,6444298.857,433
30-05-2020 10:00,VHMLBKoKgIrUVDU,4756,1187.86,7322246.857,466.571
08-06-2020 13:00,YxYtjZvoooNbGkE,10120,4962.12,7361929.125,988.45
28-05-2020 04:00,VHMLBKoKgIrUVDU,0,0,7304378.000,0
16-06-2020 00:30,ZoEaEvLYb1n2sOq,0,0,7329691.000,0
31-05-2020 18:15,adLQvlD726eNBSB,280.75,5929.5,6400700.500,27.125
21-05-2020 21:45,1IF53ai7Xc0U56Y,0,0,6233247.000,0
26-05-2020 19:30,rGa61gmuvPhdLxV,0,0,7199869.000,0
06-06-2020 06:00,ih0vzX44oOqAx2f,132.143,0.285714,6344476.286,12.7429
17-06-2020 08:15,zVJPv84UY57bAof,3765.62,382.75,7357744.750,370.075
14-06-2020 01:00,YxYtjZvoooNbGkE,0,0,7399439.000,0
10-06-2020 18:00,1IF53ai7Xc0U56Y,572,6589.14,6386611.143,55.3714
23-05-2020 00:00,1BY6WEcLGh8j5v7,0,856,6312437.000,0
17-06-2020 13:15,adLQvlD726eNBSB,9690.86,4191.43,6522589.429,947.314
16-05-2020 05:15,ZoEaEvLYb1n2sOq,0,0,7104360.000,0
10-06-2020 01:15,1BY6WEcLGh8j5v7,0,0,6439070.000,0
28-05-2020 20:45,z9Y9gH1T5YWrNuG,0,8477,7112362.000,0
16-05-2020 12:30,rGa61gmuvPhdLxV,9343.57,3403.57,7121269.571,913.771
18-05-2020 02:15,1IF53ai7Xc0U56Y,0,0,6204353.000,0
23-05-2020 09:45,1IF53ai7Xc0U56Y,9512,1735.14,6242269.143,929.843
12-06-2020 23:30,wCURE6d3bPkepu2,0,5854,6993908.000,0
17-05-2020 14:45,ih0vzX44oOqAx2f,10236.9,5958.71,6203768.714,1000.7
24-05-2020 02:30,z9Y9gH1T5YWrNuG,0,0,7072762.000,0
05-06-2020 16:00,1BY6WEcLGh8j5v7,6881.38,6352.75,6411732.750,673.987
10-06-2020 00:45,sjndEbLyjtCKgGv,0,0,7209095.000,0
20-05-2020 08:30,7JYdWkrLSPkdwr4,6833.38,709,7635917.000,669.275
23-05-2020 12:00,1BY6WEcLGh8j5v7,12502.3,3714.14,6316151.143,1219.34
10-06-2020 23:45,zVJPv84UY57bAof,0,6560,7317016.000,0
28-05-2020 11:00,pkci93gMrogZuBj,12028.4,2907,7267892.000,1173.2
03-06-2020 14:15,McdE0feGgRqW7Ca,10188.6,5769.43,7306128.429,995.614
12-06-2020 15:00,1BY6WEcLGh8j5v7,5337.71,4570.57,6454808.571,523.2
01-06-2020 01:45,7JYdWkrLSPkdwr4,0,0,7727821.000,0
05-06-2020 10:30,zVJPv84UY57bAof,9559.14,2115,7273388.000,933.714
15-05-2020 20:15,zBIq5rxdHJRwDNY,0,6396,6345776.000,0
15-05-2020 14:30,pkci93gMrogZuBj,7223,4929.75,7174031.750,706.425
02-06-2020 16:45,uHbuxQJl8lW7ozc,3199.88,7262.62,7178204.625,314.075
10-06-2020 22:30,wCURE6d3bPkepu2,0,6423,6982403.000,0
23-05-2020 20:00,WRmjgnKYAwPKWDb,0,8431,7093026.000,0
23-05-2020 19:30,zBIq5rxdHJRwDNY,0,8674,6404481.000,0
11-06-2020 20:15,z9Y9gH1T5YWrNuG,0,5599,7211064.000,0
04-06-2020 03:00,zBIq5rxdHJRwDNY,0,0,6484342.000,0
22-05-2020 12:45,pkci93gMrogZuBj,12458.8,4158.5,7222134.500,1215.11
17-06-2020 19:45,WRmjgnKYAwPKWDb,0,5953,7273532.000,0
17-05-2020 03:45,bvBOhCH3iADSZry,0,0,6328648.000,0
26-05-2020 21:45,uHbuxQJl8lW7ozc,0,0,7128538.000,0
22-05-2020 08:30,zVJPv84UY57bAof,2646.12,676.375,7165799.375,259.512
15-06-2020 10:30,McdE0feGgRqW7Ca,10213.2,2571.25,7391929.250,997.163
23-05-2020 18:00,7JYdWkrLSPkdwr4,1267.75,8421,7667191.000,123.35
14-06-2020 03:00,1IF53ai7Xc0U56Y,0,0,6406881.000,0
08-06-2020 18:00,ih0vzX44oOqAx2f,825.286,8193.43,6366885.429,80.0857
16-06-2020 02:45,iCRJl6heRkivqQ3,0,0,7414001.000,0
17-05-2020 05:30,3PZuoBAID5Wc2HD,0,0,7000689.000,0
08-06-2020 16:15,ZoEaEvLYb1n2sOq,3239,7712.29,7281165.286,317.871
01-06-2020 16:30,7JYdWkrLSPkdwr4,1735,5633.14,7733454.143,170.071
30-05-2020 12:30,1BY6WEcLGh8j5v7,12228.7,2943.86,6368317.857,1192.74
31-05-2020 16:00,pkci93gMrogZuBj,3075.29,5559.86,7294435.857,302.229
02-06-2020 13:45,zBIq5rxdHJRwDNY,13298.4,5232,6474265.000,1296.63
17-06-2020 22:15,zVJPv84UY57bAof,0,5910,7363272.000,0
13-06-2020 23:30,1BY6WEcLGh8j5v7,0,7984,6463663.000,0
16-05-2020 23:45,sjndEbLyjtCKgGv,0,3674.86,7029613.000,0
27-05-2020 22:00,1BY6WEcLGh8j5v7,0,6164,6349833.000,0
13-06-2020 23:00,wCURE6d3bPkepu2,0,8461,7002369.000,0
27-05-2020 06:45,WRmjgnKYAwPKWDb,1613.25,50.75,7117930.750,157.887
14-06-2020 14:30,McdE0feGgRqW7Ca,8734.75,5860.25,7387783.250,853.85
02-06-2020 23:30,3PZuoBAID5Wc2HD,0,0,7128614.000,0
01-06-2020 20:15,ih0vzX44oOqAx2f,0,5751,6313983.000,0
16-05-2020 22:15,1IF53ai7Xc0U56Y,0,6592,6196594.000,0
15-05-2020 17:00,adLQvlD726eNBSB,2165.29,6253.43,6277608.429,212.286
13-06-2020 15:15,adLQvlD726eNBSB,10204.6,7748.43,6496470.429,997.229
26-05-2020 18:30,iCRJl6heRkivqQ3,0,0,7267996.000,0
25-05-2020 21:00,VHMLBKoKgIrUVDU,0,9013,7289525.000,0
28-05-2020 13:30,ih0vzX44oOqAx2f,6983,5839,6284701.571,683.05
22-05-2020 13:15,VHMLBKoKgIrUVDU,12816.6,4687,7261048.000,1249.61
15-05-2020 04:00,sjndEbLyjtCKgGv,0,0,7016832.000,0
11-06-2020 04:45,VHMLBKoKgIrUVDU,0,0,7409295.000,0
23-05-2020 12:00,3PZuoBAID5Wc2HD,12966.8,4112.75,7048728.750,1264.39
07-06-2020 06:00,zVJPv84UY57bAof,45.4286,0,7285530.000,4.38571
24-05-2020 11:15,1IF53ai7Xc0U56Y,11512.3,2992.57,6252199.571,1123.61
05-06-2020 10:15,VHMLBKoKgIrUVDU,6817.75,1969,7365790.000,667.638
31-05-2020 04:00,uHbuxQJl8lW7ozc,0,0,7159272.000,0
21-05-2020 23:30,1BY6WEcLGh8j5v7,0,7243,6305589.000,0
27-05-2020 08:00,uHbuxQJl8lW7ozc,4884.57,395,7128933.000,479.086
03-06-2020 06:45,pkci93gMrogZuBj,895.143,32.5714,7307682.571,86.9
15-06-2020 22:45,7JYdWkrLSPkdwr4,0,6641,7834799.000,0
16-05-2020 10:15,1IF53ai7Xc0U56Y,7505.88,1763.38,6191765.375,734.75
26-05-2020 10:00,1IF53ai7Xc0U56Y,11155.1,2093.43,6268621.429,1089.59
20-05-2020 05:15,ih0vzX44oOqAx2f,0,0,6217277.000,0
21-05-2020 11:00,pkci93gMrogZuBj,8812.71,2677.86,7212875.857,861.557
05-06-2020 21:15,1BY6WEcLGh8j5v7,0,7162,6412542.000,0
31-05-2020 00:15,sjndEbLyjtCKgGv,0,0,7136255.000,0
13-06-2020 08:30,uHbuxQJl8lW7ozc,6629.38,696.375,7252790.375,649.362
18-05-2020 01:00,iCRJl6heRkivqQ3,0,0,7198367.000,0
30-05-2020 20:30,zVJPv84UY57bAof,0,7290,7235977.000,0
29-05-2020 12:15,3PZuoBAID5Wc2HD,10230.8,4125.88,7098104.875,999.875
08-06-2020 03:45,adLQvlD726eNBSB,0,0,6453384.000,0
12-06-2020 07:00,z9Y9gH1T5YWrNuG,937.5,41,7211105.000,91.075
15-05-2020 16:00,iCRJl6heRkivqQ3,5077.88,5873.75,7183865.750,498.075
25-05-2020 22:00,7JYdWkrLSPkdwr4,0,8779,7684020.000,0
26-05-2020 23:45,sjndEbLyjtCKgGv,0,0,7105889.000,0
20-05-2020 05:45,zVJPv84UY57bAof,0,0,7148337.000,0
30-05-2020 23:30,ZnxXDlPa8U1GXgE,0,7317,6643383.000,0
22-05-2020 13:00,ZoEaEvLYb1n2sOq,10367.5,4194,7150879.000,1011.95
05-06-2020 15:15,7JYdWkrLSPkdwr4,6095.14,6193.43,7762814.429,596.386
16-06-2020 11:45,adLQvlD726eNBSB,8017.88,3309.5,6515311.500,784.612
14-06-2020 21:30,uHbuxQJl8lW7ozc,0,7306,7267837.000,0
20-05-2020 11:45,VHMLBKoKgIrUVDU,12487,4012.57,7243554.571,1217.8
13-06-2020 16:00,ZnxXDlPa8U1GXgE,6764.62,8090.62,6743875.625,662.525
08-06-2020 14:00,iCRJl6heRkivqQ3,9875.5,5998.88,7362509.875,964.663
15-06-2020 23:45,adLQvlD726eNBSB,0,6916,6512002.000,0
06-06-2020 06:00,3PZuoBAID5Wc2HD,147.125,0.5,7152486.500,14.2125
16-06-2020 02:45,uHbuxQJl8lW7ozc,0,0,7274743.000,0
25-05-2020 06:30,WRmjgnKYAwPKWDb,791.25,18.25,7101135.250,76.75
13-06-2020 16:30,wCURE6d3bPkepu2,3607.86,8199.71,7002107.714,354.229
03-06-2020 07:45,1IF53ai7Xc0U56Y,3462.88,250.125,6325034.125,340.45
18-05-2020 07:00,uHbuxQJl8lW7ozc,1683.14,75.2857,7058868.286,164.714
23-05-2020 22:45,3PZuoBAID5Wc2HD,0,8652,7053268.000,0
07-06-2020 20:30,z9Y9gH1T5YWrNuG,0,6342,7183631.000,0
09-06-2020 06:15,1IF53ai7Xc0U56Y,524.714,8.71429,6371841.714,50.7714
25-05-2020 09:00,zBIq5rxdHJRwDNY,7837.43,927.857,6412685.857,767.214
08-06-2020 23:00,1IF53ai7Xc0U56Y,0,8495,6371833.000,0
28-05-2020 12:45,adLQvlD726eNBSB,12317.1,5360.62,6375733.625,1201.58
22-05-2020 13:45,7JYdWkrLSPkdwr4,8810.57,5093.29,7656728.286,860.171
18-05-2020 23:30,VHMLBKoKgIrUVDU,0,5457,7232554.000,0
16-05-2020 02:15,1IF53ai7Xc0U56Y,0,0,6190002.000,0
22-05-2020 03:15,z9Y9gH1T5YWrNuG,0,0,7057147.000,0
30-05-2020 15:00,sjndEbLyjtCKgGv,9593.57,5730.71,7134759.714,938.257
17-06-2020 13:00,sjndEbLyjtCKgGv,6959.62,3854.62,7259648.625,681.625
24-05-2020 18:30,adLQvlD726eNBSB,156.714,8395.43,6346129.429,15.1143
20-05-2020 07:45,1BY6WEcLGh8j5v7,4069.43,269,6290366.000,399.771
21-05-2020 17:00,rGa61gmuvPhdLxV,1079.29,7698.86,7160331.857,104.9
10-06-2020 04:45,wCURE6d3bPkepu2,0,0,6975980.000,0
04-06-2020 06:15,ih0vzX44oOqAx2f,386.143,6.28571,6329016.286,37.3571
02-06-2020 01:30,1IF53ai7Xc0U56Y,0,0,6317444.000,0
18-05-2020 22:45,wCURE6d3bPkepu2,0,5393,6808393.000,0
05-06-2020 01:00,bvBOhCH3iADSZry,0,0,6460186.000,0
18-05-2020 07:45,7JYdWkrLSPkdwr4,1774.57,270.857,7623333.857,173.671
30-05-2020 01:30,VHMLBKoKgIrUVDU,0,0,7321059.000,0
20-05-2020 00:15,ZnxXDlPa8U1GXgE,0,0,6555136.000,0
21-05-2020 10:00,rGa61gmuvPhdLxV,5628.14,1295.29,7154439.714,550.557
14-06-2020 03:30,iCRJl6heRkivqQ3,0,0,7399855.000,0
27-05-2020 11:15,ih0vzX44oOqAx2f,11337.7,2765.83,6275045.800,1106.12
10-06-2020 22:45,zVJPv84UY57bAof,0,6560,7317016.000,0
11-06-2020 08:00,z9Y9gH1T5YWrNuG,2593.88,189,7205654.000,254.375
13-06-2020 15:00,iCRJl6heRkivqQ3,10685.8,7224.75,7398583.750,1043.88
24-05-2020 18:45,VHMLBKoKgIrUVDU,0,8180,7280512.000,0
08-06-2020 00:30,z9Y9gH1T5YWrNuG,0,0,7183631.000,0
24-05-2020 17:15,ZoEaEvLYb1n2sOq,2659,7857.62,7170041.625,260.925
02-06-2020 22:45,pkci93gMrogZuBj,0,7350,7307650.000,0
16-05-2020 07:15,wCURE6d3bPkepu2,1944.86,110.714,6789037.714,190.686
10-06-2020 20:00,McdE0feGgRqW7Ca,0,6606,7361623.000,0
24-05-2020 08:00,3PZuoBAID5Wc2HD,4850,426.75,7053694.750,475.462
25-05-2020 13:45,zVJPv84UY57bAof,11771.5,6304.75,7195100.750,1147.89
25-05-2020 01:30,1IF53ai7Xc0U56Y,0,0,6257480.000,0
06-06-2020 19:30,WRmjgnKYAwPKWDb,0,6341,7196611.000,0
03-06-2020 13:15,z9Y9gH1T5YWrNuG,10029.1,4622.14,7151896.143,980.586
29-05-2020 19:15,adLQvlD726eNBSB,0,8343,6387352.000,0
30-05-2020 11:45,VHMLBKoKgIrUVDU,9036.86,2345.71,7323404.714,883.657
04-06-2020 18:30,ZnxXDlPa8U1GXgE,45.8571,8177.71,6679061.714,4.41429
01-06-2020 18:00,ZoEaEvLYb1n2sOq,563,5781.75,7228425.750,54.475
24-05-2020 21:30,rGa61gmuvPhdLxV,0,8002,7183295.000,0
03-06-2020 12:00,z9Y9gH1T5YWrNuG,9526.75,3273.25,7150547.250,931.675
17-05-2020 22:00,bvBOhCH3iADSZry,0,6928,6335576.000,0
04-06-2020 14:00,sjndEbLyjtCKgGv,8373.57,5643.71,7168936.714,818.457
26-05-2020 21:45,rGa61gmuvPhdLxV,0,0,7199869.000,0
15-06-2020 14:45,wCURE6d3bPkepu2,6877.12,5566.5,7015264.500,673.425
31-05-2020 16:15,ZoEaEvLYb1n2sOq,2130.88,5510.5,7222358.500,208.9
27-05-2020 17:45,z9Y9gH1T5YWrNuG,596.143,6692,7103875.000,57.7143
15-05-2020 07:15,WRmjgnKYAwPKWDb,2024.29,126.714,7028799.714,198.471
26-05-2020 06:30,VHMLBKoKgIrUVDU,816.875,22.75,7289547.750,79.2625
21-05-2020 15:45,ZoEaEvLYb1n2sOq,5143.29,7136.71,7146204.714,504.4
10-06-2020 00:30,ih0vzX44oOqAx2f,0,0,6374755.000,0
04-06-2020 22:00,3PZuoBAID5Wc2HD,0,8215,7144703.000,0
31-05-2020 18:30,7JYdWkrLSPkdwr4,25.8571,5843,7727821.000,2.5
16-06-2020 23:45,WRmjgnKYAwPKWDb,0,6264,7267579.000,0
04-06-2020 01:15,bvBOhCH3iADSZry,0,0,6452724.000,0
22-05-2020 16:30,ZoEaEvLYb1n2sOq,2212.86,6843.57,7153528.571,216.957
14-06-2020 15:30,wCURE6d3bPkepu2,6783,6588.5,7008957.500,664.325
18-05-2020 02:00,ZnxXDlPa8U1GXgE,0,0,6542738.000,0
15-06-2020 05:30,ZnxXDlPa8U1GXgE,0,0,6751747.000,0
17-05-2020 17:00,iCRJl6heRkivqQ3,2096.62,7386.5,7198234.500,205.575
29-05-2020 20:45,WRmjgnKYAwPKWDb,0,8038,7140899.000,0
08-06-2020 23:45,pkci93gMrogZuBj,0,8344,7354476.000,0
23-05-2020 00:45,z9Y9gH1T5YWrNuG,0,0,7064219.000,0
20-05-2020 21:30,z9Y9gH1T5YWrNuG,0,8796,7049261.000,0
17-05-2020 02:00,1IF53ai7Xc0U56Y,0,0,6196594.000,0
24-05-2020 06:15,zBIq5rxdHJRwDNY,390.571,6.85714,6404487.857,37.7429
19-05-2020 15:15,ZnxXDlPa8U1GXgE,6111.5,5954.25,6554116.250,598.85
05-06-2020 14:30,WRmjgnKYAwPKWDb,11428.9,5626.12,7188291.125,1115.86
28-05-2020 11:15,zBIq5rxdHJRwDNY,12001.1,3091.88,6437174.875,1170.11
04-06-2020 21:00,1IF53ai7Xc0U56Y,0,8196,6340855.000,0
17-05-2020 07:30,zVJPv84UY57bAof,2837.14,155.571,7128690.571,278.571
11-06-2020 21:45,wCURE6d3bPkepu2,0,5651,6988054.000,0
07-06-2020 01:00,3PZuoBAID5Wc2HD,0,0,7158982.000,0
10-06-2020 20:15,ZoEaEvLYb1n2sOq,0,6392,7296071.000,0
17-05-2020 02:45,ZoEaEvLYb1n2sOq,0,0,7110744.000,0
03-06-2020 11:30,zBIq5rxdHJRwDNY,11227.6,2703,6479157.000,1096.33
11-06-2020 10:45,iCRJl6heRkivqQ3,6012.86,1364.57,7381143.571,589.2
30-05-2020 11:30,WRmjgnKYAwPKWDb,8142.25,2106.25,7143005.250,796.875
13-06-2020 03:30,1IF53ai7Xc0U56Y,0,0,6398227.000,0
10-06-2020 09:00,adLQvlD726eNBSB,7220.88,947.5,6471224.500,707
30-05-2020 20:30,WRmjgnKYAwPKWDb,0,7130,7148029.000,0
24-05-2020 23:45,sjndEbLyjtCKgGv,0,4515.43,7089351.000,0
30-05-2020 14:45,wCURE6d3bPkepu2,10269.1,5539,6901419.000,1003.94
20-05-2020 12:30,adLQvlD726eNBSB,13117,5021.5,6309534.500,1278.91
03-06-2020 16:15,WRmjgnKYAwPKWDb,3467.12,7244.88,7174161.875,340.35
30-05-2020 22:30,ZoEaEvLYb1n2sOq,0,7248,7216848.000,0
01-06-2020 21:15,uHbuxQJl8lW7ozc,0,5589,7170942.000,0
07-06-2020 19:00,sjndEbLyjtCKgGv,0,6898,7192554.000,0
22-05-2020 10:45,zBIq5rxdHJRwDNY,9984.12,1963.12,6390562.125,974.888
01-06-2020 22:15,zVJPv84UY57bAof,0,5742,7247766.000,0
04-06-2020 08:30,uHbuxQJl8lW7ozc,5945.88,617.25,7186872.250,582.625
10-06-2020 20:45,1BY6WEcLGh8j5v7,0,5911,6444981.000,0
05-06-2020 14:00,VHMLBKoKgIrUVDU,13091.2,5207.25,7369028.250,1276.67
24-05-2020 18:30,YxYtjZvoooNbGkE,145.143,7969.71,7252649.714,14.0143
22-05-2020 11:15,1BY6WEcLGh8j5v7,7977.5,2299.62,6307888.625,780.087
14-06-2020 05:45,bvBOhCH3iADSZry,0,0,6517642.000,0
14-06-2020 10:15,YxYtjZvoooNbGkE,7619.86,1810.86,7401249.857,745.986
15-05-2020 11:30,bvBOhCH3iADSZry,7353.12,2024.38,6318827.375,719.062
16-06-2020 02:00,adLQvlD726eNBSB,0,0,6512002.000,0
15-05-2020 05:15,7JYdWkrLSPkdwr4,0,0,7602960.000,0
30-05-2020 20:45,z9Y9gH1T5YWrNuG,0,7142,7127597.000,0
25-05-2020 08:30,ih0vzX44oOqAx2f,5929.43,554.429,6257048.429,581
29-05-2020 06:30,sjndEbLyjtCKgGv,991.857,19,7120922.000,96.3857
14-06-2020 08:15,sjndEbLyjtCKgGv,3619.71,513.571,7236017.571,355.729
21-05-2020 13:30,ih0vzX44oOqAx2f,10690,5332.62,6231273.625,1043.38
07-06-2020 14:00,pkci93gMrogZuBj,10248.9,5989.71,7343907.714,1000.5
27-05-2020 07:30,ZnxXDlPa8U1GXgE,3473.57,210.857,6612859.857,341.486
01-06-2020 23:00,ZoEaEvLYb1n2sOq,0,5796,7228440.000,0
16-06-2020 12:45,ZoEaEvLYb1n2sOq,7508.38,3761.38,7333452.375,734.237
04-06-2020 21:00,sjndEbLyjtCKgGv,0,0,7171518.000,0
19-05-2020 09:15,adLQvlD726eNBSB,6747.29,841.857,6298657.857,660.743
31-05-2020 23:45,ZnxXDlPa8U1GXgE,0,6142,6649525.000,0
27-05-2020 23:45,zVJPv84UY57bAof,0,0,7212082.000,0
01-06-2020 08:15,7JYdWkrLSPkdwr4,5563.57,651.286,7728472.286,545.329
13-06-2020 17:30,sjndEbLyjtCKgGv,1245,8343,7235444.000,121.386
04-06-2020 13:15,YxYtjZvoooNbGkE,12259.5,4854.38,7331610.375,1196.06
16-05-2020 19:30,rGa61gmuvPhdLxV,0,6233,7124099.000,0
02-06-2020 14:15,YxYtjZvoooNbGkE,7268.71,5634,7317150.000,711.757
30-05-2020 05:30,z9Y9gH1T5YWrNuG,0,0,7120455.000,0
13-06-2020 16:00,1IF53ai7Xc0U56Y,6496.5,8185,6406412.000,636.388
18-05-2020 04:00,wCURE6d3bPkepu2,0,0,6803000.000,0
24-05-2020 18:15,iCRJl6heRkivqQ3,373,8033.86,7251253.857,36.0429
19-05-2020 22:45,sjndEbLyjtCKgGv,0,6879,7049284.000,0
08-06-2020 01:30,adLQvlD726eNBSB,0,0,6453384.000,0
15-05-2020 22:00,zBIq5rxdHJRwDNY,0,6396,6345776.000,0
17-05-2020 15:00,rGa61gmuvPhdLxV,9840.43,6207.43,7130306.429,962.257
23-05-2020 00:30,1IF53ai7Xc0U56Y,0,0,6240534.000,0
19-05-2020 22:30,zVJPv84UY57bAof,0,6932,7148337.000,0
23-05-2020 17:45,zBIq5rxdHJRwDNY,1620.86,8606.14,6404413.143,158.743
19-05-2020 02:45,wCURE6d3bPkepu2,0,0,6808393.000,0
15-06-2020 03:30,sjndEbLyjtCKgGv,0,0,7242811.000,0
10-06-2020 09:00,ZoEaEvLYb1n2sOq,6861,855.714,7290534.714,671.943
16-05-2020 10:15,VHMLBKoKgIrUVDU,7224.14,1761.86,7214427.857,707.371
30-05-2020 00:15,z9Y9gH1T5YWrNuG,0,0,7120455.000,0
17-05-2020 08:30,7JYdWkrLSPkdwr4,5578.12,630.25,7616167.250,546.837
25-05-2020 02:45,ZnxXDlPa8U1GXgE,0,0,6595756.000,0
05-06-2020 20:15,adLQvlD726eNBSB,0,0,6438428.000,0
02-06-2020 05:30,YxYtjZvoooNbGkE,0,0,7311516.000,0
09-06-2020 04:00,zBIq5rxdHJRwDNY,0,0,6523269.000,0
20-05-2020 19:45,zBIq5rxdHJRwDNY,0,8891,6380862.000,0
07-06-2020 16:30,bvBOhCH3iADSZry,2879.57,4772.29,6477896.286,282.357
17-05-2020 09:30,bvBOhCH3iADSZry,7695,1228.71,6329876.714,753.214
13-06-2020 19:45,zVJPv84UY57bAof,0,8410,7336960.000,0
02-06-2020 19:15,sjndEbLyjtCKgGv,0,7439,7155447.000,0
13-06-2020 07:30,sjndEbLyjtCKgGv,3299.14,193.429,7227294.429,324.2
03-06-2020 20:00,iCRJl6heRkivqQ3,0,7883,7325696.000,0
09-06-2020 09:15,zVJPv84UY57bAof,9086.14,1283.86,7303450.857,888.257
01-06-2020 21:45,ih0vzX44oOqAx2f,0,5751,6313983.000,0
16-05-2020 22:00,7JYdWkrLSPkdwr4,0,6461,7615537.000,0
09-06-2020 19:15,iCRJl6heRkivqQ3,0,8265,7373220.000,0
24-05-2020 22:00,3PZuoBAID5Wc2HD,0,8300,7061568.000,0
24-05-2020 01:00,uHbuxQJl8lW7ozc,0,0,7103746.000,0
07-06-2020 11:45,z9Y9gH1T5YWrNuG,11319.4,3341.29,7180630.286,1105.19
17-06-2020 11:45,McdE0feGgRqW7Ca,11714.7,2572,7405167.000,1143.47
26-05-2020 16:45,z9Y9gH1T5YWrNuG,6124.62,7495.88,7096935.875,600.062
16-06-2020 20:45,zVJPv84UY57bAof,0,6262,7357362.000,0
19-05-2020 04:00,ZoEaEvLYb1n2sOq,0,0,7123527.000,0
20-05-2020 10:45,ZnxXDlPa8U1GXgE,11084.9,2726.57,6557862.571,1083.24
22-05-2020 01:30,ZnxXDlPa8U1GXgE,0,0,6571864.000,0
02-06-2020 12:45,YxYtjZvoooNbGkE,10882.7,4100.14,7315616.143,1062.99
29-05-2020 12:30,McdE0feGgRqW7Ca,12271.7,4395.86,7269351.857,1197.26
01-06-2020 20:15,YxYtjZvoooNbGkE,0,5777,7311516.000,0
05-06-2020 19:30,iCRJl6heRkivqQ3,0,7803,7341803.000,0
18-05-2020 05:15,7JYdWkrLSPkdwr4,0,0,7623063.000,0
01-06-2020 10:00,z9Y9gH1T5YWrNuG,7983.38,1710.5,7135607.500,780.962
15-05-2020 20:30,1BY6WEcLGh8j5v7,0,5754,6265313.000,0
15-05-2020 11:30,3PZuoBAID5Wc2HD,8226.86,2295.86,6990054.857,803.671
17-06-2020 09:30,rGa61gmuvPhdLxV,7106.71,975.429,7351922.429,695.857
23-05-2020 13:00,pkci93gMrogZuBj,10839.6,5095.14,7230295.143,1058.6
27-05-2020 07:15,rGa61gmuvPhdLxV,1877.14,130.857,7199999.857,183.757
04-06-2020 10:30,WRmjgnKYAwPKWDb,9041,2107.86,7176734.857,882.729
08-06-2020 03:15,YxYtjZvoooNbGkE,0,0,7356967.000,0
04-06-2020 12:45,zVJPv84UY57bAof,8467.71,4340.29,7267393.286,827.3
07-06-2020 17:45,VHMLBKoKgIrUVDU,1179.14,8179.86,7386168.857,114.657
10-06-2020 19:15,adLQvlD726eNBSB,0,6667,6476944.000,0
02-06-2020 17:15,1IF53ai7Xc0U56Y,1567,7278.62,6324722.625,153.137
10-06-2020 06:30,ih0vzX44oOqAx2f,839,21,6374776.000,81.4
18-05-2020 02:45,rGa61gmuvPhdLxV,0,0,7131537.000,0
02-06-2020 00:30,ZoEaEvLYb1n2sOq,0,0,7228440.000,0
19-05-2020 09:00,7JYdWkrLSPkdwr4,6189.86,674.429,7629046.429,606.414
19-05-2020 17:00,pkci93gMrogZuBj,2708.88,6816.38,7201227.375,265.863
03-06-2020 09:15,wCURE6d3bPkepu2,6376.12,965,6923834.000,624.612
04-06-2020 02:45,3PZuoBAID5Wc2HD,0,0,7136488.000,0
15-06-2020 10:00,wCURE6d3bPkepu2,9424.38,1982.5,7011680.500,921.562
19-05-2020 05:15,pkci93gMrogZuBj,0,0,7194411.000,0
23-05-2020 00:45,bvBOhCH3iADSZry,0,0,6368908.000,0
14-06-2020 15:15,WRmjgnKYAwPKWDb,9486.86,6486.43,7253665.429,926.986
14-06-2020 22:00,iCRJl6heRkivqQ3,0,7369,7407224.000,0
23-05-2020 06:45,iCRJl6heRkivqQ3,683.167,26.1667,7234619.167,66.2
30-05-2020 02:00,7JYdWkrLSPkdwr4,0,0,7714835.000,0
18-05-2020 19:15,bvBOhCH3iADSZry,0,4962,6340538.000,0
07-06-2020 05:15,pkci93gMrogZuBj,0,0,7337918.000,0
16-06-2020 22:45,YxYtjZvoooNbGkE,0,6221,7419556.000,0
29-05-2020 06:15,1BY6WEcLGh8j5v7,470.2,1.2,6357811.000,45.5
20-05-2020 09:45,zVJPv84UY57bAof,9546.57,1655.14,7149992.143,933.657
15-06-2020 05:30,z9Y9gH1T5YWrNuG,0,0,7232468.000,0
02-06-2020 15:00,ZoEaEvLYb1n2sOq,6455.29,6153.57,7234593.571,632.243
02-06-2020 05:15,wCURE6d3bPkepu2,0,0,6915344.000,0
14-06-2020 14:30,bvBOhCH3iADSZry,7117.71,2538.14,6520180.143,696.929
03-06-2020 05:30,zVJPv84UY57bAof,0,0,7255217.000,0
21-05-2020 09:30,rGa61gmuvPhdLxV,9836.14,1422.86,7154055.857,961.843
20-05-2020 08:15,1IF53ai7Xc0U56Y,6244.5,576,6217006.000,611.8
26-05-2020 23:45,pkci93gMrogZuBj,0,0,7258294.000,0
15-06-2020 05:00,rGa61gmuvPhdLxV,0,0,7337972.000,0
16-06-2020 19:30,ZnxXDlPa8U1GXgE,0,6304,6764808.000,0
27-05-2020 02:45,ih0vzX44oOqAx2f,0,0,6272291.000,0
10-06-2020 08:15,ih0vzX44oOqAx2f,2917,492,6375247.000,286.488
23-05-2020 02:30,ZoEaEvLYb1n2sOq,0,0,7153713.000,0
27-05-2020 12:00,WRmjgnKYAwPKWDb,11778,3611.5,7121491.500,1149.42
16-05-2020 12:45,wCURE6d3bPkepu2,11819.9,3786.12,6792713.125,1152.88
25-05-2020 01:30,pkci93gMrogZuBj,0,0,7241707.000,0
15-05-2020 05:00,ZnxXDlPa8U1GXgE,0,0,6522172.000,0
21-05-2020 08:45,sjndEbLyjtCKgGv,7301.29,774.857,7058835.857,714.886
11-06-2020 21:30,3PZuoBAID5Wc2HD,0,5717,7196186.000,0
09-06-2020 21:15,uHbuxQJl8lW7ozc,0,8309,7233863.000,0
03-06-2020 04:30,sjndEbLyjtCKgGv,0,0,7155447.000,0
04-06-2020 17:15,rGa61gmuvPhdLxV,3953.12,8010.62,7265147.625,388.425
28-05-2020 13:00,ZoEaEvLYb1n2sOq,12995.2,5242.38,7198533.375,1267.05
16-05-2020 15:15,3PZuoBAID5Wc2HD,5957.29,5940.14,6999973.143,583.714
18-05-2020 04:45,iCRJl6heRkivqQ3,0,0,7198367.000,0
11-06-2020 02:30,3PZuoBAID5Wc2HD,0,0,7190469.000,0
02-06-2020 07:30,ZoEaEvLYb1n2sOq,2050.57,145.143,7228585.143,201
01-06-2020 13:15,zBIq5rxdHJRwDNY,9009.71,4455.86,6467694.857,880.557
16-06-2020 16:15,1IF53ai7Xc0U56Y,3583.43,5975.86,6427189.857,352.071
02-06-2020 01:00,VHMLBKoKgIrUVDU,0,0,7340314.000,0
27-05-2020 05:15,1IF53ai7Xc0U56Y,0,0,6274638.000,0
02-06-2020 16:30,zVJPv84UY57bAof,4538.43,7149.71,7254915.714,445.371
15-06-2020 03:00,1IF53ai7Xc0U56Y,0,0,6414368.000,0
30-05-2020 03:15,pkci93gMrogZuBj,0,0,7281535.000,0
05-06-2020 05:45,adLQvlD726eNBSB,0,0,6430581.000,0
12-06-2020 02:15,McdE0feGgRqW7Ca,0,0,7367373.000,0
16-05-2020 11:30,7JYdWkrLSPkdwr4,6662.43,2719.71,7611795.714,652.543
19-05-2020 14:00,McdE0feGgRqW7Ca,9399,4846.71,7189937.714,919.3
20-05-2020 06:00,1BY6WEcLGh8j5v7,97.7143,0.285714,6290097.286,9.44286
04-06-2020 04:15,z9Y9gH1T5YWrNuG,0,0,7155113.000,0
29-05-2020 21:30,rGa61gmuvPhdLxV,0,0,7223074.000,0
04-06-2020 04:30,sjndEbLyjtCKgGv,0,0,7163293.000,0
11-06-2020 13:45,VHMLBKoKgIrUVDU,6368.75,3567.5,7412862.500,623.925
09-06-2020 22:00,ih0vzX44oOqAx2f,0,7846,6374755.000,0
13-06-2020 05:45,sjndEbLyjtCKgGv,0,0,7227101.000,0
14-06-2020 21:00,zVJPv84UY57bAof,0,7320,7344280.000,0
23-05-2020 04:30,WRmjgnKYAwPKWDb,0,0,7084595.000,0
24-05-2020 10:30,bvBOhCH3iADSZry,9498.5,2009.38,6378781.375,927.925
27-05-2020 22:30,wCURE6d3bPkepu2,0,0,6879195.000,0
06-06-2020 17:30,VHMLBKoKgIrUVDU,457.25,6412.62,7377966.625,44.2125
11-06-2020 00:15,7JYdWkrLSPkdwr4,0,0,7801091.000,0
04-06-2020 14:00,ih0vzX44oOqAx2f,7356.75,5518.38,6334528.375,719.438
21-05-2020 13:45,uHbuxQJl8lW7ozc,12286.1,5679,7085790.000,1198.51
23-05-2020 12:45,ZnxXDlPa8U1GXgE,9040.88,4897.88,6584036.875,884.45
20-05-2020 02:45,uHbuxQJl8lW7ozc,0,0,7071198.000,0
17-05-2020 22:30,YxYtjZvoooNbGkE,0,7497,7200229.000,0
29-05-2020 20:45,1IF53ai7Xc0U56Y,0,8253,6298211.000,0
12-06-2020 08:45,3PZuoBAID5Wc2HD,4163.88,373,7196559.000,408.988
03-06-2020 11:00,zVJPv84UY57bAof,9749.14,2221.14,7257438.143,953.386
22-05-2020 19:00,ih0vzX44oOqAx2f,0,7000,6240543.000,0
17-05-2020 01:30,pkci93gMrogZuBj,0,0,7181650.000,0
10-06-2020 14:45,ih0vzX44oOqAx2f,972.286,5348.86,6380103.857,94.4571
22-05-2020 06:15,7JYdWkrLSPkdwr4,583.143,11.4286,7651646.429,56.4286
08-06-2020 11:00,1BY6WEcLGh8j5v7,10768,2856.71,6426606.714,1050.99
13-06-2020 23:30,ZnxXDlPa8U1GXgE,0,8558,6744343.000,0
07-06-2020 03:15,z9Y9gH1T5YWrNuG,0,0,7177289.000,0
19-05-2020 06:45,z9Y9gH1T5YWrNuG,679.25,12.25,7033585.250,65.975
02-06-2020 01:45,1IF53ai7Xc0U56Y,0,0,6317444.000,0
14-06-2020 01:15,z9Y9gH1T5YWrNuG,0,0,7225230.000,0
04-06-2020 22:00,z9Y9gH1T5YWrNuG,0,0,7163262.000,0
22-05-2020 22:30,wCURE6d3bPkepu2,0,0,6839225.000,0
08-06-2020 08:30,iCRJl6heRkivqQ3,5466.29,533.429,7357044.429,535.857
28-05-2020 15:15,zVJPv84UY57bAof,9178.14,7309.57,7219391.571,897.8
24-05-2020 13:00,z9Y9gH1T5YWrNuG,12341,4863.38,7077625.375,1203.24
07-06-2020 09:00,adLQvlD726eNBSB,9664.57,790.429,6445821.429,945.086
02-06-2020 12:15,uHbuxQJl8lW7ozc,9895.29,3677.43,7174619.429,967.486
17-06-2020 14:00,ZoEaEvLYb1n2sOq,6351.38,4651.5,7340533.500,622.112
02-06-2020 06:45,7JYdWkrLSPkdwr4,808.75,31.25,7733655.250,78.475
04-06-2020 15:30,bvBOhCH3iADSZry,7840.62,6334.5,6459058.500,767.462
14-06-2020 17:00,adLQvlD726eNBSB,1861.38,7465.75,6504961.750,182.45
04-06-2020 15:00,ZoEaEvLYb1n2sOq,11456.1,6352.71,7249853.714,1118.39
16-06-2020 09:00,3PZuoBAID5Wc2HD,5980.29,917.714,7225959.714,585.986
11-06-2020 13:30,zVJPv84UY57bAof,4905.29,3379.14,7320395.143,481.171
16-05-2020 17:45,sjndEbLyjtCKgGv,745.286,6410.71,7029592.714,72.2571
28-05-2020 20:00,adLQvlD726eNBSB,0,8636,6379009.000,0
01-06-2020 01:30,YxYtjZvoooNbGkE,0,0,7305739.000,0
01-06-2020 00:30,YxYtjZvoooNbGkE,0,0,7305739.000,0
28-05-2020 20:15,iCRJl6heRkivqQ3,0,8345,7283037.000,0
01-06-2020 11:45,zBIq5rxdHJRwDNY,4238.86,3477,6466716.000,416.314
10-06-2020 10:15,WRmjgnKYAwPKWDb,7989.75,1735.25,7222713.250,781.587
01-06-2020 07:30,7JYdWkrLSPkdwr4,4286.5,253.75,7728074.750,420.938
26-05-2020 18:15,wCURE6d3bPkepu2,0,7835,6872485.000,0
20-05-2020 20:30,ZnxXDlPa8U1GXgE,0,8909,6564045.000,0
21-05-2020 17:00,zBIq5rxdHJRwDNY,1074.38,7669.75,6388531.750,104.438
15-05-2020 05:45,sjndEbLyjtCKgGv,0,0,7016832.000,0
10-06-2020 05:30,ZnxXDlPa8U1GXgE,0,0,6717772.000,0
11-06-2020 17:45,bvBOhCH3iADSZry,909.429,5164.86,6504374.857,88.3143
17-06-2020 07:45,iCRJl6heRkivqQ3,3761.57,213.857,7420519.857,369.671
30-05-2020 03:30,WRmjgnKYAwPKWDb,0,0,7140899.000,0
03-06-2020 02:15,ih0vzX44oOqAx2f,0,0,6321311.000,0
30-05-2020 22:15,z9Y9gH1T5YWrNuG,0,7142,7127597.000,0
21-05-2020 10:30,zBIq5rxdHJRwDNY,10729.8,2201.5,6383063.500,1047.14
30-05-2020 22:30,zVJPv84UY57bAof,0,7290,7235977.000,0
10-06-2020 00:15,wCURE6d3bPkepu2,0,0,6975980.000,0
20-05-2020 21:15,z9Y9gH1T5YWrNuG,0,8796,7049261.000,0
10-06-2020 02:45,1IF53ai7Xc0U56Y,0,0,6380022.000,0
27-05-2020 21:45,bvBOhCH3iADSZry,0,6133,6405833.000,0
19-05-2020 10:45,McdE0feGgRqW7Ca,8341.75,1944.25,7187035.250,815.425
03-06-2020 16:45,iCRJl6heRkivqQ3,4767.86,7495,7325308.000,467.371
14-06-2020 07:45,rGa61gmuvPhdLxV,4226.71,299.714,7330969.714,414.929
17-05-2020 13:15,sjndEbLyjtCKgGv,6430.75,4875.25,7034488.250,629.125
22-05-2020 08:00,iCRJl6heRkivqQ3,5008.62,469.125,7227911.125,491.163
30-05-2020 07:30,ih0vzX44oOqAx2f,1967.71,171.429,6295292.429,192.9
28-05-2020 22:15,YxYtjZvoooNbGkE,0,8375,7284404.000,0
24-05-2020 00:15,VHMLBKoKgIrUVDU,0,0,7272332.000,0
18-05-2020 04:45,pkci93gMrogZuBj,0,0,7189047.000,0
22-05-2020 10:15,7JYdWkrLSPkdwr4,11040.4,1635.75,7653270.750,1077.62
03-06-2020 06:15,rGa61gmuvPhdLxV,329.714,3.42857,7249333.429,31.8571
17-06-2020 11:30,1BY6WEcLGh8j5v7,7074.29,2162.86,6481960.857,692.757
30-05-2020 20:00,zBIq5rxdHJRwDNY,0,7396,6457301.000,0
20-05-2020 09:30,uHbuxQJl8lW7ozc,8723,1440.88,7072638.875,853.487
27-05-2020 14:00,wCURE6d3bPkepu2,4166.88,5023.38,6877508.375,409.337
24-05-2020 18:30,WRmjgnKYAwPKWDb,149.571,8089,7101115.000,14.4429
09-06-2020 01:45,1IF53ai7Xc0U56Y,0,0,6371833.000,0
13-06-2020 21:15,3PZuoBAID5Wc2HD,0,8633,7210719.000,0
25-05-2020 08:15,1IF53ai7Xc0U56Y,6362.62,497.5,6257977.500,623.337
17-05-2020 11:00,ih0vzX44oOqAx2f,11199.6,2782.43,6200592.429,1092.33
15-06-2020 03:00,7JYdWkrLSPkdwr4,0,0,7828158.000,0
11-06-2020 12:45,7JYdWkrLSPkdwr4,5860.12,2865.38,7803956.375,574.237
04-06-2020 17:30,1IF53ai7Xc0U56Y,2907.14,8087.57,6340746.571,285.471
17-05-2020 12:45,3PZuoBAID5Wc2HD,13217.4,4806.71,7005495.714,1288.9
24-05-2020 11:00,WRmjgnKYAwPKWDb,11291.4,2806,7095832.000,1101.76
07-06-2020 04:00,zBIq5rxdHJRwDNY,0,0,6506728.000,0
18-05-2020 03:45,wCURE6d3bPkepu2,0,0,6803000.000,0
31-05-2020 02:15,zBIq5rxdHJRwDNY,0,0,6457301.000,0
09-06-2020 12:00,iCRJl6heRkivqQ3,9229,4067.14,7369022.143,901.871
01-06-2020 22:30,wCURE6d3bPkepu2,0,5939,6915344.000,0
24-05-2020 16:30,iCRJl6heRkivqQ3,3279,7630.25,7250850.250,321.475
27-05-2020 11:00,3PZuoBAID5Wc2HD,7108,2607.86,7081318.857,695.571
22-05-2020 18:45,1BY6WEcLGh8j5v7,0,6848,6312437.000,0
28-05-2020 05:15,VHMLBKoKgIrUVDU,0,0,7304378.000,0
29-05-2020 10:30,WRmjgnKYAwPKWDb,12314.2,2141.62,7135002.625,1200.95
02-06-2020 23:00,bvBOhCH3iADSZry,0,6842,6445487.000,0
23-05-2020 09:15,3PZuoBAID5Wc2HD,9279.14,1296.14,7045912.143,907.629
12-06-2020 03:45,ZoEaEvLYb1n2sOq,0,0,7301632.000,0
21-05-2020 18:00,rGa61gmuvPhdLxV,321.429,7759.29,7160392.286,31.0429
14-06-2020 18:30,iCRJl6heRkivqQ3,65.75,7368.75,7407223.750,6.35
07-06-2020 09:15,rGa61gmuvPhdLxV,8590.25,957.75,7280458.750,840.5
14-06-2020 15:45,sjndEbLyjtCKgGv,5913.14,6715.71,7242219.714,579.443
16-05-2020 18:30,pkci93gMrogZuBj,0,6173,7181650.000,0
01-06-2020 20:00,bvBOhCH3iADSZry,0,5378,6438645.000,0
18-05-2020 05:15,sjndEbLyjtCKgGv,0,0,7037054.000,0
24-05-2020 13:00,McdE0feGgRqW7Ca,12560.4,4956.62,7229592.625,1224.66
11-06-2020 10:45,McdE0feGgRqW7Ca,6031.88,1370,7362993.000,591.013
08-06-2020 11:45,zVJPv84UY57bAof,10995,3783.29,7297573.286,1073.16
13-06-2020 02:45,pkci93gMrogZuBj,0,0,7380807.000,0
30-05-2020 21:00,iCRJl6heRkivqQ3,0,7345,7298598.000,0
10-06-2020 21:30,YxYtjZvoooNbGkE,0,6419,7379687.000,0
12-06-2020 05:30,uHbuxQJl8lW7ozc,0,0,7246206.000,0
29-05-2020 06:30,ZnxXDlPa8U1GXgE,985,18.8571,6627934.857,95.7
17-05-2020 15:00,z9Y9gH1T5YWrNuG,7854.71,6323.43,7027063.429,768.6
05-06-2020 15:15,McdE0feGgRqW7Ca,8483,6465.88,7323226.875,829.638
12-06-2020 04:45,adLQvlD726eNBSB,0,0,6482734.000,0
09-06-2020 03:30,pkci93gMrogZuBj,0,0,7354476.000,0
15-06-2020 05:00,3PZuoBAID5Wc2HD,0,0,7218223.000,0
25-05-2020 18:30,ZnxXDlPa8U1GXgE,39,8909.88,6604665.875,3.775
09-06-2020 00:15,ih0vzX44oOqAx2f,0,0,6366909.000,0
19-05-2020 03:30,1BY6WEcLGh8j5v7,0,0,6283648.000,0
20-05-2020 22:15,WRmjgnKYAwPKWDb,0,8793,7069725.000,0
20-05-2020 13:15,YxYtjZvoooNbGkE,12315.3,5659.5,7218135.500,1200.73
28-05-2020 00:30,1BY6WEcLGh8j5v7,0,0,6349833.000,0
22-05-2020 01:45,sjndEbLyjtCKgGv,0,0,7065886.000,0
15-06-2020 09:45,YxYtjZvoooNbGkE,8953.62,1727.12,7408429.125,875.575
15-06-2020 21:15,VHMLBKoKgIrUVDU,0,6814,7443869.000,0
13-06-2020 06:00,ih0vzX44oOqAx2f,102.875,0.625,6392263.625,9.9375
16-06-2020 08:00,VHMLBKoKgIrUVDU,4962.14,355.286,7444224.286,486.657
24-05-2020 14:15,WRmjgnKYAwPKWDb,10638.3,6374.14,7099400.143,1039.27
14-06-2020 13:15,zBIq5rxdHJRwDNY,10681.5,4385.62,6562207.625,1043.3
27-05-2020 22:30,1BY6WEcLGh8j5v7,0,6164,6349833.000,0
22-05-2020 10:15,WRmjgnKYAwPKWDb,11788.6,1674,7079032.000,1150.14
26-05-2020 10:45,WRmjgnKYAwPKWDb,10182.4,2791.62,7112787.625,994.275
02-06-2020 07:30,McdE0feGgRqW7Ca,2176.14,155,7292907.000,213.343
17-05-2020 20:30,pkci93gMrogZuBj,0,7397,7189047.000,0
04-06-2020 16:45,ZoEaEvLYb1n2sOq,3839.29,7648,7251149.000,376.7
11-06-2020 20:15,sjndEbLyjtCKgGv,0,5654,7221254.000,0
20-05-2020 08:30,3PZuoBAID5Wc2HD,7112.57,737.429,7021249.429,696.529
08-06-2020 17:15,1IF53ai7Xc0U56Y,2139,8361.25,6371699.250,209.488
30-05-2020 17:15,adLQvlD726eNBSB,2485.12,7298.5,6394650.500,243.7
19-05-2020 08:00,zBIq5rxdHJRwDNY,1980.57,321,6365368.000,194.043
16-05-2020 20:30,zVJPv84UY57bAof,0,6419,7128535.000,0
11-06-2020 03:45,zVJPv84UY57bAof,0,0,7317016.000,0
15-05-2020 18:00,adLQvlD726eNBSB,311.571,6377.14,6277732.143,30.0857
07-06-2020 00:15,ih0vzX44oOqAx2f,0,0,6350673.000,0
19-05-2020 12:30,1BY6WEcLGh8j5v7,9414,3279,6286927.000,920.7
30-05-2020 07:00,iCRJl6heRkivqQ3,1705.88,73.875,7291326.875,166.975
20-05-2020 19:45,bvBOhCH3iADSZry,0,8131,6355038.000,0
25-05-2020 04:15,YxYtjZvoooNbGkE,0,0,7252651.000,0
19-05-2020 03:15,YxYtjZvoooNbGkE,0,0,7205598.000,0
21-05-2020 18:15,uHbuxQJl8lW7ozc,125.857,7863.14,7087974.143,12.1571
22-05-2020 03:00,YxYtjZvoooNbGkE,0,0,7229034.000,0
02-06-2020 04:45,uHbuxQJl8lW7ozc,0,0,7170942.000,0
22-05-2020 03:30,bvBOhCH3iADSZry,0,0,6362148.000,0
18-05-2020 12:30,z9Y9gH1T5YWrNuG,8383.43,2031,7030257.000,820.414
31-05-2020 05:00,iCRJl6heRkivqQ3,0,0,7298598.000,0
13-06-2020 14:30,1BY6WEcLGh8j5v7,7963.12,6343.12,6462022.125,778.888
24-05-2020 05:30,1BY6WEcLGh8j5v7,0,0,6320403.000,0
07-06-2020 10:15,VHMLBKoKgIrUVDU,7734.86,1683.43,7379672.429,757.186
07-06-2020 18:00,1BY6WEcLGh8j5v7,589.286,5253.57,6423735.571,57.0143
24-05-2020 13:00,7JYdWkrLSPkdwr4,11985.2,5035.62,7672255.625,1168.9
17-06-2020 13:15,3PZuoBAID5Wc2HD,10755.9,4144.57,7235517.571,1050.84
30-05-2020 17:45,bvBOhCH3iADSZry,901.714,6626.29,6427649.286,87.5286
23-05-2020 09:45,pkci93gMrogZuBj,9116.14,1633,7226833.000,891.314
16-05-2020 10:15,3PZuoBAID5Wc2HD,7764.62,1766.88,6995799.875,759.95
10-06-2020 20:30,WRmjgnKYAwPKWDb,0,6389,7227367.000,0
16-05-2020 14:30,1IF53ai7Xc0U56Y,7631.12,5353.75,6195355.750,747.062
06-06-2020 09:30,z9Y9gH1T5YWrNuG,9456,1310,7172311.000,924.4
26-05-2020 10:15,bvBOhCH3iADSZry,8431.75,2055,6394391.000,824.325
09-06-2020 21:15,YxYtjZvoooNbGkE,0,7958,7373268.000,0
09-06-2020 17:00,3PZuoBAID5Wc2HD,3158.43,7965.43,7183698.429,310.414
28-05-2020 10:45,uHbuxQJl8lW7ozc,9810.88,2694.38,7137952.375,957.587
29-05-2020 23:00,YxYtjZvoooNbGkE,0,0,7292503.000,0
04-06-2020 12:45,1BY6WEcLGh8j5v7,7234.14,4000.71,6401809.714,707.3
15-05-2020 08:00,ih0vzX44oOqAx2f,3172.14,285.286,6185465.000,311.514
17-05-2020 01:30,1IF53ai7Xc0U56Y,0,0,6196594.000,0
30-05-2020 13:00,zBIq5rxdHJRwDNY,9303.14,3685,6453590.000,909.957
22-05-2020 15:30,iCRJl6heRkivqQ3,4921.88,6613.5,7234055.500,482.575
15-05-2020 23:00,ZoEaEvLYb1n2sOq,0,6261,7104360.000,0
17-05-2020 03:30,iCRJl6heRkivqQ3,0,0,7190848.000,0
19-05-2020 07:30,wCURE6d3bPkepu2,2665.43,178.429,6808571.429,261.5
14-06-2020 16:30,YxYtjZvoooNbGkE,2826.71,7037.57,7406476.571,277.443
31-05-2020 21:15,z9Y9gH1T5YWrNuG,0,6300,7133897.000,0
04-06-2020 18:30,z9Y9gH1T5YWrNuG,46.4286,8149,7163262.000,4.48571
12-06-2020 13:00,zVJPv84UY57bAof,8201.12,3415,7326102.000,802.65
10-06-2020 07:15,VHMLBKoKgIrUVDU,2739.43,152,7402968.000,268.7
12-06-2020 18:30,7JYdWkrLSPkdwr4,89.125,5752.5,7812416.500,8.6
28-05-2020 01:00,sjndEbLyjtCKgGv,0,0,7112565.000,0
05-06-2020 10:45,1IF53ai7Xc0U56Y,10335.6,2460.5,6343315.500,1009.48
04-06-2020 13:30,rGa61gmuvPhdLxV,7758.71,5143.71,7262280.714,759.443
10-06-2020 14:00,z9Y9gH1T5YWrNuG,6824.14,5010.57,7204063.571,668.229
10-06-2020 05:15,z9Y9gH1T5YWrNuG,0,0,7199053.000,0
19-05-2020 22:15,ZoEaEvLYb1n2sOq,0,6805,7130332.000,0
28-05-2020 21:15,ZoEaEvLYb1n2sOq,0,8247,7201538.000,0
08-06-2020 05:30,iCRJl6heRkivqQ3,0,0,7356511.000,0
26-05-2020 16:30,iCRJl6heRkivqQ3,5639,7477.12,7267607.125,552.663
17-05-2020 02:30,1BY6WEcLGh8j5v7,0,0,6271605.000,0
26-05-2020 03:45,wCURE6d3bPkepu2,0,0,6864650.000,0
14-06-2020 18:45,VHMLBKoKgIrUVDU,0,7489,7437055.000,0
08-06-2020 12:15,pkci93gMrogZuBj,8459.86,4278,7350410.000,827.8
07-06-2020 06:15,adLQvlD726eNBSB,430,6,6445037.000,41.575
26-05-2020 02:00,1BY6WEcLGh8j5v7,0,0,6336208.000,0
17-06-2020 13:45,iCRJl6heRkivqQ3,8698.29,4526.14,7424832.143,850.243
15-06-2020 03:45,z9Y9gH1T5YWrNuG,0,0,7232468.000,0
29-05-2020 21:45,YxYtjZvoooNbGkE,0,0,7292503.000,0
04-06-2020 08:00,pkci93gMrogZuBj,4644.38,358,7315794.000,455.8
16-06-2020 10:00,iCRJl6heRkivqQ3,11138.4,1649.57,7415650.571,1087.47
09-06-2020 04:45,uHbuxQJl8lW7ozc,0,0,7225554.000,0
26-05-2020 06:30,3PZuoBAID5Wc2HD,825.625,21.625,7070657.625,80.1125
14-06-2020 17:15,1IF53ai7Xc0U56Y,1747.29,7407.14,6414288.143,171.243
14-06-2020 17:45,zBIq5rxdHJRwDNY,589,7291,6565113.000,56.9857
13-06-2020 06:45,z9Y9gH1T5YWrNuG,1036.5,35.25,7216902.250,100.75
17-05-2020 04:00,VHMLBKoKgIrUVDU,0,0,7219380.000,0
25-05-2020 03:45,ZnxXDlPa8U1GXgE,0,0,6595756.000,0
14-06-2020 21:30,iCRJl6heRkivqQ3,0,7369,7407224.000,0
24-05-2020 19:30,3PZuoBAID5Wc2HD,0,8300,7061568.000,0
30-05-2020 09:30,1IF53ai7Xc0U56Y,6482.29,944.571,6299155.571,634.957
25-05-2020 08:45,zBIq5rxdHJRwDNY,7031.38,745.125,6412503.125,688.587
27-05-2020 18:00,VHMLBKoKgIrUVDU,295.625,6756.38,7304371.375,28.5375
11-06-2020 17:00,wCURE6d3bPkepu2,2386.88,5494.38,6987897.375,234.05
08-06-2020 18:00,WRmjgnKYAwPKWDb,725.375,8296.38,7212978.375,70.2875
19-05-2020 23:00,3PZuoBAID5Wc2HD,0,0,7020512.000,0
03-06-2020 02:45,McdE0feGgRqW7Ca,0,0,7300359.000,0
05-06-2020 02:45,bvBOhCH3iADSZry,0,0,6460186.000,0
18-05-2020 18:45,3PZuoBAID5Wc2HD,0,5435,7013918.000,0
02-06-2020 03:30,zVJPv84UY57bAof,0,0,7247766.000,0
08-06-2020 15:30,rGa61gmuvPhdLxV,5950.12,7343.12,7295016.125,582.75
26-05-2020 22:15,zVJPv84UY57bAof,0,0,7205383.000,0
22-05-2020 04:00,uHbuxQJl8lW7ozc,0,0,7087976.000,0
13-06-2020 21:30,pkci93gMrogZuBj,0,8354,7389161.000,0
31-05-2020 14:15,WRmjgnKYAwPKWDb,9562.57,4973.71,7153002.714,933.771
16-06-2020 15:00,ZoEaEvLYb1n2sOq,3882.57,5241.86,7334932.857,381.443
31-05-2020 12:45,ZnxXDlPa8U1GXgE,13711.4,4129,6647512.000,1336.86
04-06-2020 12:30,zVJPv84UY57bAof,10572.2,4130.5,7267183.500,1032.17
31-05-2020 12:00,3PZuoBAID5Wc2HD,6945,3097.75,7112585.750,679.763
19-05-2020 20:30,rGa61gmuvPhdLxV,0,6910,7143812.000,0
17-05-2020 11:00,rGa61gmuvPhdLxV,9853.25,2782.75,7126881.750,962.062
14-06-2020 08:30,adLQvlD726eNBSB,5025.75,645.143,6498141.143,509.043
31-05-2020 20:15,VHMLBKoKgIrUVDU,0,6076,7334405.000,0
24-05-2020 22:30,z9Y9gH1T5YWrNuG,0,7876,7080638.000,0
17-05-2020 01:30,ZnxXDlPa8U1GXgE,0,0,6535152.000,0
27-05-2020 19:45,zBIq5rxdHJRwDNY,0,0,6434083.000,0
31-05-2020 05:00,wCURE6d3bPkepu2,0,0,6903158.000,0
19-05-2020 07:30,pkci93gMrogZuBj,2842.25,179.375,7194590.375,279.075
19-05-2020 04:30,zVJPv84UY57bAof,0,0,7141405.000,0
05-06-2020 18:45,YxYtjZvoooNbGkE,0,7603,7342489.000,0
11-06-2020 04:45,bvBOhCH3iADSZry,0,0,6499210.000,0
10-06-2020 22:15,7JYdWkrLSPkdwr4,0,6362,7801091.000,0
28-05-2020 05:30,zBIq5rxdHJRwDNY,0,0,6434083.000,0
13-06-2020 15:00,rGa61gmuvPhdLxV,10563.6,7128.75,7329409.750,1032.3
09-06-2020 15:30,1BY6WEcLGh8j5v7,7789,6460.25,6438074.250,762.475
29-05-2020 15:45,uHbuxQJl8lW7ozc,7672.29,7473.29,7151105.286,751.114
01-06-2020 21:45,pkci93gMrogZuBj,0,5509,7300300.000,0
20-05-2020 00:45,wCURE6d3bPkepu2,0,0,6815349.000,0
03-06-2020 21:00,7JYdWkrLSPkdwr4,0,7749,7748622.000,0
02-06-2020 16:45,bvBOhCH3iADSZry,2870.43,6658.14,6445303.143,281.757
28-05-2020 20:00,VHMLBKoKgIrUVDU,0,8509,7312887.000,0
24-05-2020 08:15,rGa61gmuvPhdLxV,4894.88,497.75,7175790.750,480
06-06-2020 16:15,McdE0feGgRqW7Ca,1629,6335.25,7331016.250,159.225
27-05-2020 23:00,McdE0feGgRqW7Ca,0,0,7256389.000,0
14-06-2020 20:00,1BY6WEcLGh8j5v7,0,4012,6467675.000,0
27-05-2020 19:15,ih0vzX44oOqAx2f,0,6564,6278855.000,0
03-06-2020 22:15,ZoEaEvLYb1n2sOq,0,7774,7243501.000,0
07-06-2020 09:45,VHMLBKoKgIrUVDU,6308.71,1343.14,7379332.143,618.043
07-06-2020 13:00,WRmjgnKYAwPKWDb,12386.3,4878.29,7201489.286,1207.64
15-06-2020 05:45,3PZuoBAID5Wc2HD,0,0,7218223.000,0
11-06-2020 05:45,3PZuoBAID5Wc2HD,0,0,7190469.000,0
24-05-2020 22:15,zVJPv84UY57bAof,0,7958,7188796.000,0
25-05-2020 22:00,ZnxXDlPa8U1GXgE,0,8910,6604666.000,0
28-05-2020 22:00,7JYdWkrLSPkdwr4,0,8278,7706828.000,0
20-05-2020 11:15,VHMLBKoKgIrUVDU,12383.1,3390.86,7242932.857,1207.39
17-05-2020 14:00,pkci93gMrogZuBj,8559,5479.43,7187129.429,836.6
16-06-2020 17:30,YxYtjZvoooNbGkE,1454.25,6151.12,7419486.125,141.863
12-06-2020 11:30,ZoEaEvLYb1n2sOq,9630.88,2121.5,7303753.500,941.7
01-06-2020 20:15,sjndEbLyjtCKgGv,0,5766,7148008.000,0
10-06-2020 07:45,zVJPv84UY57bAof,4124.12,302.75,7310758.750,405.075
12-06-2020 09:45,adLQvlD726eNBSB,6700.25,937.75,6483671.750,656.275
17-05-2020 01:00,3PZuoBAID5Wc2HD,0,0,7000689.000,0
10-06-2020 03:15,sjndEbLyjtCKgGv,0,0,7209095.000,0
17-06-2020 04:45,sjndEbLyjtCKgGv,0,0,7255794.000,0
28-05-2020 02:15,sjndEbLyjtCKgGv,0,0,7112565.000,0
14-06-2020 15:15,wCURE6d3bPkepu2,10279,6390.29,7008759.286,1003.81
15-06-2020 16:00,McdE0feGgRqW7Ca,1801.14,6382.43,7395740.429,176.257
30-05-2020 11:15,zVJPv84UY57bAof,10371.3,1857.14,7230544.143,1013.21
20-05-2020 06:45,uHbuxQJl8lW7ozc,947.875,40.25,7071238.250,92.0875
25-05-2020 00:00,YxYtjZvoooNbGkE,0,0,7252651.000,0
30-05-2020 13:00,z9Y9gH1T5YWrNuG,7956.62,3590,7124045.000,778.763
04-06-2020 10:45,uHbuxQJl8lW7ozc,12090.3,2406,7188661.000,1179.2
05-06-2020 13:00,bvBOhCH3iADSZry,7839,3793.14,6463979.143,767.343
10-06-2020 12:45,1BY6WEcLGh8j5v7,10729.2,3533.88,6442603.875,1047.72
16-05-2020 06:00,wCURE6d3bPkepu2,56,0,6788927.000,5.4
17-06-2020 04:45,ZoEaEvLYb1n2sOq,0,0,7335882.000,0
11-06-2020 11:30,1IF53ai7Xc0U56Y,7403.86,1907.14,6388527.143,724.914
25-05-2020 23:00,zVJPv84UY57bAof,0,8813,7197609.000,0
27-05-2020 04:00,pkci93gMrogZuBj,0,0,7258294.000,0
26-05-2020 12:15,wCURE6d3bPkepu2,13153.7,4276.57,6868926.571,1282.49
29-05-2020 13:45,rGa61gmuvPhdLxV,8507.12,5879.38,7220694.375,832.075
25-05-2020 11:30,pkci93gMrogZuBj,12190,3548.75,7245255.750,1188.54
11-06-2020 17:30,zBIq5rxdHJRwDNY,1431.62,5582.25,6543485.250,139.6
22-05-2020 04:45,uHbuxQJl8lW7ozc,0,0,7087976.000,0
04-06-2020 01:45,ih0vzX44oOqAx2f,0,0,6329010.000,0
15-06-2020 08:45,bvBOhCH3iADSZry,7076.62,851.125,6522451.125,692.987
07-06-2020 20:15,zVJPv84UY57bAof,0,8260,7293790.000,0
04-06-2020 23:00,1IF53ai7Xc0U56Y,0,8196,6340855.000,0
20-05-2020 06:15,zVJPv84UY57bAof,427.625,7.375,7148344.375,41.3375
12-06-2020 21:00,uHbuxQJl8lW7ozc,0,5888,7252094.000,0
22-05-2020 03:00,ZoEaEvLYb1n2sOq,0,0,7146685.000,0
25-05-2020 02:30,pkci93gMrogZuBj,0,0,7241707.000,0
16-05-2020 21:15,pkci93gMrogZuBj,0,6173,7181650.000,0
22-05-2020 11:30,bvBOhCH3iADSZry,12976,2509.43,6364657.429,1265.16
28-05-2020 05:45,wCURE6d3bPkepu2,0,0,6879195.000,0
26-05-2020 11:45,McdE0feGgRqW7Ca,7340.86,3827.29,7245476.286,718.2
17-06-2020 19:15,McdE0feGgRqW7Ca,0,5992,7408587.000,0
06-06-2020 06:15,z9Y9gH1T5YWrNuG,408.875,6.75,7171007.750,39.525
14-06-2020 20:00,ZoEaEvLYb1n2sOq,0,7289,7323052.000,0
13-06-2020 22:15,7JYdWkrLSPkdwr4,0,8435,7820852.000,0
19-05-2020 11:30,adLQvlD726eNBSB,4161.5,2530.5,6300346.500,408.825
06-06-2020 18:00,7JYdWkrLSPkdwr4,234.5,6311.75,7770451.750,22.6125
08-06-2020 16:15,uHbuxQJl8lW7ozc,3420.5,7830.62,7224979.625,335.538
09-06-2020 03:15,YxYtjZvoooNbGkE,0,0,7365310.000,0
03-06-2020 22:45,iCRJl6heRkivqQ3,0,7883,7325696.000,0
24-05-2020 14:45,rGa61gmuvPhdLxV,10021.5,6644.25,7181937.250,979.812
15-06-2020 01:30,adLQvlD726eNBSB,0,0,6505086.000,0
21-05-2020 12:45,zVJPv84UY57bAof,11459.8,4697.38,7161876.375,1118.53
27-05-2020 17:45,zBIq5rxdHJRwDNY,596.857,6370.43,6434072.429,57.7857
21-05-2020 16:15,zBIq5rxdHJRwDNY,3443.86,7438.71,6388300.714,338.543
29-05-2020 14:15,uHbuxQJl8lW7ozc,8648.86,6302.57,7149934.571,846.257
26-05-2020 06:15,adLQvlD726eNBSB,443.571,8.14286,6355302.143,42.9
10-06-2020 14:15,uHbuxQJl8lW7ozc,9594.71,5394.29,7239257.286,938.314
29-05-2020 08:00,iCRJl6heRkivqQ3,3361,326.75,7283363.750,330.3
30-05-2020 01:00,zVJPv84UY57bAof,0,0,7228687.000,0
11-06-2020 22:15,YxYtjZvoooNbGkE,0,5592,7385279.000,0
27-05-2020 21:45,wCURE6d3bPkepu2,0,0,6879195.000,0
27-05-2020 05:00,uHbuxQJl8lW7ozc,0,0,7128538.000,0
01-06-2020 02:15,rGa61gmuvPhdLxV,0,0,7236332.000,0
18-05-2020 21:15,bvBOhCH3iADSZry,0,4962,6340538.000,0
15-06-2020 23:45,1BY6WEcLGh8j5v7,0,6275,6473950.000,0
18-05-2020 13:30,ih0vzX44oOqAx2f,11553.2,2868,6208069.000,1127.15
22-05-2020 04:30,ih0vzX44oOqAx2f,0,0,6233543.000,0
13-06-2020 16:15,uHbuxQJl8lW7ozc,2984.57,8094.14,7260188.143,293.043
22-05-2020 09:45,1BY6WEcLGh8j5v7,5051.57,1238,6306827.000,495.429
21-05-2020 23:00,rGa61gmuvPhdLxV,0,7766,7160399.000,0
17-06-2020 16:30,1IF53ai7Xc0U56Y,1858.71,5829.29,6433361.286,182.029
19-05-2020 08:45,McdE0feGgRqW7Ca,4178.62,569.25,7185660.250,410.175
05-06-2020 15:00,1IF53ai7Xc0U56Y,8623.43,6167,6347022.000,842.671
02-06-2020 21:00,bvBOhCH3iADSZry,0,6842,6445487.000,0
16-05-2020 17:00,1BY6WEcLGh8j5v7,1837,6179,6271492.000,180.057
15-05-2020 04:45,ih0vzX44oOqAx2f,0,0,6185184.000,0
04-06-2020 01:00,bvBOhCH3iADSZry,0,0,6452724.000,0
07-06-2020 11:00,iCRJl6heRkivqQ3,11779.6,2438.12,7350672.125,1149.88
29-05-2020 22:00,wCURE6d3bPkepu2,0,0,6895880.000,0
01-06-2020 22:15,iCRJl6heRkivqQ3,0,5781,7310348.000,0
03-06-2020 23:15,3PZuoBAID5Wc2HD,0,7874,7136488.000,0
16-06-2020 04:30,zVJPv84UY57bAof,0,0,7351100.000,0
09-06-2020 06:45,sjndEbLyjtCKgGv,1378.5,49.5,7200974.500,134.55
14-06-2020 12:45,ZnxXDlPa8U1GXgE,7791.75,3969.88,6748312.875,762.75
22-05-2020 23:15,ZnxXDlPa8U1GXgE,0,7275,6579139.000,0
21-05-2020 19:00,McdE0feGgRqW7Ca,0,7993,7209055.000,0
11-06-2020 16:30,zBIq5rxdHJRwDNY,3677.5,5335.38,6543238.375,361.462
08-06-2020 08:45,z9Y9gH1T5YWrNuG,7007.88,698.5,7184329.500,686.275
20-05-2020 09:30,ZnxXDlPa8U1GXgE,8788.88,1450.5,6556586.500,859.938
04-06-2020 21:30,iCRJl6heRkivqQ3,0,0,7334000.000,0
06-06-2020 01:30,McdE0feGgRqW7Ca,0,0,7324681.000,0
24-05-2020 09:45,ZoEaEvLYb1n2sOq,5848.5,1467.12,7163651.125,573.138
14-06-2020 03:45,adLQvlD726eNBSB,0,0,6497496.000,0
09-06-2020 07:30,uHbuxQJl8lW7ozc,2995.43,224.429,7225778.429,294.243
10-06-2020 18:15,zVJPv84UY57bAof,111.375,6559,7317015.000,10.7625
15-05-2020 11:30,zVJPv84UY57bAof,6598.43,2111.29,7118262.286,646.214
17-06-2020 10:15,z9Y9gH1T5YWrNuG,6703.75,1420.25,7246805.250,656.612
22-05-2020 09:15,adLQvlD726eNBSB,6885.25,1069.62,6322642.625,674.15
14-06-2020 18:15,rGa61gmuvPhdLxV,253.286,7297.14,7337967.143,24.4571
28-05-2020 11:00,1BY6WEcLGh8j5v7,11362.9,2862.86,6352695.857,1109.6
26-05-2020 21:15,3PZuoBAID5Wc2HD,0,0,7078711.000,0
28-05-2020 14:45,wCURE6d3bPkepu2,8289.75,6955.62,6886150.625,810.438
03-06-2020 19:00,ZnxXDlPa8U1GXgE,0,7916,6670884.000,0
03-06-2020 17:15,1BY6WEcLGh8j5v7,2582.25,7216.12,6397684.125,253.488
02-06-2020 11:15,ZoEaEvLYb1n2sOq,6905.86,2842.86,7231282.857,676.257
12-06-2020 13:30,3PZuoBAID5Wc2HD,8505,3846.62,7200032.625,832.275
30-05-2020 07:30,YxYtjZvoooNbGkE,2016.75,172.375,7292675.375,197.713
04-06-2020 14:30,iCRJl6heRkivqQ3,6701.14,6079.29,7331775.286,656.343
18-05-2020 10:30,iCRJl6heRkivqQ3,3191,737.5,7199104.500,313.475
17-05-2020 16:30,7JYdWkrLSPkdwr4,4253,7229.75,7622766.750,417.225
25-05-2020 09:00,7JYdWkrLSPkdwr4,8358.43,1012.14,7676253.143,817.986
17-05-2020 22:15,ZoEaEvLYb1n2sOq,0,7464,7118208.000,0
15-05-2020 10:00,pkci93gMrogZuBj,9441.43,1411.57,7170513.571,922.8
27-05-2020 11:45,WRmjgnKYAwPKWDb,8019.86,3383.57,7121263.571,784.014
28-05-2020 12:00,rGa61gmuvPhdLxV,11039.4,4089.38,7210638.375,1077.06
16-05-2020 05:00,3PZuoBAID5Wc2HD,0,0,6994033.000,0
17-05-2020 09:45,VHMLBKoKgIrUVDU,10609.6,1601.71,7220981.714,1036.89
26-05-2020 21:00,zVJPv84UY57bAof,0,0,7205383.000,0
06-06-2020 01:15,VHMLBKoKgIrUVDU,0,0,7371554.000,0
26-05-2020 04:00,pkci93gMrogZuBj,0,0,7250519.000,0
28-05-2020 21:30,1BY6WEcLGh8j5v7,0,7977,6357810.000,0
08-06-2020 17:00,bvBOhCH3iADSZry,3062,7498,6485791.000,300.671
16-06-2020 21:45,adLQvlD726eNBSB,0,6396,6518398.000,0
25-05-2020 19:00,ZnxXDlPa8U1GXgE,0,8910,6604666.000,0
03-06-2020 08:45,uHbuxQJl8lW7ozc,5184.71,678.857,7179083.857,508.257
03-06-2020 23:45,adLQvlD726eNBSB,0,6849.43,6422267.000,0
04-06-2020 00:15,wCURE6d3bPkepu2,0,0,6930776.000,0
18-05-2020 16:45,VHMLBKoKgIrUVDU,2920.71,5262.14,7232359.143,286.571
12-06-2020 12:45,bvBOhCH3iADSZry,7133.29,2953.43,6507360.429,698.529
25-05-2020 10:00,1BY6WEcLGh8j5v7,9935.75,1835.88,6329775.875,971.538
01-06-2020 03:15,bvBOhCH3iADSZry,0,0,6433267.000,0
27-05-2020 09:00,pkci93gMrogZuBj,8681.86,978.857,7259272.857,849.471
03-06-2020 17:30,7JYdWkrLSPkdwr4,1955,7669.62,7748542.625,191.625
05-06-2020 07:45,ZoEaEvLYb1n2sOq,2282.12,213.625,7251753.625,223.762
24-05-2020 03:00,3PZuoBAID5Wc2HD,0,0,7053268.000,0
27-05-2020 08:30,zVJPv84UY57bAof,6252,673.125,7206056.125,612.575
15-06-2020 14:45,7JYdWkrLSPkdwr4,6959.12,5464.25,7833623.000,681.5
11-06-2020 19:30,ZnxXDlPa8U1GXgE,0,5692,6729902.000,0
16-06-2020 21:45,7JYdWkrLSPkdwr4,0,6166,7840965.000,0
13-06-2020 06:30,McdE0feGgRqW7Ca,585.286,17.1429,7373345.143,56.6571
30-05-2020 05:15,ZoEaEvLYb1n2sOq,0,0,7209600.000,0
24-05-2020 16:30,ih0vzX44oOqAx2f,3540.5,7198.12,6256136.125,347.512
30-05-2020 04:30,WRmjgnKYAwPKWDb,0,0,7140899.000,0
30-05-2020 12:30,McdE0feGgRqW7Ca,12823.9,3160.57,7276373.571,1250.74
19-05-2020 13:00,ih0vzX44oOqAx2f,10152.7,3849,6214336.000,992.271
15-06-2020 11:15,WRmjgnKYAwPKWDb,7755.75,3203.5,7257787.500,758.688
01-06-2020 07:30,1IF53ai7Xc0U56Y,4531.62,264.625,6311696.625,444.7
12-06-2020 22:15,McdE0feGgRqW7Ca,0,5955,7373328.000,0
16-05-2020 18:15,iCRJl6heRkivqQ3,124,6437,7190847.000,12
16-06-2020 19:45,iCRJl6heRkivqQ3,0,6305,7420306.000,0
06-06-2020 11:30,ZoEaEvLYb1n2sOq,6935,3090.43,7262165.429,678.257
11-06-2020 16:15,ZoEaEvLYb1n2sOq,4430.29,5152,7301223.000,434.829
13-06-2020 00:00,bvBOhCH3iADSZry,0,0,6509779.000,0
02-06-2020 11:30,bvBOhCH3iADSZry,5895,2840.88,6441485.875,577.663
09-06-2020 18:00,VHMLBKoKgIrUVDU,845.857,8096.86,7402792.857,82.0714
15-05-2020 17:15,rGa61gmuvPhdLxV,2367.25,6297.38,7117790.375,232.113
13-06-2020 03:30,7JYdWkrLSPkdwr4,0,0,7812417.000,0
24-05-2020 21:30,1BY6WEcLGh8j5v7,0,7537,6327940.000,0
15-06-2020 19:30,pkci93gMrogZuBj,0,6795,7403217.000,0
19-05-2020 10:15,ZnxXDlPa8U1GXgE,7433.62,1520.25,6549682.250,726.938
02-06-2020 19:30,ZoEaEvLYb1n2sOq,0,7287,7235727.000,0
15-06-2020 19:00,WRmjgnKYAwPKWDb,0,6731,7261315.000,0
16-06-2020 04:45,7JYdWkrLSPkdwr4,0,0,7834799.000,0
15-06-2020 00:30,zBIq5rxdHJRwDNY,0,0,6565137.000,0
15-05-2020 18:45,pkci93gMrogZuBj,0,6375,7175477.000,0
13-06-2020 06:30,sjndEbLyjtCKgGv,577.857,17,7227118.000,55.9286
10-06-2020 02:45,3PZuoBAID5Wc2HD,0,0,7183919.000,0
18-05-2020 11:00,uHbuxQJl8lW7ozc,6577.88,1000.38,7059793.375,644.337
15-06-2020 10:00,7JYdWkrLSPkdwr4,8710.88,1961.5,7830119.500,852.237
27-05-2020 05:15,YxYtjZvoooNbGkE,0,0,7269333.000,0
05-06-2020 02:00,pkci93gMrogZuBj,0,0,7323691.000,0
04-06-2020 07:00,McdE0feGgRqW7Ca,1846.75,78.25,7308447.250,180.963
07-06-2020 22:45,McdE0feGgRqW7Ca,0,7042,7338202.000,0
17-06-2020 15:00,ih0vzX44oOqAx2f,4934.75,5222.12,6425593.125,483.913
22-05-2020 03:30,z9Y9gH1T5YWrNuG,0,0,7057147.000,0
02-06-2020 13:45,3PZuoBAID5Wc2HD,13579.6,5225.14,7126494.143,1324.2
15-05-2020 14:45,ih0vzX44oOqAx2f,7644.83,4886.67,6190084.000,747.75
17-06-2020 15:30,adLQvlD726eNBSB,988,5647.43,6524045.429,95.9714
18-05-2020 13:15,sjndEbLyjtCKgGv,9949.88,2634.5,7039688.500,972.013
31-05-2020 14:15,1BY6WEcLGh8j5v7,6354.29,5036.86,6377164.857,621.029
10-06-2020 11:15,wCURE6d3bPkepu2,6926.62,2262.25,6978242.250,677.962
10-06-2020 09:30,ZnxXDlPa8U1GXgE,8945.14,1267.71,6719039.714,875.014
22-05-2020 00:30,McdE0feGgRqW7Ca,0,0,7209055.000,0
16-06-2020 14:15,3PZuoBAID5Wc2HD,4268.29,4843.86,7229885.857,419.057
09-06-2020 06:00,zVJPv84UY57bAof,143.125,0.875,7302167.875,13.8375
12-06-2020 22:15,1BY6WEcLGh8j5v7,0,5441,6455679.000,0
10-06-2020 20:45,iCRJl6heRkivqQ3,0,6559,7379779.000,0
14-06-2020 10:00,7JYdWkrLSPkdwr4,8542.71,1644.43,7822496.429,835.914
11-06-2020 22:00,zBIq5rxdHJRwDNY,0,5647,6543550.000,0
10-06-2020 23:30,WRmjgnKYAwPKWDb,0,6389,7227367.000,0
23-05-2020 11:30,ih0vzX44oOqAx2f,12921.3,3303.57,6243846.571,1259.84
19-05-2020 14:00,zBIq5rxdHJRwDNY,9273.29,4791.86,6369838.857,907.071
17-05-2020 22:45,YxYtjZvoooNbGkE,0,7497,7200229.000,0
23-05-2020 18:45,WRmjgnKYAwPKWDb,0,8431,7093026.000,0
03-06-2020 03:15,ih0vzX44oOqAx2f,0,0,6321311.000,0
21-05-2020 09:00,7JYdWkrLSPkdwr4,8238.38,1020.5,7645000.500,806.263
03-06-2020 17:15,McdE0feGgRqW7Ca,2953,7861,7308220.000,289.962
04-06-2020 08:00,uHbuxQJl8lW7ozc,4712,369.375,7186624.375,462.375
14-06-2020 14:30,iCRJl6heRkivqQ3,8034.71,5834.14,7405689.143,785.914
16-05-2020 05:30,ih0vzX44oOqAx2f,0,0,6191360.000,0
25-05-2020 14:30,1IF53ai7Xc0U56Y,10743.5,7326.25,6264806.250,1050.05
09-06-2020 13:15,rGa61gmuvPhdLxV,10444.5,5278.25,7301242.250,1019.81
15-05-2020 09:30,iCRJl6heRkivqQ3,3721.38,1040.75,7179032.750,365.462
31-05-2020 08:30,ih0vzX44oOqAx2f,4368.25,431,6302698.000,429
16-05-2020 06:15,McdE0feGgRqW7Ca,348.25,4.75,7165439.750,33.675
08-06-2020 08:15,VHMLBKoKgIrUVDU,3484.12,461.625,7386669.625,342.512
29-05-2020 16:15,iCRJl6heRkivqQ3,6648.57,7740.29,7290777.286,651.243
19-05-2020 03:15,WRmjgnKYAwPKWDb,0,0,7054452.000,0
23-05-2020 14:45,YxYtjZvoooNbGkE,7141.38,6897.38,7243018.375,699.325
28-05-2020 06:45,wCURE6d3bPkepu2,1233.43,44.1429,6879239.143,119.957
16-06-2020 09:00,ih0vzX44oOqAx2f,5698.29,859.143,6415106.143,558.457
05-06-2020 07:15,ZnxXDlPa8U1GXgE,1920.71,114.429,6679176.429,188.129
13-06-2020 20:30,ZnxXDlPa8U1GXgE,0,8558,6744343.000,0
11-06-2020 10:45,ZnxXDlPa8U1GXgE,5955.62,1348.12,6725558.125,583.562
13-06-2020 03:00,7JYdWkrLSPkdwr4,0,0,7812417.000,0
06-06-2020 13:30,z9Y9gH1T5YWrNuG,8163.38,4628.75,7175629.750,798.025
17-05-2020 08:45,zVJPv84UY57bAof,7364.86,755.857,7129290.857,721.1
03-06-2020 00:00,pkci93gMrogZuBj,0,0,7307650.000,0
14-06-2020 18:00,sjndEbLyjtCKgGv,395.25,7294.5,7242798.500,38.2125
20-05-2020 10:15,ZoEaEvLYb1n2sOq,10824.9,2129,7132461.000,1057.8
21-05-2020 11:15,zVJPv84UY57bAof,12392.9,2999.71,7160178.714,1208.7
31-05-2020 23:30,McdE0feGgRqW7Ca,0,6195,7286760.000,0
26-05-2020 05:45,YxYtjZvoooNbGkE,0,0,7261464.000,0
16-05-2020 18:45,1IF53ai7Xc0U56Y,0,6592,6196594.000,0
18-05-2020 23:00,adLQvlD726eNBSB,0,5506,6297816.000,0
08-06-2020 18:45,3PZuoBAID5Wc2HD,0,8509,7175733.000,0
15-06-2020 16:15,1BY6WEcLGh8j5v7,2247.12,5876.75,6473551.750,220.425
31-05-2020 01:00,uHbuxQJl8lW7ozc,0,0,7159272.000,0
16-06-2020 19:15,ZnxXDlPa8U1GXgE,0,6304,6764808.000,0
15-06-2020 23:45,YxYtjZvoooNbGkE,0,6633,7413335.000,0
07-06-2020 12:30,ZoEaEvLYb1n2sOq,12957,4193.88,7269561.875,1263.29
10-06-2020 10:30,sjndEbLyjtCKgGv,6515.57,1858.14,7210953.143,638.2
15-05-2020 00:15,z9Y9gH1T5YWrNuG,0,0,7007866.000,0
15-06-2020 22:45,iCRJl6heRkivqQ3,0,6777,7414001.000,0
15-05-2020 19:00,ZoEaEvLYb1n2sOq,0,6261,7104360.000,0
10-06-2020 02:45,sjndEbLyjtCKgGv,0,0,7209095.000,0
09-06-2020 02:30,rGa61gmuvPhdLxV,0,0,7295964.000,0
30-05-2020 18:45,7JYdWkrLSPkdwr4,0,7143,7721978.000,0
11-06-2020 21:45,zVJPv84UY57bAof,0,5671,7322687.000,0
16-05-2020 09:15,wCURE6d3bPkepu2,5748.14,1019.86,6789946.857,563.329
06-06-2020 21:30,ih0vzX44oOqAx2f,0,6197,6350673.000,0
28-05-2020 06:45,7JYdWkrLSPkdwr4,1382.88,49.625,7698599.625,134.825
23-05-2020 15:00,iCRJl6heRkivqQ3,5382.86,7127.86,7241720.857,527.586
18-05-2020 12:30,YxYtjZvoooNbGkE,8403.38,2041.38,7202270.375,822.35
12-06-2020 14:45,pkci93gMrogZuBj,6011.71,4764.71,7379720.714,589.057
17-06-2020 22:45,ih0vzX44oOqAx2f,0,5758,6426129.000,0
17-05-2020 18:45,ih0vzX44oOqAx2f,0,7391,6205201.000,0
18-05-2020 19:30,ZoEaEvLYb1n2sOq,0,5319,7123527.000,0
19-05-2020 13:45,bvBOhCH3iADSZry,9268,4210.25,6344748.250,906.587
14-06-2020 00:15,z9Y9gH1T5YWrNuG,0,0,7225230.000,0
16-06-2020 14:15,ZnxXDlPa8U1GXgE,4390.57,4807.43,6763311.429,431.071
11-06-2020 09:30,zVJPv84UY57bAof,4499,703.375,7317719.375,441.712
06-06-2020 05:15,WRmjgnKYAwPKWDb,0,0,7190270.000,0
13-06-2020 04:00,YxYtjZvoooNbGkE,0,0,7391059.000,0
25-05-2020 09:45,bvBOhCH3iADSZry,9366.57,1559,6385771.000,916.157
15-06-2020 14:30,rGa61gmuvPhdLxV,10295,5316.25,7343288.250,1005.27
31-05-2020 14:00,zBIq5rxdHJRwDNY,9954.57,4833.57,6462134.571,972.529
12-06-2020 01:15,ZnxXDlPa8U1GXgE,0,0,6729902.000,0
25-05-2020 12:30,YxYtjZvoooNbGkE,12648.9,4832.5,7257483.500,1233.26
17-05-2020 20:45,wCURE6d3bPkepu2,0,7530,6803000.000,0
25-05-2020 14:15,bvBOhCH3iADSZry,9720.38,6315.88,6390527.875,950.612
28-05-2020 04:30,ZnxXDlPa8U1GXgE,0,0,6619376.000,0
16-05-2020 13:00,YxYtjZvoooNbGkE,9550.43,4024.57,7190281.571,933.914
05-06-2020 16:30,adLQvlD726eNBSB,5668.5,7298.25,6437879.250,555.35
06-06-2020 19:30,ZnxXDlPa8U1GXgE,0,6355,6693054.000,0
09-06-2020 05:00,WRmjgnKYAwPKWDb,0,0,7213001.000,0
13-06-2020 09:15,uHbuxQJl8lW7ozc,6924.71,1192.43,7253286.429,677.986
23-05-2020 10:30,sjndEbLyjtCKgGv,8354,2314.71,7075276.714,816.986
10-06-2020 04:45,bvBOhCH3iADSZry,0,0,6493347.000,0
06-06-2020 12:00,McdE0feGgRqW7Ca,8785,3448.12,7328129.125,858
13-06-2020 00:15,ZoEaEvLYb1n2sOq,0,0,7307385.000,0
16-06-2020 22:00,ih0vzX44oOqAx2f,0,6124,6420371.000,0
24-05-2020 11:30,ZoEaEvLYb1n2sOq,11925,3090.12,7165274.125,1163.19
07-06-2020 07:45,adLQvlD726eNBSB,2607,246.75,6445277.750,255.662
20-05-2020 05:15,ZnxXDlPa8U1GXgE,0,0,6555136.000,0
06-06-2020 08:45,rGa61gmuvPhdLxV,6382.29,904.571,7273994.571,625.2
08-06-2020 11:00,ZoEaEvLYb1n2sOq,12046.3,2973.57,7276426.571,1175.24
15-05-2020 16:15,7JYdWkrLSPkdwr4,4268.86,5709.29,7608669.286,419
03-06-2020 16:30,uHbuxQJl8lW7ozc,2742,7380.75,7185785.750,269
31-05-2020 14:45,zVJPv84UY57bAof,2789.71,5370.14,7241347.143,273.986
27-05-2020 09:30,7JYdWkrLSPkdwr4,8236.29,1396,7693308.000,805.714
12-06-2020 21:30,zVJPv84UY57bAof,0,5863,7328550.000,0
06-06-2020 09:30,McdE0feGgRqW7Ca,8797.43,1356.43,7326037.429,860.643
22-05-2020 15:45,1IF53ai7Xc0U56Y,4284,6872,6240119.000,420.529
03-06-2020 04:30,WRmjgnKYAwPKWDb,0,0,7166917.000,0
04-06-2020 13:30,VHMLBKoKgIrUVDU,8175,5196.75,7360857.750,800.013
16-05-2020 04:45,sjndEbLyjtCKgGv,0,0,7023182.000,0
08-06-2020 05:15,VHMLBKoKgIrUVDU,0,0,7386208.000,0
01-06-2020 21:45,rGa61gmuvPhdLxV,0,5637,7241969.000,0
09-06-2020 18:15,rGa61gmuvPhdLxV,421.857,8233.86,7304197.857,40.7857
22-05-2020 03:30,zVJPv84UY57bAof,0,0,7165123.000,0
14-06-2020 04:00,zBIq5rxdHJRwDNY,0,0,6557822.000,0
25-05-2020 13:15,3PZuoBAID5Wc2HD,12158.5,5951.67,7067519.667,1185.47
23-05-2020 07:45,sjndEbLyjtCKgGv,3695.57,230.429,7073192.429,363.214
26-05-2020 17:30,zBIq5rxdHJRwDNY,618.625,7472,6427673.000,59.875
21-05-2020 10:45,McdE0feGgRqW7Ca,10834.6,2498.12,7203560.125,1057.44
17-06-2020 12:45,sjndEbLyjtCKgGv,10417.6,3646.29,7259440.286,1017.91
04-06-2020 03:30,adLQvlD726eNBSB,0,0,6422267.000,0
23-05-2020 12:00,z9Y9gH1T5YWrNuG,12759,4007.14,7068226.143,1244
11-06-2020 09:00,YxYtjZvoooNbGkE,3758.62,492.125,7380179.125,369.4
10-06-2020 12:15,zVJPv84UY57bAof,11668.4,3341.86,7313797.857,1138.51
09-06-2020 12:45,pkci93gMrogZuBj,11444.9,4676.86,7359152.857,1116.99
09-06-2020 16:45,WRmjgnKYAwPKWDb,3972.5,7673.25,7220674.250,390.325
26-05-2020 23:15,1IF53ai7Xc0U56Y,0,0,6274638.000,0
18-05-2020 22:30,McdE0feGgRqW7Ca,0,5464,7185091.000,0
06-06-2020 05:00,uHbuxQJl8lW7ozc,0,0,7202373.000,0
17-06-2020 14:30,ZnxXDlPa8U1GXgE,8359.88,5031.12,6769839.125,817.962
22-05-2020 02:30,uHbuxQJl8lW7ozc,0,0,7087976.000,0
06-06-2020 15:30,wCURE6d3bPkepu2,4288.71,5962.86,6952731.857,421.043
07-06-2020 23:15,sjndEbLyjtCKgGv,0,6898,7192554.000,0
15-06-2020 04:00,WRmjgnKYAwPKWDb,0,0,7254584.000,0
20-05-2020 08:00,z9Y9gH1T5YWrNuG,5163.62,394.375,7040859.375,506.275
28-05-2020 12:30,WRmjgnKYAwPKWDb,12242.2,4914.62,7129452.625,1193.99
15-06-2020 01:45,iCRJl6heRkivqQ3,0,0,7407224.000,0
11-06-2020 13:45,rGa61gmuvPhdLxV,6634.25,3514.88,7314283.875,649.812
01-06-2020 17:00,zBIq5rxdHJRwDNY,1334.14,5699.14,6468938.143,129.814
03-06-2020 14:15,WRmjgnKYAwPKWDb,9299.38,5624.5,7172541.500,909.55
12-06-2020 16:30,YxYtjZvoooNbGkE,2720.57,5468,7390747.000,266.829
29-05-2020 10:00,z9Y9gH1T5YWrNuG,9024.38,1569.12,7113931.125,882.062
02-06-2020 20:00,ZnxXDlPa8U1GXgE,0,0,6662968.000,0
08-06-2020 19:45,wCURE6d3bPkepu2,0,8443,6967970.000,0
17-05-2020 03:00,zBIq5rxdHJRwDNY,0,0,6352150.000,0
18-05-2020 14:00,z9Y9gH1T5YWrNuG,9836.71,3490.57,7031716.571,961.386
28-05-2020 16:45,uHbuxQJl8lW7ozc,3223.12,8119.25,7143377.250,316.45
06-06-2020 01:15,3PZuoBAID5Wc2HD,0,0,7152486.000,0
09-06-2020 21:00,zBIq5rxdHJRwDNY,0,8136,6531405.000,0
28-05-2020 20:15,VHMLBKoKgIrUVDU,0,8509,7312887.000,0
31-05-2020 14:00,1IF53ai7Xc0U56Y,10036.4,4756.12,6310299.125,980.362
04-06-2020 02:45,McdE0feGgRqW7Ca,0,0,7308369.000,0
21-05-2020 21:00,pkci93gMrogZuBj,0,7778,7217976.000,0
16-06-2020 22:45,ZnxXDlPa8U1GXgE,0,6304,6764808.000,0
06-06-2020 09:30,pkci93gMrogZuBj,9683.29,1289.57,7332776.571,946.871
08-06-2020 01:15,z9Y9gH1T5YWrNuG,0,0,7183631.000,0
24-05-2020 11:45,sjndEbLyjtCKgGv,11528.5,3364,7084813.000,1124.72
25-05-2020 13:30,1BY6WEcLGh8j5v7,10541.6,5690.75,6333630.750,1030.45
02-06-2020 12:30,McdE0feGgRqW7Ca,9611.38,3953,7296705.000,939.3
03-06-2020 10:15,zBIq5rxdHJRwDNY,6105,1544.62,6477998.625,598.188
22-05-2020 03:30,1IF53ai7Xc0U56Y,0,0,6233247.000,0
31-05-2020 03:30,ih0vzX44oOqAx2f,0,0,6302267.000,0
04-06-2020 22:45,bvBOhCH3iADSZry,0,7462,6460186.000,0
06-06-2020 17:15,3PZuoBAID5Wc2HD,638.857,6461.86,7158947.857,61.8429
16-05-2020 07:30,ih0vzX44oOqAx2f,2466.5,166.25,6191526.250,241.863
19-05-2020 22:00,3PZuoBAID5Wc2HD,0,0,7020512.000,0
13-06-2020 20:00,pkci93gMrogZuBj,0,8354,7389161.000,0
16-06-2020 18:45,iCRJl6heRkivqQ3,0,6305,7420306.000,0
22-05-2020 01:15,wCURE6d3bPkepu2,0,0,6832055.000,0
15-06-2020 06:00,ZnxXDlPa8U1GXgE,109.429,0.285714,6751747.286,10.5857
14-06-2020 10:30,zBIq5rxdHJRwDNY,10732.5,2047.75,6559869.750,1047.92
27-05-2020 06:45,ZoEaEvLYb1n2sOq,1507.43,48,7186738.000,147.2
14-06-2020 05:45,ZoEaEvLYb1n2sOq,0,0,7315763.000,0
01-06-2020 03:00,ZnxXDlPa8U1GXgE,0,0,6649525.000,0
17-06-2020 04:15,wCURE6d3bPkepu2,0,0,7022718.000,0
14-06-2020 19:45,1IF53ai7Xc0U56Y,0,7487,6414368.000,0
15-06-2020 15:15,zVJPv84UY57bAof,6702.57,5951.14,7350231.143,656.429
04-06-2020 22:15,zVJPv84UY57bAof,0,0,7271273.000,0
11-06-2020 00:00,ih0vzX44oOqAx2f,0,784.625,6381032.000,0
28-05-2020 14:30,3PZuoBAID5Wc2HD,7987.62,6895.5,7092346.500,780.875
06-06-2020 13:00,uHbuxQJl8lW7ozc,11939,4458.86,7206831.857,1164.83
20-05-2020 05:30,wCURE6d3bPkepu2,0,0,6815349.000,0
23-05-2020 15:00,zVJPv84UY57bAof,5396.29,7077.86,7179371.857,528.929
21-05-2020 18:00,1IF53ai7Xc0U56Y,292.875,7816.5,6233243.500,28.2875
03-06-2020 09:00,zVJPv84UY57bAof,6208.75,812.625,7256029.625,608.288
03-06-2020 02:15,McdE0feGgRqW7Ca,0,0,7300359.000,0
31-05-2020 03:00,zVJPv84UY57bAof,0,0,7235977.000,0
20-05-2020 18:15,uHbuxQJl8lW7ozc,369.857,8907.86,7080105.857,35.7429
24-05-2020 06:45,ih0vzX44oOqAx2f,1179.62,43,6248981.000,114.725
08-06-2020 14:15,VHMLBKoKgIrUVDU,11309.6,6298,7392506.000,1103.76
24-05-2020 02:15,zBIq5rxdHJRwDNY,0,0,6404481.000,0
13-06-2020 22:00,ZnxXDlPa8U1GXgE,0,8558,6744343.000,0
29-05-2020 07:00,rGa61gmuvPhdLxV,1957.75,91.625,7214906.625,191.938
27-05-2020 14:15,zBIq5rxdHJRwDNY,3902.88,4818.25,6432520.250,383.512
03-06-2020 04:45,7JYdWkrLSPkdwr4,0,0,7740873.000,0
10-06-2020 09:15,uHbuxQJl8lW7ozc,8696.29,1027.14,7234890.143,850.886
17-05-2020 13:30,adLQvlD726eNBSB,9633.88,5472.25,6289915.250,940.725
23-05-2020 13:45,wCURE6d3bPkepu2,12831.4,6004.86,6845229.857,1251.07
27-05-2020 21:00,bvBOhCH3iADSZry,0,6133,6405833.000,0
23-05-2020 13:00,VHMLBKoKgIrUVDU,11103.1,5200.43,7268921.429,1084.06
06-06-2020 14:45,uHbuxQJl8lW7ozc,2472.86,5786.57,7208159.571,242.629
02-06-2020 19:30,McdE0feGgRqW7Ca,0,7607,7300359.000,0
16-05-2020 05:45,sjndEbLyjtCKgGv,0,0,7023182.000,0
11-06-2020 14:00,uHbuxQJl8lW7ozc,6763.29,3701.57,7244209.571,662.371
11-06-2020 23:45,rGa61gmuvPhdLxV,0,4955.12,7316432.000,0
25-05-2020 20:00,zVJPv84UY57bAof,0,8813,7197609.000,0
17-05-2020 23:45,McdE0feGgRqW7Ca,0,6519.43,7179627.000,0
23-05-2020 03:45,uHbuxQJl8lW7ozc,0,0,7095253.000,0
20-05-2020 00:45,iCRJl6heRkivqQ3,0,0,7210718.000,0
27-05-2020 06:30,wCURE6d3bPkepu2,830.857,19.7143,6872504.714,80.6143
24-05-2020 22:30,ZoEaEvLYb1n2sOq,0,7985,7170169.000,0
13-06-2020 16:15,adLQvlD726eNBSB,2983.57,8420.29,6497142.286,292.929
15-06-2020 18:30,sjndEbLyjtCKgGv,24.5,6727.75,7249538.750,2.3625
22-05-2020 05:30,McdE0feGgRqW7Ca,0,0,7209055.000,0
05-06-2020 21:45,zBIq5rxdHJRwDNY,0,7723,6500302.000,0
16-05-2020 23:15,wCURE6d3bPkepu2,0,6543,6795470.000,0
14-06-2020 06:00,sjndEbLyjtCKgGv,51.375,0.25,7235504.250,4.975
21-05-2020 11:30,adLQvlD726eNBSB,12287.3,3513.43,6317128.429,1198.84
24-05-2020 06:15,adLQvlD726eNBSB,448,8.57143,6337742.571,43.3286
06-06-2020 09:30,VHMLBKoKgIrUVDU,9688.12,1378,7372932.000,946.712
13-06-2020 19:00,pkci93gMrogZuBj,0,8354,7389161.000,0
31-05-2020 15:00,adLQvlD726eNBSB,2498.88,5286.38,6400057.375,245.05
16-06-2020 02:45,7JYdWkrLSPkdwr4,0,0,7834799.000,0
15-05-2020 22:15,1BY6WEcLGh8j5v7,0,5754,6265313.000,0
12-06-2020 07:30,pkci93gMrogZuBj,927.571,89,7375045.000,90.1
01-06-2020 23:45,1BY6WEcLGh8j5v7,0,5508,6383439.000,0
19-05-2020 06:15,pkci93gMrogZuBj,90,0.571429,7194411.571,8.67143
06-06-2020 21:15,bvBOhCH3iADSZry,0,5873,6473124.000,0
04-06-2020 00:30,uHbuxQJl8lW7ozc,0,0,7186255.000,0
29-05-2020 09:00,iCRJl6heRkivqQ3,6697.14,803.429,7283840.429,655.829
24-05-2020 18:15,7JYdWkrLSPkdwr4,376,8013.14,7675233.143,36.3429
24-05-2020 07:15,ih0vzX44oOqAx2f,2416.75,130.375,6249068.375,236.988
31-05-2020 09:00,WRmjgnKYAwPKWDb,6974.43,725.429,7148754.429,682.914
19-05-2020 13:45,adLQvlD726eNBSB,10370.4,4683.62,6302499.625,1013.79
20-05-2020 21:30,7JYdWkrLSPkdwr4,0,8772,7643980.000,0
23-05-2020 11:00,sjndEbLyjtCKgGv,10576.9,2781.86,7075743.857,1032.89
16-05-2020 18:45,VHMLBKoKgIrUVDU,0,6714,7219380.000,0
18-05-2020 06:30,1IF53ai7Xc0U56Y,771.125,19.875,6204372.875,74.7875
29-05-2020 20:45,ZoEaEvLYb1n2sOq,0,0,7209600.000,0
01-06-2020 01:45,bvBOhCH3iADSZry,0,0,6433267.000,0
09-06-2020 16:30,McdE0feGgRqW7Ca,5352.43,7787.43,7354569.429,524.643
03-06-2020 18:30,wCURE6d3bPkepu2,84.5714,7906.86,6930775.857,8.14286
28-05-2020 13:15,pkci93gMrogZuBj,8726.5,5530.62,7270515.625,852.962
10-06-2020 18:30,adLQvlD726eNBSB,0,6667,6476944.000,0
23-05-2020 08:15,iCRJl6heRkivqQ3,6475.14,450.286,7235043.286,634.271
06-06-2020 20:00,pkci93gMrogZuBj,0,0,7337918.000,0
24-05-2020 10:45,YxYtjZvoooNbGkE,12158.6,2292,7246972.000,1185.9
11-06-2020 17:30,bvBOhCH3iADSZry,1314.5,5137.5,6504347.500,127.9
14-06-2020 20:00,3PZuoBAID5Wc2HD,0,7504,7218223.000,0
21-05-2020 08:15,zVJPv84UY57bAof,5643.5,476,7157655.000,553.1
25-05-2020 06:30,adLQvlD726eNBSB,825.5,18.75,6346149.750,80.1125
23-05-2020 00:45,sjndEbLyjtCKgGv,0,0,7072962.000,0
04-06-2020 13:00,McdE0feGgRqW7Ca,11140.6,4694.43,7313063.429,1087.83
07-06-2020 07:00,ZoEaEvLYb1n2sOq,1727,84.1429,7265452.143,169.129
30-05-2020 16:30,rGa61gmuvPhdLxV,4787,6946.43,7230020.429,469.6
05-06-2020 13:15,ZoEaEvLYb1n2sOq,7647,4201.57,7255741.571,748.1
14-06-2020 23:30,McdE0feGgRqW7Ca,0,7435,7389358.000,0
06-06-2020 18:30,7JYdWkrLSPkdwr4,0,6317,7770457.000,0
03-06-2020 18:45,VHMLBKoKgIrUVDU,0,7917,7355661.000,0
05-06-2020 08:15,rGa61gmuvPhdLxV,4859.62,374.5,7265723.500,476.375
02-06-2020 13:00,z9Y9gH1T5YWrNuG,11925.9,4370.43,7144198.429,1163.21
06-06-2020 01:45,McdE0feGgRqW7Ca,0,0,7324681.000,0
30-05-2020 00:45,zBIq5rxdHJRwDNY,0,0,6449905.000,0
09-06-2020 15:00,ih0vzX44oOqAx2f,7792.14,6386.57,6373295.571,762.729
27-05-2020 20:30,wCURE6d3bPkepu2,0,0,6879195.000,0
11-06-2020 07:15,adLQvlD726eNBSB,1245.43,60.4286,6477004.429,121.129
05-06-2020 16:15,iCRJl6heRkivqQ3,6742.5,7030.88,7341030.875,660.4
10-06-2020 18:00,uHbuxQJl8lW7ozc,575.143,6635,7240498.000,55.7
01-06-2020 06:30,iCRJl6heRkivqQ3,967.5,24,7304591.000,93.9625
27-05-2020 21:45,YxYtjZvoooNbGkE,0,0,7276029.000,0
29-05-2020 10:15,3PZuoBAID5Wc2HD,12135.1,1896.86,7095875.857,1183.79
02-06-2020 22:30,1IF53ai7Xc0U56Y,0,0,6324784.000,0
18-05-2020 23:00,bvBOhCH3iADSZry,0,4962,6340538.000,0
31-05-2020 09:45,ZnxXDlPa8U1GXgE,6525.88,1218.62,6644601.625,639.188
19-05-2020 21:45,ZnxXDlPa8U1GXgE,0,6974,6555136.000,0
10-06-2020 03:00,1IF53ai7Xc0U56Y,0,0,6380022.000,0
24-05-2020 19:30,rGa61gmuvPhdLxV,0,8002,7183295.000,0
07-06-2020 08:30,wCURE6d3bPkepu2,3643.57,481.429,6953575.429,358.129
17-06-2020 05:45,McdE0feGgRqW7Ca,0,0,7402595.000,0
04-06-2020 21:45,ih0vzX44oOqAx2f,0,8009,6337019.000,0
05-06-2020 20:00,7JYdWkrLSPkdwr4,0,0,7764140.000,0
26-05-2020 02:00,ih0vzX44oOqAx2f,0,0,6264579.000,0
24-05-2020 09:45,sjndEbLyjtCKgGv,6014.62,1454.12,7082903.125,589.362
27-05-2020 10:00,zVJPv84UY57bAof,6357.4,1806.4,7207189.400,622.72
20-05-2020 00:30,zBIq5rxdHJRwDNY,0,0,6371971.000,0
14-06-2020 11:15,YxYtjZvoooNbGkE,9482.86,2773.86,7402212.857,927.271
17-05-2020 23:30,z9Y9gH1T5YWrNuG,0,7486,7028226.000,0
22-05-2020 09:45,wCURE6d3bPkepu2,5239.12,1258,6833313.000,513.825
12-06-2020 07:15,z9Y9gH1T5YWrNuG,1087.71,64.8571,7211128.857,105.714
08-06-2020 20:45,McdE0feGgRqW7Ca,0,8580,7346782.000,0
16-05-2020 11:15,wCURE6d3bPkepu2,7465.86,2490.71,6791417.714,730.914
07-06-2020 13:30,sjndEbLyjtCKgGv,0,4526,7190182.000,0
26-05-2020 01:45,YxYtjZvoooNbGkE,0,0,7261464.000,0
15-05-2020 20:45,McdE0feGgRqW7Ca,0,6471,7165435.000,0
23-05-2020 16:45,uHbuxQJl8lW7ozc,4197.14,8145.57,7103398.571,412.2
05-06-2020 19:00,uHbuxQJl8lW7ozc,0,7838,7202373.000,0
03-06-2020 13:30,z9Y9gH1T5YWrNuG,10080.6,4879.88,7152153.875,985.263
19-05-2020 03:45,bvBOhCH3iADSZry,0,0,6340538.000,0
19-05-2020 02:15,YxYtjZvoooNbGkE,0,0,7205598.000,0
01-06-2020 00:15,z9Y9gH1T5YWrNuG,0,0,7133897.000,0
03-06-2020 22:30,zVJPv84UY57bAof,0,7836,7263053.000,0
07-06-2020 06:30,z9Y9gH1T5YWrNuG,792.714,19.2857,7177308.286,76.9
23-05-2020 19:45,pkci93gMrogZuBj,0,8475,7233675.000,0
22-05-2020 00:15,z9Y9gH1T5YWrNuG,0,0,7057147.000,0
24-05-2020 17:15,1IF53ai7Xc0U56Y,2535.75,8148.75,6257355.750,248.775
02-06-2020 00:30,zBIq5rxdHJRwDNY,0,0,6469033.000,0
16-06-2020 04:30,adLQvlD726eNBSB,0,0,6512002.000,0
28-05-2020 12:45,bvBOhCH3iADSZry,10830.4,4767.71,6410600.714,1056.79
01-06-2020 07:45,1IF53ai7Xc0U56Y,5328.71,385.714,6311817.714,522.314
24-05-2020 02:00,3PZuoBAID5Wc2HD,0,0,7053268.000,0
20-05-2020 05:15,ZoEaEvLYb1n2sOq,0,0,7130332.000,0
10-06-2020 09:00,3PZuoBAID5Wc2HD,7404.71,932.286,7184851.286,724.986
24-05-2020 10:30,McdE0feGgRqW7Ca,8219.57,2054.43,7226690.429,803.4
24-05-2020 12:45,1BY6WEcLGh8j5v7,11688,4514.71,6324917.714,1139.59
18-05-2020 05:00,bvBOhCH3iADSZry,0,0,6335576.000,0
03-06-2020 05:00,VHMLBKoKgIrUVDU,0,0,7347744.000,0
15-06-2020 12:15,bvBOhCH3iADSZry,5341.86,3716.14,6525316.143,523.714
07-06-2020 02:30,z9Y9gH1T5YWrNuG,0,0,7177289.000,0
16-06-2020 06:30,adLQvlD726eNBSB,710.625,12.875,6512014.875,68.875
04-06-2020 19:00,VHMLBKoKgIrUVDU,0,8160,7363821.000,0
17-06-2020 17:15,uHbuxQJl8lW7ozc,1590.75,5863.62,7286898.625,155.738
26-05-2020 11:15,McdE0feGgRqW7Ca,8190.86,3372.86,7245021.857,800.4
21-05-2020 22:45,rGa61gmuvPhdLxV,0,7766,7160399.000,0
24-05-2020 03:45,rGa61gmuvPhdLxV,0,0,7175293.000,0
16-05-2020 06:15,3PZuoBAID5Wc2HD,346.571,3.71429,6994036.714,33.4857
08-06-2020 03:00,VHMLBKoKgIrUVDU,0,0,7386208.000,0
12-06-2020 06:00,z9Y9gH1T5YWrNuG,0,0,7211064.000,0
08-06-2020 17:45,3PZuoBAID5Wc2HD,1166.57,8464.29,7175688.286,113.543
04-06-2020 16:15,rGa61gmuvPhdLxV,6971.5,7522.25,7264659.250,682.737
06-06-2020 13:15,bvBOhCH3iADSZry,4767.25,4235.88,6471486.875,466.413
10-06-2020 06:00,7JYdWkrLSPkdwr4,103.25,0.875,7794729.875,9.95
19-05-2020 13:00,uHbuxQJl8lW7ozc,9378.86,4006.71,7068207.714,916.957
16-05-2020 15:15,1BY6WEcLGh8j5v7,5465.38,5629.12,6270942.125,535.75
08-06-2020 02:45,zBIq5rxdHJRwDNY,0,0,6514911.000,0
14-06-2020 19:00,adLQvlD726eNBSB,0,7590,6505086.000,0
17-06-2020 22:30,uHbuxQJl8lW7ozc,0,5967,7287002.000,0
01-06-2020 19:30,pkci93gMrogZuBj,0,5509,7300300.000,0
07-06-2020 07:00,McdE0feGgRqW7Ca,1793,88.8571,7331248.857,175.743
26-05-2020 19:30,zBIq5rxdHJRwDNY,0,0,6427702.000,0
03-06-2020 03:15,VHMLBKoKgIrUVDU,0,0,7347744.000,0
07-06-2020 18:15,z9Y9gH1T5YWrNuG,311,6336.71,7183625.714,30.0714
19-05-2020 20:15,zVJPv84UY57bAof,0,6932,7148337.000,0
07-06-2020 02:15,WRmjgnKYAwPKWDb,0,0,7196611.000,0
29-05-2020 11:30,ZoEaEvLYb1n2sOq,8547,3186.71,7204724.714,834.971
28-05-2020 10:15,iCRJl6heRkivqQ3,10336.4,2221.75,7276913.750,1009.48
20-05-2020 02:00,3PZuoBAID5Wc2HD,0,0,7020512.000,0
19-05-2020 09:00,ZoEaEvLYb1n2sOq,5730.57,659.286,7124186.286,561.514
25-05-2020 04:30,ZoEaEvLYb1n2sOq,0,0,7170169.000,0
06-06-2020 14:30,VHMLBKoKgIrUVDU,4519,5693.5,7377247.500,441.962
27-05-2020 09:45,ZoEaEvLYb1n2sOq,8254.62,1622.5,7188312.500,807.312
05-06-2020 23:15,3PZuoBAID5Wc2HD,0,0,7152486.000,0
15-06-2020 15:15,ZnxXDlPa8U1GXgE,6273.5,5885.62,6757632.625,614.55
01-06-2020 10:30,ih0vzX44oOqAx2f,12687.4,2193.75,6310425.750,1237.41
15-06-2020 10:15,ZnxXDlPa8U1GXgE,11344.7,2240.86,6753987.857,1107.29
08-06-2020 05:30,YxYtjZvoooNbGkE,0,0,7356967.000,0
11-06-2020 11:15,ZnxXDlPa8U1GXgE,7899.25,1703.88,6725913.875,773.212
15-05-2020 05:00,7JYdWkrLSPkdwr4,0,0,7602960.000,0
15-06-2020 20:00,uHbuxQJl8lW7ozc,0,6906,7274743.000,0
05-06-2020 04:00,ih0vzX44oOqAx2f,0,0,6337019.000,0
28-05-2020 09:30,sjndEbLyjtCKgGv,9454.88,1494,7114059.000,924.75
28-05-2020 14:45,1BY6WEcLGh8j5v7,7790.5,6533.12,6356366.125,762.4
17-05-2020 16:00,wCURE6d3bPkepu2,6078.57,7019.14,6802489.143,595.457
02-06-2020 12:15,7JYdWkrLSPkdwr4,9288,3556.29,7737180.286,908.229
15-06-2020 18:30,3PZuoBAID5Wc2HD,22.25,6818.88,7225041.875,2.15
29-05-2020 08:00,z9Y9gH1T5YWrNuG,3333.12,325.5,7112687.500,327.488
13-06-2020 08:30,VHMLBKoKgIrUVDU,7241.71,743.143,7421657.143,709.129
26-05-2020 16:00,bvBOhCH3iADSZry,4485.14,6754.57,6399090.571,439.986
11-06-2020 00:15,McdE0feGgRqW7Ca,0,0,7361623.000,0
13-06-2020 13:30,rGa61gmuvPhdLxV,7772.57,5659.14,7327940.143,760.871
11-06-2020 20:30,YxYtjZvoooNbGkE,0,5592,7385279.000,0
07-06-2020 20:15,uHbuxQJl8lW7ozc,0,8294,7217149.000,0
13-06-2020 20:15,zVJPv84UY57bAof,0,8410,7336960.000,0
05-06-2020 05:15,7JYdWkrLSPkdwr4,0,0,7756621.000,0
25-05-2020 08:00,wCURE6d3bPkepu2,3402.86,348.429,6856139.429,334.057
29-05-2020 18:15,VHMLBKoKgIrUVDU,125.714,8170.71,7321057.714,12.1286
28-05-2020 18:30,ZnxXDlPa8U1GXgE,58.5714,8539.57,6627915.571,5.65714
17-05-2020 02:15,zVJPv84UY57bAof,0,0,7128535.000,0
21-05-2020 22:15,WRmjgnKYAwPKWDb,0,0,7077358.000,0
29-05-2020 22:45,1IF53ai7Xc0U56Y,0,8253,6298211.000,0
07-06-2020 04:30,7JYdWkrLSPkdwr4,0,0,7770457.000,0
22-05-2020 20:30,ZoEaEvLYb1n2sOq,0,0,7153713.000,0
22-05-2020 01:30,sjndEbLyjtCKgGv,0,0,7065886.000,0
19-05-2020 08:00,ih0vzX44oOqAx2f,1796.29,310.857,6210797.857,175.871
07-06-2020 20:30,zVJPv84UY57bAof,0,8260,7293790.000,0
09-06-2020 10:30,ZoEaEvLYb1n2sOq,12014.7,2312.43,7284036.429,1172.03
21-05-2020 08:15,uHbuxQJl8lW7ozc,5724.12,484.25,7080595.250,560.987
28-05-2020 20:45,ZoEaEvLYb1n2sOq,0,8247,7201538.000,0
03-06-2020 22:45,7JYdWkrLSPkdwr4,0,7749,7748622.000,0
24-05-2020 05:45,adLQvlD726eNBSB,0,0,6337734.000,0
25-05-2020 01:30,adLQvlD726eNBSB,0,0,6346131.000,0
19-05-2020 15:15,uHbuxQJl8lW7ozc,6311.12,5966.38,7070167.375,618.375
07-06-2020 08:00,1BY6WEcLGh8j5v7,3130.14,283.857,6418765.857,307.571
15-05-2020 18:45,bvBOhCH3iADSZry,0,5707,6322510.000,0
11-06-2020 11:30,ZoEaEvLYb1n2sOq,7276.25,1857.88,7297928.875,712.462
22-05-2020 20:30,zBIq5rxdHJRwDNY,0,0,6395807.000,0
16-06-2020 07:30,sjndEbLyjtCKgGv,2842.86,170.571,7249709.571,278.843
04-06-2020 08:45,z9Y9gH1T5YWrNuG,5535.88,756.5,7155869.500,542.337
07-06-2020 02:30,3PZuoBAID5Wc2HD,0,0,7158982.000,0
04-06-2020 16:30,ih0vzX44oOqAx2f,5881.57,7497,6336507.000,576.329
11-06-2020 09:45,1IF53ai7Xc0U56Y,4867.86,829.143,6387449.143,477.286
06-06-2020 16:15,VHMLBKoKgIrUVDU,1549.29,6285.57,7377839.571,151.343
12-06-2020 21:45,1IF53ai7Xc0U56Y,0,5903,6398227.000,0
15-06-2020 22:45,WRmjgnKYAwPKWDb,0,6731,7261315.000,0
17-05-2020 09:15,uHbuxQJl8lW7ozc,7319.57,1126.43,7052465.429,716.643
15-06-2020 02:15,3PZuoBAID5Wc2HD,0,0,7218223.000,0
09-06-2020 21:30,YxYtjZvoooNbGkE,0,7958,7373268.000,0
04-06-2020 09:00,ZoEaEvLYb1n2sOq,7192.25,905.875,7244406.875,704.1
11-06-2020 06:00,1BY6WEcLGh8j5v7,0,0,6444981.000,0
03-06-2020 11:00,wCURE6d3bPkepu2,9904.62,2229.12,6925098.125,968.212
23-05-2020 03:45,wCURE6d3bPkepu2,0,0,6839225.000,0
23-05-2020 23:45,ZnxXDlPa8U1GXgE,0,8589,6587728.000,0
04-06-2020 13:00,pkci93gMrogZuBj,12434.9,4585.43,7320021.429,1212.8
26-05-2020 23:30,rGa61gmuvPhdLxV,0,0,7199869.000,0
13-06-2020 09:15,1BY6WEcLGh8j5v7,8275.12,1228,6456907.000,809.725
14-06-2020 08:00,iCRJl6heRkivqQ3,4214.38,410,7400265.000,414
25-05-2020 19:45,rGa61gmuvPhdLxV,0,8807,7192102.000,0
12-06-2020 01:30,WRmjgnKYAwPKWDb,0,0,7232986.000,0
03-06-2020 00:45,McdE0feGgRqW7Ca,0,0,7300359.000,0
29-05-2020 18:00,wCURE6d3bPkepu2,457.25,8165,6895874.000,44.225
10-06-2020 09:00,iCRJl6heRkivqQ3,6721.5,852.125,7374072.125,658.263
03-06-2020 02:30,VHMLBKoKgIrUVDU,0,0,7347744.000,0
08-06-2020 14:00,bvBOhCH3iADSZry,9406,5452,6483745.000,918.3
15-05-2020 10:00,ih0vzX44oOqAx2f,7627.75,1342.62,6186536.857,746.55
07-06-2020 13:30,uHbuxQJl8lW7ozc,12206.1,5538.14,7214393.143,1190.5
26-05-2020 09:15,sjndEbLyjtCKgGv,8777.25,1257.88,7099368.875,858.788
14-06-2020 21:30,7JYdWkrLSPkdwr4,0,7306,7828158.000,0
02-06-2020 22:30,ZoEaEvLYb1n2sOq,0,7287,7235727.000,0
14-06-2020 23:00,z9Y9gH1T5YWrNuG,0,7238,7232468.000,0
11-06-2020 20:00,ih0vzX44oOqAx2f,0,5521,6386553.000,0
06-06-2020 17:30,McdE0feGgRqW7Ca,458.714,6464.86,7331145.857,44.3429
17-05-2020 12:15,rGa61gmuvPhdLxV,10787.6,4085.75,7128184.750,1053.69
02-06-2020 02:15,rGa61gmuvPhdLxV,0,0,7241969.000,0
08-06-2020 23:30,wCURE6d3bPkepu2,0,8443,6967970.000,0
22-05-2020 20:15,WRmjgnKYAwPKWDb,0,7237,7084595.000,0
17-05-2020 01:00,1BY6WEcLGh8j5v7,0,0,6271605.000,0
24-05-2020 19:30,McdE0feGgRqW7Ca,0,8055,7232691.000,0
27-05-2020 08:45,bvBOhCH3iADSZry,7077.38,784.625,6400484.625,693.062
17-05-2020 20:45,1IF53ai7Xc0U56Y,0,7759,6204353.000,0
10-06-2020 15:45,ZnxXDlPa8U1GXgE,3792.38,5793.25,6723565.250,372.688
21-05-2020 10:00,zVJPv84UY57bAof,5706,1313.43,7159010.429,557.714
15-06-2020 13:00,uHbuxQJl8lW7ozc,11275.1,4601.86,7272438.857,1100.56
29-05-2020 20:00,uHbuxQJl8lW7ozc,0,0,7151932.000,0
29-05-2020 18:00,bvBOhCH3iADSZry,414.286,7431.57,6421016.571,40.0714
16-06-2020 00:45,ih0vzX44oOqAx2f,0,0,6414247.000,0
18-05-2020 15:45,rGa61gmuvPhdLxV,7140.88,4704.5,7136241.500,699.263
15-05-2020 04:15,pkci93gMrogZuBj,0,0,7169102.000,0
06-06-2020 11:30,iCRJl6heRkivqQ3,6403.14,3128.86,7344931.857,626.171
22-05-2020 22:00,1BY6WEcLGh8j5v7,0,6848,6312437.000,0
15-06-2020 23:45,wCURE6d3bPkepu2,0,6746,7016444.000,0
17-05-2020 23:15,zBIq5rxdHJRwDNY,0,7507,6359657.000,0
22-05-2020 22:00,wCURE6d3bPkepu2,0,0,6839225.000,0
07-06-2020 22:30,adLQvlD726eNBSB,0,8353,6453384.000,0
09-06-2020 04:00,YxYtjZvoooNbGkE,0,0,7365310.000,0
09-06-2020 16:45,rGa61gmuvPhdLxV,4384.14,7913,7303877.000,430.386
27-05-2020 04:15,ZoEaEvLYb1n2sOq,0,0,7186690.000,0
24-05-2020 21:00,1IF53ai7Xc0U56Y,0,8273,6257480.000,0
23-05-2020 07:15,adLQvlD726eNBSB,2209.5,84.625,6329035.625,216.525
26-05-2020 17:45,3PZuoBAID5Wc2HD,515.714,8059.14,7078695.143,49.8714
04-06-2020 02:15,wCURE6d3bPkepu2,0,0,6930776.000,0
06-06-2020 08:15,zBIq5rxdHJRwDNY,5427.86,592.429,6500894.429,532.029
30-05-2020 21:30,uHbuxQJl8lW7ozc,0,7340,7159272.000,0
02-06-2020 13:15,1IF53ai7Xc0U56Y,12466.4,4644.14,6322088.143,1216.26
14-06-2020 11:15,1BY6WEcLGh8j5v7,0,2402,6466065.000,0
01-06-2020 05:45,WRmjgnKYAwPKWDb,0,0,7153866.000,0
13-06-2020 18:30,z9Y9gH1T5YWrNuG,67.7143,8362.86,7225229.857,6.52857
22-05-2020 18:30,pkci93gMrogZuBj,0,7224,7225200.000,0
24-05-2020 12:00,adLQvlD726eNBSB,12702,3983.5,6341717.500,1238.83
13-06-2020 15:45,uHbuxQJl8lW7ozc,5145.29,7808.71,7259902.714,504.414
10-06-2020 03:00,adLQvlD726eNBSB,0,0,6470277.000,0
16-05-2020 12:15,ih0vzX44oOqAx2f,6898.71,3259.14,6194619.143,675.657
18-05-2020 19:45,adLQvlD726eNBSB,0,5506,6297816.000,0
14-06-2020 06:30,McdE0feGgRqW7Ca,671.125,16.125,7381939.125,65.05
11-06-2020 22:30,wCURE6d3bPkepu2,0,5651,6988054.000,0
15-05-2020 08:45,zVJPv84UY57bAof,2978.75,553.875,7116704.875,292.438
08-06-2020 12:30,7JYdWkrLSPkdwr4,12974.9,4537.12,7783047.125,1265.06
27-05-2020 13:45,ih0vzX44oOqAx2f,4433.43,4795.86,6277086.857,435.143
03-06-2020 21:15,3PZuoBAID5Wc2HD,0,7874,7136488.000,0
29-05-2020 23:30,bvBOhCH3iADSZry,0,7438,6421023.000,0
19-05-2020 01:00,rGa61gmuvPhdLxV,0,0,7136902.000,0
13-06-2020 02:00,zVJPv84UY57bAof,0,0,7328550.000,0
11-06-2020 16:00,rGa61gmuvPhdLxV,4798.14,5141.71,7315910.714,470.771
29-05-2020 07:00,ZoEaEvLYb1n2sOq,1946.71,93,7201631.000,190.829
16-05-2020 15:45,uHbuxQJl8lW7ozc,3885.38,5804.12,7050872.125,381.775
05-06-2020 03:00,iCRJl6heRkivqQ3,0,0,7334000.000,0
05-06-2020 23:00,iCRJl6heRkivqQ3,0,7803,7341803.000,0
28-05-2020 15:30,iCRJl6heRkivqQ3,8347.57,7479.43,7282171.429,816.943
17-05-2020 00:15,7JYdWkrLSPkdwr4,0,0,7615537.000,0
15-06-2020 16:45,YxYtjZvoooNbGkE,4079.14,6374.57,7413076.571,400.743
06-06-2020 04:30,z9Y9gH1T5YWrNuG,0,0,7171001.000,0
29-05-2020 16:30,adLQvlD726eNBSB,4331.12,7991.75,6387000.750,425.25
15-05-2020 11:00,uHbuxQJl8lW7ozc,10481.1,2124.57,7040805.571,1023.13
30-05-2020 20:45,McdE0feGgRqW7Ca,0,7352,7280565.000,0
20-05-2020 17:45,1IF53ai7Xc0U56Y,1562.86,8947.86,6225377.857,152.757
29-05-2020 18:00,ZnxXDlPa8U1GXgE,459.875,8142.62,6636058.625,44.5125
14-06-2020 18:15,7JYdWkrLSPkdwr4,249.857,7301.14,7828153.143,24.1143
28-05-2020 02:15,ZnxXDlPa8U1GXgE,0,0,6619376.000,0
25-05-2020 02:45,YxYtjZvoooNbGkE,0,0,7252651.000,0
03-06-2020 01:15,wCURE6d3bPkepu2,0,0,6922869.000,0
22-05-2020 15:30,McdE0feGgRqW7Ca,3957.25,6364.5,7215419.500,388.637
10-06-2020 15:45,ZoEaEvLYb1n2sOq,3794.5,5761.62,7295440.625,372.925
22-05-2020 09:45,ZoEaEvLYb1n2sOq,5152,1262.62,7147947.625,505.15
11-06-2020 07:15,iCRJl6heRkivqQ3,1212.71,57,7379836.000,117.929
06-06-2020 07:45,McdE0feGgRqW7Ca,4593.88,364,7325045.000,450.738
15-06-2020 01:45,sjndEbLyjtCKgGv,0,0,7242811.000,0
17-06-2020 14:45,z9Y9gH1T5YWrNuG,7443.29,5138.29,7250523.286,728.629
07-06-2020 23:00,VHMLBKoKgIrUVDU,0,8219,7386208.000,0
15-05-2020 16:00,3PZuoBAID5Wc2HD,4791.88,5770.88,6993529.875,470.113
10-06-2020 04:00,3PZuoBAID5Wc2HD,0,0,7183919.000,0
16-05-2020 19:15,7JYdWkrLSPkdwr4,0,6461,7615537.000,0
03-06-2020 20:30,ZnxXDlPa8U1GXgE,0,7916,6670884.000,0
30-05-2020 18:15,7JYdWkrLSPkdwr4,278.5,7139.38,7721974.375,26.9125
25-05-2020 21:45,3PZuoBAID5Wc2HD,0,9068,7070636.000,0
19-05-2020 02:30,ZoEaEvLYb1n2sOq,0,0,7123527.000,0
09-06-2020 20:15,3PZuoBAID5Wc2HD,0,8186,7183919.000,0
25-05-2020 16:45,pkci93gMrogZuBj,1336.62,8699.12,7250406.125,130.062
28-05-2020 07:45,ZoEaEvLYb1n2sOq,4092.71,297.286,7193588.286,402.029
16-05-2020 22:45,adLQvlD726eNBSB,0,6705,6284443.000,0
15-06-2020 00:15,iCRJl6heRkivqQ3,0,0,7407224.000,0
08-06-2020 23:30,zBIq5rxdHJRwDNY,0,8358,6523269.000,0
06-06-2020 11:15,zVJPv84UY57bAof,10227.4,2915,7282005.000,998.675
06-06-2020 04:30,pkci93gMrogZuBj,0,0,7331487.000,0
22-05-2020 21:30,sjndEbLyjtCKgGv,0,0,7072962.000,0
10-06-2020 23:00,ZnxXDlPa8U1GXgE,0,6438,6724210.000,0
10-06-2020 13:30,sjndEbLyjtCKgGv,11291.4,4607.29,7213702.286,1101.86
29-05-2020 06:30,adLQvlD726eNBSB,1025.71,19.8571,6379028.857,99.6857
09-06-2020 23:15,ZnxXDlPa8U1GXgE,0,8074,6717772.000,0
19-05-2020 18:45,pkci93gMrogZuBj,0,6938,7201349.000,0
24-05-2020 00:30,sjndEbLyjtCKgGv,0,0,7081449.000,0
23-05-2020 10:30,iCRJl6heRkivqQ3,8770,2337.5,7236930.500,857.562
05-06-2020 17:30,VHMLBKoKgIrUVDU,3537.57,7594.71,7371415.714,347.643
19-05-2020 07:00,pkci93gMrogZuBj,2393.88,48.75,7194459.750,234.738
09-06-2020 18:15,z9Y9gH1T5YWrNuG,429.25,7621.25,7199045.250,41.525
22-05-2020 02:15,3PZuoBAID5Wc2HD,0,0,7037301.000,0
12-06-2020 00:15,bvBOhCH3iADSZry,0,0,6504407.000,0
03-06-2020 17:30,pkci93gMrogZuBj,2335.43,7695,7315345.000,228.986
25-05-2020 13:30,ZoEaEvLYb1n2sOq,11359.4,5956.25,7176125.250,1108.92
17-05-2020 22:30,iCRJl6heRkivqQ3,0,7519,7198367.000,0
29-05-2020 14:30,1IF53ai7Xc0U56Y,8110.29,6498.57,6296456.571,793.771
05-06-2020 16:00,wCURE6d3bPkepu2,7533.71,6836.57,6945857.571,737.614
26-05-2020 01:30,YxYtjZvoooNbGkE,0,0,7261464.000,0
17-06-2020 02:15,zBIq5rxdHJRwDNY,0,0,6577552.000,0
07-06-2020 22:30,ZoEaEvLYb1n2sOq,0,8085,7273453.000,0
18-05-2020 20:45,adLQvlD726eNBSB,0,5506,6297816.000,0
10-06-2020 07:15,adLQvlD726eNBSB,2890.29,160,6470437.000,283.714
22-05-2020 02:45,rGa61gmuvPhdLxV,0,0,7160399.000,0
26-05-2020 23:15,ZoEaEvLYb1n2sOq,0,0,7186690.000,0
12-06-2020 05:15,YxYtjZvoooNbGkE,0,0,7385279.000,0
25-05-2020 18:45,ih0vzX44oOqAx2f,0,8085,6264579.000,0
03-06-2020 08:30,ZoEaEvLYb1n2sOq,4439,541.286,7236268.286,435.686
05-06-2020 14:15,z9Y9gH1T5YWrNuG,5302.12,5397.62,7168659.625,519.788
23-05-2020 05:00,McdE0feGgRqW7Ca,0,0,7215952.000,0
21-05-2020 12:30,zBIq5rxdHJRwDNY,7924.43,4306.71,6385168.714,775.529
09-06-2020 03:30,iCRJl6heRkivqQ3,0,0,7364955.000,0
10-06-2020 20:00,z9Y9gH1T5YWrNuG,0,6412,7205465.000,0
08-06-2020 07:15,7JYdWkrLSPkdwr4,1954.88,124.25,7778634.250,191.637
25-05-2020 09:15,1IF53ai7Xc0U56Y,9351.25,1272.62,6258752.625,914.675
22-05-2020 09:00,iCRJl6heRkivqQ3,5097.75,866.625,7228308.625,499.8
30-05-2020 16:00,7JYdWkrLSPkdwr4,6568,6501.29,7721336.286,643.386
16-06-2020 08:00,adLQvlD726eNBSB,5165.88,370.5,6512372.500,506.488
24-05-2020 16:30,zBIq5rxdHJRwDNY,3353.62,6863.5,6411344.500,328.825
06-06-2020 02:00,WRmjgnKYAwPKWDb,0,0,7190270.000,0
23-05-2020 20:00,wCURE6d3bPkepu2,0,8605,6847830.000,0
08-06-2020 08:15,zBIq5rxdHJRwDNY,3241.88,428.375,6515339.375,318.65
25-05-2020 13:15,ZoEaEvLYb1n2sOq,11873.7,5671.29,7175840.286,1158.51
12-06-2020 18:00,7JYdWkrLSPkdwr4,837.125,5732.25,7812396.250,81.2625
25-05-2020 02:15,1BY6WEcLGh8j5v7,0,0,6327940.000,0
19-05-2020 03:15,wCURE6d3bPkepu2,0,0,6808393.000,0
04-06-2020 15:30,wCURE6d3bPkepu2,8989.88,6955.12,6937731.125,879.388
30-05-2020 20:00,WRmjgnKYAwPKWDb,0,7130,7148029.000,0
30-05-2020 04:00,rGa61gmuvPhdLxV,0,0,7223074.000,0
21-05-2020 10:00,sjndEbLyjtCKgGv,6277,1217.17,7059880.833,613.533
12-06-2020 03:00,wCURE6d3bPkepu2,0,0,6988054.000,0
15-05-2020 19:15,zBIq5rxdHJRwDNY,0,6396,6345776.000,0
26-05-2020 00:45,7JYdWkrLSPkdwr4,0,0,7684020.000,0
05-06-2020 08:15,pkci93gMrogZuBj,5926,388.25,7324079.250,580.487
17-06-2020 23:45,rGa61gmuvPhdLxV,0,5950,7356897.000,0
05-06-2020 23:00,wCURE6d3bPkepu2,0,7748,6946769.000,0
15-06-2020 09:45,VHMLBKoKgIrUVDU,9141,1808.14,7438863.143,893.786
11-06-2020 21:00,1IF53ai7Xc0U56Y,0,5704,6392324.000,0
16-05-2020 06:00,ZoEaEvLYb1n2sOq,42.1429,0,7104360.000,4.05714
24-05-2020 14:15,uHbuxQJl8lW7ozc,11458.3,6230.71,7109976.714,1118.53
10-06-2020 22:15,z9Y9gH1T5YWrNuG,0,6412,7205465.000,0
02-06-2020 11:00,z9Y9gH1T5YWrNuG,8654.75,2695.38,7142523.375,846.462
24-05-2020 01:45,sjndEbLyjtCKgGv,0,0,7081449.000,0
15-05-2020 13:30,VHMLBKoKgIrUVDU,8216.71,3856.71,7210264.714,804.157
26-05-2020 22:45,bvBOhCH3iADSZry,0,0,6399700.000,0
29-05-2020 18:30,1IF53ai7Xc0U56Y,0,8253,6298211.000,0
02-06-2020 12:15,McdE0feGgRqW7Ca,9863.29,3729,7296481.000,964.257
09-06-2020 16:30,3PZuoBAID5Wc2HD,5026.29,7761.57,7183494.571,492.786
25-05-2020 09:00,adLQvlD726eNBSB,8790,1071.43,6347202.429,860.029
17-06-2020 21:00,WRmjgnKYAwPKWDb,0,5953,7273532.000,0
24-05-2020 21:00,wCURE6d3bPkepu2,0,7961,6855791.000,0
23-05-2020 21:30,wCURE6d3bPkepu2,0,8605,6847830.000,0
22-05-2020 06:00,rGa61gmuvPhdLxV,200.857,1.42857,7160400.429,19.3857
09-06-2020 22:45,wCURE6d3bPkepu2,0,8010,6975980.000,0
27-05-2020 12:30,adLQvlD726eNBSB,6334.75,4111.62,6367627.625,620.487
26-05-2020 18:00,bvBOhCH3iADSZry,341,7360.57,6399696.571,32.9571
03-06-2020 05:15,pkci93gMrogZuBj,0,0,7307650.000,0
20-05-2020 08:30,z9Y9gH1T5YWrNuG,6727.5,684.125,7041149.125,658.962
03-06-2020 11:30,bvBOhCH3iADSZry,9775.62,2474.5,6447961.500,955.362
06-06-2020 14:45,wCURE6d3bPkepu2,2433.14,5662,6952431.000,238.629
04-06-2020 13:30,1BY6WEcLGh8j5v7,7316.25,4798.38,6402607.375,716.337
30-05-2020 20:00,ih0vzX44oOqAx2f,0,7146,6302267.000,0
16-05-2020 03:30,bvBOhCH3iADSZry,0,0,6322510.000,0
27-05-2020 04:30,zVJPv84UY57bAof,0,0,7205383.000,0
13-06-2020 21:00,ZnxXDlPa8U1GXgE,0,8558,6744343.000,0
23-05-2020 12:15,zBIq5rxdHJRwDNY,13550.4,4395.75,6400202.750,1321.19
10-06-2020 00:30,3PZuoBAID5Wc2HD,0,0,7183919.000,0
16-06-2020 16:00,uHbuxQJl8lW7ozc,4976.86,5841.14,7280584.143,488.014
12-06-2020 19:45,z9Y9gH1T5YWrNuG,0,5803,7216867.000,0
02-06-2020 15:30,ih0vzX44oOqAx2f,5892.43,6460.86,6320443.857,577.429
09-06-2020 03:30,z9Y9gH1T5YWrNuG,0,0,7191424.000,0
24-05-2020 17:45,z9Y9gH1T5YWrNuG,1127.88,7834.5,7080596.500,109.662
09-06-2020 22:00,wCURE6d3bPkepu2,0,8010,6975980.000,0
01-06-2020 03:00,uHbuxQJl8lW7ozc,0,0,7165353.000,0
13-06-2020 11:30,uHbuxQJl8lW7ozc,13216.1,3474,7255568.000,1288.57
12-06-2020 09:45,7JYdWkrLSPkdwr4,6419.57,888.143,7807552.143,628.871
22-05-2020 07:30,iCRJl6heRkivqQ3,4417.25,246.75,7227688.750,433.812
15-05-2020 16:15,1BY6WEcLGh8j5v7,4081.25,5369.12,6264928.125,400.725
21-05-2020 08:15,7JYdWkrLSPkdwr4,5752.43,494.571,7644474.571,563.743
27-05-2020 00:00,1BY6WEcLGh8j5v7,0,0,6343669.000,0
17-05-2020 03:15,ih0vzX44oOqAx2f,0,0,6197810.000,0
23-05-2020 20:45,z9Y9gH1T5YWrNuG,0,8543,7072762.000,0
24-05-2020 08:00,McdE0feGgRqW7Ca,4984.86,395.714,7225031.714,488.714
26-05-2020 09:30,wCURE6d3bPkepu2,9443.71,1479.86,6866129.857,923.657
31-05-2020 22:45,pkci93gMrogZuBj,0,5915,7294791.000,0
16-06-2020 19:15,bvBOhCH3iADSZry,0,5757,6533549.000,0
15-06-2020 10:00,pkci93gMrogZuBj,8027.57,1918,7398340.000,785.557
15-06-2020 00:00,ZnxXDlPa8U1GXgE,0,925.5,6751747.000,0
11-06-2020 06:15,ZnxXDlPa8U1GXgE,162.286,1,6724211.000,15.6714
09-06-2020 09:00,zVJPv84UY57bAof,8733.38,1067.88,7303234.875,854.55
12-06-2020 10:30,3PZuoBAID5Wc2HD,8456,1444,7197630.000,827.471
16-05-2020 15:00,zBIq5rxdHJRwDNY,7176.14,5495.29,6351271.286,702.729
07-06-2020 00:45,YxYtjZvoooNbGkE,0,0,7348812.000,0
13-06-2020 17:15,1IF53ai7Xc0U56Y,1775.71,8555.71,6406782.714,174.057
04-06-2020 00:45,1IF53ai7Xc0U56Y,0,0,6332659.000,0
30-05-2020 09:45,7JYdWkrLSPkdwr4,4692,1055.38,7715890.375,460.488
11-06-2020 01:45,VHMLBKoKgIrUVDU,0,0,7409295.000,0
22-05-2020 06:00,1BY6WEcLGh8j5v7,218.286,1.14286,6305590.143,21.0857
28-05-2020 05:00,zBIq5rxdHJRwDNY,0,0,6434083.000,0
12-06-2020 01:15,ZoEaEvLYb1n2sOq,0,0,7301632.000,0
16-06-2020 16:15,adLQvlD726eNBSB,3610.71,6050.29,6518052.286,354.771
12-06-2020 08:00,McdE0feGgRqW7Ca,1863.5,155.375,7367528.375,182.438
21-05-2020 17:00,ZoEaEvLYb1n2sOq,1059.86,7550.86,7146618.857,103.014
13-06-2020 00:00,pkci93gMrogZuBj,0,0,7380807.000,0
24-05-2020 01:15,3PZuoBAID5Wc2HD,0,0,7053268.000,0
04-06-2020 00:45,bvBOhCH3iADSZry,0,0,6452724.000,0
31-05-2020 10:15,sjndEbLyjtCKgGv,10728.3,1619.57,7137874.571,1047.67
26-05-2020 21:00,iCRJl6heRkivqQ3,0,0,7267996.000,0
15-05-2020 05:00,z9Y9gH1T5YWrNuG,0,0,7007866.000,0
15-05-2020 02:30,pkci93gMrogZuBj,0,0,7169102.000,0
17-05-2020 01:30,sjndEbLyjtCKgGv,0,0,7029613.000,0
12-06-2020 13:30,ZoEaEvLYb1n2sOq,8284.38,3737.88,7305369.875,810.775
13-06-2020 20:45,zBIq5rxdHJRwDNY,0,8435,6557822.000,0
18-05-2020 21:15,pkci93gMrogZuBj,0,5364,7194411.000,0
12-06-2020 13:15,rGa61gmuvPhdLxV,7794.14,3598.57,7320030.571,763
08-06-2020 09:30,rGa61gmuvPhdLxV,11451.2,1309.83,7288982.833,1117.92
30-05-2020 05:30,WRmjgnKYAwPKWDb,0,0,7140899.000,0
19-05-2020 14:45,adLQvlD726eNBSB,10112.9,5650.75,6303466.750,988.8
13-06-2020 14:00,pkci93gMrogZuBj,12261.6,6100.86,7386907.857,1196.26
20-05-2020 03:45,ih0vzX44oOqAx2f,0,0,6217277.000,0
23-05-2020 23:45,sjndEbLyjtCKgGv,0,4243.5,7081449.000,0
25-05-2020 20:00,adLQvlD726eNBSB,0,9163,6355294.000,0
31-05-2020 20:30,bvBOhCH3iADSZry,0,5586,6433267.000,0
18-05-2020 08:30,adLQvlD726eNBSB,1883.75,395.25,6292705.250,184.65
14-06-2020 18:15,zBIq5rxdHJRwDNY,250.714,7310.71,6565132.714,24.2429
15-05-2020 18:15,uHbuxQJl8lW7ozc,101,6385.75,7045066.750,9.7375
02-06-2020 23:00,z9Y9gH1T5YWrNuG,0,7446,7147274.000,0
24-05-2020 22:45,rGa61gmuvPhdLxV,0,8002,7183295.000,0
03-06-2020 12:30,adLQvlD726eNBSB,11758.4,3898.75,6418174.750,1148.04
14-06-2020 11:15,bvBOhCH3iADSZry,0,2378,6520020.000,0
01-06-2020 09:30,adLQvlD726eNBSB,6345.75,1533,6402237.000,621.663
13-06-2020 08:15,z9Y9gH1T5YWrNuG,5978.25,536.25,7217403.250,585.85
26-05-2020 18:15,sjndEbLyjtCKgGv,0,7778,7105889.000,0
27-05-2020 17:30,1BY6WEcLGh8j5v7,845.143,6131.57,6349800.571,82
19-05-2020 01:45,iCRJl6heRkivqQ3,0,0,7203767.000,0
07-06-2020 01:30,McdE0feGgRqW7Ca,0,0,7331160.000,0
07-06-2020 19:00,3PZuoBAID5Wc2HD,0,8242,7167224.000,0
16-05-2020 09:15,rGa61gmuvPhdLxV,5857,1028.57,7118894.571,573.943
01-06-2020 10:15,1BY6WEcLGh8j5v7,7456.88,1812.12,6379743.125,729.487
10-06-2020 00:45,iCRJl6heRkivqQ3,0,0,7373220.000,0
04-06-2020 15:45,sjndEbLyjtCKgGv,8881.14,7146.86,7170439.857,868.786
06-06-2020 08:45,3PZuoBAID5Wc2HD,6183.71,986,7153472.000,605.843
06-06-2020 01:00,1IF53ai7Xc0U56Y,0,0,6348557.000,0
17-05-2020 16:45,VHMLBKoKgIrUVDU,3771.57,7514.86,7226894.857,370.443
14-06-2020 23:45,McdE0feGgRqW7Ca,0,5310.71,7389358.000,0
01-06-2020 22:15,zBIq5rxdHJRwDNY,0,5794,6469033.000,0
09-06-2020 22:15,iCRJl6heRkivqQ3,0,8265,7373220.000,0
15-05-2020 05:00,pkci93gMrogZuBj,0,0,7169102.000,0
18-05-2020 17:00,7JYdWkrLSPkdwr4,2213.25,5179.38,7628242.375,216.988
10-06-2020 21:45,3PZuoBAID5Wc2HD,0,6550,7190469.000,0
08-06-2020 03:15,sjndEbLyjtCKgGv,0,0,7192554.000,0
12-06-2020 22:45,WRmjgnKYAwPKWDb,0,5794,7238780.000,0
13-06-2020 21:00,z9Y9gH1T5YWrNuG,0,8363,7225230.000,0
14-06-2020 13:00,3PZuoBAID5Wc2HD,9042.75,4294.12,7215013.125,884.575
02-06-2020 12:00,1BY6WEcLGh8j5v7,7675.38,3249.75,6386688.750,751.375
16-06-2020 15:30,pkci93gMrogZuBj,6753.57,5529,7408746.000,661.443
31-05-2020 20:45,ZnxXDlPa8U1GXgE,0,6142,6649525.000,0
24-05-2020 20:15,1IF53ai7Xc0U56Y,0,8273,6257480.000,0
07-06-2020 00:15,wCURE6d3bPkepu2,0,0,6953094.000,0
28-05-2020 05:00,WRmjgnKYAwPKWDb,0,0,7124538.000,0
20-05-2020 09:15,bvBOhCH3iADSZry,7809.71,1159.14,6348066.143,764.514
26-05-2020 07:00,zVJPv84UY57bAof,1763.86,77.7143,7197686.714,172.786
26-05-2020 11:30,iCRJl6heRkivqQ3,12541,3568.43,7263698.429,1223.13
16-05-2020 04:00,uHbuxQJl8lW7ozc,0,0,7045068.000,0
23-05-2020 04:45,wCURE6d3bPkepu2,0,0,6839225.000,0
18-05-2020 23:00,wCURE6d3bPkepu2,0,5393,6808393.000,0
14-06-2020 02:30,YxYtjZvoooNbGkE,0,0,7399439.000,0
17-06-2020 03:30,7JYdWkrLSPkdwr4,0,0,7840965.000,0
16-06-2020 18:00,z9Y9gH1T5YWrNuG,693.429,6183,7245367.000,67.1714
12-06-2020 19:00,1BY6WEcLGh8j5v7,0,5441,6455679.000,0
16-05-2020 19:45,adLQvlD726eNBSB,0,6705,6284443.000,0
18-05-2020 07:15,iCRJl6heRkivqQ3,2649.38,128.125,7198495.125,259.875
15-06-2020 18:30,VHMLBKoKgIrUVDU,25.875,6813.88,7443868.875,2.5
28-05-2020 18:15,VHMLBKoKgIrUVDU,268.286,8504.86,7312882.857,25.9286
15-05-2020 16:45,ZoEaEvLYb1n2sOq,3557,6058,7104157.000,349.529
12-06-2020 06:45,1IF53ai7Xc0U56Y,706.25,21,6392345.000,68.4375
21-05-2020 14:45,adLQvlD726eNBSB,7934.38,6727.62,6320342.625,775.462
27-05-2020 07:45,bvBOhCH3iADSZry,3751.25,273.125,6399973.125,368.562
17-05-2020 03:00,sjndEbLyjtCKgGv,0,0,7029613.000,0
02-06-2020 04:15,zVJPv84UY57bAof,0,0,7247766.000,0
31-05-2020 08:30,7JYdWkrLSPkdwr4,4305.71,423.429,7722401.429,422.943
15-05-2020 21:15,WRmjgnKYAwPKWDb,0,0,7034815.000,0
07-06-2020 08:45,7JYdWkrLSPkdwr4,4910.14,576.429,7771033.429,481.629
22-05-2020 02:45,zBIq5rxdHJRwDNY,0,0,6388599.000,0
17-06-2020 10:00,ZnxXDlPa8U1GXgE,6269.29,1276.29,6766084.286,614.186
08-06-2020 15:30,ZnxXDlPa8U1GXgE,6984,7426.5,6708689.500,683.7
17-05-2020 10:00,zBIq5rxdHJRwDNY,10072.5,1789.75,6353939.750,984.775
26-05-2020 17:00,pkci93gMrogZuBj,4602.43,7663.43,7258182.429,451.371
02-06-2020 02:45,sjndEbLyjtCKgGv,0,0,7148008.000,0
03-06-2020 12:30,ZoEaEvLYb1n2sOq,11379.7,3735.86,7239462.857,1111.09
12-06-2020 15:15,rGa61gmuvPhdLxV,4929.88,5032,7321464.000,483.413
06-06-2020 21:15,adLQvlD726eNBSB,0,6603,6445031.000,0
08-06-2020 13:45,VHMLBKoKgIrUVDU,9314.5,5768.88,7391976.875,909.7
12-06-2020 21:45,1BY6WEcLGh8j5v7,0,5441,6455679.000,0
14-06-2020 16:15,ih0vzX44oOqAx2f,4223.57,6852.86,6407370.857,414.686
31-05-2020 09:00,sjndEbLyjtCKgGv,6939.86,759.429,7137014.429,679.6
24-05-2020 20:45,WRmjgnKYAwPKWDb,0,8091,7101117.000,0
12-06-2020 02:45,iCRJl6heRkivqQ3,0,0,7385471.000,0
14-06-2020 00:30,sjndEbLyjtCKgGv,0,0,7235504.000,0
21-05-2020 11:45,rGa61gmuvPhdLxV,12643.1,3544.12,7156177.125,1232.9
19-05-2020 05:30,YxYtjZvoooNbGkE,0,0,7205598.000,0
08-06-2020 07:30,McdE0feGgRqW7Ca,2442.14,173.714,7338375.714,239.586
18-05-2020 19:00,VHMLBKoKgIrUVDU,0,5457,7232554.000,0
30-05-2020 09:30,uHbuxQJl8lW7ozc,6353.12,917.375,7152849.375,622.375
10-06-2020 10:00,WRmjgnKYAwPKWDb,4890.43,1597.71,7222575.714,479.743
16-06-2020 07:15,pkci93gMrogZuBj,2332.12,105.125,7403322.125,228.662
02-06-2020 17:00,3PZuoBAID5Wc2HD,2778.14,7230.43,7128499.429,272.657
21-05-2020 07:45,McdE0feGgRqW7Ca,3339.8,315.6,7201377.600,328.12
12-06-2020 02:00,ZnxXDlPa8U1GXgE,0,0,6729902.000,0
28-05-2020 17:30,ih0vzX44oOqAx2f,1109,8267,6287118.833,107.82
07-06-2020 22:15,zVJPv84UY57bAof,0,8260,7293790.000,0
01-06-2020 12:30,iCRJl6heRkivqQ3,8121.38,3975.62,7308542.625,794.362
24-05-2020 16:45,7JYdWkrLSPkdwr4,4051.75,7720.75,7674940.750,397.663
29-05-2020 23:15,adLQvlD726eNBSB,0,8343,6387352.000,0
11-06-2020 20:30,bvBOhCH3iADSZry,0,5197,6504407.000,0
26-05-2020 08:15,zVJPv84UY57bAof,5819,536,7198145.000,570.212
14-06-2020 22:30,1BY6WEcLGh8j5v7,0,4012,6467675.000,0
08-06-2020 11:00,sjndEbLyjtCKgGv,11324.8,3009.25,7195563.250,1104.92
15-06-2020 08:00,VHMLBKoKgIrUVDU,6602,391.429,7437446.429,646.757
27-05-2020 14:45,1BY6WEcLGh8j5v7,3975.71,5011.43,6348680.429,390.657
15-05-2020 01:15,7JYdWkrLSPkdwr4,0,0,7602960.000,0
18-05-2020 13:15,3PZuoBAID5Wc2HD,9848.38,2701,7011184.000,962.375
20-05-2020 11:00,iCRJl6heRkivqQ3,11571.5,2982.12,7213700.125,1129.11
06-06-2020 05:00,sjndEbLyjtCKgGv,0,0,7179277.000,0
25-05-2020 17:00,ZnxXDlPa8U1GXgE,1143.71,8826,6604582.000,111.186
08-06-2020 11:45,7JYdWkrLSPkdwr4,9209,3798.29,7782308.286,900.314
20-05-2020 04:00,rGa61gmuvPhdLxV,0,0,7143812.000,0
02-06-2020 23:00,uHbuxQJl8lW7ozc,0,7463,7178405.000,0
24-05-2020 07:15,zBIq5rxdHJRwDNY,2334.43,125,6404606.000,228.914
07-06-2020 14:00,1IF53ai7Xc0U56Y,11308.7,5989.14,6361088.143,1103.79
16-06-2020 20:15,zBIq5rxdHJRwDNY,0,5719,6577552.000,0
20-05-2020 01:15,1IF53ai7Xc0U56Y,0,0,6216430.000,0
07-06-2020 03:30,WRmjgnKYAwPKWDb,0,0,7196611.000,0
22-05-2020 02:15,iCRJl6heRkivqQ3,0,0,7227442.000,0
09-06-2020 15:45,3PZuoBAID5Wc2HD,7423.25,7320.62,7183053.625,726.837
21-05-2020 10:45,1BY6WEcLGh8j5v7,9868.14,2303.29,6300649.286,963.8
07-06-2020 15:45,pkci93gMrogZuBj,6910.62,7282.38,7345200.375,676.6
15-06-2020 19:15,wCURE6d3bPkepu2,0,6746,7016444.000,0
30-05-2020 15:15,iCRJl6heRkivqQ3,9037.14,6052,7297305.000,884.1
23-05-2020 07:15,7JYdWkrLSPkdwr4,2077.14,78,7658848.000,203.514
01-06-2020 17:00,VHMLBKoKgIrUVDU,1349.25,5814,7340219.000,131.287
22-05-2020 22:45,ZoEaEvLYb1n2sOq,0,0,7153713.000,0
06-06-2020 05:30,adLQvlD726eNBSB,0,0,6438428.000,0
21-05-2020 22:30,iCRJl6heRkivqQ3,0,7837,7227442.000,0
12-06-2020 21:30,wCURE6d3bPkepu2,0,5854,6993908.000,0
16-06-2020 07:45,ZnxXDlPa8U1GXgE,3584.43,250,6758754.000,351.971
21-05-2020 23:15,WRmjgnKYAwPKWDb,0,0,7077358.000,0
07-06-2020 04:30,bvBOhCH3iADSZry,0,0,6473124.000,0
16-06-2020 07:30,WRmjgnKYAwPKWDb,2898.86,175.571,7261490.571,284.386
17-05-2020 07:45,adLQvlD726eNBSB,4669,270.125,6284713.125,458.125
14-06-2020 07:45,iCRJl6heRkivqQ3,4297.86,302.429,7400157.429,421.871
12-06-2020 16:15,YxYtjZvoooNbGkE,2702.5,5399.75,7390678.750,265.062
16-06-2020 14:45,rGa61gmuvPhdLxV,7267.88,5135.5,7349839.500,711.188
20-05-2020 17:30,WRmjgnKYAwPKWDb,1773,8723,7069655.000,173.8
12-06-2020 08:00,WRmjgnKYAwPKWDb,1697.14,148.857,7233134.857,165.857
25-05-2020 03:30,1BY6WEcLGh8j5v7,0,0,6327940.000,0
17-06-2020 21:00,3PZuoBAID5Wc2HD,0,6052,7237425.000,0
10-06-2020 23:00,3PZuoBAID5Wc2HD,0,6550,7190469.000,0
03-06-2020 11:45,VHMLBKoKgIrUVDU,13233.4,3051.57,7350795.571,1290.57
30-05-2020 07:00,pkci93gMrogZuBj,1690.12,72.25,7281607.250,165.425
01-06-2020 17:30,sjndEbLyjtCKgGv,693.25,5720.12,7147962.125,67.175
07-06-2020 09:00,iCRJl6heRkivqQ3,9122.14,758.571,7348992.571,892.329
22-05-2020 11:00,McdE0feGgRqW7Ca,8670.71,1961.86,7211016.857,846.986
19-05-2020 13:00,ZoEaEvLYb1n2sOq,9406.86,3848.71,7127375.714,919.657
24-05-2020 18:15,3PZuoBAID5Wc2HD,373.75,8292.12,7061560.125,36.15
26-05-2020 11:15,YxYtjZvoooNbGkE,6530,3337.29,7264801.286,639.143
07-06-2020 23:45,ZnxXDlPa8U1GXgE,0,8209,6701263.000,0
14-06-2020 12:45,uHbuxQJl8lW7ozc,8092.57,3934,7264465.000,792.071
19-05-2020 16:45,7JYdWkrLSPkdwr4,3649.71,6639.57,7635011.571,358.7
03-06-2020 20:15,adLQvlD726eNBSB,0,7991,6422267.000,0
16-05-2020 11:45,VHMLBKoKgIrUVDU,9642.62,3020.12,7215686.125,943
01-06-2020 16:30,1BY6WEcLGh8j5v7,1607.86,5351.14,6383282.143,157.557
01-06-2020 18:00,YxYtjZvoooNbGkE,561.5,5763.88,7311502.875,54.35
04-06-2020 14:30,7JYdWkrLSPkdwr4,6820.12,5897,7754519.000,667.962
16-05-2020 03:15,adLQvlD726eNBSB,0,0,6277738.000,0
16-05-2020 02:00,7JYdWkrLSPkdwr4,0,0,7609076.000,0
18-05-2020 02:00,wCURE6d3bPkepu2,0,0,6803000.000,0
10-06-2020 20:30,1BY6WEcLGh8j5v7,0,5911,6444981.000,0
06-06-2020 15:45,YxYtjZvoooNbGkE,3270.57,6056,7348545.000,321.343
05-06-2020 01:15,zVJPv84UY57bAof,0,0,7271273.000,0
12-06-2020 19:30,zBIq5rxdHJRwDNY,0,5837,6549387.000,0
03-06-2020 05:15,McdE0feGgRqW7Ca,0,0,7300359.000,0
04-06-2020 19:45,VHMLBKoKgIrUVDU,0,8160,7363821.000,0
22-05-2020 03:45,zBIq5rxdHJRwDNY,0,0,6388599.000,0
27-05-2020 12:15,YxYtjZvoooNbGkE,7660.75,3922.75,7273255.750,749.475
21-05-2020 14:15,ZnxXDlPa8U1GXgE,7935,6217.57,6570262.571,775.714
31-05-2020 05:15,VHMLBKoKgIrUVDU,0,0,7328329.000,0
19-05-2020 22:45,wCURE6d3bPkepu2,0,6956,6815349.000,0
19-05-2020 09:00,z9Y9gH1T5YWrNuG,5072.71,666.286,7034239.286,497.329
18-05-2020 02:15,ih0vzX44oOqAx2f,0,0,6205201.000,0
16-06-2020 19:45,7JYdWkrLSPkdwr4,0,6166,7840965.000,0
03-06-2020 19:15,pkci93gMrogZuBj,0,7786,7315436.000,0
08-06-2020 06:00,z9Y9gH1T5YWrNuG,94.7143,0.428571,7183631.429,9.14286
28-05-2020 02:45,wCURE6d3bPkepu2,0,0,6879195.000,0
02-06-2020 15:30,McdE0feGgRqW7Ca,6132.71,6695.43,7299447.429,600.871
19-05-2020 15:00,wCURE6d3bPkepu2,7605.86,5766,6814159.000,744.557
04-06-2020 10:45,VHMLBKoKgIrUVDU,11227.6,2373.5,7358034.500,1095.79
14-06-2020 08:30,rGa61gmuvPhdLxV,4923,610.286,7331280.286,499.114
01-06-2020 00:30,zBIq5rxdHJRwDNY,0,0,6463239.000,0
17-05-2020 01:00,wCURE6d3bPkepu2,0,0,6795470.000,0
20-05-2020 10:00,McdE0feGgRqW7Ca,10325.6,1944,7194042.000,1009.44
11-06-2020 22:00,pkci93gMrogZuBj,0,5662,7374956.000,0
02-06-2020 15:15,z9Y9gH1T5YWrNuG,5554.12,6388.75,7146216.750,544.362
02-06-2020 15:00,WRmjgnKYAwPKWDb,5904,6133.5,7165833.500,578.5
28-05-2020 18:00,3PZuoBAID5Wc2HD,480,8514.43,7093965.429,46.4143
15-06-2020 07:15,7JYdWkrLSPkdwr4,2084.38,153.125,7828311.125,204.137
31-05-2020 01:30,zBIq5rxdHJRwDNY,0,0,6457301.000,0
27-05-2020 05:15,VHMLBKoKgIrUVDU,0,0,7297615.000,0
05-06-2020 15:45,McdE0feGgRqW7Ca,8581.71,6772.43,7323533.429,839.571
14-06-2020 22:45,iCRJl6heRkivqQ3,0,7369,7407224.000,0
16-05-2020 18:45,3PZuoBAID5Wc2HD,0,6656,7000689.000,0
28-05-2020 13:00,ih0vzX44oOqAx2f,12661.5,5346.5,6284201.500,1234.51
02-06-2020 00:00,VHMLBKoKgIrUVDU,0,0,7340314.000,0
01-06-2020 10:30,VHMLBKoKgIrUVDU,11855.9,2295.25,7336700.250,1156.67
03-06-2020 21:00,YxYtjZvoooNbGkE,0,7827,7326756.000,0
29-05-2020 17:45,WRmjgnKYAwPKWDb,910.857,8013.71,7140874.714,88.4286
30-05-2020 21:15,adLQvlD726eNBSB,0,7419,6394771.000,0
10-06-2020 10:30,z9Y9gH1T5YWrNuG,7401.43,1850.14,7200903.143,724.171
27-05-2020 20:15,3PZuoBAID5Wc2HD,0,6740,7085451.000,0
25-05-2020 14:15,sjndEbLyjtCKgGv,10681,6835.29,7096186.286,1043.99
17-05-2020 12:15,bvBOhCH3iADSZry,9936.57,3786,6332434.000,970.8
08-06-2020 08:45,ih0vzX44oOqAx2f,7052,690.75,6359382.750,690.612
01-06-2020 23:30,1BY6WEcLGh8j5v7,0,5508,6383439.000,0
18-05-2020 06:30,ih0vzX44oOqAx2f,735.429,18.5714,6205219.571,71.3
05-06-2020 12:15,VHMLBKoKgIrUVDU,4125.38,3794.12,7367615.125,405.125
16-06-2020 02:00,VHMLBKoKgIrUVDU,0,0,7443869.000,0
18-05-2020 14:15,1IF53ai7Xc0U56Y,5001.71,3742.14,6208095.143,490.371
24-05-2020 15:45,WRmjgnKYAwPKWDb,3088.14,7390.29,7100416.286,303.114
01-06-2020 16:15,3PZuoBAID5Wc2HD,1985.5,5746.38,7121050.375,194.625
05-06-2020 13:15,bvBOhCH3iADSZry,7472.75,3992.88,6464178.875,731.138
12-06-2020 09:15,ih0vzX44oOqAx2f,5867.71,606.143,6387159.143,574.986
17-06-2020 01:15,VHMLBKoKgIrUVDU,0,0,7450201.000,0
25-05-2020 01:15,WRmjgnKYAwPKWDb,0,0,7101117.000,0
17-05-2020 11:15,1IF53ai7Xc0U56Y,12995.5,3265.5,6199859.500,1267.08
11-06-2020 23:30,rGa61gmuvPhdLxV,0,5663,7316432.000,0
19-05-2020 15:15,VHMLBKoKgIrUVDU,6092.29,5969.29,7238523.286,596.914
29-05-2020 09:15,pkci93gMrogZuBj,9505.62,1010.5,7274268.500,929.663
15-06-2020 20:00,YxYtjZvoooNbGkE,0,6633,7413335.000,0
23-05-2020 01:15,pkci93gMrogZuBj,0,0,7225200.000,0
21-05-2020 11:45,uHbuxQJl8lW7ozc,12398,3591.88,7083702.875,1209.16
26-05-2020 22:15,3PZuoBAID5Wc2HD,0,0,7078711.000,0
12-06-2020 00:00,zBIq5rxdHJRwDNY,0,0,6543550.000,0
15-06-2020 03:45,ZoEaEvLYb1n2sOq,0,0,7323052.000,0
09-06-2020 22:15,rGa61gmuvPhdLxV,0,8240,7304204.000,0
22-05-2020 11:15,adLQvlD726eNBSB,7680,2489.5,6324062.500,750.875
12-06-2020 14:30,1IF53ai7Xc0U56Y,6384.71,4665.71,6396989.714,625.457
22-05-2020 16:00,bvBOhCH3iADSZry,3012.38,6459.5,6368607.500,295.65
18-05-2020 08:30,ZoEaEvLYb1n2sOq,1808,373,7118581.000,177.143
26-05-2020 17:30,WRmjgnKYAwPKWDb,656.125,7853.38,7117849.375,63.5125
17-05-2020 15:00,zBIq5rxdHJRwDNY,10056.3,6284,6358434.000,983.243
22-05-2020 17:15,ih0vzX44oOqAx2f,1204.71,6944.57,6240487.571,117.157
04-06-2020 04:45,uHbuxQJl8lW7ozc,0,0,7186255.000,0
03-06-2020 02:00,McdE0feGgRqW7Ca,0,0,7300359.000,0
14-06-2020 07:45,uHbuxQJl8lW7ozc,4513.62,312,7260843.000,443.062
02-06-2020 09:30,1IF53ai7Xc0U56Y,10018.6,1334.86,6318778.857,978.043
17-06-2020 07:45,zVJPv84UY57bAof,3686.29,215.143,7357577.143,362.3
05-06-2020 10:30,sjndEbLyjtCKgGv,10041.1,2097.38,7173615.375,980.513
15-06-2020 17:45,WRmjgnKYAwPKWDb,1215.43,6698.14,7261282.143,118.357
25-05-2020 09:30,iCRJl6heRkivqQ3,9538,1406.86,7252667.857,932.857
25-05-2020 12:15,bvBOhCH3iADSZry,11524.6,4195.43,6388407.429,1124.8
18-05-2020 09:30,7JYdWkrLSPkdwr4,1485.12,550.75,7623613.750,144.863
07-06-2020 00:45,zBIq5rxdHJRwDNY,0,0,6506728.000,0
30-05-2020 09:00,ZoEaEvLYb1n2sOq,3749.75,650.375,7210250.375,368.462
10-06-2020 11:00,McdE0feGgRqW7Ca,4888.43,2192.14,7357209.143,479.471
25-05-2020 19:00,YxYtjZvoooNbGkE,0,8813,7261464.000,0
09-06-2020 09:45,zBIq5rxdHJRwDNY,9587.25,1726,6524995.000,936.2
10-06-2020 19:00,ih0vzX44oOqAx2f,0,6277,6381032.000,0
17-05-2020 22:00,McdE0feGgRqW7Ca,0,7606,7179627.000,0
30-05-2020 09:00,VHMLBKoKgIrUVDU,3840,670.429,7321729.429,377.329
26-05-2020 13:45,uHbuxQJl8lW7ozc,12728.6,5826.14,7126522.143,1241.04
22-05-2020 06:45,3PZuoBAID5Wc2HD,1230.75,54,7037355.000,119.725
17-06-2020 14:15,VHMLBKoKgIrUVDU,6068.14,4909.86,7455110.857,594.543
29-05-2020 17:00,bvBOhCH3iADSZry,2884.25,7289.75,6420874.750,283.1
15-06-2020 11:30,YxYtjZvoooNbGkE,7514.86,3355.57,7410057.571,735.171
17-06-2020 09:30,ZoEaEvLYb1n2sOq,6880.14,967.286,7336849.286,673.786
14-06-2020 05:00,ZoEaEvLYb1n2sOq,0,0,7315763.000,0
25-05-2020 21:45,ZoEaEvLYb1n2sOq,0,8745,7178914.000,0
31-05-2020 16:45,zVJPv84UY57bAof,1803.25,5848.12,7241825.125,176.75
28-05-2020 11:30,1BY6WEcLGh8j5v7,11835,3443.43,6353276.429,1154.34
31-05-2020 12:45,1BY6WEcLGh8j5v7,11958.3,4015.14,6376143.143,1166.36
15-06-2020 14:15,z9Y9gH1T5YWrNuG,6123.38,5141.88,7237609.875,599.175
08-06-2020 12:00,7JYdWkrLSPkdwr4,9871.88,4044,7782554.000,965.2
03-06-2020 18:15,WRmjgnKYAwPKWDb,351.714,7703.57,7174620.571,33.9857
07-06-2020 23:30,1BY6WEcLGh8j5v7,0,5268,6423750.000,0
06-06-2020 15:00,McdE0feGgRqW7Ca,4080.71,5874,7330555.000,400.714
31-05-2020 13:45,rGa61gmuvPhdLxV,5482.71,4612.86,7235050.857,536.5
27-05-2020 15:00,7JYdWkrLSPkdwr4,4903.43,5489,7697401.000,481.043
23-05-2020 23:45,ih0vzX44oOqAx2f,0,8395,6248938.000,0
15-06-2020 19:45,1BY6WEcLGh8j5v7,0,6275,6473950.000,0
04-06-2020 02:45,YxYtjZvoooNbGkE,0,0,7326756.000,0
13-06-2020 00:00,ih0vzX44oOqAx2f,0,0,6392263.000,0
15-06-2020 18:45,uHbuxQJl8lW7ozc,0,6906,7274743.000,0
02-06-2020 23:00,sjndEbLyjtCKgGv,0,7439,7155447.000,0
15-06-2020 17:45,zVJPv84UY57bAof,1265.88,6786.25,7351066.250,123.412
31-05-2020 14:15,ih0vzX44oOqAx2f,8246.71,5136.29,6307403.286,805.429
15-06-2020 21:30,1BY6WEcLGh8j5v7,0,6275,6473950.000,0
31-05-2020 01:30,WRmjgnKYAwPKWDb,0,0,7148029.000,0
26-05-2020 15:00,z9Y9gH1T5YWrNuG,3373.14,6523.71,7095963.714,331.386
14-06-2020 04:30,1BY6WEcLGh8j5v7,0,0,6463663.000,0
23-05-2020 21:15,WRmjgnKYAwPKWDb,0,8431,7093026.000,0
19-05-2020 10:30,uHbuxQJl8lW7ozc,7103.86,1778.14,7065979.143,695.457
07-06-2020 12:15,VHMLBKoKgIrUVDU,13168.9,4022,7382011.000,1283.93
30-05-2020 18:15,pkci93gMrogZuBj,285.143,7338.29,7288873.286,27.5429
31-05-2020 10:30,ZnxXDlPa8U1GXgE,12782.1,1926.43,6645309.429,1246.26
20-05-2020 03:15,z9Y9gH1T5YWrNuG,0,0,7040465.000,0
27-05-2020 11:00,iCRJl6heRkivqQ3,8069.25,2543.88,7270539.875,789.337
03-06-2020 01:30,1BY6WEcLGh8j5v7,0,0,6390468.000,0
12-06-2020 12:45,1IF53ai7Xc0U56Y,7918.14,3254,6395578.000,775.057
30-05-2020 01:15,zVJPv84UY57bAof,0,0,7228687.000,0
17-05-2020 20:00,adLQvlD726eNBSB,0,7867,6292310.000,0
02-06-2020 23:30,wCURE6d3bPkepu2,0,7525,6922869.000,0
12-06-2020 22:45,1IF53ai7Xc0U56Y,0,5903,6398227.000,0
14-06-2020 14:45,ZnxXDlPa8U1GXgE,6542.25,6020.88,6750363.875,640.85
19-05-2020 00:00,7JYdWkrLSPkdwr4,0,758.429,7628372.000,0
01-06-2020 17:30,zBIq5rxdHJRwDNY,687.429,5747.57,6468986.571,66.5714
28-05-2020 03:00,bvBOhCH3iADSZry,0,0,6405833.000,0
16-06-2020 05:00,ih0vzX44oOqAx2f,0,0,6414247.000,0
11-06-2020 04:00,zVJPv84UY57bAof,0,0,7317016.000,0
07-06-2020 14:00,sjndEbLyjtCKgGv,9596.86,4654.29,7190310.286,937.843
08-06-2020 17:15,ZoEaEvLYb1n2sOq,2253.5,8126.75,7281579.750,220.863
30-05-2020 12:45,7JYdWkrLSPkdwr4,9816,3404.43,7718239.429,959.514
28-05-2020 10:15,sjndEbLyjtCKgGv,10340.9,2226.57,7114791.571,1009.73
22-05-2020 21:15,adLQvlD726eNBSB,0,7378,6328951.000,0
15-05-2020 05:00,VHMLBKoKgIrUVDU,0,0,7206408.000,0
04-06-2020 01:00,ZoEaEvLYb1n2sOq,0,0,7243501.000,0
04-06-2020 10:45,wCURE6d3bPkepu2,12652.5,2370.62,6933146.625,1234.24
25-05-2020 12:15,ZoEaEvLYb1n2sOq,12580.3,4465.86,7174634.857,1226.57
09-06-2020 03:00,rGa61gmuvPhdLxV,0,0,7295964.000,0
22-05-2020 12:45,iCRJl6heRkivqQ3,11691.8,4064.75,7231506.750,1140.67
17-06-2020 21:45,zBIq5rxdHJRwDNY,0,5817,6583369.000,0
08-06-2020 15:00,adLQvlD726eNBSB,10076.1,7201.29,6460585.286,985.143
15-05-2020 18:15,sjndEbLyjtCKgGv,96.5714,6349.14,7023181.143,9.31429
25-05-2020 04:00,rGa61gmuvPhdLxV,0,0,7183295.000,0
08-06-2020 20:00,1IF53ai7Xc0U56Y,0,8495,6371833.000,0
21-05-2020 21:15,ZoEaEvLYb1n2sOq,0,7617,7146685.000,0
17-05-2020 18:30,sjndEbLyjtCKgGv,0,7441,7037054.000,0
07-06-2020 03:00,3PZuoBAID5Wc2HD,0,0,7158982.000,0
07-06-2020 04:45,adLQvlD726eNBSB,0,0,6445031.000,0
03-06-2020 04:45,bvBOhCH3iADSZry,0,0,6445487.000,0
16-06-2020 11:15,uHbuxQJl8lW7ozc,8096.29,2881,7277624.000,792.371
28-05-2020 15:00,ZoEaEvLYb1n2sOq,10021,6968.14,7200259.143,979.786
15-05-2020 11:45,YxYtjZvoooNbGkE,6878.43,2552.86,7182518.857,673.629
23-05-2020 04:00,ZnxXDlPa8U1GXgE,0,0,6579139.000,0
01-06-2020 09:00,McdE0feGgRqW7Ca,7257.71,1114,7287874.000,710.6
12-06-2020 11:15,YxYtjZvoooNbGkE,8182,1891,7387170.000,800.743
15-05-2020 14:45,adLQvlD726eNBSB,7273.14,5069.29,6276424.286,711.129
15-06-2020 06:15,bvBOhCH3iADSZry,416.625,6.75,6521606.750,40.2625
30-05-2020 11:00,3PZuoBAID5Wc2HD,6726.12,1704,7103893.000,658.75
10-06-2020 06:15,ZoEaEvLYb1n2sOq,418.25,6.375,7289685.375,40.4375
17-06-2020 03:15,z9Y9gH1T5YWrNuG,0,0,7245385.000,0
28-05-2020 01:45,1BY6WEcLGh8j5v7,0,0,6349833.000,0
17-05-2020 14:45,ZnxXDlPa8U1GXgE,10639.6,6116.57,6541268.571,1039.9
23-05-2020 04:00,WRmjgnKYAwPKWDb,0,0,7084595.000,0
05-06-2020 21:30,z9Y9gH1T5YWrNuG,0,7739,7171001.000,0
05-06-2020 09:45,z9Y9gH1T5YWrNuG,5434.14,1489.43,7164751.429,532.629
08-06-2020 01:45,zVJPv84UY57bAof,0,0,7293790.000,0
17-05-2020 06:00,McdE0feGgRqW7Ca,0,0,7172021.000,0
15-05-2020 05:30,ZoEaEvLYb1n2sOq,0,0,7098099.000,0
05-06-2020 18:45,McdE0feGgRqW7Ca,0,7920,7324681.000,0
17-05-2020 06:15,adLQvlD726eNBSB,156.429,2.57143,6284445.571,15.1
21-05-2020 13:15,uHbuxQJl8lW7ozc,12452,5149,7085260.000,1214.45
08-06-2020 19:00,McdE0feGgRqW7Ca,0,8580,7346782.000,0
30-05-2020 02:30,wCURE6d3bPkepu2,0,0,6895880.000,0
09-06-2020 16:45,YxYtjZvoooNbGkE,4249.86,7640,7372950.000,417.329
16-05-2020 13:30,McdE0feGgRqW7Ca,8955.14,4571.29,7170006.286,875.929
30-05-2020 12:00,rGa61gmuvPhdLxV,13818.5,2562.25,7225636.250,1347.3
11-06-2020 22:15,1BY6WEcLGh8j5v7,0,5257,6450238.000,0
25-05-2020 01:15,sjndEbLyjtCKgGv,0,0,7089351.000,0
19-05-2020 03:45,7JYdWkrLSPkdwr4,0,0,7628372.000,0
10-06-2020 22:30,adLQvlD726eNBSB,0,6667,6476944.000,0
16-06-2020 16:30,McdE0feGgRqW7Ca,2771.71,6092,7402322.000,271.843
11-06-2020 12:00,ZnxXDlPa8U1GXgE,9466.14,2301.43,6726511.429,925.814
18-05-2020 12:45,WRmjgnKYAwPKWDb,8041.12,2251.88,7051355.875,787
14-06-2020 17:15,1BY6WEcLGh8j5v7,1533.71,3940.29,6467603.286,149.914
22-05-2020 14:30,iCRJl6heRkivqQ3,10861,5763.12,7233205.125,1060.89
13-06-2020 22:00,ih0vzX44oOqAx2f,0,8255,6400518.000,0
04-06-2020 12:30,3PZuoBAID5Wc2HD,9490.5,4266,7140754.000,926.737
27-05-2020 20:45,rGa61gmuvPhdLxV,0,0,7206549.000,0
19-05-2020 22:30,rGa61gmuvPhdLxV,0,6910,7143812.000,0
13-06-2020 07:45,ZnxXDlPa8U1GXgE,4304,294.5,6736079.500,422.65
16-06-2020 14:15,rGa61gmuvPhdLxV,4649.25,4721.62,7349425.625,456.2
28-05-2020 12:15,rGa61gmuvPhdLxV,11806.2,4391.17,7210940.167,1151.62
31-05-2020 00:30,pkci93gMrogZuBj,0,0,7288876.000,0
25-05-2020 16:15,adLQvlD726eNBSB,4476.12,8918.75,6355049.750,439.25
26-05-2020 18:15,pkci93gMrogZuBj,312,7774,7258293.000,30.1
27-05-2020 02:45,ZoEaEvLYb1n2sOq,0,0,7186690.000,0
16-06-2020 17:15,sjndEbLyjtCKgGv,1759.38,6144.12,7255683.125,172.425
14-06-2020 20:15,1IF53ai7Xc0U56Y,0,7487,6414368.000,0
02-06-2020 09:30,iCRJl6heRkivqQ3,9981.57,1434.43,7311782.429,974.857
11-06-2020 03:45,McdE0feGgRqW7Ca,0,0,7361623.000,0
31-05-2020 11:30,pkci93gMrogZuBj,10186.2,2939.5,7291815.500,994.55
18-05-2020 19:45,VHMLBKoKgIrUVDU,0,5457,7232554.000,0
16-05-2020 08:15,VHMLBKoKgIrUVDU,4989,458.857,7213124.857,489.086
02-06-2020 04:15,wCURE6d3bPkepu2,0,0,6915344.000,0
31-05-2020 18:30,adLQvlD726eNBSB,28.8571,5933,6400704.000,2.78571
16-06-2020 09:45,7JYdWkrLSPkdwr4,8555.75,1410.5,7836209.500,837.175
31-05-2020 06:00,rGa61gmuvPhdLxV,93.25,0.25,7230438.250,9
27-05-2020 21:45,3PZuoBAID5Wc2HD,0,6740,7085451.000,0
30-05-2020 01:15,rGa61gmuvPhdLxV,0,0,7223074.000,0
23-05-2020 23:45,wCURE6d3bPkepu2,0,3687.86,6847830.000,0
01-06-2020 19:30,zVJPv84UY57bAof,0,5742,7247766.000,0
22-05-2020 22:00,z9Y9gH1T5YWrNuG,0,0,7064219.000,0
15-05-2020 12:00,ZoEaEvLYb1n2sOq,7931.5,2701,7100800.000,775.775
17-05-2020 04:15,3PZuoBAID5Wc2HD,0,0,7000689.000,0
02-06-2020 00:45,VHMLBKoKgIrUVDU,0,0,7340314.000,0
06-06-2020 23:30,zVJPv84UY57bAof,0,0,7285530.000,0
27-05-2020 05:15,3PZuoBAID5Wc2HD,0,0,7078711.000,0
18-05-2020 05:30,uHbuxQJl8lW7ozc,0,0,7058793.000,0
23-05-2020 10:15,ZoEaEvLYb1n2sOq,8695,2090.14,7155803.143,850.386
14-06-2020 08:00,zBIq5rxdHJRwDNY,4141.62,403.75,6558225.750,406.887
19-05-2020 23:15,YxYtjZvoooNbGkE,0,6878,7212476.000,0
22-05-2020 20:45,wCURE6d3bPkepu2,0,0,6839225.000,0
13-06-2020 12:15,adLQvlD726eNBSB,12024,4689.38,6493411.375,1173.46
25-05-2020 10:45,adLQvlD726eNBSB,12149.1,2911.12,6349042.125,1184.56
10-06-2020 01:00,ZoEaEvLYb1n2sOq,0,0,7289679.000,0
26-05-2020 18:45,7JYdWkrLSPkdwr4,0,0,7691912.000,0
30-05-2020 00:30,WRmjgnKYAwPKWDb,0,0,7140899.000,0
11-06-2020 17:00,McdE0feGgRqW7Ca,2431.25,5591.12,7367214.125,238.4
09-06-2020 19:30,uHbuxQJl8lW7ozc,0,8309,7233863.000,0
07-06-2020 14:45,ZoEaEvLYb1n2sOq,4374,6472.29,7271840.286,429.371
15-05-2020 18:30,ih0vzX44oOqAx2f,0,6176,6191360.000,0
07-06-2020 14:45,zBIq5rxdHJRwDNY,4836.12,6525.75,6513253.750,474.5
13-06-2020 09:00,zBIq5rxdHJRwDNY,8357.71,1039.14,6550426.143,817.829
19-05-2020 19:30,iCRJl6heRkivqQ3,0,6951,7210718.000,0
22-05-2020 07:45,rGa61gmuvPhdLxV,4221.88,351.875,7160750.875,414.6
06-06-2020 02:15,1BY6WEcLGh8j5v7,0,0,6412542.000,0
03-06-2020 23:45,McdE0feGgRqW7Ca,0,5721.43,7308369.000,0
15-06-2020 21:15,ZoEaEvLYb1n2sOq,0,6639,7329691.000,0
16-05-2020 18:30,iCRJl6heRkivqQ3,0,6438,7190848.000,0
17-06-2020 00:00,pkci93gMrogZuBj,0,0,7409478.000,0
02-06-2020 09:15,iCRJl6heRkivqQ3,9001.38,1223.75,7311571.750,880.175
09-06-2020 07:00,WRmjgnKYAwPKWDb,2417,102.429,7213103.429,237
19-05-2020 05:30,pkci93gMrogZuBj,0,0,7194411.000,0
03-06-2020 05:45,wCURE6d3bPkepu2,0,0,6922869.000,0
25-05-2020 17:45,ih0vzX44oOqAx2f,481.571,8061.86,6264555.857,46.6
26-05-2020 23:15,sjndEbLyjtCKgGv,0,0,7105889.000,0
11-06-2020 05:00,7JYdWkrLSPkdwr4,0,0,7801091.000,0
23-05-2020 15:15,WRmjgnKYAwPKWDb,7892.75,7165.62,7091760.625,772.575
03-06-2020 19:15,bvBOhCH3iADSZry,0,7237,6452724.000,0
06-06-2020 16:30,1IF53ai7Xc0U56Y,1409.12,6425.12,6354982.125,137.325
30-05-2020 06:45,adLQvlD726eNBSB,1246.25,42.375,6387394.375,121.237
21-05-2020 09:15,adLQvlD726eNBSB,8605.62,1303.25,6314918.250,841.913
25-05-2020 02:45,pkci93gMrogZuBj,0,0,7241707.000,0
25-05-2020 01:15,wCURE6d3bPkepu2,0,0,6855791.000,0
17-05-2020 08:15,1BY6WEcLGh8j5v7,4916.5,469.375,6272074.375,482.1
04-06-2020 22:30,McdE0feGgRqW7Ca,0,0,7316761.000,0
28-05-2020 12:00,1IF53ai7Xc0U56Y,12156.2,4356,6285818.000,1185.91
05-06-2020 02:00,zVJPv84UY57bAof,0,0,7271273.000,0
10-06-2020 22:30,WRmjgnKYAwPKWDb,0,6389,7227367.000,0
23-05-2020 15:30,zVJPv84UY57bAof,9387.86,7438.29,7179732.286,918.243
01-06-2020 07:15,ZoEaEvLYb1n2sOq,2979.88,155.125,7222799.125,292.663
13-06-2020 15:00,bvBOhCH3iADSZry,9704.38,6695.12,6516474.125,949.025
17-05-2020 04:45,7JYdWkrLSPkdwr4,0,0,7615537.000,0
02-06-2020 10:00,pkci93gMrogZuBj,9711.29,1859.43,7302159.429,949.671
09-06-2020 01:30,sjndEbLyjtCKgGv,0,0,7200925.000,0
17-05-2020 01:15,pkci93gMrogZuBj,0,0,7181650.000,0
15-06-2020 20:00,sjndEbLyjtCKgGv,0,6728,7249539.000,0
22-05-2020 14:15,3PZuoBAID5Wc2HD,9113.71,5702.86,7043003.857,890.3
12-06-2020 17:00,VHMLBKoKgIrUVDU,1915.43,5716.57,7420727.571,187.757
15-05-2020 04:15,zVJPv84UY57bAof,0,0,7116151.000,0
21-05-2020 17:15,zBIq5rxdHJRwDNY,766,7691.43,6388553.429,74.2714
30-05-2020 21:45,zVJPv84UY57bAof,0,7290,7235977.000,0
23-05-2020 23:30,3PZuoBAID5Wc2HD,0,8652,7053268.000,0
28-05-2020 05:15,7JYdWkrLSPkdwr4,0,0,7698550.000,0
26-05-2020 23:15,zVJPv84UY57bAof,0,0,7205383.000,0
19-05-2020 23:30,sjndEbLyjtCKgGv,0,6879,7049284.000,0
16-05-2020 09:00,bvBOhCH3iADSZry,5771.71,829.571,6323339.571,565.586
10-06-2020 14:15,rGa61gmuvPhdLxV,9817.12,5323.75,7309527.750,959.987
15-05-2020 17:30,7JYdWkrLSPkdwr4,1212,6078.5,7609038.500,118.175
17-06-2020 06:45,7JYdWkrLSPkdwr4,462.5,0,7840965.000,44.9
14-06-2020 10:30,rGa61gmuvPhdLxV,10064.8,2048.38,7332718.375,983.462
30-05-2020 05:45,z9Y9gH1T5YWrNuG,0,0,7120455.000,0
31-05-2020 00:00,ih0vzX44oOqAx2f,0,0,6302267.000,0
25-05-2020 01:00,zVJPv84UY57bAof,0,0,7188796.000,0
15-06-2020 14:45,iCRJl6heRkivqQ3,6280,5580.57,7412804.571,615.257
04-06-2020 05:45,1BY6WEcLGh8j5v7,0,0,6397809.000,0
31-05-2020 23:00,VHMLBKoKgIrUVDU,0,6076,7334405.000,0
25-05-2020 05:15,rGa61gmuvPhdLxV,0,0,7183295.000,0
31-05-2020 02:15,uHbuxQJl8lW7ozc,0,0,7159272.000,0
01-06-2020 12:15,zBIq5rxdHJRwDNY,6810.43,3773.57,6467012.571,666.9
10-06-2020 11:45,ZoEaEvLYb1n2sOq,9299.86,2662.14,7292341.143,908.457
01-06-2020 19:45,zVJPv84UY57bAof,0,5742,7247766.000,0
10-06-2020 21:00,iCRJl6heRkivqQ3,0,6559,7379779.000,0
28-05-2020 18:45,WRmjgnKYAwPKWDb,0,8323,7132861.000,0
18-05-2020 02:45,VHMLBKoKgIrUVDU,0,0,7227097.000,0
06-06-2020 06:15,YxYtjZvoooNbGkE,421.143,8.71429,7342497.714,40.7143
16-05-2020 17:15,adLQvlD726eNBSB,1646.25,6624.38,6284362.375,161.15
25-05-2020 05:00,rGa61gmuvPhdLxV,0,0,7183295.000,0
30-05-2020 14:00,ZoEaEvLYb1n2sOq,11843,4727.43,7214327.429,1155.54
05-06-2020 02:00,rGa61gmuvPhdLxV,0,0,7265349.000,0
01-06-2020 01:30,VHMLBKoKgIrUVDU,0,0,7334405.000,0
12-06-2020 11:00,bvBOhCH3iADSZry,5703.38,1609.62,6506016.625,558.962
18-05-2020 12:45,bvBOhCH3iADSZry,7336,2070.57,6337646.571,718.271
07-06-2020 16:00,3PZuoBAID5Wc2HD,6688.29,7559.57,7166541.571,655.157
19-05-2020 03:30,WRmjgnKYAwPKWDb,0,0,7054452.000,0
19-05-2020 10:30,YxYtjZvoooNbGkE,7249.57,1716.57,7207314.571,708.986
21-05-2020 19:00,z9Y9gH1T5YWrNuG,0,7886,7057147.000,0
18-05-2020 10:45,3PZuoBAID5Wc2HD,5739.25,858.125,7009341.125,562.513
14-06-2020 11:15,ih0vzX44oOqAx2f,9132.12,2716.38,6403234.375,892.975
09-06-2020 16:00,WRmjgnKYAwPKWDb,6207.71,7297.86,7220298.857,608.186
19-05-2020 19:00,zBIq5rxdHJRwDNY,0,6924,6371971.000,0
16-06-2020 11:45,sjndEbLyjtCKgGv,7324.12,3217.12,7252756.125,716.987
04-06-2020 09:30,YxYtjZvoooNbGkE,5988.38,1229.5,7327985.500,586.7
14-06-2020 20:45,sjndEbLyjtCKgGv,0,7307,7242811.000,0
24-05-2020 15:30,WRmjgnKYAwPKWDb,4332.25,7296.25,7100322.250,425.137
19-05-2020 11:00,7JYdWkrLSPkdwr4,9697.88,2088,7630460.000,947.4
15-06-2020 12:45,uHbuxQJl8lW7ozc,7031.75,4397,7272234.000,688.538
27-05-2020 04:00,ih0vzX44oOqAx2f,0,0,6272291.000,0
15-05-2020 00:15,rGa61gmuvPhdLxV,0,0,7111493.000,0
15-05-2020 08:30,1IF53ai7Xc0U56Y,4983.62,509,6184154.000,488.75
11-06-2020 18:45,VHMLBKoKgIrUVDU,0,5716,7415011.000,0
03-06-2020 05:45,WRmjgnKYAwPKWDb,0,0,7166917.000,0
07-06-2020 02:45,sjndEbLyjtCKgGv,0,0,7185656.000,0
17-06-2020 10:00,7JYdWkrLSPkdwr4,6172.71,1267.43,7842232.429,604.786
27-05-2020 07:30,uHbuxQJl8lW7ozc,3262,197.571,7128735.571,320.5
29-05-2020 20:45,1BY6WEcLGh8j5v7,0,7564,6365374.000,0
01-06-2020 22:15,WRmjgnKYAwPKWDb,0,5834,7159700.000,0
02-06-2020 17:30,pkci93gMrogZuBj,935,7306.57,7307606.571,90.7857
27-05-2020 00:00,3PZuoBAID5Wc2HD,0,0,7078711.000,0
12-06-2020 22:00,7JYdWkrLSPkdwr4,0,5753,7812417.000,0
23-05-2020 16:45,ZoEaEvLYb1n2sOq,4092.29,8134,7161847.000,402.029
08-06-2020 10:15,ZnxXDlPa8U1GXgE,10686.8,2190.62,6703453.625,1042.67
05-06-2020 02:15,rGa61gmuvPhdLxV,0,0,7265349.000,0
10-06-2020 11:00,ZnxXDlPa8U1GXgE,4720.25,2192.5,6719964.500,463.075
25-05-2020 20:00,sjndEbLyjtCKgGv,0,8760,7098111.000,0
06-06-2020 19:45,zVJPv84UY57bAof,0,0,7285530.000,0
25-05-2020 17:00,iCRJl6heRkivqQ3,1144.43,8784.57,7260045.571,111.286
12-06-2020 19:45,zVJPv84UY57bAof,0,5863,7328550.000,0
16-06-2020 07:00,uHbuxQJl8lW7ozc,1445,61.8571,7274804.857,140.943
19-05-2020 22:00,WRmjgnKYAwPKWDb,0,0,7060932.000,0
15-06-2020 14:30,3PZuoBAID5Wc2HD,8644.14,5417.14,7223640.143,845.529
04-06-2020 14:15,z9Y9gH1T5YWrNuG,8374.43,5763.86,7160876.857,818.457
28-05-2020 01:00,pkci93gMrogZuBj,0,0,7264985.000,0
04-06-2020 17:30,pkci93gMrogZuBj,3239.75,8136.62,7323572.625,318.212
10-06-2020 23:15,iCRJl6heRkivqQ3,0,6559,7379779.000,0
09-06-2020 08:00,adLQvlD726eNBSB,5702.38,429.375,6462433.375,558.9
21-05-2020 14:15,iCRJl6heRkivqQ3,8193.25,6233.25,7225838.250,800.6
06-06-2020 07:00,ZnxXDlPa8U1GXgE,2676.86,97.7143,6686796.714,262.643
13-06-2020 06:45,1BY6WEcLGh8j5v7,1051,35.4286,6455714.429,102.143
14-06-2020 16:30,rGa61gmuvPhdLxV,2887.75,7069.5,7337739.500,283.525
06-06-2020 23:15,ZoEaEvLYb1n2sOq,0,0,7265368.000,0
13-06-2020 07:45,pkci93gMrogZuBj,4133.14,277.571,7381084.571,406.043
27-05-2020 07:30,1IF53ai7Xc0U56Y,3694.38,219.25,6274857.250,362.988
31-05-2020 12:15,3PZuoBAID5Wc2HD,8354.71,3260.57,7112748.571,816.629
20-05-2020 00:15,7JYdWkrLSPkdwr4,0,0,7635208.000,0
08-06-2020 20:15,zBIq5rxdHJRwDNY,0,8358,6523269.000,0
12-06-2020 05:45,iCRJl6heRkivqQ3,0,0,7385471.000,0
13-06-2020 01:30,iCRJl6heRkivqQ3,0,0,7391359.000,0
15-06-2020 23:30,1IF53ai7Xc0U56Y,0,6846,6421214.000,0
13-06-2020 00:00,zBIq5rxdHJRwDNY,0,833.857,6549387.000,0
30-05-2020 03:45,1IF53ai7Xc0U56Y,0,0,6298211.000,0
18-05-2020 08:15,adLQvlD726eNBSB,1431.86,354.286,6292664.286,139.571
24-05-2020 04:45,rGa61gmuvPhdLxV,0,0,7175293.000,0
08-06-2020 13:00,pkci93gMrogZuBj,9901.5,4989.25,7351121.250,966.875
12-06-2020 23:15,VHMLBKoKgIrUVDU,0,5903,7420914.000,0
15-06-2020 23:00,ZoEaEvLYb1n2sOq,0,6639,7329691.000,0
13-06-2020 11:30,iCRJl6heRkivqQ3,13187.6,3494.43,7394853.429,1285.81
28-05-2020 08:45,uHbuxQJl8lW7ozc,7571.38,871.5,7136129.500,741.263
25-05-2020 08:30,zVJPv84UY57bAof,6647,611.429,7189407.429,651.114
09-06-2020 00:45,ih0vzX44oOqAx2f,0,0,6366909.000,0
16-06-2020 04:30,McdE0feGgRqW7Ca,0,0,7396230.000,0
17-05-2020 20:00,ZoEaEvLYb1n2sOq,0,7464,7118208.000,0
31-05-2020 02:15,iCRJl6heRkivqQ3,0,0,7298598.000,0
12-06-2020 14:45,McdE0feGgRqW7Ca,6200.5,4863.38,7372236.375,607.462
04-06-2020 23:00,ih0vzX44oOqAx2f,0,8009,6337019.000,0
05-06-2020 23:45,McdE0feGgRqW7Ca,0,4950,7324681.000,0
30-05-2020 19:45,adLQvlD726eNBSB,0,7419,6394771.000,0
15-06-2020 17:00,pkci93gMrogZuBj,2820.25,6620.5,7403042.500,276.863
12-06-2020 23:00,YxYtjZvoooNbGkE,0,5780,7391059.000,0
13-06-2020 17:45,rGa61gmuvPhdLxV,982.857,8354.14,7330635.143,95.4571
21-05-2020 18:00,wCURE6d3bPkepu2,309.75,7804.5,6832048.500,29.9
06-06-2020 03:00,3PZuoBAID5Wc2HD,0,0,7152486.000,0
15-05-2020 18:15,WRmjgnKYAwPKWDb,89,6141.12,7034814.125,8.5875
27-05-2020 03:00,pkci93gMrogZuBj,0,0,7258294.000,0
13-06-2020 22:30,ZoEaEvLYb1n2sOq,0,8378,7315763.000,0
10-06-2020 13:30,ih0vzX44oOqAx2f,11329.2,4439.38,6379194.375,1106.16
01-06-2020 07:30,1BY6WEcLGh8j5v7,3983.62,240.75,6378171.750,391.413
19-05-2020 20:00,7JYdWkrLSPkdwr4,0,6836,7635208.000,0
09-06-2020 21:15,McdE0feGgRqW7Ca,0,8235,7355017.000,0
31-05-2020 04:30,7JYdWkrLSPkdwr4,0,0,7721978.000,0
10-06-2020 14:00,VHMLBKoKgIrUVDU,6958.25,5057.75,7407873.750,681.3
03-06-2020 14:30,1IF53ai7Xc0U56Y,8722.62,5982.5,6330766.500,853.388
16-05-2020 23:15,YxYtjZvoooNbGkE,0,6475,7192732.000,0
13-06-2020 15:00,adLQvlD726eNBSB,10668.8,7493.12,6496215.125,1042.79
05-06-2020 12:15,z9Y9gH1T5YWrNuG,5018.88,3781.5,7167043.500,492.25
01-06-2020 04:00,WRmjgnKYAwPKWDb,0,0,7153866.000,0
28-05-2020 12:00,3PZuoBAID5Wc2HD,13529.6,4389.29,7089840.286,1319.16
23-05-2020 23:30,VHMLBKoKgIrUVDU,0,8611,7272332.000,0
08-06-2020 22:30,ZnxXDlPa8U1GXgE,0,8435,6709698.000,0
10-06-2020 07:45,ZoEaEvLYb1n2sOq,4055.62,297,7289976.000,398.413
16-05-2020 22:15,McdE0feGgRqW7Ca,0,6586,7172021.000,0
19-05-2020 01:45,z9Y9gH1T5YWrNuG,0,0,7033573.000,0
15-05-2020 19:15,iCRJl6heRkivqQ3,0,6418,7184410.000,0
18-05-2020 08:00,zBIq5rxdHJRwDNY,1268.29,307.857,6359964.857,123.357
31-05-2020 23:15,7JYdWkrLSPkdwr4,0,5843,7727821.000,0
02-06-2020 16:30,WRmjgnKYAwPKWDb,4401.86,6942.29,7166642.286,432.014
15-05-2020 12:00,zVJPv84UY57bAof,6880.88,2432.25,7118583.250,673.688
17-05-2020 12:30,uHbuxQJl8lW7ozc,7839.62,4354.5,7055693.500,766.45
17-05-2020 05:45,ZnxXDlPa8U1GXgE,0,0,6535152.000,0
22-05-2020 08:45,z9Y9gH1T5YWrNuG,3904.86,749,7057896.000,383.614
19-05-2020 10:45,uHbuxQJl8lW7ozc,9492.38,1978.5,7066179.500,927.5
11-06-2020 12:45,rGa61gmuvPhdLxV,5731.12,2881.5,7313650.500,561.625
21-05-2020 10:30,zVJPv84UY57bAof,11339.8,2222.88,7159401.875,1106.69
02-06-2020 23:45,z9Y9gH1T5YWrNuG,0,7446,7147274.000,0
18-05-2020 15:00,zBIq5rxdHJRwDNY,7956.29,4159.29,6363816.286,778.771
24-05-2020 21:00,ZoEaEvLYb1n2sOq,0,7985,7170169.000,0
22-05-2020 15:15,zBIq5rxdHJRwDNY,6501.86,6554.57,6395153.571,636.829
15-05-2020 11:00,1IF53ai7Xc0U56Y,8230.43,2014.57,6185659.571,804.9
20-05-2020 10:45,z9Y9gH1T5YWrNuG,11040.4,2710.43,7043175.429,1078.89
31-05-2020 22:45,1IF53ai7Xc0U56Y,0,5889,6311432.000,0
02-06-2020 04:00,adLQvlD726eNBSB,0,0,6406831.000,0
09-06-2020 17:15,uHbuxQJl8lW7ozc,2801.5,8150.75,7233704.750,274.788
28-05-2020 21:15,1IF53ai7Xc0U56Y,0,8496,6289958.000,0
01-06-2020 14:45,zBIq5rxdHJRwDNY,3070,5268.25,6468507.250,301.512
10-06-2020 19:30,YxYtjZvoooNbGkE,0,6419,7379687.000,0
17-05-2020 21:30,rGa61gmuvPhdLxV,0,7438,7131537.000,0
02-06-2020 08:00,rGa61gmuvPhdLxV,3617.14,265.143,7242234.143,355.229
07-06-2020 21:00,VHMLBKoKgIrUVDU,0,8219,7386208.000,0
17-06-2020 11:00,adLQvlD726eNBSB,6959.86,1989.14,6520387.143,681.114
07-06-2020 08:30,ZnxXDlPa8U1GXgE,3661,479.571,6693533.571,359.843
12-06-2020 14:30,uHbuxQJl8lW7ozc,6499.38,4648.62,7250854.625,636.688
25-05-2020 00:45,WRmjgnKYAwPKWDb,0,0,7101117.000,0
11-06-2020 17:30,ZnxXDlPa8U1GXgE,1436.12,5625.25,6729835.250,140.05
01-06-2020 00:00,YxYtjZvoooNbGkE,0,0,7305739.000,0
23-05-2020 00:00,ZoEaEvLYb1n2sOq,0,0,7153713.000,0
25-05-2020 05:00,sjndEbLyjtCKgGv,0,0,7089351.000,0
16-05-2020 08:00,z9Y9gH1T5YWrNuG,4179.12,332.875,7014584.875,410.512
30-05-2020 20:00,wCURE6d3bPkepu2,0,7278,6903158.000,0
13-06-2020 13:15,z9Y9gH1T5YWrNuG,9153.86,5415.43,7222282.429,894.2
13-06-2020 14:45,adLQvlD726eNBSB,10208.6,7233.86,6495955.857,998.043
18-05-2020 12:45,iCRJl6heRkivqQ3,7810,2245.57,7200612.571,764.486
13-06-2020 01:00,1BY6WEcLGh8j5v7,0,0,6455679.000,0
25-05-2020 02:45,uHbuxQJl8lW7ozc,0,0,7111852.000,0
26-05-2020 10:30,ZnxXDlPa8U1GXgE,12419.8,2473.38,6607139.375,1211.29
31-05-2020 11:30,sjndEbLyjtCKgGv,10895.1,2835.38,7139090.375,1063.83
26-05-2020 11:30,sjndEbLyjtCKgGv,11195.5,3516.5,7101627.500,1092.66
26-05-2020 04:45,zBIq5rxdHJRwDNY,0,0,6420201.000,0
17-05-2020 22:30,bvBOhCH3iADSZry,0,6928,6335576.000,0
11-06-2020 01:15,1BY6WEcLGh8j5v7,0,0,6444981.000,0
04-06-2020 02:30,7JYdWkrLSPkdwr4,0,0,7748622.000,0
12-06-2020 21:30,zBIq5rxdHJRwDNY,0,5837,6549387.000,0
17-06-2020 11:45,YxYtjZvoooNbGkE,11665.7,2515.86,7422071.857,1138.86
15-06-2020 01:15,zVJPv84UY57bAof,0,0,7344280.000,0
24-05-2020 07:30,uHbuxQJl8lW7ozc,3171.86,192,7103938.000,311.643
16-06-2020 18:45,wCURE6d3bPkepu2,0,6274,7022718.000,0
22-05-2020 01:15,rGa61gmuvPhdLxV,0,0,7160399.000,0
24-05-2020 14:15,bvBOhCH3iADSZry,8933.38,5840.62,6382612.625,873.7
22-05-2020 16:45,ZnxXDlPa8U1GXgE,1982.14,7138.71,6579002.714,194.314
13-06-2020 05:45,7JYdWkrLSPkdwr4,0,0,7812417.000,0
29-05-2020 20:00,ZoEaEvLYb1n2sOq,0,0,7209600.000,0
11-06-2020 23:00,WRmjgnKYAwPKWDb,0,5619,7232986.000,0
14-06-2020 09:45,uHbuxQJl8lW7ozc,8228.14,1455.86,7261986.857,805.3
24-05-2020 10:45,McdE0feGgRqW7Ca,11390.4,2300,7226936.000,1111.61
11-06-2020 07:45,pkci93gMrogZuBj,2023.57,132.857,7369426.857,198.386
09-06-2020 16:45,7JYdWkrLSPkdwr4,4079.38,7625.88,7794418.875,400.788
21-05-2020 14:30,z9Y9gH1T5YWrNuG,8381.86,6435.57,7055696.571,818.9
17-06-2020 00:45,zBIq5rxdHJRwDNY,0,0,6577552.000,0
27-05-2020 04:45,rGa61gmuvPhdLxV,0,0,7199869.000,0
08-06-2020 23:30,ih0vzX44oOqAx2f,0,8217,6366909.000,0
07-06-2020 21:45,WRmjgnKYAwPKWDb,0,8071,7204682.000,0
08-06-2020 22:45,bvBOhCH3iADSZry,0,7693,6485986.000,0
03-06-2020 16:45,ZnxXDlPa8U1GXgE,4044.38,7542.25,6670510.250,396.712
16-06-2020 15:45,uHbuxQJl8lW7ozc,5413.67,5710.78,7280453.778,530.689
20-05-2020 19:30,iCRJl6heRkivqQ3,0,8887,7219605.000,0
02-06-2020 07:30,adLQvlD726eNBSB,2152.5,158,6406989.000,211.037
29-05-2020 11:00,wCURE6d3bPkepu2,12259.4,2708.5,6890417.500,1195.29
28-05-2020 00:00,zVJPv84UY57bAof,0,0,7212082.000,0
28-05-2020 20:30,McdE0feGgRqW7Ca,0,8567,7264956.000,0
05-06-2020 14:30,zBIq5rxdHJRwDNY,11873.9,5562.88,6498141.875,1158.28
23-05-2020 07:00,1IF53ai7Xc0U56Y,1052.86,45.2857,6240579.286,102.314
11-06-2020 12:30,z9Y9gH1T5YWrNuG,7841.43,2717,7208182.000,767.571
08-06-2020 09:00,McdE0feGgRqW7Ca,6967.14,886.857,7339088.857,682.3
25-05-2020 13:15,adLQvlD726eNBSB,12308.3,6015.67,6352146.667,1200.08
07-06-2020 22:15,ih0vzX44oOqAx2f,0,8019,6358692.000,0
14-06-2020 05:15,7JYdWkrLSPkdwr4,0,0,7820852.000,0
03-06-2020 13:45,rGa61gmuvPhdLxV,8570,4976.5,7254306.500,838.6
29-05-2020 12:45,zVJPv84UY57bAof,12466,4689.75,7225162.750,1215.44
17-06-2020 02:00,uHbuxQJl8lW7ozc,0,0,7281035.000,0
02-06-2020 05:00,VHMLBKoKgIrUVDU,0,0,7340314.000,0
04-06-2020 02:45,rGa61gmuvPhdLxV,0,0,7257137.000,0
07-06-2020 13:30,ih0vzX44oOqAx2f,11227,5412.38,6356085.375,1095.88
31-05-2020 23:15,adLQvlD726eNBSB,0,5933,6400704.000,0
10-06-2020 07:15,zVJPv84UY57bAof,2480,142.625,7310598.625,243.188
30-05-2020 01:30,iCRJl6heRkivqQ3,0,0,7291253.000,0
03-06-2020 21:15,WRmjgnKYAwPKWDb,0,7710,7174627.000,0
03-06-2020 09:45,1IF53ai7Xc0U56Y,6015.88,1297.75,6326081.750,589.462
31-05-2020 15:00,zBIq5rxdHJRwDNY,2237,5309,6462610.000,219.357
12-06-2020 05:00,WRmjgnKYAwPKWDb,0,0,7232986.000,0
02-06-2020 16:45,McdE0feGgRqW7Ca,3260.38,7406.12,7300158.125,320.1
10-06-2020 10:30,WRmjgnKYAwPKWDb,6511.71,1926.29,7222904.286,637.786
27-05-2020 06:00,zVJPv84UY57bAof,144,0.285714,7205383.286,13.8857
17-06-2020 08:45,1IF53ai7Xc0U56Y,4032.62,602.375,6428134.375,396.188
27-05-2020 08:45,7JYdWkrLSPkdwr4,7589.88,834.625,7692746.625,743.05
16-06-2020 10:30,3PZuoBAID5Wc2HD,8761.12,2194.38,7227236.375,857.212
09-06-2020 21:15,1IF53ai7Xc0U56Y,0,8189,6380022.000,0
30-05-2020 16:00,z9Y9gH1T5YWrNuG,6761.25,6467.38,7126922.375,662.225
09-06-2020 22:00,iCRJl6heRkivqQ3,0,8265,7373220.000,0
15-05-2020 00:30,ih0vzX44oOqAx2f,0,0,6185184.000,0
24-05-2020 19:30,iCRJl6heRkivqQ3,0,8041,7251261.000,0
25-05-2020 05:00,1IF53ai7Xc0U56Y,0,0,6257480.000,0
06-06-2020 00:15,bvBOhCH3iADSZry,0,0,6467251.000,0
16-05-2020 23:45,1IF53ai7Xc0U56Y,0,5768,6196594.000,0
11-06-2020 00:45,pkci93gMrogZuBj,0,0,7369294.000,0
14-06-2020 19:45,1BY6WEcLGh8j5v7,0,4012,6467675.000,0
02-06-2020 03:45,ZnxXDlPa8U1GXgE,0,0,6655443.000,0
02-06-2020 02:15,uHbuxQJl8lW7ozc,0,0,7170942.000,0
15-06-2020 05:45,VHMLBKoKgIrUVDU,0,0,7437055.000,0
17-06-2020 00:30,McdE0feGgRqW7Ca,0,0,7402595.000,0
18-05-2020 16:00,pkci93gMrogZuBj,5849.14,4855,7193902.000,573.257
14-06-2020 15:15,uHbuxQJl8lW7ozc,10205,6369.62,7266900.625,996.712
10-06-2020 19:30,3PZuoBAID5Wc2HD,0,6550,7190469.000,0
18-05-2020 16:00,7JYdWkrLSPkdwr4,5605.57,4821.57,7627884.571,549.429
11-06-2020 06:30,bvBOhCH3iADSZry,333,6.5,6499216.500,32.175
04-06-2020 18:30,iCRJl6heRkivqQ3,51.1429,8303.71,7333999.714,4.92857
02-06-2020 05:00,rGa61gmuvPhdLxV,0,0,7241969.000,0
17-06-2020 07:15,zVJPv84UY57bAof,2131,57,7357419.000,209.057
17-06-2020 05:45,1IF53ai7Xc0U56Y,0,0,6427532.000,0
19-05-2020 03:15,3PZuoBAID5Wc2HD,0,0,7013918.000,0
13-06-2020 08:15,1IF53ai7Xc0U56Y,6654.57,595.714,6398822.714,651.829
15-05-2020 12:00,uHbuxQJl8lW7ozc,6011.43,2898.71,7041579.714,588.986
15-06-2020 04:15,ih0vzX44oOqAx2f,0,0,6407683.000,0
19-05-2020 12:45,1IF53ai7Xc0U56Y,11499,3776.25,6213582.250,1122.5
28-05-2020 10:45,z9Y9gH1T5YWrNuG,10415.8,2747.25,7106632.250,1016.62
01-06-2020 12:30,pkci93gMrogZuBj,8501.29,3716.86,7298507.857,830.957
06-06-2020 00:00,3PZuoBAID5Wc2HD,0,0,7152486.000,0
17-06-2020 08:00,wCURE6d3bPkepu2,3438,295.571,7023013.571,337.986
30-05-2020 15:30,uHbuxQJl8lW7ozc,8396.86,6258.71,7158190.714,821.729
13-06-2020 10:00,sjndEbLyjtCKgGv,7238.43,1847.14,7228948.143,708.257
14-06-2020 06:15,7JYdWkrLSPkdwr4,316.429,4.57143,7820856.571,30.5714
19-05-2020 14:15,bvBOhCH3iADSZry,8828.5,4633,6345171.000,863.638
26-05-2020 14:30,rGa61gmuvPhdLxV,5933.43,6199.86,7198301.857,580.971
17-05-2020 13:15,z9Y9gH1T5YWrNuG,6500.12,4940.25,7025680.250,635.938
09-06-2020 22:45,ZoEaEvLYb1n2sOq,0,7955,7289679.000,0
11-06-2020 12:15,1BY6WEcLGh8j5v7,8563,2341.12,6447322.125,837.913
03-06-2020 23:30,wCURE6d3bPkepu2,0,7907,6930776.000,0
15-05-2020 06:15,ZoEaEvLYb1n2sOq,296.333,2.83333,7098101.833,28.6333
20-05-2020 21:45,sjndEbLyjtCKgGv,0,8777,7058061.000,0
22-05-2020 22:30,1IF53ai7Xc0U56Y,0,7287,6240534.000,0
29-05-2020 16:30,zBIq5rxdHJRwDNY,4256.88,7565.62,6449559.625,417.975
02-06-2020 23:30,ih0vzX44oOqAx2f,0,0,6321311.000,0
18-05-2020 01:30,sjndEbLyjtCKgGv,0,0,7037054.000,0
31-05-2020 04:00,iCRJl6heRkivqQ3,0,0,7298598.000,0
09-06-2020 06:30,rGa61gmuvPhdLxV,812.5,25.125,7295989.125,78.825
30-05-2020 13:00,YxYtjZvoooNbGkE,8509.71,3623.14,7296126.143,832.671
19-05-2020 22:00,adLQvlD726eNBSB,0,0,6304513.000,0
01-06-2020 01:45,zVJPv84UY57bAof,0,0,7242024.000,0
15-05-2020 04:00,WRmjgnKYAwPKWDb,0,0,7028673.000,0
18-05-2020 01:00,zBIq5rxdHJRwDNY,0,0,6359657.000,0
08-06-2020 01:15,1IF53ai7Xc0U56Y,0,0,6363338.000,0
18-05-2020 14:30,ZoEaEvLYb1n2sOq,6584,3776.57,7121984.571,644.914
13-06-2020 08:30,zBIq5rxdHJRwDNY,6806.88,693.875,6550080.875,666.712
19-05-2020 21:30,YxYtjZvoooNbGkE,0,6878,7212476.000,0
17-06-2020 01:00,YxYtjZvoooNbGkE,0,0,7419556.000,0
24-05-2020 04:30,adLQvlD726eNBSB,0,0,6337734.000,0
06-06-2020 10:00,VHMLBKoKgIrUVDU,10832.4,1780.14,7373334.143,1057.41
05-06-2020 19:15,iCRJl6heRkivqQ3,0,7803,7341803.000,0
10-06-2020 23:00,McdE0feGgRqW7Ca,0,6606,7361623.000,0
17-05-2020 15:30,1BY6WEcLGh8j5v7,7316.57,6303,6277908.000,716.214
14-06-2020 08:00,ZnxXDlPa8U1GXgE,4264.62,412,6744755.000,418.812
11-06-2020 23:00,zVJPv84UY57bAof,0,5671,7322687.000,0
15-05-2020 08:00,7JYdWkrLSPkdwr4,2741.5,281,7603241.000,269.15
10-06-2020 10:45,bvBOhCH3iADSZry,5361.71,1879.14,6495226.143,525.771
02-06-2020 08:30,VHMLBKoKgIrUVDU,7469,644.714,7340958.714,731.243
18-05-2020 06:15,bvBOhCH3iADSZry,362.286,5.14286,6335581.143,35.0286
10-06-2020 06:30,YxYtjZvoooNbGkE,833.143,21.8571,7373289.857,80.8571
17-06-2020 19:30,VHMLBKoKgIrUVDU,0,6007,7456208.000,0
31-05-2020 00:00,zBIq5rxdHJRwDNY,0,924.5,6457301.000,0
27-05-2020 13:30,3PZuoBAID5Wc2HD,4964.12,4666.38,7083377.375,486.825
21-05-2020 13:15,1BY6WEcLGh8j5v7,11813.9,4771,6303117.000,1152.24
22-05-2020 12:00,adLQvlD726eNBSB,13082.1,3413.29,6324986.286,1275.49
16-06-2020 09:15,ih0vzX44oOqAx2f,6333.38,1007,6415254.000,620.487
18-05-2020 11:00,YxYtjZvoooNbGkE,6422.62,995.125,7201224.125,629.188
14-06-2020 13:00,ZoEaEvLYb1n2sOq,8653.29,4107.71,7319870.714,846.671
08-06-2020 12:45,sjndEbLyjtCKgGv,6931.71,4783.43,7197337.429,678.743
19-05-2020 00:30,rGa61gmuvPhdLxV,0,0,7136902.000,0
15-06-2020 18:15,McdE0feGgRqW7Ca,246.714,6868.86,7396227.000,23.8286
16-06-2020 19:15,zBIq5rxdHJRwDNY,0,5719,6577552.000,0
27-05-2020 03:45,rGa61gmuvPhdLxV,0,0,7199869.000,0
02-06-2020 09:45,3PZuoBAID5Wc2HD,10742.5,1594.88,7122863.875,1048.92
19-05-2020 00:45,wCURE6d3bPkepu2,0,0,6808393.000,0
17-05-2020 11:15,sjndEbLyjtCKgGv,12820.9,3055.43,7032668.429,1250.01
19-05-2020 02:30,wCURE6d3bPkepu2,0,0,6808393.000,0
08-06-2020 02:00,VHMLBKoKgIrUVDU,0,0,7386208.000,0
31-05-2020 19:00,7JYdWkrLSPkdwr4,0,5843,7727821.000,0
03-06-2020 21:15,ZnxXDlPa8U1GXgE,0,7916,6670884.000,0
10-06-2020 21:00,adLQvlD726eNBSB,0,6667,6476944.000,0
21-05-2020 19:45,iCRJl6heRkivqQ3,0,7837,7227442.000,0
27-05-2020 04:15,bvBOhCH3iADSZry,0,0,6399700.000,0
17-06-2020 17:45,ZoEaEvLYb1n2sOq,937.857,5836.14,7341718.143,91.0571
24-05-2020 23:00,wCURE6d3bPkepu2,0,7961,6855791.000,0
15-06-2020 14:15,7JYdWkrLSPkdwr4,6437,5049.25,7833207.250,629.95
21-05-2020 14:00,zVJPv84UY57bAof,10658,6121.43,7163300.429,1040
08-06-2020 21:00,wCURE6d3bPkepu2,0,8443,6967970.000,0
08-06-2020 14:45,7JYdWkrLSPkdwr4,9307.25,6662.25,7785172.250,910.038
10-06-2020 16:45,ZoEaEvLYb1n2sOq,2740.12,6162.5,7295841.500,268.938
04-06-2020 04:30,3PZuoBAID5Wc2HD,0,0,7136488.000,0
04-06-2020 09:30,ih0vzX44oOqAx2f,6654.71,1230,6330240.000,651.771
19-05-2020 03:30,zVJPv84UY57bAof,0,0,7141405.000,0
10-06-2020 14:15,pkci93gMrogZuBj,9758.43,5337.14,7368053.143,954.286
29-05-2020 22:00,adLQvlD726eNBSB,0,8343,6387352.000,0
31-05-2020 22:45,3PZuoBAID5Wc2HD,0,5816,7115304.000,0
07-06-2020 11:30,1IF53ai7Xc0U56Y,12056.6,3093.62,6358192.625,1176.72
07-06-2020 18:00,adLQvlD726eNBSB,696.125,8335.75,6453366.750,67.4625
20-05-2020 08:15,YxYtjZvoooNbGkE,5889.25,538,7213014.000,577.087
11-06-2020 07:30,zVJPv84UY57bAof,1474.62,90.125,7317106.125,143.863
08-06-2020 18:15,7JYdWkrLSPkdwr4,443.143,8275,7786785.000,42.8429
01-06-2020 12:00,3PZuoBAID5Wc2HD,5425.71,3823,7119127.000,531.771
04-06-2020 14:30,McdE0feGgRqW7Ca,6818.38,6138.38,7314507.375,667.737
11-06-2020 10:45,adLQvlD726eNBSB,6146.43,1392.14,6478336.143,602.2
16-05-2020 16:15,sjndEbLyjtCKgGv,2825.29,6130.71,7029312.714,277.1
26-05-2020 21:45,pkci93gMrogZuBj,0,0,7258294.000,0
19-05-2020 20:00,uHbuxQJl8lW7ozc,0,6997,7071198.000,0
06-06-2020 13:00,7JYdWkrLSPkdwr4,13606.6,4345.71,7768485.714,1326.67
22-05-2020 21:15,sjndEbLyjtCKgGv,0,0,7072962.000,0
08-06-2020 15:15,rGa61gmuvPhdLxV,9062.14,7175.29,7294848.286,886.4
26-05-2020 10:45,3PZuoBAID5Wc2HD,11439.1,2882.25,7073518.250,1116.19
15-06-2020 16:30,adLQvlD726eNBSB,3561.86,6554.29,6511640.286,350.129
09-06-2020 21:15,ZnxXDlPa8U1GXgE,0,8074,6717772.000,0
08-06-2020 10:15,VHMLBKoKgIrUVDU,11301,2226.14,7388434.143,1102.71
17-05-2020 16:00,7JYdWkrLSPkdwr4,6368.62,6989.25,7622526.250,623.812
26-05-2020 18:30,sjndEbLyjtCKgGv,0,0,7105889.000,0
17-05-2020 19:30,WRmjgnKYAwPKWDb,0,7674,7049104.000,0
15-06-2020 23:30,iCRJl6heRkivqQ3,0,6777,7414001.000,0
26-05-2020 22:45,3PZuoBAID5Wc2HD,0,0,7078711.000,0
17-05-2020 12:30,ZoEaEvLYb1n2sOq,7636.57,4318,7115062.000,747.1
17-05-2020 02:45,wCURE6d3bPkepu2,0,0,6795470.000,0
15-06-2020 01:00,1IF53ai7Xc0U56Y,0,0,6414368.000,0
15-06-2020 15:15,zBIq5rxdHJRwDNY,6296,5821,6570958.000,616.75
14-06-2020 07:15,3PZuoBAID5Wc2HD,3182.5,136.5,7210855.500,312.587
08-06-2020 23:00,ZoEaEvLYb1n2sOq,0,8271,7281724.000,0
16-05-2020 06:00,7JYdWkrLSPkdwr4,43.7143,0,7609076.000,4.21429
20-05-2020 05:45,1BY6WEcLGh8j5v7,0,0,6290097.000,0
13-06-2020 18:45,ZoEaEvLYb1n2sOq,0,8378,7315763.000,0
06-06-2020 00:00,YxYtjZvoooNbGkE,0,0,7342489.000,0
13-06-2020 02:30,wCURE6d3bPkepu2,0,0,6993908.000,0
19-05-2020 06:45,rGa61gmuvPhdLxV,733.429,11.5714,7136913.571,71.2571
17-05-2020 00:00,wCURE6d3bPkepu2,0,0,6795470.000,0
26-05-2020 03:30,wCURE6d3bPkepu2,0,0,6864650.000,0
29-05-2020 09:30,McdE0feGgRqW7Ca,6444.75,1224.25,7266180.250,631.35
17-06-2020 15:00,WRmjgnKYAwPKWDb,4531.38,5403.12,7272982.125,444.6
13-06-2020 02:00,ih0vzX44oOqAx2f,0,0,6392263.000,0
15-06-2020 16:00,uHbuxQJl8lW7ozc,1928.88,6418.12,7274255.125,188.863
23-05-2020 17:30,zBIq5rxdHJRwDNY,2057.12,8561.5,6404368.500,201.7
02-06-2020 13:00,WRmjgnKYAwPKWDb,13001.8,4262.5,7163962.500,1267.66
17-06-2020 05:15,ih0vzX44oOqAx2f,0,0,6420371.000,0
14-06-2020 17:30,ZoEaEvLYb1n2sOq,971.714,7249.14,7323012.143,94.4143
21-05-2020 19:15,iCRJl6heRkivqQ3,0,7837,7227442.000,0
16-05-2020 06:00,1IF53ai7Xc0U56Y,57.25,0,6190002.000,5.525
03-06-2020 22:00,3PZuoBAID5Wc2HD,0,7874,7136488.000,0
08-06-2020 21:30,ZnxXDlPa8U1GXgE,0,8435,6709698.000,0
20-05-2020 07:00,uHbuxQJl8lW7ozc,1588.57,69.7143,7071267.714,155.3
08-06-2020 04:00,wCURE6d3bPkepu2,0,0,6959527.000,0
16-05-2020 04:00,adLQvlD726eNBSB,0,0,6277738.000,0
10-06-2020 10:45,WRmjgnKYAwPKWDb,5745.25,2076.5,7223054.500,563
07-06-2020 21:15,adLQvlD726eNBSB,0,8353,6453384.000,0
15-06-2020 06:45,sjndEbLyjtCKgGv,1472.25,53.625,7242864.625,143.7
16-05-2020 23:30,z9Y9gH1T5YWrNuG,0,6488,7020740.000,0
16-06-2020 18:00,wCURE6d3bPkepu2,697.286,6256,7022700.000,67.5714
14-06-2020 08:45,zVJPv84UY57bAof,5484.71,735.714,7337695.714,537.543
15-05-2020 17:30,1BY6WEcLGh8j5v7,1091,5719,6265278.000,106.067
04-06-2020 10:30,iCRJl6heRkivqQ3,9395.25,2049,7327745.000,917.438
08-06-2020 03:00,zBIq5rxdHJRwDNY,0,0,6514911.000,0
30-05-2020 09:00,zVJPv84UY57bAof,3827.29,653,7229340.000,376.114
08-06-2020 23:00,sjndEbLyjtCKgGv,0,8371,7200925.000,0
17-06-2020 20:00,wCURE6d3bPkepu2,0,5883,7028601.000,0
28-05-2020 14:15,adLQvlD726eNBSB,5257.25,6812.25,6377185.250,515.413
29-05-2020 16:45,sjndEbLyjtCKgGv,3672.14,7879.86,7128782.857,360.886
22-05-2020 14:45,iCRJl6heRkivqQ3,10761.7,6033.29,7233475.286,1051.83
20-05-2020 10:30,bvBOhCH3iADSZry,10087,2270.88,6349177.875,986.25
28-05-2020 09:15,bvBOhCH3iADSZry,8158,1200.88,6407033.875,798.462
28-05-2020 06:45,rGa61gmuvPhdLxV,1204.5,44.125,7206593.125,117.15
29-05-2020 09:15,wCURE6d3bPkepu2,8900,1013.14,6888722.143,870.657
30-05-2020 23:00,adLQvlD726eNBSB,0,7419,6394771.000,0
26-05-2020 03:45,bvBOhCH3iADSZry,0,0,6392336.000,0
17-05-2020 02:15,1BY6WEcLGh8j5v7,0,0,6271605.000,0
31-05-2020 13:15,ih0vzX44oOqAx2f,5096.38,4427.12,6306694.125,499.863
23-05-2020 00:15,rGa61gmuvPhdLxV,0,0,7167141.000,0
28-05-2020 18:30,YxYtjZvoooNbGkE,77.2,8375,7284404.000,7.44
15-05-2020 14:45,wCURE6d3bPkepu2,7468.57,5014.57,6787612.571,730.571
18-05-2020 10:15,3PZuoBAID5Wc2HD,2246.38,683.5,7009166.500,220.262
12-06-2020 08:30,WRmjgnKYAwPKWDb,3223.43,280,7233266.000,316.843
10-06-2020 22:00,adLQvlD726eNBSB,0,6667,6476944.000,0
06-06-2020 23:45,McdE0feGgRqW7Ca,0,0,7331160.000,0
26-05-2020 23:30,YxYtjZvoooNbGkE,0,0,7269333.000,0
26-05-2020 05:00,ZoEaEvLYb1n2sOq,0,0,7178914.000,0
08-06-2020 23:45,zVJPv84UY57bAof,0,8377,7302167.000,0
20-05-2020 02:15,VHMLBKoKgIrUVDU,0,0,7239542.000,0
16-05-2020 06:45,3PZuoBAID5Wc2HD,1167.29,39.2857,6994072.286,113.529
09-06-2020 19:15,3PZuoBAID5Wc2HD,0,8186,7183919.000,0
14-06-2020 10:00,uHbuxQJl8lW7ozc,8922,1662.75,7262193.750,872.837
28-05-2020 11:30,iCRJl6heRkivqQ3,13121.6,3563,7278255.000,1279.36
02-06-2020 16:45,1IF53ai7Xc0U56Y,3003.86,7159.29,6324603.286,294.814
17-05-2020 02:15,VHMLBKoKgIrUVDU,0,0,7219380.000,0
14-06-2020 10:00,1IF53ai7Xc0U56Y,8644.5,1709.25,6408590.250,845.763
01-06-2020 18:30,zBIq5rxdHJRwDNY,24.375,5793.88,6469032.875,2.35
03-06-2020 15:15,ih0vzX44oOqAx2f,10809.6,6549.62,6327860.625,1055.67
13-06-2020 23:00,1BY6WEcLGh8j5v7,0,7984,6463663.000,0
18-05-2020 06:00,1BY6WEcLGh8j5v7,72.625,0.125,6278650.125,7.025
07-06-2020 00:00,ZnxXDlPa8U1GXgE,0,907.857,6693054.000,0
02-06-2020 15:45,WRmjgnKYAwPKWDb,5606.14,6542.14,7166242.143,549.6
22-05-2020 03:30,ZoEaEvLYb1n2sOq,0,0,7146685.000,0
02-06-2020 00:15,bvBOhCH3iADSZry,0,0,6438645.000,0
11-06-2020 09:15,z9Y9gH1T5YWrNuG,4196.29,595.143,7206060.143,412.229
31-05-2020 15:45,uHbuxQJl8lW7ozc,3102.75,5644.25,7164916.250,304.825
30-05-2020 13:15,pkci93gMrogZuBj,11239.9,3927.75,7285462.750,1097.41
16-05-2020 21:45,McdE0feGgRqW7Ca,0,6586,7172021.000,0
18-05-2020 03:45,adLQvlD726eNBSB,0,0,6292310.000,0
26-05-2020 10:15,3PZuoBAID5Wc2HD,10775.4,2353.12,7072989.125,1051.53
16-05-2020 03:00,zBIq5rxdHJRwDNY,0,0,6345776.000,0
15-06-2020 16:45,7JYdWkrLSPkdwr4,3909.5,6383.75,7834541.750,384.163
01-06-2020 01:15,uHbuxQJl8lW7ozc,0,0,7165353.000,0
02-06-2020 04:30,1BY6WEcLGh8j5v7,0,0,6383439.000,0
17-05-2020 04:45,z9Y9gH1T5YWrNuG,0,0,7020740.000,0
08-06-2020 19:15,7JYdWkrLSPkdwr4,0,8283,7786793.000,0
23-05-2020 15:30,z9Y9gH1T5YWrNuG,9013.38,7418.88,7071637.875,881.788
14-06-2020 01:15,1BY6WEcLGh8j5v7,0,0,6463663.000,0
16-05-2020 17:15,WRmjgnKYAwPKWDb,1599.25,6536.25,7041351.250,156.375
29-05-2020 07:30,7JYdWkrLSPkdwr4,2238.86,192.429,7707020.429,219.514
08-06-2020 13:30,ZnxXDlPa8U1GXgE,7458.62,5484.38,6706747.375,729.425
02-06-2020 15:45,ZoEaEvLYb1n2sOq,6065.75,6569.25,7235009.250,594.225
08-06-2020 14:15,McdE0feGgRqW7Ca,11427.2,6325.88,7344527.875,1115.21
20-05-2020 08:15,ZoEaEvLYb1n2sOq,5803.5,530.125,7130862.125,568.737
22-05-2020 20:30,ih0vzX44oOqAx2f,0,7000,6240543.000,0
31-05-2020 21:00,iCRJl6heRkivqQ3,0,5969,7304567.000,0
16-05-2020 03:00,WRmjgnKYAwPKWDb,0,0,7034815.000,0
04-06-2020 10:30,uHbuxQJl8lW7ozc,10478,2114.75,7188369.750,1022.38
08-06-2020 06:45,VHMLBKoKgIrUVDU,1131.75,47.25,7386255.250,110.037
13-06-2020 18:15,rGa61gmuvPhdLxV,287.286,8384.29,7330665.286,27.7429
24-05-2020 15:00,wCURE6d3bPkepu2,8576.88,6918.38,6854748.375,839.112
28-05-2020 22:15,zBIq5rxdHJRwDNY,0,7911,6441994.000,0
12-06-2020 02:30,zBIq5rxdHJRwDNY,0,0,6543550.000,0
10-06-2020 18:30,ZoEaEvLYb1n2sOq,0,6392,7296071.000,0
21-05-2020 10:15,YxYtjZvoooNbGkE,7348.88,1970.38,7223264.375,718.562
25-05-2020 19:00,ZoEaEvLYb1n2sOq,0,8745,7178914.000,0
11-06-2020 20:15,YxYtjZvoooNbGkE,0,5592,7385279.000,0
19-05-2020 23:30,VHMLBKoKgIrUVDU,0,6988,7239542.000,0
25-05-2020 21:15,uHbuxQJl8lW7ozc,0,8844,7120696.000,0
18-05-2020 13:45,YxYtjZvoooNbGkE,13233.6,3227,7203456.000,1290.26
29-05-2020 11:30,iCRJl6heRkivqQ3,9844,3258.86,7286295.857,961.429
28-05-2020 22:15,pkci93gMrogZuBj,0,8273,7273258.000,0
20-05-2020 20:30,iCRJl6heRkivqQ3,0,8887,7219605.000,0
16-06-2020 17:30,uHbuxQJl8lW7ozc,1459.57,6224.29,7280967.286,142.343
01-06-2020 05:00,1BY6WEcLGh8j5v7,0,0,6377931.000,0
15-06-2020 18:00,sjndEbLyjtCKgGv,557.375,6714.75,7249525.750,53.925
16-05-2020 23:00,McdE0feGgRqW7Ca,0,6586,7172021.000,0
20-05-2020 08:00,McdE0feGgRqW7Ca,5305.86,410.429,7192508.429,520.1
06-06-2020 00:45,bvBOhCH3iADSZry,0,0,6467251.000,0
01-06-2020 12:30,YxYtjZvoooNbGkE,7555.75,3976.75,7309715.750,739.325
17-06-2020 03:15,uHbuxQJl8lW7ozc,0,0,7281035.000,0
01-06-2020 01:15,WRmjgnKYAwPKWDb,0,0,7153866.000,0
19-05-2020 08:30,zBIq5rxdHJRwDNY,4181.14,464.286,6365511.286,410.314
12-06-2020 22:00,zBIq5rxdHJRwDNY,0,5837,6549387.000,0
29-05-2020 09:45,zVJPv84UY57bAof,8773.29,1403.14,7221876.143,857.929
28-05-2020 12:00,zVJPv84UY57bAof,11636.4,4149.75,7216231.750,1135.25
03-06-2020 04:45,rGa61gmuvPhdLxV,0,0,7249330.000,0
15-06-2020 22:15,ZnxXDlPa8U1GXgE,0,6757,6758504.000,0
25-05-2020 20:45,bvBOhCH3iADSZry,0,8124,6392336.000,0
14-06-2020 08:45,wCURE6d3bPkepu2,5305,730.286,7003099.286,520.086
07-06-2020 15:45,adLQvlD726eNBSB,6360.12,7488.75,6452519.750,622.825
23-05-2020 14:45,1BY6WEcLGh8j5v7,6789.57,6411.43,6318848.429,664.986
06-06-2020 07:15,sjndEbLyjtCKgGv,3388.62,163.875,7179440.875,332.988
17-06-2020 03:45,ZnxXDlPa8U1GXgE,0,0,6764808.000,0
11-06-2020 12:30,3PZuoBAID5Wc2HD,8087.88,2775.62,7193244.625,791.587
26-05-2020 05:15,YxYtjZvoooNbGkE,0,0,7261464.000,0
31-05-2020 12:15,YxYtjZvoooNbGkE,8570.57,3453,7303222.000,838.071
12-06-2020 10:00,WRmjgnKYAwPKWDb,5753.57,1058.86,7234044.857,563.843
25-05-2020 03:00,YxYtjZvoooNbGkE,0,0,7252651.000,0
25-05-2020 21:00,ZnxXDlPa8U1GXgE,0,8910,6604666.000,0
17-05-2020 03:00,adLQvlD726eNBSB,0,0,6284443.000,0
27-05-2020 15:45,YxYtjZvoooNbGkE,6099.88,5996.62,7275329.625,597.362
01-06-2020 02:15,VHMLBKoKgIrUVDU,0,0,7334405.000,0
16-05-2020 21:15,3PZuoBAID5Wc2HD,0,6656,7000689.000,0
16-05-2020 17:15,z9Y9gH1T5YWrNuG,1605,6409.14,7020661.143,157.043
09-06-2020 12:45,WRmjgnKYAwPKWDb,9796.86,4726.86,7217727.857,956.886
15-05-2020 09:45,1IF53ai7Xc0U56Y,7680.71,1166.57,6184811.571,751.271
11-06-2020 16:45,ZnxXDlPa8U1GXgE,3174.29,5462.57,6729672.571,311.914
18-05-2020 15:00,McdE0feGgRqW7Ca,7883.86,4225.14,7183852.143,771.714
16-05-2020 23:45,z9Y9gH1T5YWrNuG,0,6488,7020740.000,0
02-06-2020 05:15,pkci93gMrogZuBj,0,0,7300300.000,0
09-06-2020 03:00,1IF53ai7Xc0U56Y,0,0,6371833.000,0
14-06-2020 21:15,iCRJl6heRkivqQ3,0,7369,7407224.000,0
31-05-2020 08:00,ih0vzX44oOqAx2f,2755.25,254.25,6302521.250,270.4
08-06-2020 05:15,WRmjgnKYAwPKWDb,0,0,7204682.000,0
05-06-2020 09:30,YxYtjZvoooNbGkE,9455.29,1266.29,7336152.286,923.771
27-05-2020 22:00,uHbuxQJl8lW7ozc,0,0,7135258.000,0
02-06-2020 16:00,pkci93gMrogZuBj,6628.57,6789.86,7307089.857,649.2
16-06-2020 21:45,zVJPv84UY57bAof,0,6262,7357362.000,0
12-06-2020 22:15,ZnxXDlPa8U1GXgE,0,5883,6735785.000,0
12-06-2020 11:00,adLQvlD726eNBSB,6288.75,1812.75,6484546.750,616.1
16-05-2020 14:15,adLQvlD726eNBSB,8950.71,5244.29,6282982.286,875.643
12-06-2020 00:00,iCRJl6heRkivqQ3,0,0,7385471.000,0
16-06-2020 12:15,adLQvlD726eNBSB,6095.5,3549.88,6515551.875,597.337
13-06-2020 14:00,iCRJl6heRkivqQ3,12512.9,6173.25,7397532.250,1220.71
21-05-2020 09:00,WRmjgnKYAwPKWDb,8413.57,1058,7070783.000,823.343
15-05-2020 03:00,ZnxXDlPa8U1GXgE,0,0,6522172.000,0
07-06-2020 19:45,zVJPv84UY57bAof,0,8260,7293790.000,0
18-05-2020 13:00,pkci93gMrogZuBj,8337,2448.25,7191495.250,815.8
15-05-2020 00:45,wCURE6d3bPkepu2,0,0,6782598.000,0
15-06-2020 06:15,ZnxXDlPa8U1GXgE,458.875,6.375,6751753.375,44.375
03-06-2020 10:30,3PZuoBAID5Wc2HD,8867.38,1747.12,7130361.125,867.487
10-06-2020 22:00,pkci93gMrogZuBj,0,6578,7369294.000,0
02-06-2020 03:15,iCRJl6heRkivqQ3,0,0,7310348.000,0
10-06-2020 18:45,ih0vzX44oOqAx2f,0,6277,6381032.000,0
16-05-2020 09:45,YxYtjZvoooNbGkE,7337.71,1326.86,7187583.857,718.457
02-06-2020 15:00,zBIq5rxdHJRwDNY,6642.88,6279.38,6475312.375,650.5
26-05-2020 08:45,rGa61gmuvPhdLxV,7353.25,847.25,7192949.250,720
04-06-2020 03:00,VHMLBKoKgIrUVDU,0,0,7355661.000,0
09-06-2020 16:00,ZoEaEvLYb1n2sOq,6473.5,7240.75,7288964.750,634.15
01-06-2020 19:45,bvBOhCH3iADSZry,0,5378,6438645.000,0
21-05-2020 19:45,zBIq5rxdHJRwDNY,0,7737,6388599.000,0
16-05-2020 06:15,rGa61gmuvPhdLxV,336.75,3.75,7117869.750,32.55
03-06-2020 15:15,bvBOhCH3iADSZry,10695.1,6194.5,6451681.500,1044.83
24-05-2020 18:30,zBIq5rxdHJRwDNY,141.625,7275.62,6411756.625,13.6625
18-05-2020 06:00,1IF53ai7Xc0U56Y,74.875,0.5,6204353.500,7.225
10-06-2020 09:30,3PZuoBAID5Wc2HD,8194.71,1311.29,7185230.286,801.886
30-05-2020 14:45,sjndEbLyjtCKgGv,10146.5,5488.5,7134517.500,992.05
21-05-2020 07:45,VHMLBKoKgIrUVDU,3504.6,338,7248862.000,344.08
26-05-2020 09:45,ih0vzX44oOqAx2f,9653.62,1717,6266296.000,944.062
08-06-2020 20:15,uHbuxQJl8lW7ozc,0,8405,7225554.000,0
01-06-2020 05:45,adLQvlD726eNBSB,0,0,6400704.000,0
26-05-2020 11:45,pkci93gMrogZuBj,10547.2,3714.75,7254233.750,1029.88
21-05-2020 19:15,McdE0feGgRqW7Ca,0,7993,7209055.000,0
02-06-2020 16:15,sjndEbLyjtCKgGv,4819.12,7038.5,7155046.500,472.812
14-06-2020 20:45,ZoEaEvLYb1n2sOq,0,7289,7323052.000,0
27-05-2020 23:15,bvBOhCH3iADSZry,0,6133,6405833.000,0
23-05-2020 14:30,ZoEaEvLYb1n2sOq,7567.29,6656.71,7160369.714,740.871
14-06-2020 09:15,1IF53ai7Xc0U56Y,8501.86,1085.57,6407966.571,831.929
30-05-2020 19:15,uHbuxQJl8lW7ozc,0,7340,7159272.000,0
03-06-2020 05:00,YxYtjZvoooNbGkE,0,0,7318929.000,0
22-05-2020 18:15,ZoEaEvLYb1n2sOq,101.625,7026.88,7153711.875,9.8
13-06-2020 19:30,ZoEaEvLYb1n2sOq,0,8378,7315763.000,0
07-06-2020 23:00,McdE0feGgRqW7Ca,0,7042,7338202.000,0
06-06-2020 02:30,pkci93gMrogZuBj,0,0,7331487.000,0
03-06-2020 06:15,zVJPv84UY57bAof,328.571,3.71429,7255220.714,31.7714
04-06-2020 20:30,ZnxXDlPa8U1GXgE,0,8178,6679062.000,0
24-05-2020 12:15,ZoEaEvLYb1n2sOq,12561.7,3973.14,7166157.143,1224.79
06-06-2020 16:00,ih0vzX44oOqAx2f,2630,6000,6350476.000,257.929
15-06-2020 21:30,rGa61gmuvPhdLxV,0,6732,7344704.000,0
11-06-2020 20:45,ih0vzX44oOqAx2f,0,5521,6386553.000,0
17-05-2020 20:45,McdE0feGgRqW7Ca,0,7606,7179627.000,0
04-06-2020 21:45,3PZuoBAID5Wc2HD,0,8215,7144703.000,0
24-05-2020 10:15,VHMLBKoKgIrUVDU,11051.1,1955.14,7274287.143,1078.34
04-06-2020 01:15,VHMLBKoKgIrUVDU,0,0,7355661.000,0
13-06-2020 08:00,WRmjgnKYAwPKWDb,5457.62,432.25,7239212.250,534.938
25-05-2020 13:00,1BY6WEcLGh8j5v7,11470.4,5146.88,6333086.875,1120.11
17-06-2020 20:00,ZoEaEvLYb1n2sOq,0,5871,7341753.000,0
16-06-2020 02:45,ZoEaEvLYb1n2sOq,0,0,7329691.000,0
17-05-2020 19:00,YxYtjZvoooNbGkE,0,7497,7200229.000,0
30-05-2020 21:00,1BY6WEcLGh8j5v7,0,6754,6372128.000,0
25-05-2020 12:45,uHbuxQJl8lW7ozc,12681.9,5129.14,7116981.143,1236.49
10-06-2020 20:30,zVJPv84UY57bAof,0,6560,7317016.000,0
03-06-2020 09:00,7JYdWkrLSPkdwr4,6310.88,811.25,7741684.250,618.263
29-05-2020 15:00,YxYtjZvoooNbGkE,7769.75,6735.25,7291139.250,760.587
22-05-2020 13:45,uHbuxQJl8lW7ozc,9963.14,5165.71,7093141.714,973
15-06-2020 13:15,WRmjgnKYAwPKWDb,5616.25,4730.12,7259314.125,550.487
08-06-2020 15:15,adLQvlD726eNBSB,9417.5,7447.38,6460831.375,921.025
05-06-2020 22:45,ZoEaEvLYb1n2sOq,0,7535,7259075.000,0
24-05-2020 02:15,z9Y9gH1T5YWrNuG,0,0,7072762.000,0
12-06-2020 00:30,iCRJl6heRkivqQ3,0,0,7385471.000,0
13-06-2020 16:30,McdE0feGgRqW7Ca,3796.86,8328.43,7381656.429,372.814
06-06-2020 01:00,bvBOhCH3iADSZry,0,0,6467251.000,0
13-06-2020 13:30,zVJPv84UY57bAof,7828,5672.43,7334222.429,766.3
17-06-2020 13:00,z9Y9gH1T5YWrNuG,6855.62,3819.5,7249204.500,671.438
31-05-2020 06:15,1IF53ai7Xc0U56Y,475.429,7.14286,6305550.143,45.9857
31-05-2020 14:00,3PZuoBAID5Wc2HD,10931.8,4665.25,7114153.250,1066.94
28-05-2020 14:15,bvBOhCH3iADSZry,3837.86,6060.86,6411893.857,377.143
01-06-2020 13:45,1IF53ai7Xc0U56Y,5908.33,5070.83,6316502.833,578.95
14-06-2020 21:30,VHMLBKoKgIrUVDU,0,7489,7437055.000,0
03-06-2020 21:45,wCURE6d3bPkepu2,0,7907,6930776.000,0
14-06-2020 10:30,uHbuxQJl8lW7ozc,9271.62,2070.88,7262601.875,906.888
29-05-2020 08:45,pkci93gMrogZuBj,5556.57,660.714,7273918.714,544.6
02-06-2020 08:45,adLQvlD726eNBSB,7684,793,6407624.000,752.075
31-05-2020 23:15,1IF53ai7Xc0U56Y,0,5889,6311432.000,0
22-05-2020 06:30,3PZuoBAID5Wc2HD,903.286,27.8571,7037328.857,87.7286
13-06-2020 03:15,zBIq5rxdHJRwDNY,0,0,6549387.000,0
05-06-2020 07:30,ih0vzX44oOqAx2f,2057.25,163,6337182.000,201.688
19-05-2020 12:45,McdE0feGgRqW7Ca,11911.5,3734.25,7188825.250,1162.6
23-05-2020 11:45,iCRJl6heRkivqQ3,12603,3759.43,7238352.429,1228.79
07-06-2020 00:45,zVJPv84UY57bAof,0,0,7285530.000,0
16-05-2020 14:45,1IF53ai7Xc0U56Y,7098.71,5532.71,6195534.714,695.143
27-05-2020 05:00,ih0vzX44oOqAx2f,0,0,6272291.000,0
20-05-2020 00:00,z9Y9gH1T5YWrNuG,0,861.5,7040465.000,0
14-06-2020 12:30,uHbuxQJl8lW7ozc,6930.62,3753.5,7264284.500,678.75
25-05-2020 21:45,zBIq5rxdHJRwDNY,0,8443,6420201.000,0
14-06-2020 09:30,ZnxXDlPa8U1GXgE,8211.5,1240.75,6745583.750,803.65
15-06-2020 22:15,pkci93gMrogZuBj,0,6795,7403217.000,0
13-06-2020 12:15,wCURE6d3bPkepu2,10627.3,4398.43,6998306.429,1037.83
16-05-2020 06:30,iCRJl6heRkivqQ3,695.429,16.2857,7184426.286,67.3714
09-06-2020 20:45,pkci93gMrogZuBj,0,8240,7362716.000,0
19-05-2020 17:15,YxYtjZvoooNbGkE,1831.14,6812.43,7212410.429,179.5
09-06-2020 00:45,7JYdWkrLSPkdwr4,0,0,7786793.000,0
08-06-2020 13:45,zBIq5rxdHJRwDNY,11372.9,5674.71,6520585.714,1110.44
18-05-2020 19:15,McdE0feGgRqW7Ca,0,5464,7185091.000,0
02-06-2020 00:45,adLQvlD726eNBSB,0,0,6406831.000,0
01-06-2020 20:15,iCRJl6heRkivqQ3,0,5781,7310348.000,0
04-06-2020 06:30,7JYdWkrLSPkdwr4,764.5,19.75,7748641.750,74.1375
11-06-2020 18:15,sjndEbLyjtCKgGv,310.5,5648.5,7221248.500,29.9875
31-05-2020 04:15,1BY6WEcLGh8j5v7,0,0,6372128.000,0
14-06-2020 08:45,z9Y9gH1T5YWrNuG,5439.71,736.429,7225966.429,533.214
14-06-2020 05:15,zBIq5rxdHJRwDNY,0,0,6557822.000,0
19-05-2020 02:45,adLQvlD726eNBSB,0,0,6297816.000,0
13-06-2020 02:45,ZoEaEvLYb1n2sOq,0,0,7307385.000,0
05-06-2020 03:15,1BY6WEcLGh8j5v7,0,0,6405380.000,0
16-06-2020 19:45,1IF53ai7Xc0U56Y,0,6318,6427532.000,0
16-06-2020 18:30,ih0vzX44oOqAx2f,80.8571,6123.71,6420370.714,7.8
04-06-2020 04:15,ZoEaEvLYb1n2sOq,0,0,7243501.000,0
14-06-2020 05:30,WRmjgnKYAwPKWDb,0,0,7247179.000,0
09-06-2020 10:30,1BY6WEcLGh8j5v7,11621.3,2114.57,6433728.571,1133.43
28-05-2020 08:45,McdE0feGgRqW7Ca,7705.71,894.429,7257283.429,754.371
17-05-2020 20:30,z9Y9gH1T5YWrNuG,0,7486,7028226.000,0
09-06-2020 20:15,bvBOhCH3iADSZry,0,7361,6493347.000,0
07-06-2020 06:30,ZoEaEvLYb1n2sOq,774.429,18,7265386.000,75.1143
02-06-2020 12:45,McdE0feGgRqW7Ca,10879.4,4224.57,7296976.571,1062.94
29-05-2020 20:15,sjndEbLyjtCKgGv,0,0,7129029.000,0
23-05-2020 10:15,z9Y9gH1T5YWrNuG,8288.88,2101.25,7066320.250,811.062
31-05-2020 13:15,1IF53ai7Xc0U56Y,7240.86,4293,6309836.000,708.043
21-05-2020 11:30,YxYtjZvoooNbGkE,13120.1,3296.43,7224590.429,1279.2
22-05-2020 15:30,YxYtjZvoooNbGkE,4357.86,6544.43,7235578.429,427.557
17-05-2020 07:00,rGa61gmuvPhdLxV,1418.14,51.1429,7124150.143,138.429
17-05-2020 23:45,bvBOhCH3iADSZry,0,4330,6335576.000,0
17-05-2020 11:00,7JYdWkrLSPkdwr4,11597.9,2795.71,7618332.714,1131.26
31-05-2020 12:45,adLQvlD726eNBSB,13720.7,3803.43,6398574.429,1337.77
17-06-2020 22:30,wCURE6d3bPkepu2,0,5883,7028601.000,0
08-06-2020 19:45,1IF53ai7Xc0U56Y,0,8495,6371833.000,0
06-06-2020 09:30,bvBOhCH3iADSZry,8673.38,1221.12,6468472.125,848.462
24-05-2020 13:00,iCRJl6heRkivqQ3,12414.6,4864.71,7248084.714,1210.41
16-06-2020 21:00,3PZuoBAID5Wc2HD,0,6331,7231373.000,0
17-06-2020 14:15,WRmjgnKYAwPKWDb,5926.57,4862.14,7272441.143,580.743
25-05-2020 03:15,YxYtjZvoooNbGkE,0,0,7252651.000,0
04-06-2020 04:00,adLQvlD726eNBSB,0,0,6422267.000,0
27-05-2020 13:30,ih0vzX44oOqAx2f,4104.75,4686.75,6276977.750,403.062
27-05-2020 06:15,pkci93gMrogZuBj,362.375,5.75,7258299.750,35.025
30-05-2020 04:30,uHbuxQJl8lW7ozc,0,0,7151932.000,0
03-06-2020 12:15,bvBOhCH3iADSZry,9412.43,3239.14,6448726.143,920.571
12-06-2020 13:00,pkci93gMrogZuBj,8246,3399.75,7378355.750,807.038
15-06-2020 11:30,7JYdWkrLSPkdwr4,7997.62,3383.75,7831541.750,781.925
09-06-2020 05:00,uHbuxQJl8lW7ozc,0,0,7225554.000,0
13-06-2020 08:00,ZoEaEvLYb1n2sOq,5103.5,395.25,7307780.250,500.387
10-06-2020 05:00,sjndEbLyjtCKgGv,0,0,7209095.000,0
07-06-2020 06:15,ZnxXDlPa8U1GXgE,422.286,5.42857,6693059.429,40.8143
27-05-2020 05:45,sjndEbLyjtCKgGv,0,0,7105889.000,0
06-06-2020 07:45,iCRJl6heRkivqQ3,4478.29,353.857,7342156.857,439.586
10-06-2020 02:00,sjndEbLyjtCKgGv,0,0,7209095.000,0
23-05-2020 22:00,uHbuxQJl8lW7ozc,0,8493,7103746.000,0
20-05-2020 11:30,1BY6WEcLGh8j5v7,11746.6,3349.43,6293446.429,1146.27
05-06-2020 04:00,z9Y9gH1T5YWrNuG,0,0,7163262.000,0
16-05-2020 10:15,adLQvlD726eNBSB,7628.62,1787.12,6279525.125,746.688
11-06-2020 02:00,3PZuoBAID5Wc2HD,0,0,7190469.000,0
17-06-2020 19:30,zVJPv84UY57bAof,0,5910,7363272.000,0
12-06-2020 15:00,YxYtjZvoooNbGkE,5630.25,4859.25,7390138.250,551.788
21-05-2020 21:45,WRmjgnKYAwPKWDb,0,0,7077358.000,0
27-05-2020 21:15,wCURE6d3bPkepu2,0,0,6879195.000,0
16-05-2020 15:00,iCRJl6heRkivqQ3,7270.57,5562,7189972.000,711.943
06-06-2020 10:15,iCRJl6heRkivqQ3,8312.5,2012.88,7343815.875,812.15
23-05-2020 02:30,1IF53ai7Xc0U56Y,0,0,6240534.000,0
01-06-2020 04:15,WRmjgnKYAwPKWDb,0,0,7153866.000,0
02-06-2020 10:15,3PZuoBAID5Wc2HD,7036.12,2063.12,7123332.125,688.925
25-05-2020 17:30,1BY6WEcLGh8j5v7,660,8234.57,6336174.571,63.8714
29-05-2020 21:15,1BY6WEcLGh8j5v7,0,7564,6365374.000,0
27-05-2020 19:00,7JYdWkrLSPkdwr4,0,6638,7698550.000,0
12-06-2020 05:15,1BY6WEcLGh8j5v7,0,0,6450238.000,0
13-06-2020 13:45,ZoEaEvLYb1n2sOq,8462.75,5836,7313221.000,827.712
15-05-2020 00:15,iCRJl6heRkivqQ3,0,0,7177992.000,0
13-06-2020 06:45,sjndEbLyjtCKgGv,1032.75,36,7227137.000,100.35
13-06-2020 19:00,bvBOhCH3iADSZry,0,7863,6517642.000,0
09-06-2020 12:00,rGa61gmuvPhdLxV,8666.29,4022.14,7299986.143,847.043
03-06-2020 20:15,ZnxXDlPa8U1GXgE,0,7916,6670884.000,0
21-05-2020 22:30,7JYdWkrLSPkdwr4,0,0,7651635.000,0
07-06-2020 09:00,pkci93gMrogZuBj,8299.38,741.25,7338659.250,812.188
28-05-2020 04:15,VHMLBKoKgIrUVDU,0,0,7304378.000,0
07-06-2020 08:15,7JYdWkrLSPkdwr4,3516.14,390,7770847.000,345.629
28-05-2020 10:15,rGa61gmuvPhdLxV,9477,2200.57,7208749.571,926.1
01-06-2020 19:00,z9Y9gH1T5YWrNuG,0,5931,7139828.000,0
06-06-2020 11:15,uHbuxQJl8lW7ozc,10363.4,2897,7205270.000,1011.54
28-05-2020 20:15,bvBOhCH3iADSZry,0,7752,6413585.000,0
12-06-2020 15:30,ZoEaEvLYb1n2sOq,5753.43,5081.71,7306713.714,563.829
30-05-2020 06:30,bvBOhCH3iADSZry,655.143,16,6421039.000,63.4571
06-06-2020 16:15,1BY6WEcLGh8j5v7,1423.25,5806.38,6418348.375,138.925
17-05-2020 21:00,zVJPv84UY57bAof,0,7480,7136015.000,0
28-05-2020 02:15,ZoEaEvLYb1n2sOq,0,0,7193291.000,0
07-06-2020 00:45,z9Y9gH1T5YWrNuG,0,0,7177289.000,0
18-05-2020 04:45,YxYtjZvoooNbGkE,0,0,7200229.000,0
06-06-2020 09:00,iCRJl6heRkivqQ3,3929,1041.57,7342844.571,385.943
09-06-2020 09:15,sjndEbLyjtCKgGv,7972.12,1282.62,7202207.625,780.075
20-05-2020 10:45,ih0vzX44oOqAx2f,10789.6,2661.57,6219938.571,1054.51
11-06-2020 22:15,z9Y9gH1T5YWrNuG,0,5599,7211064.000,0
17-05-2020 09:30,sjndEbLyjtCKgGv,8298.25,1305.25,7030918.250,812.05
02-06-2020 21:00,ZoEaEvLYb1n2sOq,0,7287,7235727.000,0
03-06-2020 21:45,zBIq5rxdHJRwDNY,0,7888,6484342.000,0
10-06-2020 21:45,bvBOhCH3iADSZry,0,5863,6499210.000,0
16-06-2020 06:00,1BY6WEcLGh8j5v7,0,0,6473950.000,0
14-06-2020 13:45,VHMLBKoKgIrUVDU,12255.8,5037.38,7434603.375,1196.12
28-05-2020 12:30,pkci93gMrogZuBj,10862.1,4619.86,7269604.857,1059.87
15-05-2020 10:45,sjndEbLyjtCKgGv,4994.62,1917.62,7018749.625,489.663
13-06-2020 15:30,bvBOhCH3iADSZry,6374.25,7139.5,6516918.500,624.425
17-05-2020 23:45,pkci93gMrogZuBj,0,7397,7189047.000,0
12-06-2020 09:15,ZnxXDlPa8U1GXgE,6033.29,622.429,6730524.429,591.171
26-05-2020 08:15,ih0vzX44oOqAx2f,5820,540.25,6265119.250,570.337
10-06-2020 01:15,7JYdWkrLSPkdwr4,0,0,7794729.000,0
01-06-2020 15:45,WRmjgnKYAwPKWDb,1464.25,5535,7159401.000,142.562
06-06-2020 10:00,WRmjgnKYAwPKWDb,10364.1,1775.86,7192045.857,1011.91
20-05-2020 18:45,YxYtjZvoooNbGkE,0,8818,7221294.000,0
06-06-2020 13:30,1IF53ai7Xc0U56Y,9033.14,4860.71,6353417.714,882.757
05-06-2020 14:15,1IF53ai7Xc0U56Y,7107.25,5433.25,6346288.250,695.337
02-06-2020 06:00,sjndEbLyjtCKgGv,62.8571,0.285714,7148008.286,6.05714
10-06-2020 08:30,1BY6WEcLGh8j5v7,3275.88,544,6439614.000,321.613
19-05-2020 17:15,7JYdWkrLSPkdwr4,1810.43,6771,7635143.000,177.471
21-05-2020 17:15,YxYtjZvoooNbGkE,763.25,7694.62,7228988.625,74.0125
06-06-2020 20:45,bvBOhCH3iADSZry,0,5873,6473124.000,0
17-05-2020 12:30,1IF53ai7Xc0U56Y,8005.75,4567.25,6201161.250,782.737
09-06-2020 01:45,ZoEaEvLYb1n2sOq,0,0,7281724.000,0
12-06-2020 18:30,zBIq5rxdHJRwDNY,73.4286,5837,6549387.000,7.08571
17-05-2020 05:30,ih0vzX44oOqAx2f,0,0,6197810.000,0
27-05-2020 05:15,ih0vzX44oOqAx2f,0,0,6272291.000,0
20-05-2020 10:30,sjndEbLyjtCKgGv,10880.2,2422.25,7051706.250,1063.34
16-06-2020 17:30,adLQvlD726eNBSB,1492,6323.75,6518325.750,145.65
06-06-2020 15:15,3PZuoBAID5Wc2HD,5059.29,6007.14,7158493.143,495.971
13-06-2020 23:45,ih0vzX44oOqAx2f,0,8255,6400518.000,0
30-05-2020 15:15,pkci93gMrogZuBj,9021.75,6046.88,7287581.875,882.612
12-06-2020 16:30,1IF53ai7Xc0U56Y,2782.57,5587.29,6397911.286,272.929
15-06-2020 23:45,z9Y9gH1T5YWrNuG,0,6716,7239184.000,0
02-06-2020 00:15,ih0vzX44oOqAx2f,0,0,6313983.000,0
04-06-2020 11:15,wCURE6d3bPkepu2,9747.62,2885,6933661.000,952.487
30-05-2020 16:15,1BY6WEcLGh8j5v7,5265.86,6275.86,6371649.857,516.171
19-05-2020 10:15,uHbuxQJl8lW7ozc,8427.25,1582.5,7065783.500,824.475
02-06-2020 02:15,ZnxXDlPa8U1GXgE,0,0,6655443.000,0
17-06-2020 12:15,uHbuxQJl8lW7ozc,13627.4,3178.29,7284213.286,1328.66
29-05-2020 14:45,sjndEbLyjtCKgGv,8892.88,6577.75,7127480.750,869.987
30-05-2020 11:45,z9Y9gH1T5YWrNuG,9073.88,2324.5,7122779.500,887.263
15-06-2020 11:45,iCRJl6heRkivqQ3,8730,3601.71,7410825.714,853.714
27-05-2020 13:15,McdE0feGgRqW7Ca,5215.43,4817.14,7254377.143,511.286
30-05-2020 09:00,McdE0feGgRqW7Ca,3817.12,656.625,7273869.625,375.075
22-05-2020 11:00,wCURE6d3bPkepu2,8004.43,2224.71,6834279.714,782.414
15-06-2020 15:45,iCRJl6heRkivqQ3,6321.62,6198.88,7413422.875,619.112
27-05-2020 14:30,bvBOhCH3iADSZry,9028.12,4805.5,6404505.500,882.35
05-06-2020 20:15,ZoEaEvLYb1n2sOq,0,7535,7259075.000,0
19-05-2020 14:00,1IF53ai7Xc0U56Y,8577.57,4866.86,6214672.857,839.286
22-05-2020 04:30,pkci93gMrogZuBj,0,0,7217976.000,0
05-06-2020 19:30,z9Y9gH1T5YWrNuG,0,7739,7171001.000,0
13-06-2020 07:00,WRmjgnKYAwPKWDb,1980,78,7238858.000,194.086
24-05-2020 02:45,rGa61gmuvPhdLxV,0,0,7175293.000,0
08-06-2020 11:15,ZoEaEvLYb1n2sOq,11781.9,3246.12,7276699.125,1149.49
27-05-2020 09:00,iCRJl6heRkivqQ3,8125.38,1004.12,7269000.125,795.2
08-06-2020 02:00,wCURE6d3bPkepu2,0,0,6959527.000,0
25-05-2020 06:30,zBIq5rxdHJRwDNY,716.25,17.375,6411775.375,69.425
13-06-2020 14:00,VHMLBKoKgIrUVDU,12509.9,6363.75,7427277.750,1220.09
17-05-2020 20:15,YxYtjZvoooNbGkE,0,7497,7200229.000,0
17-05-2020 00:15,ZnxXDlPa8U1GXgE,0,0,6535152.000,0
15-06-2020 16:45,ZnxXDlPa8U1GXgE,4042.25,6494.75,6758241.750,397.125
22-05-2020 19:15,ZnxXDlPa8U1GXgE,0,7275,6579139.000,0
10-06-2020 08:00,McdE0feGgRqW7Ca,4184.88,419.375,7355436.375,410.788
31-05-2020 05:15,pkci93gMrogZuBj,0,0,7288876.000,0
19-05-2020 05:15,YxYtjZvoooNbGkE,0,0,7205598.000,0
31-05-2020 14:30,z9Y9gH1T5YWrNuG,2471.88,5557.5,7133154.500,242.5
17-06-2020 17:30,7JYdWkrLSPkdwr4,1324.8,5789.2,7846754.200,128.9
25-05-2020 21:00,sjndEbLyjtCKgGv,0,8760,7098111.000,0
17-06-2020 03:15,zVJPv84UY57bAof,0,0,7357362.000,0
16-06-2020 13:30,ih0vzX44oOqAx2f,8077.75,4219,6418466.000,790.5
27-05-2020 18:00,WRmjgnKYAwPKWDb,287.429,6651.86,7124531.857,27.8
10-06-2020 04:30,zVJPv84UY57bAof,0,0,7310456.000,0
27-05-2020 23:15,ih0vzX44oOqAx2f,0,6564,6278855.000,0
28-05-2020 05:00,zVJPv84UY57bAof,0,0,7212082.000,0
12-06-2020 20:30,iCRJl6heRkivqQ3,0,5888,7391359.000,0
28-05-2020 00:00,adLQvlD726eNBSB,0,0,6370373.000,0
26-05-2020 01:00,7JYdWkrLSPkdwr4,0,0,7684020.000,0
24-05-2020 15:15,zVJPv84UY57bAof,7040.75,7083.5,7187921.500,689.413
28-05-2020 04:45,VHMLBKoKgIrUVDU,0,0,7304378.000,0
11-06-2020 09:45,bvBOhCH3iADSZry,4410.57,751.714,6499961.714,433.1
16-06-2020 01:15,WRmjgnKYAwPKWDb,0,0,7261315.000,0
09-06-2020 23:00,bvBOhCH3iADSZry,0,7361,6493347.000,0
22-05-2020 13:00,McdE0feGgRqW7Ca,9904.57,4057,7213112.000,1055.75
07-06-2020 22:00,rGa61gmuvPhdLxV,0,8172,7287673.000,0
13-06-2020 09:45,1BY6WEcLGh8j5v7,9020.25,1631.38,6457310.375,882.288
03-06-2020 22:45,ZnxXDlPa8U1GXgE,0,7916,6670884.000,0
31-05-2020 16:30,pkci93gMrogZuBj,1833.57,5673,7294549.000,179.729
05-06-2020 22:30,sjndEbLyjtCKgGv,0,7759,7179277.000,0
22-05-2020 15:00,bvBOhCH3iADSZry,8818.5,5961.12,6368109.125,862.8
06-06-2020 12:00,wCURE6d3bPkepu2,8285.62,3366.88,6950135.875,809.65
04-06-2020 05:00,YxYtjZvoooNbGkE,0,0,7326756.000,0
11-06-2020 12:15,ZoEaEvLYb1n2sOq,8797.25,2464.88,7298535.875,860.725
02-06-2020 13:15,ih0vzX44oOqAx2f,11697.4,4640.71,6318623.714,1141.53
04-06-2020 17:30,3PZuoBAID5Wc2HD,2815.14,8111,7144599.000,276.429
01-06-2020 16:45,7JYdWkrLSPkdwr4,1619.71,5672.71,7733493.714,158.7
21-05-2020 20:45,3PZuoBAID5Wc2HD,0,0,7037301.000,0
14-06-2020 02:00,adLQvlD726eNBSB,0,0,6497496.000,0
29-05-2020 07:00,McdE0feGgRqW7Ca,1996.88,92,7265048.000,195.75
04-06-2020 08:15,YxYtjZvoooNbGkE,5189.43,488,7327244.000,508.871
02-06-2020 12:45,bvBOhCH3iADSZry,9902,3774.75,6442419.750,967.638
23-05-2020 22:30,YxYtjZvoooNbGkE,0,8559,7244680.000,0
04-06-2020 20:15,3PZuoBAID5Wc2HD,0,8215,7144703.000,0
31-05-2020 12:30,McdE0feGgRqW7Ca,7604.38,3900.62,7284465.625,743.575
16-05-2020 16:45,rGa61gmuvPhdLxV,2217.71,6057.43,7123923.429,217.443
19-05-2020 12:30,ZoEaEvLYb1n2sOq,10523,3449,7126976.000,1028.6
17-06-2020 00:15,ih0vzX44oOqAx2f,0,0,6420371.000,0
22-05-2020 06:30,iCRJl6heRkivqQ3,891.625,28.375,7227470.375,86.6
24-05-2020 08:30,pkci93gMrogZuBj,6704,626.143,7234301.143,656.557
13-06-2020 03:00,WRmjgnKYAwPKWDb,0,0,7238780.000,0
04-06-2020 14:45,1BY6WEcLGh8j5v7,10054,5748.29,6403557.286,982.6
23-05-2020 11:00,YxYtjZvoooNbGkE,10607.6,2786.88,7238907.875,1035.33
17-06-2020 19:15,WRmjgnKYAwPKWDb,0,5953,7273532.000,0
16-05-2020 22:45,bvBOhCH3iADSZry,0,6138,6328648.000,0
28-05-2020 09:00,zBIq5rxdHJRwDNY,7798,1004.14,6435087.143,763.371
15-06-2020 20:15,adLQvlD726eNBSB,0,6916,6512002.000,0
16-06-2020 07:45,ZoEaEvLYb1n2sOq,3512.88,243.625,7329934.625,345.038
13-06-2020 00:45,wCURE6d3bPkepu2,0,0,6993908.000,0
09-06-2020 07:30,adLQvlD726eNBSB,2966,261.375,6462265.375,291.25
04-06-2020 16:30,YxYtjZvoooNbGkE,6003.62,7608.75,7334364.750,588.275
30-05-2020 07:00,YxYtjZvoooNbGkE,1687.12,72.375,7292575.375,165.125
20-05-2020 04:45,YxYtjZvoooNbGkE,0,0,7212476.000,0
10-06-2020 12:45,sjndEbLyjtCKgGv,10985.6,3892.25,7212987.250,1072.26
14-06-2020 08:15,rGa61gmuvPhdLxV,3690.86,503.143,7331173.143,362.7
15-05-2020 07:45,z9Y9gH1T5YWrNuG,2060.12,224.75,7008090.750,201.938
12-06-2020 03:30,1IF53ai7Xc0U56Y,0,0,6392324.000,0
16-05-2020 21:15,1IF53ai7Xc0U56Y,0,6592,6196594.000,0
08-06-2020 22:15,sjndEbLyjtCKgGv,0,8371,7200925.000,0
28-05-2020 09:30,bvBOhCH3iADSZry,8779.57,1407.14,6407240.143,858.986
17-06-2020 02:30,z9Y9gH1T5YWrNuG,0,0,7245385.000,0
28-05-2020 02:15,ih0vzX44oOqAx2f,0,0,6278855.000,0
15-05-2020 01:00,3PZuoBAID5Wc2HD,0,0,6987759.000,0
05-06-2020 10:45,1BY6WEcLGh8j5v7,10447.8,2212.62,6407592.625,1020.06
23-05-2020 04:45,VHMLBKoKgIrUVDU,0,0,7263721.000,0
27-05-2020 05:00,7JYdWkrLSPkdwr4,0,0,7691912.000,0
05-06-2020 21:00,3PZuoBAID5Wc2HD,0,0,7152486.000,0
11-06-2020 04:15,uHbuxQJl8lW7ozc,0,0,7240508.000,0
05-06-2020 09:30,ZnxXDlPa8U1GXgE,10600.7,1262.71,6680324.714,1034.79
31-05-2020 06:30,1IF53ai7Xc0U56Y,836.75,23.375,6305566.375,81.2375
16-06-2020 16:45,iCRJl6heRkivqQ3,2261.43,6096.71,7420097.714,221.714
24-05-2020 08:30,zVJPv84UY57bAof,7065.57,644.143,7181482.143,691.914
17-06-2020 00:30,adLQvlD726eNBSB,0,0,6518398.000,0
19-05-2020 18:15,pkci93gMrogZuBj,0,6938,7201349.000,0
13-06-2020 08:45,WRmjgnKYAwPKWDb,7931,933.286,7239713.286,776.329
17-05-2020 14:00,uHbuxQJl8lW7ozc,9941.29,5547,7056886.000,970.857
30-05-2020 23:45,3PZuoBAID5Wc2HD,0,7299,7109488.000,0
16-06-2020 09:30,uHbuxQJl8lW7ozc,7985,1204.5,7275947.500,781.562
07-06-2020 20:30,bvBOhCH3iADSZry,0,5169,6478293.000,0
14-06-2020 04:45,1BY6WEcLGh8j5v7,0,0,6463663.000,0
17-05-2020 11:15,VHMLBKoKgIrUVDU,12804,3212,7222592.000,1248.39
01-06-2020 02:30,zVJPv84UY57bAof,0,0,7242024.000,0
02-06-2020 10:00,3PZuoBAID5Wc2HD,9760.43,1854.14,7123123.143,954.429
15-06-2020 00:45,VHMLBKoKgIrUVDU,0,0,7437055.000,0
04-06-2020 17:00,z9Y9gH1T5YWrNuG,4190.14,7843.71,7162956.714,411.629
05-06-2020 05:00,1BY6WEcLGh8j5v7,0,0,6405380.000,0
06-06-2020 15:45,1IF53ai7Xc0U56Y,3394.38,6262,6354819.000,333.512
04-06-2020 06:30,zVJPv84UY57bAof,726.571,18,7263071.000,70.4429
21-05-2020 16:15,VHMLBKoKgIrUVDU,3399.29,7550.43,7256074.429,334.186
15-05-2020 18:45,7JYdWkrLSPkdwr4,0,6116,7609076.000,0
14-06-2020 00:00,ih0vzX44oOqAx2f,0,1031.88,6400518.000,0
02-06-2020 02:30,z9Y9gH1T5YWrNuG,0,0,7139828.000,0
31-05-2020 11:15,WRmjgnKYAwPKWDb,9079.43,2470.29,7150499.286,886.829
07-06-2020 05:30,ZnxXDlPa8U1GXgE,0,0,6693054.000,0
30-05-2020 08:15,VHMLBKoKgIrUVDU,4410.75,392.75,7321451.750,433.038
08-06-2020 00:00,ZnxXDlPa8U1GXgE,0,1026.12,6701263.000,0
25-05-2020 03:15,pkci93gMrogZuBj,0,0,7241707.000,0
23-05-2020 11:15,zBIq5rxdHJRwDNY,12789,3143.71,6398950.714,1246.94
17-05-2020 07:00,zBIq5rxdHJRwDNY,1403.71,50.2857,6352200.286,137.043
03-06-2020 13:45,iCRJl6heRkivqQ3,8597,5016,7322829.000,841.25
16-06-2020 22:45,1IF53ai7Xc0U56Y,0,6318,6427532.000,0
14-06-2020 21:00,1IF53ai7Xc0U56Y,0,7487,6414368.000,0
06-06-2020 07:45,rGa61gmuvPhdLxV,4381,344.714,7273434.714,430.114
17-05-2020 18:00,McdE0feGgRqW7Ca,322.5,7599.62,7179620.625,31.1625
18-05-2020 18:30,iCRJl6heRkivqQ3,0,5400,7203767.000,0
25-05-2020 11:45,ih0vzX44oOqAx2f,12266,3302.29,6259796.286,1195.91
15-06-2020 18:30,ZnxXDlPa8U1GXgE,0,6757,6758504.000,0
11-06-2020 19:15,VHMLBKoKgIrUVDU,0,5716,7415011.000,0
09-06-2020 02:00,wCURE6d3bPkepu2,0,0,6967970.000,0
01-06-2020 12:45,ZnxXDlPa8U1GXgE,3841.12,4211.62,6653736.625,377.35
17-06-2020 21:00,bvBOhCH3iADSZry,0,5460,6539009.000,0
11-06-2020 01:15,7JYdWkrLSPkdwr4,0,0,7801091.000,0
14-06-2020 13:15,7JYdWkrLSPkdwr4,10876.4,4409.25,7825261.250,1062.16
01-06-2020 04:00,iCRJl6heRkivqQ3,0,0,7304567.000,0
08-06-2020 15:00,1BY6WEcLGh8j5v7,8636.5,6544,6430294.000,844.725
22-05-2020 16:30,WRmjgnKYAwPKWDb,2240.71,7050,7084408.000,219.714
03-06-2020 00:15,ZnxXDlPa8U1GXgE,0,0,6662968.000,0
28-05-2020 09:00,sjndEbLyjtCKgGv,8215.75,1063.62,7113628.625,804.075
26-05-2020 12:45,7JYdWkrLSPkdwr4,11621.1,4850.14,7688870.143,1133.91
05-06-2020 01:30,bvBOhCH3iADSZry,0,0,6460186.000,0
05-06-2020 22:15,VHMLBKoKgIrUVDU,0,0,7371554.000,0
09-06-2020 21:00,YxYtjZvoooNbGkE,0,7958,7373268.000,0
03-06-2020 10:45,ZnxXDlPa8U1GXgE,10915.1,1984.14,6664952.143,1066.4
28-05-2020 16:45,VHMLBKoKgIrUVDU,3659.29,8244.86,7312622.857,359.343
08-06-2020 15:15,sjndEbLyjtCKgGv,10000.1,7204.5,7199758.500,977.8
18-05-2020 04:45,rGa61gmuvPhdLxV,0,0,7131537.000,0
25-05-2020 20:45,sjndEbLyjtCKgGv,0,8760,7098111.000,0
23-05-2020 11:45,1IF53ai7Xc0U56Y,13153.9,3831.71,6244365.714,1282.51
21-05-2020 18:15,YxYtjZvoooNbGkE,130.125,7738.5,7229032.500,12.55
08-06-2020 07:45,ih0vzX44oOqAx2f,3896.57,255.571,6358947.571,382.8
31-05-2020 12:00,rGa61gmuvPhdLxV,6504.29,3303.43,7233741.429,637.114
15-06-2020 19:30,sjndEbLyjtCKgGv,0,6728,7249539.000,0
25-05-2020 03:15,ZnxXDlPa8U1GXgE,0,0,6595756.000,0
22-05-2020 03:15,rGa61gmuvPhdLxV,0,0,7160399.000,0
20-05-2020 01:00,7JYdWkrLSPkdwr4,0,0,7635208.000,0
10-06-2020 08:30,ZnxXDlPa8U1GXgE,3583.57,589.571,6718361.571,352.229
14-06-2020 20:30,z9Y9gH1T5YWrNuG,0,7238,7232468.000,0
01-06-2020 21:45,wCURE6d3bPkepu2,0,5939,6915344.000,0
07-06-2020 03:30,1IF53ai7Xc0U56Y,0,0,6355099.000,0
20-05-2020 02:15,ZnxXDlPa8U1GXgE,0,0,6555136.000,0
19-05-2020 21:00,ih0vzX44oOqAx2f,0,6790,6217277.000,0
09-06-2020 11:30,rGa61gmuvPhdLxV,9001.71,3514.29,7299478.286,879.314
20-05-2020 01:30,zBIq5rxdHJRwDNY,0,0,6371971.000,0
14-06-2020 09:30,bvBOhCH3iADSZry,7610.62,1145.75,6518787.750,745.125
17-05-2020 21:00,iCRJl6heRkivqQ3,0,7519,7198367.000,0
16-05-2020 16:00,1BY6WEcLGh8j5v7,3143.29,5942.29,6271255.286,308.857
13-06-2020 15:15,uHbuxQJl8lW7ozc,8881.14,7459.43,7259553.429,868.486
11-06-2020 18:45,ih0vzX44oOqAx2f,0,5521,6386553.000,0
11-06-2020 09:15,pkci93gMrogZuBj,4214,599.286,7369893.286,413.957
02-06-2020 18:15,1BY6WEcLGh8j5v7,291.286,7025,6390464.000,28.1143
01-06-2020 14:45,1IF53ai7Xc0U56Y,3149.62,5484.25,6316916.250,309.438
01-06-2020 23:00,z9Y9gH1T5YWrNuG,0,5931,7139828.000,0
12-06-2020 22:30,rGa61gmuvPhdLxV,0,5849,7322281.000,0
24-05-2020 18:45,sjndEbLyjtCKgGv,0,7902,7089351.000,0
16-06-2020 16:30,WRmjgnKYAwPKWDb,2580.14,6002.29,7267317.286,253.014
10-06-2020 12:30,YxYtjZvoooNbGkE,12223.8,3544.75,7376812.750,1192.51
08-06-2020 14:30,uHbuxQJl8lW7ozc,11490.7,6496,7223645.000,1122.06
08-06-2020 00:30,1IF53ai7Xc0U56Y,0,0,6363338.000,0
23-05-2020 13:15,zBIq5rxdHJRwDNY,11879.5,5501,6401308.000,1159.49
04-06-2020 08:45,VHMLBKoKgIrUVDU,4979.38,813,7356474.000,488.275
07-06-2020 21:00,z9Y9gH1T5YWrNuG,0,6342,7183631.000,0
11-06-2020 02:00,zVJPv84UY57bAof,0,0,7317016.000,0
25-05-2020 00:30,3PZuoBAID5Wc2HD,0,0,7061568.000,0
30-05-2020 06:15,1IF53ai7Xc0U56Y,314.5,5,6298216.000,30.3875
13-06-2020 08:30,WRmjgnKYAwPKWDb,7176.25,746.125,7239526.125,702.7
11-06-2020 23:00,ZnxXDlPa8U1GXgE,0,5692,6729902.000,0
01-06-2020 21:45,ZnxXDlPa8U1GXgE,0,5918,6655443.000,0
18-05-2020 03:30,pkci93gMrogZuBj,0,0,7189047.000,0
01-06-2020 18:00,adLQvlD726eNBSB,544.571,6113.57,6406817.571,52.7143
27-05-2020 16:45,uHbuxQJl8lW7ozc,3232,6531.43,7135069.429,317.086
10-06-2020 17:00,sjndEbLyjtCKgGv,2473.5,6331.12,7215426.125,242.562
16-06-2020 01:45,rGa61gmuvPhdLxV,0,0,7344704.000,0
01-06-2020 11:00,zBIq5rxdHJRwDNY,12380.7,2818.71,6466057.714,1208.03
24-05-2020 05:00,7JYdWkrLSPkdwr4,0,0,7667220.000,0
04-06-2020 18:15,zBIq5rxdHJRwDNY,300.714,8232.71,6492574.714,29.0571
20-05-2020 20:45,YxYtjZvoooNbGkE,0,8818,7221294.000,0
25-05-2020 09:30,uHbuxQJl8lW7ozc,9511.29,1414,7113266.000,930.257
20-05-2020 12:45,adLQvlD726eNBSB,12628.1,5345.71,6309858.714,1231.66
01-06-2020 01:30,7JYdWkrLSPkdwr4,0,0,7727821.000,0
16-05-2020 21:00,zVJPv84UY57bAof,0,6419,7128535.000,0
06-06-2020 04:00,rGa61gmuvPhdLxV,0,0,7273090.000,0
15-05-2020 19:30,uHbuxQJl8lW7ozc,0,6387,7045068.000,0
06-06-2020 11:00,wCURE6d3bPkepu2,10186.6,2609.88,6949378.875,995.263
13-06-2020 12:15,zVJPv84UY57bAof,10801.6,4379.75,7332929.750,1054.54
12-06-2020 23:00,ZnxXDlPa8U1GXgE,0,5883,6735785.000,0
12-06-2020 18:00,3PZuoBAID5Wc2HD,829.286,5880.14,7202066.143,80.4857
06-06-2020 12:30,1IF53ai7Xc0U56Y,9510.43,4012.86,6352569.857,928.586
30-05-2020 09:30,adLQvlD726eNBSB,6534.57,962.571,6388314.571,640.086
07-06-2020 20:00,VHMLBKoKgIrUVDU,0,8219,7386208.000,0
22-05-2020 05:00,wCURE6d3bPkepu2,0,0,6832055.000,0
18-05-2020 16:45,1IF53ai7Xc0U56Y,2895.86,5259.57,6209612.571,284.129
17-06-2020 17:30,1BY6WEcLGh8j5v7,1260.6,5456,6485254.000,122.62
19-05-2020 16:00,VHMLBKoKgIrUVDU,6450.62,6413.12,7238967.125,631.925
20-05-2020 02:45,YxYtjZvoooNbGkE,0,0,7212476.000,0
15-05-2020 02:15,McdE0feGgRqW7Ca,0,0,7158964.000,0
06-06-2020 17:00,sjndEbLyjtCKgGv,947,6331.86,7185608.857,91.9857
21-05-2020 15:00,WRmjgnKYAwPKWDb,9291.86,6657.14,7076382.143,908.6
29-05-2020 13:45,bvBOhCH3iADSZry,8773.86,5280.71,6418865.714,857.9
05-06-2020 17:00,1BY6WEcLGh8j5v7,3706.5,6862.12,6412242.125,364.025
01-06-2020 00:45,WRmjgnKYAwPKWDb,0,0,7153866.000,0
12-06-2020 06:30,YxYtjZvoooNbGkE,354.571,7.71429,7385286.714,34.2714
14-06-2020 11:00,adLQvlD726eNBSB,10461.4,2758.75,6500254.750,1021.85
17-05-2020 03:30,1BY6WEcLGh8j5v7,0,0,6271605.000,0
16-06-2020 13:45,ZnxXDlPa8U1GXgE,5606.29,4505.86,6763009.857,549.443
30-05-2020 18:45,iCRJl6heRkivqQ3,0,7345,7298598.000,0
07-06-2020 17:15,bvBOhCH3iADSZry,3012.12,5036.62,6478160.625,295.788
22-05-2020 16:15,zBIq5rxdHJRwDNY,2799.86,6959.71,6395558.714,274.6
01-06-2020 09:30,pkci93gMrogZuBj,6117.29,1385.29,7296176.286,599.329
17-05-2020 02:00,3PZuoBAID5Wc2HD,0,0,7000689.000,0
06-06-2020 02:30,adLQvlD726eNBSB,0,0,6438428.000,0
19-05-2020 09:45,uHbuxQJl8lW7ozc,8106.12,1195.38,7065396.375,793.175
08-06-2020 03:30,zVJPv84UY57bAof,0,0,7293790.000,0
04-06-2020 00:00,bvBOhCH3iADSZry,0,0,6452724.000,0
30-05-2020 06:45,ih0vzX44oOqAx2f,1205.29,40,6295161.000,117.2
06-06-2020 19:45,7JYdWkrLSPkdwr4,0,6317,7770457.000,0
15-06-2020 12:00,rGa61gmuvPhdLxV,9969.75,3761.38,7341733.375,973.513
16-05-2020 12:45,sjndEbLyjtCKgGv,11461.1,3720.75,7026902.750,1118.86
17-06-2020 17:15,zVJPv84UY57bAof,1575.38,5807.88,7363169.875,154.162
28-05-2020 15:30,zBIq5rxdHJRwDNY,8034.43,7103,6441186.000,786.4
15-06-2020 20:30,iCRJl6heRkivqQ3,0,6777,7414001.000,0
15-05-2020 18:30,1BY6WEcLGh8j5v7,0,5754,6265313.000,0
12-06-2020 12:00,7JYdWkrLSPkdwr4,9879.88,2617.62,7809281.625,965.788
25-05-2020 19:15,adLQvlD726eNBSB,0,9163,6355294.000,0
17-05-2020 18:30,iCRJl6heRkivqQ3,0,7519,7198367.000,0
17-05-2020 15:30,1IF53ai7Xc0U56Y,7453.62,6924.75,6203518.750,729.45
16-06-2020 18:15,1IF53ai7Xc0U56Y,355.429,6312.71,6427526.714,34.3429
08-06-2020 17:30,ZnxXDlPa8U1GXgE,1941.71,8341,6709604.000,190.071
24-05-2020 08:45,7JYdWkrLSPkdwr4,5473.57,824.429,7668044.429,536.514
28-05-2020 04:00,wCURE6d3bPkepu2,0,0,6879195.000,0
31-05-2020 02:45,1IF53ai7Xc0U56Y,0,0,6305543.000,0
17-05-2020 02:15,bvBOhCH3iADSZry,0,0,6328648.000,0
19-05-2020 23:45,ih0vzX44oOqAx2f,0,6790,6217277.000,0
15-05-2020 18:15,McdE0feGgRqW7Ca,110.571,6469.71,7165433.714,10.6429
07-06-2020 17:30,WRmjgnKYAwPKWDb,2051.25,7994.75,7204605.750,200.975
06-06-2020 02:45,3PZuoBAID5Wc2HD,0,0,7152486.000,0
21-05-2020 15:00,bvBOhCH3iADSZry,9934.71,6196,6361234.000,971.429
12-06-2020 14:45,ZoEaEvLYb1n2sOq,5854.86,4690.57,7306322.571,573.743
28-05-2020 13:00,z9Y9gH1T5YWrNuG,12952.5,5393.12,7109278.125,1262.89
15-06-2020 18:30,zBIq5rxdHJRwDNY,11.8571,6696,6571833.000,1.14286
13-06-2020 16:00,3PZuoBAID5Wc2HD,7391,8168.29,7210254.286,723.6
17-06-2020 15:00,rGa61gmuvPhdLxV,4591.62,5405.25,7356352.250,450.312
15-05-2020 03:15,3PZuoBAID5Wc2HD,0,0,6987759.000,0
14-06-2020 06:45,7JYdWkrLSPkdwr4,1085.71,38.1429,7820890.143,105.543
15-05-2020 07:15,bvBOhCH3iADSZry,1873.5,116.25,6316919.250,183.65
26-05-2020 11:00,1IF53ai7Xc0U56Y,13368.6,3232.57,6269760.571,1303.41
26-05-2020 03:30,ZnxXDlPa8U1GXgE,0,0,6604666.000,0
25-05-2020 06:15,zVJPv84UY57bAof,393,3,7188799.000,38
26-05-2020 13:45,McdE0feGgRqW7Ca,12170.1,5869.86,7247518.857,1187
17-05-2020 10:15,zBIq5rxdHJRwDNY,9653.57,2021.57,6354171.571,944.057
09-06-2020 23:30,YxYtjZvoooNbGkE,0,7958,7373268.000,0
17-06-2020 19:15,pkci93gMrogZuBj,0,5952,7415430.000,0
12-06-2020 10:45,z9Y9gH1T5YWrNuG,6662.14,1585.29,7212649.286,652.529
31-05-2020 02:00,z9Y9gH1T5YWrNuG,0,0,7127597.000,0
09-06-2020 01:30,ZoEaEvLYb1n2sOq,0,0,7281724.000,0
12-06-2020 22:45,zBIq5rxdHJRwDNY,0,5837,6549387.000,0
02-06-2020 22:00,bvBOhCH3iADSZry,0,6842,6445487.000,0
08-06-2020 19:15,zVJPv84UY57bAof,0,8377,7302167.000,0
16-05-2020 21:00,1BY6WEcLGh8j5v7,0,6292,6271605.000,0
30-05-2020 21:45,WRmjgnKYAwPKWDb,0,7130,7148029.000,0
23-05-2020 07:45,WRmjgnKYAwPKWDb,3985.5,239.25,7084834.250,391.587
03-06-2020 17:45,zVJPv84UY57bAof,1265.29,7792.43,7263009.429,123.1
15-05-2020 17:30,ZoEaEvLYb1n2sOq,1309.5,6221.75,7104320.750,127.775
29-05-2020 15:45,pkci93gMrogZuBj,7736.71,7448,7280706.000,757.414
01-06-2020 07:00,3PZuoBAID5Wc2HD,2245.88,102.25,7115406.250,220.2
31-05-2020 11:30,ZoEaEvLYb1n2sOq,10021.2,2712.12,7219560.125,978.562
04-06-2020 20:00,WRmjgnKYAwPKWDb,0,8038,7182665.000,0
15-06-2020 04:45,zVJPv84UY57bAof,0,0,7344280.000,0
22-05-2020 19:30,adLQvlD726eNBSB,0,7378,6328951.000,0
15-05-2020 09:45,adLQvlD726eNBSB,8003.86,1170.43,6272525.429,782.8
22-05-2020 16:15,1BY6WEcLGh8j5v7,2642,6615.43,6312204.429,259.1
03-06-2020 01:00,1IF53ai7Xc0U56Y,0,0,6324784.000,0
04-06-2020 00:00,YxYtjZvoooNbGkE,0,0,7326756.000,0
06-06-2020 20:30,3PZuoBAID5Wc2HD,0,6496,7158982.000,0
16-06-2020 07:15,wCURE6d3bPkepu2,2308.75,104.75,7016548.750,226.375
03-06-2020 01:45,1IF53ai7Xc0U56Y,0,0,6324784.000,0
24-05-2020 08:15,ZoEaEvLYb1n2sOq,4725.38,501.5,7162685.500,463.175
17-06-2020 07:45,wCURE6d3bPkepu2,3752.62,205,7022923.000,368.8
22-05-2020 06:30,ZoEaEvLYb1n2sOq,894.75,28.5,7146713.500,86.8875
08-06-2020 04:30,1BY6WEcLGh8j5v7,0,0,6423750.000,0
26-05-2020 03:15,VHMLBKoKgIrUVDU,0,0,7289525.000,0
16-06-2020 08:00,ZoEaEvLYb1n2sOq,4876.14,348.429,7330039.429,478.243
03-06-2020 02:00,uHbuxQJl8lW7ozc,0,0,7178405.000,0
19-05-2020 21:30,zBIq5rxdHJRwDNY,0,6924,6371971.000,0
29-05-2020 08:15,1IF53ai7Xc0U56Y,4431.71,427.714,6290385.714,435.071
15-06-2020 17:45,rGa61gmuvPhdLxV,1276.12,6698.12,7344670.125,124.338
17-05-2020 06:30,iCRJl6heRkivqQ3,450.143,6.85714,7190854.857,43.5286
31-05-2020 10:45,adLQvlD726eNBSB,10585.6,2098.12,6396869.125,1033.86
06-06-2020 06:30,pkci93gMrogZuBj,705.5,20.125,7331507.125,68.4
17-06-2020 07:45,pkci93gMrogZuBj,3682,207.375,7409685.375,361.913
02-06-2020 22:45,sjndEbLyjtCKgGv,0,7439,7155447.000,0
24-05-2020 08:30,z9Y9gH1T5YWrNuG,7269.71,664.857,7073426.857,711.857
21-05-2020 11:00,z9Y9gH1T5YWrNuG,9231.86,2695.29,7051956.286,902.2
11-06-2020 14:00,McdE0feGgRqW7Ca,6775.62,3731.38,7365354.375,663.612
06-06-2020 17:45,zBIq5rxdHJRwDNY,318.286,6422,6506724.000,30.7286
25-05-2020 08:00,7JYdWkrLSPkdwr4,4158.71,366,7675607.000,407.843
16-06-2020 17:00,7JYdWkrLSPkdwr4,1887.86,6011,7840810.000,185.043
24-05-2020 11:30,3PZuoBAID5Wc2HD,11689.4,3397.14,7056665.143,1140.53
27-05-2020 07:00,WRmjgnKYAwPKWDb,2124.71,97.2857,7117977.286,208.329
30-05-2020 13:00,wCURE6d3bPkepu2,8772.75,3638,6899518.000,857.625
24-05-2020 02:00,ZnxXDlPa8U1GXgE,0,0,6587728.000,0
15-05-2020 04:15,adLQvlD726eNBSB,0,0,6271355.000,0
10-06-2020 21:00,1BY6WEcLGh8j5v7,0,5911,6444981.000,0
11-06-2020 19:45,1BY6WEcLGh8j5v7,0,5257,6450238.000,0
16-06-2020 16:15,VHMLBKoKgIrUVDU,3478.71,5997.29,7449866.286,341.743
16-06-2020 21:00,1IF53ai7Xc0U56Y,0,6318,6427532.000,0
26-05-2020 06:00,rGa61gmuvPhdLxV,115.857,1,7192103.000,11.1857
09-06-2020 20:00,rGa61gmuvPhdLxV,0,8240,7304204.000,0
28-05-2020 12:45,ZnxXDlPa8U1GXgE,12272.7,5202.14,6624578.143,1197.69
01-06-2020 20:15,ZoEaEvLYb1n2sOq,0,5796,7228440.000,0
10-06-2020 14:45,YxYtjZvoooNbGkE,999.375,5478.38,7378746.375,97.1
14-06-2020 05:15,ZnxXDlPa8U1GXgE,0,0,6744343.000,0
15-06-2020 01:30,rGa61gmuvPhdLxV,0,0,7337972.000,0
24-05-2020 14:45,iCRJl6heRkivqQ3,9687,6712.71,7249932.714,947.2
02-06-2020 23:45,ZoEaEvLYb1n2sOq,0,7287,7235727.000,0
31-05-2020 06:00,7JYdWkrLSPkdwr4,105.875,0.5,7721978.500,10.2125
17-06-2020 14:30,ih0vzX44oOqAx2f,7673.75,4877.75,6425248.750,751.125
24-05-2020 05:15,ZoEaEvLYb1n2sOq,0,0,7162184.000,0
27-05-2020 04:00,z9Y9gH1T5YWrNuG,0,0,7097183.000,0
01-06-2020 03:45,YxYtjZvoooNbGkE,0,0,7305739.000,0
17-06-2020 04:15,zVJPv84UY57bAof,0,0,7357362.000,0
15-06-2020 03:30,iCRJl6heRkivqQ3,0,0,7407224.000,0
17-06-2020 15:30,ZoEaEvLYb1n2sOq,880.714,5432.86,7341314.857,85.4857
15-05-2020 12:45,iCRJl6heRkivqQ3,10605.6,3494.25,7181486.250,1035.51
25-05-2020 23:15,VHMLBKoKgIrUVDU,0,9013,7289525.000,0
04-06-2020 13:30,iCRJl6heRkivqQ3,7702.86,5201.57,7330897.571,754.029
08-06-2020 14:45,VHMLBKoKgIrUVDU,9582.38,6823,7393031.000,936.775
31-05-2020 03:45,pkci93gMrogZuBj,0,0,7288876.000,0
17-06-2020 14:45,WRmjgnKYAwPKWDb,8352.43,5252.43,7272831.429,817.2
09-06-2020 18:45,uHbuxQJl8lW7ozc,0,8309,7233863.000,0
16-06-2020 10:45,3PZuoBAID5Wc2HD,8787.71,2401.71,7227443.714,859.371
10-06-2020 06:45,McdE0feGgRqW7Ca,1357.43,48.4286,7355065.429,132.4
17-06-2020 21:15,zBIq5rxdHJRwDNY,0,5817,6583369.000,0
07-06-2020 19:00,ih0vzX44oOqAx2f,0,8019,6358692.000,0
28-05-2020 21:45,z9Y9gH1T5YWrNuG,0,8477,7112362.000,0
14-06-2020 19:15,adLQvlD726eNBSB,0,7590,6505086.000,0
13-06-2020 14:15,ZoEaEvLYb1n2sOq,11286.1,6386.88,7313771.875,1101.6
02-06-2020 10:30,z9Y9gH1T5YWrNuG,7070.12,2283.75,7142111.750,692.288
18-05-2020 01:15,1IF53ai7Xc0U56Y,0,0,6204353.000,0
01-06-2020 18:45,sjndEbLyjtCKgGv,0,5766,7148008.000,0
25-05-2020 14:30,zVJPv84UY57bAof,9789.71,7126.71,7195922.714,957.2
27-05-2020 10:45,rGa61gmuvPhdLxV,8178.5,2282.25,7202151.250,799.913
22-05-2020 23:30,z9Y9gH1T5YWrNuG,0,0,7064219.000,0
11-06-2020 02:45,pkci93gMrogZuBj,0,0,7369294.000,0
12-06-2020 20:00,YxYtjZvoooNbGkE,0,5780,7391059.000,0
15-05-2020 13:00,3PZuoBAID5Wc2HD,6364.43,3508,6991267.000,623.4
16-06-2020 04:45,WRmjgnKYAwPKWDb,0,0,7261315.000,0
25-05-2020 17:30,ih0vzX44oOqAx2f,696.571,8049.29,6264543.286,67.4857
27-05-2020 12:00,McdE0feGgRqW7Ca,11751.8,3724.25,7253284.250,1146.89
06-06-2020 10:30,VHMLBKoKgIrUVDU,9808.57,2215.14,7373769.143,957.086
30-05-2020 11:30,7JYdWkrLSPkdwr4,7933.62,2082.25,7716917.250,776.538
05-06-2020 20:30,rGa61gmuvPhdLxV,0,7741,7273090.000,0
26-05-2020 11:45,uHbuxQJl8lW7ozc,10954,3730.5,7124426.500,1069.42
16-05-2020 22:30,zBIq5rxdHJRwDNY,0,6374,6352150.000,0
01-06-2020 16:15,rGa61gmuvPhdLxV,1987,5415.62,7241747.625,194.75
30-05-2020 08:00,VHMLBKoKgIrUVDU,3114,296.714,7321355.714,305.886
20-05-2020 22:15,ZnxXDlPa8U1GXgE,0,8909,6564045.000,0
14-06-2020 21:15,VHMLBKoKgIrUVDU,0,7489,7437055.000,0
13-06-2020 04:00,McdE0feGgRqW7Ca,0,0,7373328.000,0
30-05-2020 13:00,ZnxXDlPa8U1GXgE,8764,3673.38,6639739.375,857.425
30-05-2020 04:15,iCRJl6heRkivqQ3,0,0,7291253.000,0
09-06-2020 13:00,3PZuoBAID5Wc2HD,10018.6,5081.5,7180814.500,978.288
02-06-2020 05:00,z9Y9gH1T5YWrNuG,0,0,7139828.000,0
18-05-2020 00:00,ih0vzX44oOqAx2f,0,0,6205201.000,0
17-05-2020 17:30,ZnxXDlPa8U1GXgE,1405,7535.29,6542687.286,136.786
14-06-2020 09:00,iCRJl6heRkivqQ3,6198.25,877,7400732.000,607.237
15-05-2020 20:30,rGa61gmuvPhdLxV,0,6373,7117866.000,0
16-06-2020 00:00,zBIq5rxdHJRwDNY,0,837,6571833.000,0
30-05-2020 22:30,3PZuoBAID5Wc2HD,0,7299,7109488.000,0
22-05-2020 09:15,3PZuoBAID5Wc2HD,6358.75,1052.5,7038353.500,622.825
17-06-2020 05:15,3PZuoBAID5Wc2HD,0,0,7231373.000,0
16-05-2020 09:30,wCURE6d3bPkepu2,5820.62,1161,6790088.000,570.375
15-06-2020 01:15,McdE0feGgRqW7Ca,0,0,7389358.000,0
14-06-2020 13:15,bvBOhCH3iADSZry,0,2378,6520020.000,0
25-05-2020 06:15,3PZuoBAID5Wc2HD,481,3.42857,7061571.429,46.5
01-06-2020 16:00,rGa61gmuvPhdLxV,1684,5369,7241701.000,164.843
19-05-2020 07:00,wCURE6d3bPkepu2,2431.29,50.1429,6808443.143,238.443
24-05-2020 10:30,3PZuoBAID5Wc2HD,11185.1,2225.29,7055493.286,1091.39
21-05-2020 23:30,sjndEbLyjtCKgGv,0,7825,7065886.000,0
19-05-2020 07:45,1IF53ai7Xc0U56Y,3382.38,262.375,6210068.375,331.962
08-06-2020 20:30,z9Y9gH1T5YWrNuG,0,7793,7191424.000,0
17-05-2020 00:45,1IF53ai7Xc0U56Y,0,0,6196594.000,0
17-05-2020 06:15,bvBOhCH3iADSZry,120.75,0.875,6328648.875,11.675
16-06-2020 15:00,VHMLBKoKgIrUVDU,4011.12,5379.12,7449248.125,394
08-06-2020 04:00,ZoEaEvLYb1n2sOq,0,0,7273453.000,0
25-05-2020 04:30,7JYdWkrLSPkdwr4,0,0,7675241.000,0
26-05-2020 16:45,WRmjgnKYAwPKWDb,5600.86,7652.57,7117648.571,548.929
26-05-2020 21:00,7JYdWkrLSPkdwr4,0,0,7691912.000,0
17-06-2020 12:45,7JYdWkrLSPkdwr4,10263,3620.71,7844585.714,1003.01
17-05-2020 13:45,McdE0feGgRqW7Ca,8096.25,5476.75,7177497.750,791.55
18-05-2020 11:15,zBIq5rxdHJRwDNY,7271.86,1163.57,6360820.571,712.014
30-05-2020 18:15,YxYtjZvoooNbGkE,281.429,7262.43,7299765.429,27.2
20-05-2020 19:30,wCURE6d3bPkepu2,0,8895,6824244.000,0
30-05-2020 19:00,bvBOhCH3iADSZry,0,6658,6427681.000,0
10-06-2020 13:15,3PZuoBAID5Wc2HD,7939,4400.71,7188319.714,776.543
05-06-2020 01:45,z9Y9gH1T5YWrNuG,0,0,7163262.000,0
12-06-2020 05:00,zVJPv84UY57bAof,0,0,7322687.000,0
07-06-2020 14:30,7JYdWkrLSPkdwr4,8400.29,6321.57,7776778.571,821
09-06-2020 17:00,YxYtjZvoooNbGkE,3251.38,7730.88,7373040.875,319.562
10-06-2020 07:00,uHbuxQJl8lW7ozc,2003.25,87.125,7233950.125,196.35
02-06-2020 04:45,z9Y9gH1T5YWrNuG,0,0,7139828.000,0
28-05-2020 06:45,ih0vzX44oOqAx2f,1285.43,47.7143,6278902.714,125.129
28-05-2020 13:45,sjndEbLyjtCKgGv,9318,5995.29,7118560.286,909.757
06-06-2020 14:15,wCURE6d3bPkepu2,12243.4,5388.71,6952157.714,1194.61
12-06-2020 05:00,iCRJl6heRkivqQ3,0,0,7385471.000,0
27-05-2020 21:30,3PZuoBAID5Wc2HD,0,6740,7085451.000,0
16-06-2020 19:30,zVJPv84UY57bAof,0,6262,7357362.000,0
12-06-2020 05:15,pkci93gMrogZuBj,0,0,7374956.000,0
14-06-2020 12:15,pkci93gMrogZuBj,6990,3553.86,7392714.857,684.586
16-06-2020 16:30,wCURE6d3bPkepu2,2706.29,6005.71,7022449.714,265.457
22-05-2020 05:15,pkci93gMrogZuBj,0,0,7217976.000,0
16-05-2020 11:30,uHbuxQJl8lW7ozc,7862.25,2599,7047667.000,769.575
08-06-2020 13:00,wCURE6d3bPkepu2,10071.6,5051.12,6964578.125,983.7
17-06-2020 17:15,1BY6WEcLGh8j5v7,1457.71,5428.71,6485226.714,141.929
22-05-2020 14:15,ih0vzX44oOqAx2f,8444.5,5450.62,6238993.625,825.362
31-05-2020 14:45,bvBOhCH3iADSZry,2565.75,4952.12,6432633.125,251.588
26-05-2020 15:00,wCURE6d3bPkepu2,3516,6571,6871221.000,345.514
02-06-2020 00:30,bvBOhCH3iADSZry,0,0,6438645.000,0
31-05-2020 18:30,bvBOhCH3iADSZry,12.4286,5586,6433267.000,1.2
19-05-2020 11:30,3PZuoBAID5Wc2HD,4041.25,2467,7016385.000,397.075
29-05-2020 23:30,1IF53ai7Xc0U56Y,0,8253,6298211.000,0
20-05-2020 09:30,adLQvlD726eNBSB,9144,1553.43,6306066.429,894.5
04-06-2020 18:15,zVJPv84UY57bAof,301.143,8216.14,7271269.143,29.1
31-05-2020 14:15,iCRJl6heRkivqQ3,7493.88,5120.75,7303718.750,732.125
28-05-2020 20:30,VHMLBKoKgIrUVDU,0,8509,7312887.000,0
30-05-2020 13:30,zVJPv84UY57bAof,10606.4,4156,7232843.000,1035.72
23-05-2020 03:30,zVJPv84UY57bAof,0,0,7172294.000,0
26-05-2020 07:45,1BY6WEcLGh8j5v7,3963.5,285,6336493.000,389.438
15-06-2020 15:15,YxYtjZvoooNbGkE,6637,5775,7412477.000,649.957
04-06-2020 23:30,VHMLBKoKgIrUVDU,0,8160,7363821.000,0
31-05-2020 14:30,ZnxXDlPa8U1GXgE,2223,5388,6648771.000,217.963
02-06-2020 04:15,ih0vzX44oOqAx2f,0,0,6313983.000,0
17-06-2020 10:15,1IF53ai7Xc0U56Y,6930.62,1470.88,6429002.875,678.775
19-05-2020 01:15,WRmjgnKYAwPKWDb,0,0,7054452.000,0
02-06-2020 14:00,ZoEaEvLYb1n2sOq,6720.88,5374.25,7233814.250,658.275
16-05-2020 16:45,zBIq5rxdHJRwDNY,2224,6197.29,6351973.286,218.086
02-06-2020 07:45,bvBOhCH3iADSZry,2181.25,193.75,6438838.750,213.863
05-06-2020 14:30,3PZuoBAID5Wc2HD,11313.6,5751.75,7150454.750,1104.51
06-06-2020 08:00,bvBOhCH3iADSZry,4831.62,441.375,6467692.375,473.837
05-06-2020 10:15,WRmjgnKYAwPKWDb,7094.25,2024.5,7184689.500,694.25
13-06-2020 12:45,3PZuoBAID5Wc2HD,11827.5,5223.62,7207309.625,1153.94
01-06-2020 18:30,ZnxXDlPa8U1GXgE,22.875,5917.88,6655442.875,2.2
04-06-2020 18:45,adLQvlD726eNBSB,0,8314,6430581.000,0
15-06-2020 06:15,1BY6WEcLGh8j5v7,421.75,6.375,6467681.375,40.7875
14-06-2020 22:30,rGa61gmuvPhdLxV,0,7302,7337972.000,0
17-05-2020 11:15,YxYtjZvoooNbGkE,12706.3,3050.43,7195782.429,1238.84
19-05-2020 08:30,pkci93gMrogZuBj,3981.71,472.286,7194883.286,390.771
02-06-2020 02:15,bvBOhCH3iADSZry,0,0,6438645.000,0
20-05-2020 05:15,z9Y9gH1T5YWrNuG,0,0,7040465.000,0
13-06-2020 18:15,1BY6WEcLGh8j5v7,270.75,7979.12,6463658.125,26.1625
03-06-2020 06:45,McdE0feGgRqW7Ca,936.143,34.7143,7300393.714,90.9143
08-06-2020 12:15,wCURE6d3bPkepu2,8554,4324.57,6963851.571,836.829
09-06-2020 05:15,1BY6WEcLGh8j5v7,0,0,6431614.000,0
30-05-2020 14:15,WRmjgnKYAwPKWDb,11070.5,5009.5,7145908.500,1081.54
25-05-2020 01:45,rGa61gmuvPhdLxV,0,0,7183295.000,0
13-06-2020 08:00,7JYdWkrLSPkdwr4,5280.86,415.714,7812832.714,517.643
23-05-2020 17:30,ih0vzX44oOqAx2f,2028,8287.88,6248830.875,198.812
02-06-2020 09:00,rGa61gmuvPhdLxV,6227.14,971.571,7242940.571,610.057
15-05-2020 04:30,wCURE6d3bPkepu2,0,0,6782598.000,0
15-05-2020 14:15,iCRJl6heRkivqQ3,12025.9,4705.57,7182697.571,1173.56
22-05-2020 20:30,z9Y9gH1T5YWrNuG,0,0,7064219.000,0
06-06-2020 05:45,7JYdWkrLSPkdwr4,0,0,7764140.000,0
25-05-2020 23:45,ZoEaEvLYb1n2sOq,0,8745,7178914.000,0
05-06-2020 02:45,pkci93gMrogZuBj,0,0,7323691.000,0
24-05-2020 07:15,wCURE6d3bPkepu2,2342,126.429,6847956.429,229.643
17-05-2020 15:00,ZnxXDlPa8U1GXgE,9461.5,6375.5,6541527.500,925.325
22-05-2020 15:15,YxYtjZvoooNbGkE,6496,6423.88,7235457.875,636.263
14-06-2020 06:30,z9Y9gH1T5YWrNuG,661.75,16.75,7225246.750,64.1125
27-05-2020 01:45,WRmjgnKYAwPKWDb,0,0,7117880.000,0
31-05-2020 03:30,3PZuoBAID5Wc2HD,0,0,7109488.000,0
03-06-2020 21:30,WRmjgnKYAwPKWDb,0,7710,7174627.000,0
04-06-2020 07:30,1BY6WEcLGh8j5v7,2419.88,190.125,6397999.125,237.475
01-06-2020 12:00,ZnxXDlPa8U1GXgE,4828.75,3775.75,6653300.750,473.512
15-06-2020 10:00,3PZuoBAID5Wc2HD,9446.29,1998,7220221.000,923.5
12-06-2020 07:15,7JYdWkrLSPkdwr4,1052.12,64.625,7806728.625,102.263
06-06-2020 13:30,VHMLBKoKgIrUVDU,9596.14,4775.43,7376329.429,937.329
14-06-2020 21:15,1BY6WEcLGh8j5v7,0,4012,6467675.000,0
09-06-2020 05:30,YxYtjZvoooNbGkE,0,0,7365310.000,0
24-05-2020 22:15,zBIq5rxdHJRwDNY,0,7277,6411758.000,0
16-05-2020 16:30,7JYdWkrLSPkdwr4,2563.5,6230.25,7615306.250,251.387
24-05-2020 03:45,ih0vzX44oOqAx2f,0,0,6248938.000,0
11-06-2020 11:15,VHMLBKoKgIrUVDU,7905.25,1717.5,7411012.500,773.812
15-05-2020 17:15,VHMLBKoKgIrUVDU,2200.86,6185.71,7212593.714,215.8
14-06-2020 05:45,zBIq5rxdHJRwDNY,0,0,6557822.000,0
11-06-2020 04:45,pkci93gMrogZuBj,0,0,7369294.000,0
26-05-2020 04:15,McdE0feGgRqW7Ca,0,0,7241649.000,0
10-06-2020 10:30,ZoEaEvLYb1n2sOq,6887,1832.38,7291511.375,674.025
19-05-2020 22:15,YxYtjZvoooNbGkE,0,6878,7212476.000,0
09-06-2020 08:15,zBIq5rxdHJRwDNY,6137.71,511.857,6523780.857,601.343
10-06-2020 05:00,ih0vzX44oOqAx2f,0,0,6374755.000,0
07-06-2020 10:15,uHbuxQJl8lW7ozc,8048.14,1644.71,7210499.714,787.3
02-06-2020 06:15,rGa61gmuvPhdLxV,403,5,7241974.000,38.9571
12-06-2020 04:15,rGa61gmuvPhdLxV,0,0,7316432.000,0
23-05-2020 10:45,uHbuxQJl8lW7ozc,12550.1,2576.43,7097829.429,1224.06
12-06-2020 21:45,rGa61gmuvPhdLxV,0,5849,7322281.000,0
04-06-2020 02:45,VHMLBKoKgIrUVDU,0,0,7355661.000,0
16-05-2020 11:15,bvBOhCH3iADSZry,6963.57,2393.14,6324903.143,681.929
01-06-2020 12:15,7JYdWkrLSPkdwr4,6933.88,3865.25,7731686.250,678.737
09-06-2020 04:45,McdE0feGgRqW7Ca,0,0,7346782.000,0
15-05-2020 18:30,adLQvlD726eNBSB,0,6383,6277738.000,0
23-05-2020 22:45,z9Y9gH1T5YWrNuG,0,8543,7072762.000,0
15-05-2020 13:15,zBIq5rxdHJRwDNY,6964.88,3814.25,6343194.250,682.1
23-05-2020 19:45,1IF53ai7Xc0U56Y,0,8673,6249207.000,0
03-06-2020 10:45,rGa61gmuvPhdLxV,10692.2,1959.38,7251289.375,1044.71
03-06-2020 12:45,1BY6WEcLGh8j5v7,12692.6,3828.14,6394296.143,1237.87
23-05-2020 17:45,wCURE6d3bPkepu2,1579.62,8538.25,6847763.250,154.562
22-05-2020 17:00,sjndEbLyjtCKgGv,1621.25,6986,7072872.000,158.725
14-06-2020 00:15,wCURE6d3bPkepu2,0,0,7002369.000,0
17-06-2020 05:00,rGa61gmuvPhdLxV,0,0,7350947.000,0
06-06-2020 13:00,iCRJl6heRkivqQ3,12028,4399.86,7346202.857,1173.53
15-06-2020 03:15,VHMLBKoKgIrUVDU,0,0,7437055.000,0
27-05-2020 11:00,1IF53ai7Xc0U56Y,6912.88,2641.25,6277279.250,676.513
30-05-2020 02:30,1IF53ai7Xc0U56Y,0,0,6298211.000,0
30-05-2020 23:45,YxYtjZvoooNbGkE,0,7266,7299769.000,0
25-05-2020 00:00,WRmjgnKYAwPKWDb,0,0,7101117.000,0
05-06-2020 19:45,zBIq5rxdHJRwDNY,0,7723,6500302.000,0
07-06-2020 05:15,7JYdWkrLSPkdwr4,0,0,7770457.000,0
28-05-2020 05:00,7JYdWkrLSPkdwr4,0,0,7698550.000,0
15-05-2020 18:45,ZnxXDlPa8U1GXgE,0,6304,6528476.000,0
17-05-2020 13:45,ZnxXDlPa8U1GXgE,8731.29,5441.14,6540593.143,853.3
25-05-2020 03:15,uHbuxQJl8lW7ozc,0,0,7111852.000,0
04-06-2020 07:45,1IF53ai7Xc0U56Y,3756.14,280.429,6332939.429,368.414
30-05-2020 19:15,iCRJl6heRkivqQ3,0,7345,7298598.000,0
05-06-2020 05:45,VHMLBKoKgIrUVDU,0,0,7363821.000,0
18-05-2020 08:30,1BY6WEcLGh8j5v7,1721.86,351.286,6279001.286,168.686
15-05-2020 18:00,z9Y9gH1T5YWrNuG,285.571,6381.71,7014247.714,27.5714
15-06-2020 19:30,1IF53ai7Xc0U56Y,0,6846,6421214.000,0
04-06-2020 14:15,zVJPv84UY57bAof,9141.5,5809,7268862.000,893.475
09-06-2020 16:15,YxYtjZvoooNbGkE,5612,7389.29,7372699.286,550.029
17-05-2020 05:30,rGa61gmuvPhdLxV,0,0,7124099.000,0
16-06-2020 00:00,ih0vzX44oOqAx2f,0,0,6414247.000,0
02-06-2020 12:00,sjndEbLyjtCKgGv,8337.25,3424.5,7151432.500,815.9
15-06-2020 12:15,sjndEbLyjtCKgGv,6128.57,4009,7246820.000,600.429
18-05-2020 04:15,sjndEbLyjtCKgGv,0,0,7037054.000,0
06-06-2020 02:45,McdE0feGgRqW7Ca,0,0,7324681.000,0
24-05-2020 03:00,bvBOhCH3iADSZry,0,0,6376772.000,0
18-05-2020 07:45,z9Y9gH1T5YWrNuG,1800.86,269.429,7028495.429,176.371
24-05-2020 15:00,ZoEaEvLYb1n2sOq,9402.29,6884.29,7169068.286,919.586
11-06-2020 18:45,7JYdWkrLSPkdwr4,0,5573,7806664.000,0
15-05-2020 02:30,ih0vzX44oOqAx2f,0,0,6185184.000,0
02-06-2020 04:45,McdE0feGgRqW7Ca,0,0,7292752.000,0
08-06-2020 15:00,uHbuxQJl8lW7ozc,10480.3,7032.43,7224181.429,1024.49
02-06-2020 20:15,7JYdWkrLSPkdwr4,0,0,7740873.000,0
17-05-2020 08:45,bvBOhCH3iADSZry,7040.12,730,6329378.000,689.425
28-05-2020 08:15,ZnxXDlPa8U1GXgE,5932.38,566.25,6619942.250,581.325
12-06-2020 21:15,sjndEbLyjtCKgGv,0,5847,7227101.000,0
09-06-2020 18:00,3PZuoBAID5Wc2HD,835.571,8164.14,7183897.143,81.0571
31-05-2020 13:00,pkci93gMrogZuBj,8747.75,4195.88,7293071.875,855.1
27-05-2020 04:15,ZnxXDlPa8U1GXgE,0,0,6612649.000,0
12-06-2020 18:00,z9Y9gH1T5YWrNuG,835.625,5782.5,7216846.500,81.1
09-06-2020 13:45,ih0vzX44oOqAx2f,8529.38,5478.75,6372387.750,833.862
16-06-2020 01:00,zBIq5rxdHJRwDNY,0,0,6571833.000,0
16-06-2020 00:00,rGa61gmuvPhdLxV,0,0,7344704.000,0
31-05-2020 21:15,adLQvlD726eNBSB,0,5933,6400704.000,0
20-05-2020 02:00,zVJPv84UY57bAof,0,0,7148337.000,0
28-05-2020 14:30,VHMLBKoKgIrUVDU,8434.14,6822.86,7311200.857,824.571
17-06-2020 09:45,uHbuxQJl8lW7ozc,5833.25,1123.38,7282158.375,571.6
27-05-2020 09:00,1BY6WEcLGh8j5v7,6989.86,969,6344638.000,684.5
15-05-2020 08:15,WRmjgnKYAwPKWDb,4968,384,7029057.000,487.243
08-06-2020 08:15,WRmjgnKYAwPKWDb,3434.43,457.429,7205139.429,337.643
15-06-2020 15:00,pkci93gMrogZuBj,6665,5754,7402176.000,652.375
30-05-2020 22:30,7JYdWkrLSPkdwr4,0,7143,7721978.000,0
09-06-2020 18:30,McdE0feGgRqW7Ca,99.1429,8234.57,7355016.571,9.55714
13-06-2020 22:45,McdE0feGgRqW7Ca,0,8595,7381923.000,0
09-06-2020 13:00,YxYtjZvoooNbGkE,10391.7,4850.29,7370160.286,1014.47
16-05-2020 13:00,uHbuxQJl8lW7ozc,7770.57,3844,7048912.000,760.543
01-06-2020 21:15,ZoEaEvLYb1n2sOq,0,5796,7228440.000,0
15-06-2020 07:00,bvBOhCH3iADSZry,1956.14,90.1429,6521690.143,191.757
19-05-2020 09:30,wCURE6d3bPkepu2,8144.57,999.143,6809392.143,796.9
21-05-2020 12:00,WRmjgnKYAwPKWDb,10454.3,3966.29,7073691.286,1020.77
29-05-2020 12:30,bvBOhCH3iADSZry,11151.1,3951.71,6417536.714,1088.83
13-06-2020 20:30,ZoEaEvLYb1n2sOq,0,8378,7315763.000,0
17-05-2020 21:15,zVJPv84UY57bAof,0,7480,7136015.000,0
24-05-2020 19:00,adLQvlD726eNBSB,0,8397,6346131.000,0
02-06-2020 04:45,zBIq5rxdHJRwDNY,0,0,6469033.000,0
13-06-2020 10:00,uHbuxQJl8lW7ozc,8974.38,1817.38,7253911.375,876.775
11-06-2020 06:00,WRmjgnKYAwPKWDb,0,0,7227367.000,0
30-05-2020 15:30,z9Y9gH1T5YWrNuG,8286.75,6096.75,7126551.750,811
25-05-2020 20:30,ZnxXDlPa8U1GXgE,0,8910,6604666.000,0
25-05-2020 18:30,sjndEbLyjtCKgGv,39.5,8759.62,7098110.625,3.8125
08-06-2020 12:45,ih0vzX44oOqAx2f,8025,4718.43,6363410.429,784.914
17-05-2020 13:15,pkci93gMrogZuBj,5512.88,4819.88,7186469.875,540.013
21-05-2020 23:30,iCRJl6heRkivqQ3,0,7837,7227442.000,0
15-05-2020 14:45,bvBOhCH3iADSZry,6917.62,4498.62,6321301.625,677.2
08-06-2020 20:45,ih0vzX44oOqAx2f,0,8217,6366909.000,0
24-05-2020 17:15,zBIq5rxdHJRwDNY,2739.29,7145.14,6411626.143,268.857
01-06-2020 15:45,ZnxXDlPa8U1GXgE,1457.62,5617.88,6655142.875,142
30-05-2020 08:00,wCURE6d3bPkepu2,3004.57,287.857,6896167.857,295.043
14-06-2020 03:00,7JYdWkrLSPkdwr4,0,0,7820852.000,0
10-06-2020 16:15,adLQvlD726eNBSB,5442.71,6232.57,6476509.571,533.457
25-05-2020 06:15,ZnxXDlPa8U1GXgE,129.25,0.25,6595756.250,12.5125
05-06-2020 09:00,YxYtjZvoooNbGkE,6059.71,875.286,7335761.286,593.314
17-06-2020 17:45,7JYdWkrLSPkdwr4,936.286,5822,7846787.000,90.9286
10-06-2020 04:30,sjndEbLyjtCKgGv,0,0,7209095.000,0
08-06-2020 21:45,z9Y9gH1T5YWrNuG,0,7793,7191424.000,0
16-05-2020 11:00,pkci93gMrogZuBj,7445.88,2218.5,7177695.500,728.913
11-06-2020 07:00,1BY6WEcLGh8j5v7,705.375,30.375,6445011.375,68.4
22-05-2020 07:45,3PZuoBAID5Wc2HD,4727.25,377.5,7037678.500,463.7
12-06-2020 23:15,bvBOhCH3iADSZry,0,5372,6509779.000,0
08-06-2020 05:45,z9Y9gH1T5YWrNuG,0,0,7183631.000,0
28-05-2020 05:45,zBIq5rxdHJRwDNY,0,0,6434083.000,0
12-06-2020 10:00,uHbuxQJl8lW7ozc,5822.71,1075.29,7247281.286,570.586
16-06-2020 13:30,iCRJl6heRkivqQ3,7978.86,4330.86,7418331.857,780.814
31-05-2020 02:15,YxYtjZvoooNbGkE,0,0,7299769.000,0
02-06-2020 15:00,ZnxXDlPa8U1GXgE,6892.57,6353.57,6661796.571,674.886
06-06-2020 07:00,YxYtjZvoooNbGkE,2591.62,96.375,7342585.375,254.213
15-05-2020 20:30,iCRJl6heRkivqQ3,0,6418,7184410.000,0
23-05-2020 23:30,zBIq5rxdHJRwDNY,0,8674,6404481.000,0
14-06-2020 09:15,VHMLBKoKgIrUVDU,8649.14,1066.43,7430632.429,846.3
03-06-2020 23:00,iCRJl6heRkivqQ3,0,7883,7325696.000,0
31-05-2020 23:30,ih0vzX44oOqAx2f,0,5965,6308232.000,0
15-06-2020 03:00,pkci93gMrogZuBj,0,0,7396422.000,0
06-06-2020 08:00,3PZuoBAID5Wc2HD,5655,525.625,7153011.625,554.237
17-06-2020 07:30,iCRJl6heRkivqQ3,3322.62,125,7420431.000,326.538
10-06-2020 19:00,ZoEaEvLYb1n2sOq,0,6392,7296071.000,0
02-06-2020 17:00,1IF53ai7Xc0U56Y,2792.43,7224.29,6324668.286,274.086
24-05-2020 12:45,7JYdWkrLSPkdwr4,12506.7,4736.71,7671956.714,1219.4
17-05-2020 03:30,bvBOhCH3iADSZry,0,0,6328648.000,0
15-06-2020 00:45,z9Y9gH1T5YWrNuG,0,0,7232468.000,0
25-05-2020 07:15,WRmjgnKYAwPKWDb,2632.5,134.375,7101251.375,258.275
20-05-2020 10:30,z9Y9gH1T5YWrNuG,10981.8,2437.75,7042902.750,1073.21
08-06-2020 10:45,wCURE6d3bPkepu2,11869.6,2731.14,6962258.143,1158.03
17-05-2020 11:30,bvBOhCH3iADSZry,10760.8,3156,6331804.000,1050.25
15-05-2020 18:00,zBIq5rxdHJRwDNY,302.143,6389.86,6345769.857,29.1857
19-05-2020 21:45,McdE0feGgRqW7Ca,0,7007,7192098.000,0
07-06-2020 02:30,WRmjgnKYAwPKWDb,0,0,7196611.000,0
24-05-2020 13:15,zBIq5rxdHJRwDNY,10807.5,4761.88,6409242.875,1056.28
29-05-2020 19:45,1IF53ai7Xc0U56Y,0,8253,6298211.000,0
04-06-2020 01:30,zVJPv84UY57bAof,0,0,7263053.000,0
08-06-2020 16:30,pkci93gMrogZuBj,6118.86,7865.71,7353997.714,599.643
12-06-2020 10:15,VHMLBKoKgIrUVDU,8139.29,1232.43,7416243.429,796.571
15-06-2020 02:45,McdE0feGgRqW7Ca,0,0,7389358.000,0
02-06-2020 00:45,ZoEaEvLYb1n2sOq,0,0,7228440.000,0
13-06-2020 06:45,iCRJl6heRkivqQ3,1035,35.7143,7391394.714,100.586
31-05-2020 02:00,VHMLBKoKgIrUVDU,0,0,7328329.000,0
17-06-2020 08:30,McdE0feGgRqW7Ca,4138.14,493,7403088.000,406.543
24-05-2020 08:45,WRmjgnKYAwPKWDb,4790.86,843,7093869.000,469.943
12-06-2020 12:00,wCURE6d3bPkepu2,10644.6,2640.29,6990694.286,1039.84
07-06-2020 07:45,1BY6WEcLGh8j5v7,2298.88,218,6418700.000,225.4
27-05-2020 14:30,rGa61gmuvPhdLxV,8244.25,5149,7205018.000,806.062
18-05-2020 05:30,ih0vzX44oOqAx2f,0,0,6205201.000,0
04-06-2020 17:45,WRmjgnKYAwPKWDb,1718.12,7991.62,7182618.625,168.075
15-05-2020 19:15,zVJPv84UY57bAof,0,5965,7122116.000,0
14-06-2020 03:45,bvBOhCH3iADSZry,0,0,6517642.000,0
30-05-2020 02:00,z9Y9gH1T5YWrNuG,0,0,7120455.000,0
05-06-2020 23:00,uHbuxQJl8lW7ozc,0,7838,7202373.000,0
27-05-2020 08:15,sjndEbLyjtCKgGv,5889.86,516.571,7106405.571,577.143
05-06-2020 03:30,wCURE6d3bPkepu2,0,0,6939021.000,0
18-05-2020 12:30,1BY6WEcLGh8j5v7,7755.43,1913.86,6280563.857,759.214
29-05-2020 22:15,ih0vzX44oOqAx2f,0,7951,6295121.000,0
26-05-2020 02:00,7JYdWkrLSPkdwr4,0,0,7684020.000,0
26-05-2020 05:00,McdE0feGgRqW7Ca,0,0,7241649.000,0
14-06-2020 21:15,7JYdWkrLSPkdwr4,0,7306,7828158.000,0
08-06-2020 08:30,1BY6WEcLGh8j5v7,4922.71,514.857,6424264.857,482.8
06-06-2020 05:00,ih0vzX44oOqAx2f,0,0,6344476.000,0
18-05-2020 19:15,z9Y9gH1T5YWrNuG,0,5347,7033573.000,0
16-05-2020 14:45,bvBOhCH3iADSZry,6805.62,5161.12,6327671.125,666.562
27-05-2020 00:15,WRmjgnKYAwPKWDb,0,0,7117880.000,0
24-05-2020 03:00,McdE0feGgRqW7Ca,0,0,7224636.000,0
11-06-2020 19:30,z9Y9gH1T5YWrNuG,0,5599,7211064.000,0
25-05-2020 00:15,bvBOhCH3iADSZry,0,0,6384212.000,0
07-06-2020 08:00,3PZuoBAID5Wc2HD,3415.5,310.125,7159292.125,335.688
26-05-2020 09:45,zBIq5rxdHJRwDNY,9712.71,1648,6421849.000,949.829
29-05-2020 16:45,adLQvlD726eNBSB,3618,8091.14,6387100.143,355.629
07-06-2020 10:30,McdE0feGgRqW7Ca,9806.38,1922.12,7333082.125,958.6
25-05-2020 08:00,uHbuxQJl8lW7ozc,2992.71,349.143,7112201.143,293.457
01-06-2020 06:00,WRmjgnKYAwPKWDb,70.75,0.375,7153866.375,6.8125
25-05-2020 22:30,zVJPv84UY57bAof,0,8813,7197609.000,0
15-06-2020 14:15,bvBOhCH3iADSZry,5622,4721.71,6526321.714,550.614
15-05-2020 12:15,7JYdWkrLSPkdwr4,9782.75,2815.88,7605775.875,955.45
17-05-2020 03:45,iCRJl6heRkivqQ3,0,0,7190848.000,0
17-06-2020 16:45,wCURE6d3bPkepu2,1177.38,5718.25,7028436.250,114.513
28-05-2020 12:45,WRmjgnKYAwPKWDb,11452.4,5209.29,7129747.286,1117.79
17-05-2020 10:00,YxYtjZvoooNbGkE,10047,1794.75,7194526.750,982
25-05-2020 19:45,ZnxXDlPa8U1GXgE,0,8910,6604666.000,0
30-05-2020 11:15,z9Y9gH1T5YWrNuG,10984.2,1874,7122329.000,1072.08
14-06-2020 07:00,VHMLBKoKgIrUVDU,1979.88,73.125,7429639.125,193.863
16-06-2020 04:00,3PZuoBAID5Wc2HD,0,0,7225042.000,0
17-06-2020 11:15,1IF53ai7Xc0U56Y,8135.43,2161.14,6429693.143,796.243
14-06-2020 07:15,1BY6WEcLGh8j5v7,2935.86,123.286,6463786.286,288.286
26-05-2020 19:15,1BY6WEcLGh8j5v7,0,0,6343669.000,0
08-06-2020 18:45,zBIq5rxdHJRwDNY,0,8358,6523269.000,0
15-05-2020 09:00,McdE0feGgRqW7Ca,7378.43,757.714,7159721.714,722.3
09-06-2020 14:45,pkci93gMrogZuBj,8811.14,6500.86,7360976.857,861.914
17-06-2020 16:30,7JYdWkrLSPkdwr4,1821.14,5658.57,7846623.571,178.414
30-05-2020 19:30,7JYdWkrLSPkdwr4,0,7143,7721978.000,0
18-05-2020 22:30,3PZuoBAID5Wc2HD,0,5435,7013918.000,0
07-06-2020 12:30,iCRJl6heRkivqQ3,13237,4304.25,7352538.250,1290.61
15-06-2020 08:45,adLQvlD726eNBSB,7734.25,965.125,6506051.125,757.087
17-05-2020 07:15,uHbuxQJl8lW7ozc,2311.75,96.625,7051435.625,226.662
12-06-2020 13:45,WRmjgnKYAwPKWDb,9459.14,3991.14,7236977.143,925.143
21-05-2020 09:15,WRmjgnKYAwPKWDb,8818.5,1268.62,7070993.625,862.737
03-06-2020 03:30,7JYdWkrLSPkdwr4,0,0,7740873.000,0
01-06-2020 07:45,uHbuxQJl8lW7ozc,4879.43,359.714,7165712.714,478.414
02-06-2020 03:00,McdE0feGgRqW7Ca,0,0,7292752.000,0
20-05-2020 18:45,1BY6WEcLGh8j5v7,0,8249,6298346.000,0
10-06-2020 21:45,McdE0feGgRqW7Ca,0,6606,7361623.000,0
15-05-2020 05:15,sjndEbLyjtCKgGv,0,0,7016832.000,0
04-06-2020 00:00,iCRJl6heRkivqQ3,0,985.375,7325696.000,0
15-06-2020 11:30,1BY6WEcLGh8j5v7,8682.25,3201,6470876.000,848.562
27-05-2020 02:15,VHMLBKoKgIrUVDU,0,0,7297615.000,0
21-05-2020 20:45,WRmjgnKYAwPKWDb,0,0,7077358.000,0
17-06-2020 17:45,sjndEbLyjtCKgGv,956,5852,7261646.000,92.8571
29-05-2020 18:15,ih0vzX44oOqAx2f,130.286,7949.29,6295119.286,12.5714
25-05-2020 17:30,z9Y9gH1T5YWrNuG,698,8765.29,7089403.286,67.6143
27-05-2020 14:00,ZnxXDlPa8U1GXgE,4264.75,5012.5,6617661.500,418.925
19-05-2020 04:15,zBIq5rxdHJRwDNY,0,0,6365047.000,0
05-06-2020 01:45,uHbuxQJl8lW7ozc,0,0,7194535.000,0
26-05-2020 00:15,VHMLBKoKgIrUVDU,0,0,7289525.000,0
08-06-2020 08:30,YxYtjZvoooNbGkE,5303,532.143,7357499.143,519.929
26-05-2020 19:15,adLQvlD726eNBSB,0,0,6363516.000,0
07-06-2020 05:30,rGa61gmuvPhdLxV,0,0,7279501.000,0
07-06-2020 00:15,ZnxXDlPa8U1GXgE,0,0,6693054.000,0
28-05-2020 07:45,7JYdWkrLSPkdwr4,4356.12,325.75,7698875.750,427.688
08-06-2020 20:45,1IF53ai7Xc0U56Y,0,8495,6371833.000,0
23-05-2020 02:30,7JYdWkrLSPkdwr4,0,0,7658770.000,0
25-05-2020 20:45,iCRJl6heRkivqQ3,0,8869,7260130.000,0
07-06-2020 01:00,ZnxXDlPa8U1GXgE,0,0,6693054.000,0
16-06-2020 23:00,iCRJl6heRkivqQ3,0,6305,7420306.000,0
29-05-2020 18:45,WRmjgnKYAwPKWDb,0,8038,7140899.000,0
26-05-2020 06:15,zBIq5rxdHJRwDNY,381.571,6.57143,6420207.571,36.8714
31-05-2020 09:30,3PZuoBAID5Wc2HD,6047.29,1017.43,7110505.429,592.471
22-05-2020 11:15,iCRJl6heRkivqQ3,7450.75,2380.38,7229822.375,728.538
24-05-2020 15:30,iCRJl6heRkivqQ3,3637.75,7276.88,7250496.875,357.238
10-06-2020 19:30,McdE0feGgRqW7Ca,0,6606,7361623.000,0
28-05-2020 05:15,1BY6WEcLGh8j5v7,0,0,6349833.000,0
26-05-2020 04:15,1BY6WEcLGh8j5v7,0,0,6336208.000,0
12-06-2020 09:30,zVJPv84UY57bAof,5363.43,761.857,7323448.857,525.686
14-06-2020 12:00,rGa61gmuvPhdLxV,7342.14,3394,7334064.000,718.9
08-06-2020 10:30,z9Y9gH1T5YWrNuG,12823.5,2445.62,7186076.625,1250.3
24-05-2020 00:30,wCURE6d3bPkepu2,0,0,6847830.000,0
17-06-2020 04:30,WRmjgnKYAwPKWDb,0,0,7267579.000,0
26-05-2020 19:30,bvBOhCH3iADSZry,0,0,6399700.000,0
25-05-2020 12:15,ZnxXDlPa8U1GXgE,12722.9,4586.71,6600342.714,1240.5
27-05-2020 20:00,pkci93gMrogZuBj,0,0,7264985.000,0
30-05-2020 10:30,zVJPv84UY57bAof,5309.5,1384.75,7230071.750,520.438
27-05-2020 14:15,ih0vzX44oOqAx2f,3827.29,5001.57,6277292.571,376.114
30-05-2020 08:45,iCRJl6heRkivqQ3,3452,572.143,7291825.143,339.371
24-05-2020 07:45,rGa61gmuvPhdLxV,3621,275.5,7175568.500,355.762
03-06-2020 00:15,ZoEaEvLYb1n2sOq,0,0,7235727.000,0
10-06-2020 18:15,VHMLBKoKgIrUVDU,120,6478.25,7409294.250,11.575
14-06-2020 03:15,ZoEaEvLYb1n2sOq,0,0,7315763.000,0
14-06-2020 15:45,7JYdWkrLSPkdwr4,5896.14,6726.71,7827578.714,577.757
16-05-2020 02:15,McdE0feGgRqW7Ca,0,0,7165435.000,0
24-05-2020 17:15,wCURE6d3bPkepu2,2769.88,7828.25,6855658.250,271.837
15-06-2020 23:15,7JYdWkrLSPkdwr4,0,6641,7834799.000,0
30-05-2020 12:45,1IF53ai7Xc0U56Y,10726.4,3514.71,6301725.714,1047.13
12-06-2020 04:00,wCURE6d3bPkepu2,0,0,6988054.000,0
29-05-2020 21:00,ih0vzX44oOqAx2f,0,7951,6295121.000,0
07-06-2020 13:45,ZnxXDlPa8U1GXgE,6808.14,5772.71,6698826.714,666.414
18-05-2020 14:15,iCRJl6heRkivqQ3,4984.38,3689,7202056.000,488.788
19-05-2020 20:15,uHbuxQJl8lW7ozc,0,6997,7071198.000,0
03-06-2020 01:15,bvBOhCH3iADSZry,0,0,6445487.000,0
16-05-2020 20:30,VHMLBKoKgIrUVDU,0,6714,7219380.000,0
22-05-2020 12:15,VHMLBKoKgIrUVDU,9596.43,3629.86,7259990.857,938.086
10-06-2020 19:00,WRmjgnKYAwPKWDb,0,6389,7227367.000,0
11-06-2020 09:45,ZnxXDlPa8U1GXgE,4817.86,821.429,6725031.429,472.371
04-06-2020 11:45,wCURE6d3bPkepu2,10582.2,3341.75,6934117.750,1033.54
17-06-2020 05:30,3PZuoBAID5Wc2HD,0,0,7231373.000,0
05-06-2020 15:00,7JYdWkrLSPkdwr4,8903.12,6002,7762623.000,870.038
28-05-2020 16:00,ZnxXDlPa8U1GXgE,2952.57,7976.43,6627352.429,289.671
25-05-2020 05:15,McdE0feGgRqW7Ca,0,0,7232691.000,0
14-06-2020 18:00,bvBOhCH3iADSZry,359,3947.88,6521589.875,34.7
31-05-2020 13:45,7JYdWkrLSPkdwr4,5999.29,4456.29,7726434.286,586.571
03-06-2020 09:30,ZnxXDlPa8U1GXgE,5997.88,1116.62,6664084.625,587.675
19-05-2020 01:15,ZoEaEvLYb1n2sOq,0,0,7123527.000,0
27-05-2020 19:15,ZnxXDlPa8U1GXgE,0,6727,6619376.000,0
31-05-2020 08:45,7JYdWkrLSPkdwr4,6641.12,544.125,7722522.125,650.25
09-06-2020 14:30,VHMLBKoKgIrUVDU,7787.88,6273,7400969.000,761.55
12-06-2020 00:45,3PZuoBAID5Wc2HD,0,0,7196186.000,0
23-05-2020 00:00,YxYtjZvoooNbGkE,0,0,7236121.000,0
29-05-2020 19:00,adLQvlD726eNBSB,0,8343,6387352.000,0
04-06-2020 11:30,zVJPv84UY57bAof,9629.25,3082,7266135.000,941.05
15-06-2020 23:30,bvBOhCH3iADSZry,0,6192,6527792.000,0
01-06-2020 01:30,ZoEaEvLYb1n2sOq,0,0,7222644.000,0
17-06-2020 02:00,7JYdWkrLSPkdwr4,0,0,7840965.000,0
06-06-2020 13:30,zVJPv84UY57bAof,8856.71,4736.57,7283826.571,865.586
29-05-2020 21:30,ZoEaEvLYb1n2sOq,0,0,7209600.000,0
27-05-2020 06:45,zBIq5rxdHJRwDNY,1408.43,44.8571,6427746.857,137.357
05-06-2020 18:30,z9Y9gH1T5YWrNuG,98.75,7737.75,7170999.750,9.5375
08-06-2020 19:45,adLQvlD726eNBSB,0,8620,6462004.000,0
24-05-2020 19:30,1IF53ai7Xc0U56Y,0,8273,6257480.000,0
18-05-2020 04:15,ZoEaEvLYb1n2sOq,0,0,7118208.000,0
02-06-2020 12:00,ih0vzX44oOqAx2f,8071.62,3385,6317368.000,790
16-05-2020 02:30,1IF53ai7Xc0U56Y,0,0,6190002.000,0
16-05-2020 19:00,7JYdWkrLSPkdwr4,0,6461,7615537.000,0
05-06-2020 03:30,7JYdWkrLSPkdwr4,0,0,7756621.000,0
31-05-2020 18:00,zBIq5rxdHJRwDNY,680.5,5923,6463224.000,65.95
13-06-2020 18:00,adLQvlD726eNBSB,593.875,8758.75,6497480.750,57.4875
21-05-2020 17:00,sjndEbLyjtCKgGv,1058.75,7758.88,7065819.875,102.912
30-05-2020 21:30,1BY6WEcLGh8j5v7,0,6754,6372128.000,0
07-06-2020 20:45,sjndEbLyjtCKgGv,0,6898,7192554.000,0
16-05-2020 13:00,rGa61gmuvPhdLxV,7705.14,3848.86,7121714.857,754.171
26-05-2020 04:30,1BY6WEcLGh8j5v7,0,0,6336208.000,0
07-06-2020 05:15,z9Y9gH1T5YWrNuG,0,0,7177289.000,0
20-05-2020 19:15,uHbuxQJl8lW7ozc,0,8913,7080111.000,0
16-06-2020 01:30,rGa61gmuvPhdLxV,0,0,7344704.000,0
11-06-2020 11:45,bvBOhCH3iADSZry,7646.25,1904.38,6501114.375,748.575
13-06-2020 03:15,1BY6WEcLGh8j5v7,0,0,6455679.000,0
19-05-2020 18:00,z9Y9gH1T5YWrNuG,0,6892,7040465.000,0
21-05-2020 13:00,sjndEbLyjtCKgGv,11382.7,4921.86,7062982.857,1110.69
27-05-2020 22:15,bvBOhCH3iADSZry,0,6133,6405833.000,0
16-05-2020 12:15,pkci93gMrogZuBj,7500.57,3181.57,7178658.571,734.229
09-06-2020 22:30,sjndEbLyjtCKgGv,0,8170,7209095.000,0
16-06-2020 07:00,iCRJl6heRkivqQ3,1440,61.875,7414062.875,140.488
24-05-2020 10:30,1BY6WEcLGh8j5v7,10336.9,2050.12,6322453.125,1009.26
27-05-2020 03:30,z9Y9gH1T5YWrNuG,0,0,7097183.000,0
17-05-2020 01:30,iCRJl6heRkivqQ3,0,0,7190848.000,0
25-05-2020 06:45,ZoEaEvLYb1n2sOq,1125.5,36.875,7170205.875,109.412
09-06-2020 16:45,1BY6WEcLGh8j5v7,3831.86,7166.86,6438780.857,376.557
25-05-2020 09:30,1BY6WEcLGh8j5v7,9003.14,1386,6329326.000,880.786
05-06-2020 03:45,wCURE6d3bPkepu2,0,0,6939021.000,0
12-06-2020 20:30,sjndEbLyjtCKgGv,0,5847,7227101.000,0
18-05-2020 15:15,uHbuxQJl8lW7ozc,8320.86,4367.29,7063160.286,814.329
26-05-2020 09:45,uHbuxQJl8lW7ozc,10066.1,1716.62,7122412.625,984.2
01-06-2020 03:00,1BY6WEcLGh8j5v7,0,0,6377931.000,0
17-06-2020 21:45,iCRJl6heRkivqQ3,0,5957,7426263.000,0
05-06-2020 16:00,uHbuxQJl8lW7ozc,7614.57,6892.14,7201427.143,745.471
14-06-2020 03:15,McdE0feGgRqW7Ca,0,0,7381923.000,0
10-06-2020 09:45,VHMLBKoKgIrUVDU,5945.38,1475.38,7404291.375,582.538
26-05-2020 00:15,ih0vzX44oOqAx2f,0,0,6264579.000,0
22-05-2020 10:30,rGa61gmuvPhdLxV,4814.86,1818.14,7162217.143,472.343
15-05-2020 07:00,wCURE6d3bPkepu2,1873.38,79,6782677.000,183.625
23-05-2020 09:30,bvBOhCH3iADSZry,7603,1360.12,6370268.125,744.263
18-05-2020 00:30,McdE0feGgRqW7Ca,0,0,7179627.000,0
15-06-2020 15:15,VHMLBKoKgIrUVDU,6167.38,5942.38,7442997.375,604.188
04-06-2020 07:00,1BY6WEcLGh8j5v7,1787,75.375,6397884.375,175.037
31-05-2020 04:15,uHbuxQJl8lW7ozc,0,0,7159272.000,0
01-06-2020 08:45,YxYtjZvoooNbGkE,6500.62,919.125,7306658.125,636.763
28-05-2020 21:30,1IF53ai7Xc0U56Y,0,8496,6289958.000,0
01-06-2020 14:45,YxYtjZvoooNbGkE,2966.12,5261.5,7311000.500,291.25
22-05-2020 05:15,VHMLBKoKgIrUVDU,0,0,7256361.000,0
18-05-2020 00:00,z9Y9gH1T5YWrNuG,0,1871.5,7028226.000,0
20-05-2020 22:15,VHMLBKoKgIrUVDU,0,8982,7248524.000,0
14-06-2020 09:15,ZnxXDlPa8U1GXgE,8328.43,1035.86,6745378.857,815.029
16-06-2020 11:30,bvBOhCH3iADSZry,5547.14,2802,6530594.000,543.657
27-05-2020 01:00,zBIq5rxdHJRwDNY,0,0,6427702.000,0
28-05-2020 02:00,iCRJl6heRkivqQ3,0,0,7274692.000,0
05-06-2020 09:45,iCRJl6heRkivqQ3,5658.75,1504.5,7335504.500,554.575
17-05-2020 23:00,iCRJl6heRkivqQ3,0,7519,7198367.000,0
14-06-2020 10:30,ZnxXDlPa8U1GXgE,10757,2066.38,6746409.375,1050.61
17-05-2020 02:15,ZoEaEvLYb1n2sOq,0,0,7110744.000,0
22-05-2020 04:30,3PZuoBAID5Wc2HD,0,0,7037301.000,0
06-06-2020 18:45,1IF53ai7Xc0U56Y,0,6542,6355099.000,0
04-06-2020 08:30,ZoEaEvLYb1n2sOq,5636.62,632,7244133.000,552.425
23-05-2020 23:00,bvBOhCH3iADSZry,0,7864,6376772.000,0
05-06-2020 23:30,1IF53ai7Xc0U56Y,0,0,6348557.000,0
25-05-2020 02:45,1BY6WEcLGh8j5v7,0,0,6327940.000,0
18-05-2020 20:45,7JYdWkrLSPkdwr4,0,5309,7628372.000,0
25-05-2020 11:45,z9Y9gH1T5YWrNuG,12581.4,3925.71,7084563.714,1226.69
13-06-2020 06:45,zVJPv84UY57bAof,1030.29,34.8571,7328584.857,100.129
24-05-2020 07:45,ZoEaEvLYb1n2sOq,3901,277.625,7162461.625,383.3
17-05-2020 06:15,pkci93gMrogZuBj,104.75,0.875,7181650.875,10.1
04-06-2020 14:45,bvBOhCH3iADSZry,9663.57,5657.57,6458381.571,944.657
13-06-2020 18:00,zVJPv84UY57bAof,596,8394.38,7336944.375,57.7
18-05-2020 15:15,1IF53ai7Xc0U56Y,7895.29,4420.57,6208773.571,772.829
05-06-2020 05:00,McdE0feGgRqW7Ca,0,0,7316761.000,0
18-05-2020 07:30,WRmjgnKYAwPKWDb,3453.5,209.875,7049313.875,339.25
23-05-2020 23:00,rGa61gmuvPhdLxV,0,8152,7175293.000,0
02-06-2020 11:30,ZoEaEvLYb1n2sOq,6302.62,2993,7231433.000,617.462
08-06-2020 04:00,McdE0feGgRqW7Ca,0,0,7338202.000,0
05-06-2020 02:00,3PZuoBAID5Wc2HD,0,0,7144703.000,0
09-06-2020 13:15,bvBOhCH3iADSZry,9777,4783.75,6490769.750,955.038
11-06-2020 04:45,zVJPv84UY57bAof,0,0,7317016.000,0
01-06-2020 12:00,pkci93gMrogZuBj,5957.29,3349.57,7298140.571,583.614
19-05-2020 01:45,bvBOhCH3iADSZry,0,0,6340538.000,0
17-06-2020 17:30,uHbuxQJl8lW7ozc,1365.6,5895.4,7286930.400,132.94
23-05-2020 02:15,z9Y9gH1T5YWrNuG,0,0,7064219.000,0
28-05-2020 17:30,iCRJl6heRkivqQ3,1138.43,8297.43,7282989.429,110.771
14-06-2020 00:00,rGa61gmuvPhdLxV,0,0,7330670.000,0
05-06-2020 06:00,uHbuxQJl8lW7ozc,0,0,7194535.000,0
04-06-2020 07:30,sjndEbLyjtCKgGv,2572.5,194.25,7163487.250,252.588
08-06-2020 12:00,zVJPv84UY57bAof,10506.8,4048,7297838.000,1027.06
18-05-2020 20:45,wCURE6d3bPkepu2,0,5393,6808393.000,0
01-06-2020 23:30,3PZuoBAID5Wc2HD,0,5965,7121269.000,0
03-06-2020 19:15,ZnxXDlPa8U1GXgE,0,7916,6670884.000,0
11-06-2020 16:45,7JYdWkrLSPkdwr4,3135.57,5348,7806439.000,307.957
08-06-2020 10:45,bvBOhCH3iADSZry,11424.9,2518.38,6480811.375,1114.74
20-05-2020 18:30,3PZuoBAID5Wc2HD,34.5714,8982,7029494.000,3.34286
25-05-2020 08:15,3PZuoBAID5Wc2HD,6372.88,511.625,7062079.625,624.325
30-05-2020 11:30,adLQvlD726eNBSB,8445.88,2174.5,6389526.500,826.112
13-06-2020 23:15,uHbuxQJl8lW7ozc,0,8437,7260531.000,0
06-06-2020 01:00,zVJPv84UY57bAof,0,0,7279090.000,0
01-06-2020 13:15,zVJPv84UY57bAof,8242.62,4427.88,7246451.875,806.188
06-06-2020 12:00,iCRJl6heRkivqQ3,8154.14,3405,7345208.000,796.7
10-06-2020 02:00,z9Y9gH1T5YWrNuG,0,0,7199053.000,0
10-06-2020 12:45,McdE0feGgRqW7Ca,11326.4,3942.12,7358959.125,1105.4
17-06-2020 10:00,pkci93gMrogZuBj,6267.71,1265.71,7410743.714,614.071
03-06-2020 12:45,ZoEaEvLYb1n2sOq,12556.6,4000.43,7239727.429,1224.8
19-05-2020 06:30,McdE0feGgRqW7Ca,176.286,4.71429,7185095.714,17.0286
12-06-2020 07:30,1IF53ai7Xc0U56Y,959,91.2857,6392415.286,93.1571
24-05-2020 13:15,ih0vzX44oOqAx2f,11763.9,5116,6254054.000,1147.26
24-05-2020 09:45,WRmjgnKYAwPKWDb,6263.14,1615.14,7094641.143,613.171
12-06-2020 20:30,bvBOhCH3iADSZry,0,5372,6509779.000,0
09-06-2020 06:30,ZnxXDlPa8U1GXgE,866.286,25.5714,6709723.571,84.0857
05-06-2020 04:45,rGa61gmuvPhdLxV,0,0,7265349.000,0
15-05-2020 04:30,3PZuoBAID5Wc2HD,0,0,6987759.000,0
10-06-2020 00:15,1IF53ai7Xc0U56Y,0,0,6380022.000,0
03-06-2020 05:45,zBIq5rxdHJRwDNY,0,0,6476454.000,0
12-06-2020 04:30,ih0vzX44oOqAx2f,0,0,6386553.000,0
24-05-2020 05:30,z9Y9gH1T5YWrNuG,0,0,7072762.000,0
06-06-2020 05:30,YxYtjZvoooNbGkE,0,0,7342489.000,0
17-06-2020 17:45,zBIq5rxdHJRwDNY,929.857,5782,6583334.000,90.3
15-05-2020 17:15,ZoEaEvLYb1n2sOq,2326.57,6186.14,7104285.143,228.157
12-06-2020 04:15,adLQvlD726eNBSB,0,0,6482734.000,0
13-06-2020 19:00,uHbuxQJl8lW7ozc,0,8437,7260531.000,0
21-05-2020 11:00,zVJPv84UY57bAof,10261.9,2732.38,7159911.375,1001.62
10-06-2020 10:30,pkci93gMrogZuBj,7469.43,1822.86,7364538.857,730.814
06-06-2020 11:15,WRmjgnKYAwPKWDb,12497.4,2948.38,7193218.375,1219.19
29-05-2020 07:45,pkci93gMrogZuBj,2710.71,252,7273510.000,265.871
02-06-2020 01:00,bvBOhCH3iADSZry,0,0,6438645.000,0
17-06-2020 02:15,wCURE6d3bPkepu2,0,0,7022718.000,0
13-06-2020 08:30,7JYdWkrLSPkdwr4,6985.43,724.714,7813141.714,684.114
23-05-2020 19:45,zBIq5rxdHJRwDNY,0,8674,6404481.000,0
15-06-2020 13:15,ZnxXDlPa8U1GXgE,5664,4741.43,6756488.429,555.2
17-06-2020 05:30,iCRJl6heRkivqQ3,0,0,7420306.000,0
06-06-2020 03:15,1BY6WEcLGh8j5v7,0,0,6412542.000,0
22-05-2020 14:30,3PZuoBAID5Wc2HD,11067.6,5956.75,7043257.750,1081.14
21-05-2020 08:45,WRmjgnKYAwPKWDb,7768,862.5,7070587.500,760.45
04-06-2020 04:15,iCRJl6heRkivqQ3,0,0,7325696.000,0
28-05-2020 21:15,pkci93gMrogZuBj,0,8273,7273258.000,0
11-06-2020 19:30,pkci93gMrogZuBj,0,5662,7374956.000,0
01-06-2020 06:30,pkci93gMrogZuBj,956.625,22.875,7294813.875,92.925
11-06-2020 16:00,1BY6WEcLGh8j5v7,4401.62,4775.12,6449756.125,432.137
18-05-2020 22:15,VHMLBKoKgIrUVDU,0,5457,7232554.000,0
11-06-2020 09:30,1IF53ai7Xc0U56Y,4531.62,714.25,6387334.250,444.775
18-05-2020 00:30,uHbuxQJl8lW7ozc,0,0,7058793.000,0
27-05-2020 05:30,1BY6WEcLGh8j5v7,0,0,6343669.000,0
01-06-2020 17:30,YxYtjZvoooNbGkE,699.75,5731.5,7311470.500,67.8375
06-06-2020 06:15,rGa61gmuvPhdLxV,403.286,7.14286,7273097.143,39
10-06-2020 02:30,bvBOhCH3iADSZry,0,0,6493347.000,0
09-06-2020 19:15,rGa61gmuvPhdLxV,0,8240,7304204.000,0
14-06-2020 18:00,ZnxXDlPa8U1GXgE,395.875,7391.12,6751734.125,38.25
19-05-2020 06:15,1IF53ai7Xc0U56Y,88.625,1.375,6209807.375,8.55
03-06-2020 08:15,zBIq5rxdHJRwDNY,4498.29,446.857,6476900.857,441.586
15-05-2020 17:15,1BY6WEcLGh8j5v7,2011.38,5687.75,6265246.750,197.188
28-05-2020 00:30,z9Y9gH1T5YWrNuG,0,0,7103885.000,0
30-05-2020 10:30,3PZuoBAID5Wc2HD,5267.88,1428.75,7103617.750,516.375
30-05-2020 04:30,zVJPv84UY57bAof,0,0,7228687.000,0
31-05-2020 05:30,uHbuxQJl8lW7ozc,0,0,7159272.000,0
18-05-2020 14:45,zBIq5rxdHJRwDNY,6424.12,3974.5,6363631.500,629.3
06-06-2020 12:15,iCRJl6heRkivqQ3,9155.12,3667.88,7345470.875,894.025
24-05-2020 01:45,adLQvlD726eNBSB,0,0,6337734.000,0
17-05-2020 16:00,McdE0feGgRqW7Ca,6147.38,7073.88,7179094.875,602.15
16-06-2020 12:45,z9Y9gH1T5YWrNuG,7327.71,3761.71,7242945.714,716.843
12-06-2020 14:15,ZoEaEvLYb1n2sOq,7179.86,4377.57,7306009.571,703.1
23-05-2020 00:00,zVJPv84UY57bAof,0,0,7172294.000,0
01-06-2020 19:00,zVJPv84UY57bAof,0,5742,7247766.000,0
16-06-2020 15:30,YxYtjZvoooNbGkE,6479,5510.57,7418845.571,634.686
09-06-2020 15:45,ih0vzX44oOqAx2f,7416.12,6980.38,6373889.375,726.125
29-05-2020 15:00,McdE0feGgRqW7Ca,7786.43,6908.71,7271864.714,762.2
05-06-2020 02:15,1BY6WEcLGh8j5v7,0,0,6405380.000,0
19-05-2020 02:45,ZoEaEvLYb1n2sOq,0,0,7123527.000,0
23-05-2020 15:15,1BY6WEcLGh8j5v7,8059.43,6740.29,6319177.286,788.771
13-06-2020 13:45,adLQvlD726eNBSB,8089.57,6226,6494948.000,791.643
14-06-2020 03:45,ZnxXDlPa8U1GXgE,0,0,6744343.000,0
17-05-2020 08:30,ZnxXDlPa8U1GXgE,5675.62,631.75,6535783.750,556.3
28-05-2020 15:15,WRmjgnKYAwPKWDb,8365.25,7340.5,7131878.500,818.587
01-06-2020 12:15,ih0vzX44oOqAx2f,6182.43,3779.14,6312011.143,605.7
13-06-2020 22:45,YxYtjZvoooNbGkE,0,8380,7399439.000,0
31-05-2020 05:45,ZnxXDlPa8U1GXgE,0,0,6643383.000,0
06-06-2020 19:30,ih0vzX44oOqAx2f,0,6197,6350673.000,0
12-06-2020 07:45,ih0vzX44oOqAx2f,1306.88,115.125,6386668.125,127.287
10-06-2020 06:15,3PZuoBAID5Wc2HD,466.714,7,7183926.000,45.1429
19-05-2020 06:15,WRmjgnKYAwPKWDb,83.75,0.625,7054452.625,8.1125
22-05-2020 10:00,sjndEbLyjtCKgGv,6914.29,1446,7067332.000,677
03-06-2020 14:15,ih0vzX44oOqAx2f,9337.12,5541.75,6326852.750,913.225
20-05-2020 18:15,sjndEbLyjtCKgGv,356.143,8772.29,7058056.286,34.4143
08-06-2020 08:45,pkci93gMrogZuBj,7168.38,690.625,7346822.625,701.925
19-05-2020 17:45,ZoEaEvLYb1n2sOq,533.143,6800.86,7130327.857,51.6571
09-06-2020 18:45,1IF53ai7Xc0U56Y,0,8189,6380022.000,0
26-05-2020 04:15,WRmjgnKYAwPKWDb,0,0,7109996.000,0
31-05-2020 06:00,pkci93gMrogZuBj,95,0.714286,7288876.714,9.17143
29-05-2020 13:00,1BY6WEcLGh8j5v7,11814.9,4612.86,6362422.857,1151.96
07-06-2020 01:00,uHbuxQJl8lW7ozc,0,0,7208855.000,0
09-06-2020 16:00,1IF53ai7Xc0U56Y,6358.88,7492.38,6379325.375,622.975
01-06-2020 02:15,ZoEaEvLYb1n2sOq,0,0,7222644.000,0
22-05-2020 11:30,McdE0feGgRqW7Ca,12551.1,2361.14,7211416.143,1224.53
23-05-2020 19:15,7JYdWkrLSPkdwr4,0,8450,7667220.000,0
11-06-2020 22:30,1IF53ai7Xc0U56Y,0,5704,6392324.000,0
15-05-2020 03:15,bvBOhCH3iADSZry,0,0,6316803.000,0
13-06-2020 06:15,WRmjgnKYAwPKWDb,373.125,7,7238787.000,36.075
10-06-2020 03:00,3PZuoBAID5Wc2HD,0,0,7183919.000,0
21-05-2020 13:30,7JYdWkrLSPkdwr4,12160.1,5395.71,7649375.714,1186.39
19-05-2020 20:45,WRmjgnKYAwPKWDb,0,0,7060932.000,0
10-06-2020 06:15,McdE0feGgRqW7Ca,424.429,7.14286,7355024.143,41.0429
04-06-2020 14:15,ZnxXDlPa8U1GXgE,7270.57,5787.43,6676671.429,711.2
16-06-2020 14:00,pkci93gMrogZuBj,6873.29,4605.14,7407822.143,672.786
21-05-2020 20:15,pkci93gMrogZuBj,0,7778,7217976.000,0
24-05-2020 12:15,rGa61gmuvPhdLxV,12678,3885.57,7179178.571,1236.09
28-05-2020 19:15,iCRJl6heRkivqQ3,0,8345,7283037.000,0
04-06-2020 00:00,1IF53ai7Xc0U56Y,0,0,6332659.000,0
07-06-2020 15:30,adLQvlD726eNBSB,8112.86,7288.57,6452319.571,793.957
24-05-2020 12:30,ih0vzX44oOqAx2f,11513.7,4253.29,6253191.286,1123.36
25-05-2020 11:30,ZnxXDlPa8U1GXgE,12444.8,3651.62,6599407.625,1213.36
03-06-2020 15:45,McdE0feGgRqW7Ca,6829.38,7203.12,7307562.125,668.8
31-05-2020 22:45,VHMLBKoKgIrUVDU,0,6076,7334405.000,0
25-05-2020 06:30,McdE0feGgRqW7Ca,711.286,16.4286,7232707.429,68.9
19-05-2020 14:00,adLQvlD726eNBSB,8748.57,4924.14,6302740.143,855.914
27-05-2020 00:30,zBIq5rxdHJRwDNY,0,0,6427702.000,0
01-06-2020 01:30,uHbuxQJl8lW7ozc,0,0,7165353.000,0
04-06-2020 03:45,adLQvlD726eNBSB,0,0,6422267.000,0
01-06-2020 10:30,iCRJl6heRkivqQ3,11584.3,2234.86,7306801.857,1130.3
13-06-2020 01:15,7JYdWkrLSPkdwr4,0,0,7812417.000,0
16-05-2020 03:30,uHbuxQJl8lW7ozc,0,0,7045068.000,0
15-05-2020 02:00,ih0vzX44oOqAx2f,0,0,6185184.000,0
31-05-2020 09:15,wCURE6d3bPkepu2,5651.71,938.714,6904096.714,553.871
01-06-2020 22:15,ZnxXDlPa8U1GXgE,0,5918,6655443.000,0
28-05-2020 03:45,1BY6WEcLGh8j5v7,0,0,6349833.000,0
15-05-2020 12:00,iCRJl6heRkivqQ3,7039.29,2838.57,7180830.571,689.171
15-06-2020 06:15,7JYdWkrLSPkdwr4,466.25,6.375,7828164.375,45.0875
20-05-2020 08:15,zVJPv84UY57bAof,5855.62,533.75,7148870.750,573.788
03-06-2020 23:00,VHMLBKoKgIrUVDU,0,7917,7355661.000,0
30-05-2020 03:45,VHMLBKoKgIrUVDU,0,0,7321059.000,0
15-05-2020 09:45,ih0vzX44oOqAx2f,7024.5,1126.17,6186305.571,687.85
09-06-2020 20:30,YxYtjZvoooNbGkE,0,7958,7373268.000,0
23-05-2020 11:15,VHMLBKoKgIrUVDU,12569.1,3100.88,7266821.875,1226.09
01-06-2020 18:30,rGa61gmuvPhdLxV,24.375,5636.75,7241968.750,2.35
22-05-2020 05:15,z9Y9gH1T5YWrNuG,0,0,7057147.000,0
01-06-2020 05:30,McdE0feGgRqW7Ca,0,0,7286760.000,0
31-05-2020 03:30,wCURE6d3bPkepu2,0,0,6903158.000,0
15-05-2020 22:45,ih0vzX44oOqAx2f,0,0,6191360.000,0
13-06-2020 06:45,bvBOhCH3iADSZry,1017.29,34.2857,6509813.286,98.8429
26-05-2020 05:45,rGa61gmuvPhdLxV,0,0,7192102.000,0
15-06-2020 18:45,WRmjgnKYAwPKWDb,0,6731,7261315.000,0
15-06-2020 00:00,ih0vzX44oOqAx2f,0,895.625,6407683.000,0
16-06-2020 06:30,ih0vzX44oOqAx2f,683.875,11.375,6414258.375,66.275
13-06-2020 04:45,VHMLBKoKgIrUVDU,0,0,7420914.000,0
25-05-2020 03:15,iCRJl6heRkivqQ3,0,0,7251261.000,0
01-06-2020 17:15,3PZuoBAID5Wc2HD,986.75,5900.62,7121204.625,95.8875
06-06-2020 08:00,ih0vzX44oOqAx2f,5079.14,478.429,6344954.429,497.957
04-06-2020 07:15,ZnxXDlPa8U1GXgE,2526.75,132.5,6671016.500,247.887
21-05-2020 15:45,ZnxXDlPa8U1GXgE,5643.5,7321.25,6571366.250,553.125
17-05-2020 15:30,ih0vzX44oOqAx2f,7843.12,6596.88,6204406.875,767.538
10-06-2020 21:15,pkci93gMrogZuBj,0,6578,7369294.000,0
22-05-2020 14:45,ZnxXDlPa8U1GXgE,10636.5,6169.38,6578033.375,1039.67
02-06-2020 03:00,zBIq5rxdHJRwDNY,0,0,6469033.000,0
25-05-2020 23:45,rGa61gmuvPhdLxV,0,8807,7192102.000,0
15-06-2020 12:45,adLQvlD726eNBSB,6678.29,4451.71,6509537.714,654.1
28-05-2020 03:15,iCRJl6heRkivqQ3,0,0,7274692.000,0
03-06-2020 03:45,zBIq5rxdHJRwDNY,0,0,6476454.000,0
12-06-2020 06:00,YxYtjZvoooNbGkE,0,0,7385279.000,0
15-05-2020 21:30,rGa61gmuvPhdLxV,0,6373,7117866.000,0
03-06-2020 01:15,uHbuxQJl8lW7ozc,0,0,7178405.000,0
26-05-2020 16:00,1BY6WEcLGh8j5v7,4117.43,6856.29,6343064.286,403.871
05-06-2020 01:15,McdE0feGgRqW7Ca,0,0,7316761.000,0
23-05-2020 07:30,sjndEbLyjtCKgGv,3197.62,145.5,7073107.500,314.3
04-06-2020 14:00,rGa61gmuvPhdLxV,9387.71,5637.71,7262774.714,916.886
11-06-2020 17:15,zVJPv84UY57bAof,1911.71,5563.86,7322579.857,187.386
10-06-2020 11:30,iCRJl6heRkivqQ3,9208.12,2515.62,7375735.625,899.638
30-05-2020 04:15,3PZuoBAID5Wc2HD,0,0,7102189.000,0
15-05-2020 07:45,adLQvlD726eNBSB,2176.86,237.714,6271592.714,213.429
19-05-2020 07:15,wCURE6d3bPkepu2,2659.75,114.5,6808507.500,260.875
17-06-2020 13:30,sjndEbLyjtCKgGv,9694.38,4245,7260039.000,947.812
10-06-2020 05:15,sjndEbLyjtCKgGv,0,0,7209095.000,0
15-05-2020 17:45,rGa61gmuvPhdLxV,520.75,6356.12,7117849.125,50.375
06-06-2020 09:30,ZnxXDlPa8U1GXgE,8359.12,1336.38,6688035.375,817.85
15-06-2020 09:15,7JYdWkrLSPkdwr4,9254.29,1316.71,7829474.714,904.914
27-05-2020 16:45,z9Y9gH1T5YWrNuG,2881.57,6517.57,7103700.571,282.757
27-05-2020 01:30,adLQvlD726eNBSB,0,0,6363516.000,0
31-05-2020 20:30,pkci93gMrogZuBj,0,5915,7294791.000,0
14-06-2020 09:45,1IF53ai7Xc0U56Y,8314.14,1487.14,6408368.143,813.657
08-06-2020 14:30,VHMLBKoKgIrUVDU,11387,6561.86,7392769.857,1111.94
31-05-2020 18:00,VHMLBKoKgIrUVDU,682.286,6061.43,7334390.429,66.1143
15-05-2020 05:30,1IF53ai7Xc0U56Y,0,0,6183645.000,0
12-06-2020 18:00,zVJPv84UY57bAof,821.571,5843,7328530.000,79.7143
17-06-2020 19:15,7JYdWkrLSPkdwr4,0,5856,7846821.000,0
16-05-2020 11:00,uHbuxQJl8lW7ozc,7768.5,2236.38,7047304.375,760.362
09-06-2020 04:30,7JYdWkrLSPkdwr4,0,0,7786793.000,0
09-06-2020 22:00,uHbuxQJl8lW7ozc,0,8309,7233863.000,0
21-05-2020 17:00,3PZuoBAID5Wc2HD,1082.88,7743.88,7037237.875,105.263
18-05-2020 15:15,zVJPv84UY57bAof,8128.88,4352.12,7140367.125,795.6
07-06-2020 22:45,zVJPv84UY57bAof,0,8260,7293790.000,0
22-05-2020 02:45,YxYtjZvoooNbGkE,0,0,7229034.000,0
10-06-2020 17:30,VHMLBKoKgIrUVDU,1491.8,6413.8,7409229.800,145.64
15-05-2020 07:30,McdE0feGgRqW7Ca,2023.38,181.125,7159145.125,198.363
16-06-2020 01:30,1BY6WEcLGh8j5v7,0,0,6473950.000,0
03-06-2020 08:45,pkci93gMrogZuBj,5139.14,668,7308318.000,503.814
09-06-2020 09:00,uHbuxQJl8lW7ozc,8435.86,1065.14,7226619.143,825.5
22-05-2020 04:00,adLQvlD726eNBSB,0,0,6321573.000,0
31-05-2020 03:30,sjndEbLyjtCKgGv,0,0,7136255.000,0
15-06-2020 02:45,1BY6WEcLGh8j5v7,0,0,6467675.000,0
16-05-2020 19:00,ih0vzX44oOqAx2f,0,6450,6197810.000,0
07-06-2020 20:00,zVJPv84UY57bAof,0,8260,7293790.000,0
03-06-2020 17:00,7JYdWkrLSPkdwr4,5166.57,7528.14,7748401.143,506.571
06-06-2020 09:15,pkci93gMrogZuBj,5075.88,1123,7332610.000,497.7
08-06-2020 15:45,pkci93gMrogZuBj,6767.88,7545.12,7353677.125,662.413
01-06-2020 07:30,uHbuxQJl8lW7ozc,4151.38,249.25,7165602.250,407.837
08-06-2020 01:45,uHbuxQJl8lW7ozc,0,0,7217149.000,0
26-05-2020 07:45,z9Y9gH1T5YWrNuG,4141.75,295,7089735.000,406.875
24-05-2020 08:15,z9Y9gH1T5YWrNuG,5394.62,509.375,7073271.375,528.712
23-05-2020 16:15,z9Y9gH1T5YWrNuG,5630.43,7944,7072163.000,551.9
14-06-2020 06:15,rGa61gmuvPhdLxV,322.75,4.125,7330674.125,31.2
23-05-2020 12:45,3PZuoBAID5Wc2HD,9289.71,5023.14,7049639.143,908.671
15-06-2020 17:30,ih0vzX44oOqAx2f,1410.14,6496.57,6414179.571,137.371
20-05-2020 02:00,bvBOhCH3iADSZry,0,0,6346907.000,0
31-05-2020 00:15,zVJPv84UY57bAof,0,0,7235977.000,0
14-06-2020 21:45,sjndEbLyjtCKgGv,0,7307,7242811.000,0
12-06-2020 18:00,uHbuxQJl8lW7ozc,835.286,5868,7252074.000,81.0571
08-06-2020 02:45,adLQvlD726eNBSB,0,0,6453384.000,0
15-05-2020 12:15,adLQvlD726eNBSB,9022.75,2949,6274304.000,881.938
16-06-2020 01:45,ih0vzX44oOqAx2f,0,0,6414247.000,0
30-05-2020 19:15,wCURE6d3bPkepu2,0,7278,6903158.000,0
28-05-2020 19:45,ZnxXDlPa8U1GXgE,0,8540,6627916.000,0
21-05-2020 13:15,YxYtjZvoooNbGkE,13008.4,5096.71,7226390.714,1268.46
14-06-2020 10:00,zBIq5rxdHJRwDNY,8587,1636,6559458.000,840.212
11-06-2020 10:00,ZoEaEvLYb1n2sOq,5094.38,921.375,7296992.375,499.413
12-06-2020 08:45,zBIq5rxdHJRwDNY,4172.88,373,6543923.000,409.837
16-05-2020 09:30,ih0vzX44oOqAx2f,5785.57,1151.86,6192511.857,566.986
29-05-2020 22:45,WRmjgnKYAwPKWDb,0,8038,7140899.000,0
19-05-2020 18:00,bvBOhCH3iADSZry,0,6369,6346907.000,0
20-05-2020 12:15,zBIq5rxdHJRwDNY,12880.9,4490.43,6376461.429,1255.89
15-05-2020 15:00,z9Y9gH1T5YWrNuG,9010.5,5246.38,7013112.375,881.425
23-05-2020 14:45,1IF53ai7Xc0U56Y,7205.62,7038.75,6247572.750,705.6
14-06-2020 07:00,iCRJl6heRkivqQ3,2030.71,72.1429,7399927.143,199.071
11-06-2020 15:15,zBIq5rxdHJRwDNY,6548.57,4643.29,6542546.286,641.543
07-06-2020 05:15,bvBOhCH3iADSZry,0,0,6473124.000,0
06-06-2020 13:00,WRmjgnKYAwPKWDb,12645.4,4388.57,7194658.571,1233.39
05-06-2020 13:45,zVJPv84UY57bAof,12596.4,4925.57,7276198.571,1228.6
23-05-2020 04:15,WRmjgnKYAwPKWDb,0,0,7084595.000,0
25-05-2020 21:30,ih0vzX44oOqAx2f,0,8085,6264579.000,0
10-06-2020 14:30,wCURE6d3bPkepu2,5905,5413.71,6981393.714,578.243
17-06-2020 03:15,WRmjgnKYAwPKWDb,0,0,7267579.000,0
25-05-2020 06:45,adLQvlD726eNBSB,1350,44.8571,6346175.857,131.514
21-05-2020 21:30,pkci93gMrogZuBj,0,7778,7217976.000,0
27-05-2020 04:15,7JYdWkrLSPkdwr4,0,0,7691912.000,0
18-05-2020 21:45,ZnxXDlPa8U1GXgE,0,5424,6548162.000,0
18-05-2020 07:00,McdE0feGgRqW7Ca,1737.71,78.4286,7179705.429,170.114
14-06-2020 00:00,wCURE6d3bPkepu2,0,0,7002369.000,0
09-06-2020 23:45,1BY6WEcLGh8j5v7,0,7456,6439070.000,0
05-06-2020 12:15,3PZuoBAID5Wc2HD,4041.12,3844.88,7148547.875,396.938
02-06-2020 15:15,3PZuoBAID5Wc2HD,5348.29,6381.29,7127650.286,524.257
18-05-2020 08:45,ZnxXDlPa8U1GXgE,1962.62,427.125,6543165.125,192.387
01-06-2020 00:45,zBIq5rxdHJRwDNY,0,0,6463239.000,0
24-05-2020 21:30,wCURE6d3bPkepu2,0,7961,6855791.000,0
09-06-2020 18:45,1BY6WEcLGh8j5v7,0,7456,6439070.000,0
04-06-2020 15:00,7JYdWkrLSPkdwr4,11183.5,6379.75,7755001.750,1091.95
25-05-2020 07:30,1BY6WEcLGh8j5v7,2375.86,178.857,6328118.857,232.971
27-05-2020 11:15,adLQvlD726eNBSB,12114,2848.57,6366364.571,1181.56
30-05-2020 22:30,VHMLBKoKgIrUVDU,0,7270,7328329.000,0
30-05-2020 17:45,7JYdWkrLSPkdwr4,994.375,7108.38,7721943.375,96.625
29-05-2020 21:45,uHbuxQJl8lW7ozc,0,0,7151932.000,0
15-06-2020 09:30,VHMLBKoKgIrUVDU,8977,1569.62,7438624.625,877.775
30-05-2020 21:15,pkci93gMrogZuBj,0,7341,7288876.000,0
25-05-2020 15:15,adLQvlD726eNBSB,9078.43,8157.86,6354288.857,888.114
01-06-2020 01:30,zVJPv84UY57bAof,0,0,7242024.000,0
19-05-2020 09:00,VHMLBKoKgIrUVDU,6319.71,683,7233237.000,619.086
23-05-2020 00:30,7JYdWkrLSPkdwr4,0,0,7658770.000,0
28-05-2020 07:45,YxYtjZvoooNbGkE,4170.71,301.571,7276330.571,409.7
30-05-2020 03:00,1IF53ai7Xc0U56Y,0,0,6298211.000,0
12-06-2020 20:00,adLQvlD726eNBSB,0,5988,6488722.000,0
29-05-2020 09:00,zVJPv84UY57bAof,6983.62,808.25,7221281.250,683.788
16-06-2020 05:00,3PZuoBAID5Wc2HD,0,0,7225042.000,0
27-05-2020 06:00,1BY6WEcLGh8j5v7,130.286,0.285714,6343669.286,12.5857
14-06-2020 12:15,uHbuxQJl8lW7ozc,7025.29,3583.43,7264114.429,688.029
17-06-2020 09:45,McdE0feGgRqW7Ca,5802.25,1142.88,7403737.875,568.587
12-06-2020 16:00,bvBOhCH3iADSZry,2672.71,4961.14,6509368.143,262.229
04-06-2020 04:30,1IF53ai7Xc0U56Y,0,0,6332659.000,0
06-06-2020 04:00,ZoEaEvLYb1n2sOq,0,0,7259075.000,0
11-06-2020 06:15,1BY6WEcLGh8j5v7,136.714,0.857143,6444981.857,13.1857
16-05-2020 08:15,1IF53ai7Xc0U56Y,5030.75,460.75,6190462.750,493.212
16-06-2020 14:00,YxYtjZvoooNbGkE,5970,4609.14,7417944.143,585.014
15-05-2020 20:30,YxYtjZvoooNbGkE,0,6291,7186257.000,0
10-06-2020 17:45,zVJPv84UY57bAof,1197,6531.43,7316987.429,116.414
27-05-2020 18:15,bvBOhCH3iADSZry,109.25,6131.12,6405831.125,10.5375
17-05-2020 17:00,adLQvlD726eNBSB,2053.86,7733,6292176.000,201.343
17-05-2020 22:15,1IF53ai7Xc0U56Y,0,7759,6204353.000,0
04-06-2020 09:45,1IF53ai7Xc0U56Y,6114.12,1490.12,6334149.125,598.725
21-05-2020 11:45,ih0vzX44oOqAx2f,11864.9,3556.71,6229497.714,1157.26
05-06-2020 16:00,zVJPv84UY57bAof,7683.57,6863.71,7278136.714,752.2
16-06-2020 00:00,z9Y9gH1T5YWrNuG,0,959.429,7239184.000,0
17-06-2020 00:30,pkci93gMrogZuBj,0,0,7409478.000,0
20-05-2020 01:45,iCRJl6heRkivqQ3,0,0,7210718.000,0
03-06-2020 17:00,bvBOhCH3iADSZry,4916.86,7019.29,6452506.286,482.243
30-05-2020 18:45,rGa61gmuvPhdLxV,0,7364,7230438.000,0
09-06-2020 02:15,wCURE6d3bPkepu2,0,0,6967970.000,0
19-05-2020 10:15,sjndEbLyjtCKgGv,8033.25,1538.38,7043943.375,785.962
29-05-2020 10:15,1BY6WEcLGh8j5v7,11476.5,1703,6359513.000,1119.72
21-05-2020 23:45,zVJPv84UY57bAof,0,7944,7165123.000,0
15-05-2020 01:15,pkci93gMrogZuBj,0,0,7169102.000,0
07-06-2020 00:30,iCRJl6heRkivqQ3,0,0,7348234.000,0
23-05-2020 14:15,7JYdWkrLSPkdwr4,8019.12,6478.75,7665248.750,784.925
02-06-2020 23:15,ZnxXDlPa8U1GXgE,0,0,6662968.000,0
14-06-2020 03:15,VHMLBKoKgIrUVDU,0,0,7429566.000,0
19-05-2020 04:15,7JYdWkrLSPkdwr4,0,0,7628372.000,0
10-06-2020 08:30,wCURE6d3bPkepu2,3560.5,561.125,6976541.125,350
16-06-2020 18:30,7JYdWkrLSPkdwr4,79.2857,6165.29,7840964.286,7.64286
18-05-2020 10:15,pkci93gMrogZuBj,2244.25,670,7189717.000,220.05
10-06-2020 15:30,ZnxXDlPa8U1GXgE,4760.29,5691.43,6723463.429,467.029
11-06-2020 08:00,1IF53ai7Xc0U56Y,2629,191.25,6386811.250,257.812
17-05-2020 16:30,3PZuoBAID5Wc2HD,4494.14,7487.29,7008176.286,440.857
06-06-2020 08:00,wCURE6d3bPkepu2,5020.14,460.429,6947229.429,492.171
08-06-2020 13:00,uHbuxQJl8lW7ozc,8372.25,5032,7222181.000,818.888
16-06-2020 17:30,z9Y9gH1T5YWrNuG,1446,6131.86,7245315.857,141.057
21-05-2020 13:15,rGa61gmuvPhdLxV,12710.8,5073.25,7157706.250,1239.61
22-05-2020 07:30,1BY6WEcLGh8j5v7,4229.38,239.875,6305828.875,415.488
12-06-2020 12:00,ZnxXDlPa8U1GXgE,10200.4,2666.75,6732568.750,996.975
26-05-2020 08:45,zVJPv84UY57bAof,7421.88,859.75,7198468.750,726.712
17-05-2020 18:00,YxYtjZvoooNbGkE,323.25,7490,7200222.000,31.25
16-06-2020 15:45,3PZuoBAID5Wc2HD,5074,5766.12,7230808.125,497.663
16-06-2020 10:45,ZoEaEvLYb1n2sOq,9160.43,2322.57,7332013.571,895.514
16-06-2020 14:00,wCURE6d3bPkepu2,7067.12,4651.5,7021095.500,692
04-06-2020 09:00,zVJPv84UY57bAof,7398.62,906.25,7263959.250,724.188
25-05-2020 09:15,z9Y9gH1T5YWrNuG,8993.38,1197.88,7081835.875,879.837
03-06-2020 15:45,adLQvlD726eNBSB,5152.12,7233.25,6421509.250,505.15
06-06-2020 19:15,ih0vzX44oOqAx2f,0,6197,6350673.000,0
30-05-2020 19:30,ZoEaEvLYb1n2sOq,0,7248,7216848.000,0
30-05-2020 04:15,VHMLBKoKgIrUVDU,0,0,7321059.000,0
05-06-2020 16:15,1BY6WEcLGh8j5v7,6000.14,6509,6411889.000,587.929
05-06-2020 23:30,adLQvlD726eNBSB,0,0,6438428.000,0
04-06-2020 05:00,ZnxXDlPa8U1GXgE,0,0,6670884.000,0
27-05-2020 05:15,adLQvlD726eNBSB,0,0,6363516.000,0
31-05-2020 16:00,1IF53ai7Xc0U56Y,3085.71,5528.57,6311071.571,303.2
10-06-2020 16:00,3PZuoBAID5Wc2HD,4240.12,6016,7189935.000,416.413
25-05-2020 21:45,z9Y9gH1T5YWrNuG,0,8802,7089440.000,0
19-05-2020 15:00,1IF53ai7Xc0U56Y,7338.86,5804,6215610.000,718.5
17-05-2020 08:45,rGa61gmuvPhdLxV,7378.71,755,7124854.000,722.471
11-06-2020 01:00,pkci93gMrogZuBj,0,0,7369294.000,0
18-05-2020 20:00,1IF53ai7Xc0U56Y,0,5453,6209806.000,0
14-06-2020 17:00,1BY6WEcLGh8j5v7,1626.5,3902.25,6467565.250,159.175
14-06-2020 22:30,3PZuoBAID5Wc2HD,0,7504,7218223.000,0
12-06-2020 08:15,wCURE6d3bPkepu2,2791.71,209.143,6988263.143,273.814
17-06-2020 09:30,wCURE6d3bPkepu2,6949.29,968,7023686.000,680.514
05-06-2020 15:45,pkci93gMrogZuBj,9042.25,6642.62,7330333.625,884.487
09-06-2020 05:15,McdE0feGgRqW7Ca,0,0,7346782.000,0
08-06-2020 12:00,wCURE6d3bPkepu2,10536.4,4087,6963614.000,1029.96
08-06-2020 13:15,z9Y9gH1T5YWrNuG,7950,5053.29,7188684.286,776.986
29-05-2020 10:45,1BY6WEcLGh8j5v7,10772.2,2246.75,6360056.750,1052.85
24-05-2020 07:00,iCRJl6heRkivqQ3,1697,77,7243297.000,166.088
27-05-2020 15:00,1IF53ai7Xc0U56Y,5828.29,5650.29,6280288.286,571.171
04-06-2020 02:30,wCURE6d3bPkepu2,0,0,6930776.000,0
21-05-2020 12:15,z9Y9gH1T5YWrNuG,11291.6,4158.5,7053419.500,1102.06
16-06-2020 16:45,pkci93gMrogZuBj,2258.38,6053.38,7409270.375,221.425
18-05-2020 15:30,rGa61gmuvPhdLxV,7666.43,4524.86,7136061.857,750.514
15-05-2020 17:45,iCRJl6heRkivqQ3,519.625,6401.88,7184393.875,50.275
25-05-2020 11:15,ZnxXDlPa8U1GXgE,12279.3,3350.29,6599106.286,1197.24
21-05-2020 21:00,iCRJl6heRkivqQ3,0,7837,7227442.000,0
15-06-2020 05:15,iCRJl6heRkivqQ3,0,0,7407224.000,0
26-05-2020 19:45,3PZuoBAID5Wc2HD,0,0,7078711.000,0
27-05-2020 08:15,adLQvlD726eNBSB,6139.86,563.714,6364079.714,601.614
05-06-2020 01:00,1BY6WEcLGh8j5v7,0,0,6405380.000,0
06-06-2020 01:45,WRmjgnKYAwPKWDb,0,0,7190270.000,0
18-05-2020 19:00,bvBOhCH3iADSZry,0,4962,6340538.000,0
02-06-2020 16:30,1IF53ai7Xc0U56Y,4404.62,7064.12,6324508.125,432.337
16-06-2020 23:15,sjndEbLyjtCKgGv,0,6255,7255794.000,0
28-05-2020 03:00,ZnxXDlPa8U1GXgE,0,0,6619376.000,0
30-05-2020 23:30,zVJPv84UY57bAof,0,7290,7235977.000,0
29-05-2020 11:45,zBIq5rxdHJRwDNY,12230,3379.38,6445373.375,1193.11
06-06-2020 20:30,adLQvlD726eNBSB,0,6603,6445031.000,0
15-05-2020 06:00,ih0vzX44oOqAx2f,50.1667,0,6185184.000,4.85
14-06-2020 12:30,ZnxXDlPa8U1GXgE,6981.14,3790.86,6748133.857,683.714
15-05-2020 16:30,1IF53ai7Xc0U56Y,4569,6064.62,6189709.625,448.438
25-05-2020 19:15,zVJPv84UY57bAof,0,8813,7197609.000,0
04-06-2020 21:30,ih0vzX44oOqAx2f,0,8009,6337019.000,0
11-06-2020 04:15,ZnxXDlPa8U1GXgE,0,0,6724210.000,0
31-05-2020 16:00,wCURE6d3bPkepu2,2978,5892.75,6909050.750,292.35
17-06-2020 13:30,3PZuoBAID5Wc2HD,10748.4,4406,7235779.000,1049.81
06-06-2020 15:00,uHbuxQJl8lW7ozc,4236.25,5867.38,7208240.375,415.85
05-06-2020 12:00,rGa61gmuvPhdLxV,5485.25,3611.75,7268960.750,537.5
13-06-2020 23:30,ZoEaEvLYb1n2sOq,0,8378,7315763.000,0
07-06-2020 09:15,bvBOhCH3iADSZry,7714.12,908,6474032.000,755.163
11-06-2020 10:15,rGa61gmuvPhdLxV,5672.86,1075.14,7311844.143,555.943
17-05-2020 04:00,sjndEbLyjtCKgGv,0,0,7029613.000,0
23-05-2020 14:15,z9Y9gH1T5YWrNuG,8319,6479.86,7070698.857,814.143
20-05-2020 22:45,adLQvlD726eNBSB,0,9102,6313615.000,0
28-05-2020 22:00,3PZuoBAID5Wc2HD,0,8528,7093979.000,0
16-06-2020 04:45,sjndEbLyjtCKgGv,0,0,7249539.000,0
11-06-2020 17:45,wCURE6d3bPkepu2,974.571,5615.86,6988018.857,94.6714
15-05-2020 07:00,rGa61gmuvPhdLxV,1865.38,78.5,7111571.500,182.838
12-06-2020 10:00,adLQvlD726eNBSB,5904,1097.14,6483831.143,578.571
06-06-2020 00:00,1BY6WEcLGh8j5v7,0,895.25,6412542.000,0
15-05-2020 20:00,rGa61gmuvPhdLxV,0,6373,7117866.000,0
09-06-2020 15:00,zVJPv84UY57bAof,8499.25,6769.12,7308936.125,831.6
28-05-2020 14:30,uHbuxQJl8lW7ozc,9318.71,6627.86,7141885.857,910.571
18-05-2020 07:30,YxYtjZvoooNbGkE,3454,205.714,7200434.714,339.371
05-06-2020 21:30,bvBOhCH3iADSZry,0,7065,6467251.000,0
15-05-2020 14:00,ZnxXDlPa8U1GXgE,10347.9,4328.71,6526500.714,1011.54
06-06-2020 06:00,zBIq5rxdHJRwDNY,123,0.5,6500302.500,11.875
25-05-2020 23:15,1BY6WEcLGh8j5v7,0,8268,6336208.000,0
24-05-2020 22:00,uHbuxQJl8lW7ozc,0,8106,7111852.000,0
11-06-2020 14:45,rGa61gmuvPhdLxV,6907.5,4295.5,7315064.500,676.413
20-05-2020 04:30,McdE0feGgRqW7Ca,0,0,7192098.000,0
25-05-2020 16:30,iCRJl6heRkivqQ3,2020,8716.43,7259977.429,198.014
23-05-2020 03:15,ih0vzX44oOqAx2f,0,0,6240543.000,0
19-05-2020 18:00,wCURE6d3bPkepu2,0,6956,6815349.000,0
05-06-2020 14:45,sjndEbLyjtCKgGv,11017.6,5870.88,7177388.875,1076.42
27-05-2020 07:45,zVJPv84UY57bAof,3956.29,284.714,7205667.714,388.729
06-06-2020 09:45,iCRJl6heRkivqQ3,7802.5,1537.75,7343340.750,762.938
06-06-2020 07:45,zBIq5rxdHJRwDNY,4440.43,348.571,6500650.571,435.914
11-06-2020 05:00,adLQvlD726eNBSB,0,0,6476944.000,0
26-05-2020 13:30,adLQvlD726eNBSB,9182.71,5844,6361138.000,896.886
16-05-2020 12:15,zVJPv84UY57bAof,8194.75,3245,7125361.000,801.938
14-06-2020 03:45,3PZuoBAID5Wc2HD,0,0,7210719.000,0
29-05-2020 13:15,ih0vzX44oOqAx2f,11161.1,5097.12,6292267.125,1089.33
12-06-2020 19:15,ZnxXDlPa8U1GXgE,0,5883,6735785.000,0
18-05-2020 09:45,rGa61gmuvPhdLxV,1495.71,583.571,7132120.571,146.043
18-05-2020 01:30,z9Y9gH1T5YWrNuG,0,0,7028226.000,0
31-05-2020 15:45,bvBOhCH3iADSZry,2813.12,5187.75,6432868.750,275.938
05-06-2020 05:30,1BY6WEcLGh8j5v7,0,0,6405380.000,0
17-05-2020 11:15,wCURE6d3bPkepu2,13005.7,3134.86,6798604.857,1268.03
27-05-2020 19:45,sjndEbLyjtCKgGv,0,0,7112565.000,0
01-06-2020 08:00,ih0vzX44oOqAx2f,5961.25,484.25,6308716.250,584.125
15-06-2020 22:45,3PZuoBAID5Wc2HD,0,6819,7225042.000,0
19-05-2020 22:45,WRmjgnKYAwPKWDb,0,0,7060932.000,0
23-05-2020 11:15,uHbuxQJl8lW7ozc,12710.3,3158,7098411.000,1239.26
28-05-2020 07:30,wCURE6d3bPkepu2,3294.38,207.5,6879402.500,323.712
16-06-2020 10:45,uHbuxQJl8lW7ozc,9659.14,2369.71,7277112.714,943.9
10-06-2020 16:45,zVJPv84UY57bAof,2808,6325.88,7316781.875,275.788
16-05-2020 22:15,7JYdWkrLSPkdwr4,0,6461,7615537.000,0
16-05-2020 07:45,VHMLBKoKgIrUVDU,3524.57,243,7212909.000,346.471
26-05-2020 00:45,YxYtjZvoooNbGkE,0,0,7261464.000,0
01-06-2020 23:45,3PZuoBAID5Wc2HD,0,5965,7121269.000,0
03-06-2020 08:30,ih0vzX44oOqAx2f,4459.86,548.286,6321859.286,438
15-05-2020 09:45,rGa61gmuvPhdLxV,7639.5,1177,7112670.000,747.538
19-05-2020 05:30,bvBOhCH3iADSZry,0,0,6340538.000,0
03-06-2020 13:15,WRmjgnKYAwPKWDb,9301.71,4625,7171542.000,909.829
27-05-2020 10:30,ZnxXDlPa8U1GXgE,9130,2289.14,6614938.143,892.2
17-06-2020 17:00,3PZuoBAID5Wc2HD,1326.86,5912.43,7237285.429,129.114
07-06-2020 13:30,rGa61gmuvPhdLxV,11783.6,5467.62,7284968.625,1149.58
26-05-2020 17:00,7JYdWkrLSPkdwr4,4202,7784,7691804.000,412.186
13-06-2020 22:00,zVJPv84UY57bAof,0,8410,7336960.000,0
12-06-2020 20:45,z9Y9gH1T5YWrNuG,0,5803,7216867.000,0
22-05-2020 21:30,pkci93gMrogZuBj,0,0,7225200.000,0
12-06-2020 08:00,ih0vzX44oOqAx2f,1777.43,150.571,6386703.571,173.871
15-06-2020 19:15,uHbuxQJl8lW7ozc,0,6906,7274743.000,0
11-06-2020 23:45,bvBOhCH3iADSZry,0,2598.5,6504407.000,0
29-05-2020 20:00,zVJPv84UY57bAof,0,0,7228687.000,0
07-06-2020 05:00,1IF53ai7Xc0U56Y,0,0,6355099.000,0
16-06-2020 17:45,zBIq5rxdHJRwDNY,1008.57,5681.14,6577514.143,97.9857
30-05-2020 01:30,rGa61gmuvPhdLxV,0,0,7223074.000,0
11-06-2020 04:45,iCRJl6heRkivqQ3,0,0,7379779.000,0
01-06-2020 01:30,ZnxXDlPa8U1GXgE,0,0,6649525.000,0
17-05-2020 09:45,zBIq5rxdHJRwDNY,10405.6,1531.86,6353681.857,1017.21
06-06-2020 07:30,iCRJl6heRkivqQ3,3740.62,254.75,7342057.750,367.637
26-05-2020 13:15,ZoEaEvLYb1n2sOq,8916.29,5192.86,7184106.857,871.029
17-05-2020 19:00,iCRJl6heRkivqQ3,0,7519,7198367.000,0
17-06-2020 00:00,zBIq5rxdHJRwDNY,0,714.875,6577552.000,0
24-05-2020 00:15,wCURE6d3bPkepu2,0,0,6847830.000,0
18-05-2020 06:00,ih0vzX44oOqAx2f,90.625,0.625,6205201.625,8.725
17-05-2020 21:15,z9Y9gH1T5YWrNuG,0,7486,7028226.000,0
03-06-2020 14:45,iCRJl6heRkivqQ3,9831.57,6146.43,7323959.429,961.043
15-06-2020 10:15,zBIq5rxdHJRwDNY,12069.7,2181.57,6567318.571,1177.11
24-05-2020 14:45,1IF53ai7Xc0U56Y,9155.14,6947.29,6256154.286,895.314
27-05-2020 12:15,3PZuoBAID5Wc2HD,6912.43,3886.14,7082597.143,676.514
10-06-2020 06:30,uHbuxQJl8lW7ozc,826.5,21.125,7233884.125,80.2
17-05-2020 21:15,iCRJl6heRkivqQ3,0,7519,7198367.000,0
08-06-2020 13:00,zBIq5rxdHJRwDNY,9987.5,4988.88,6519899.875,975.575
07-06-2020 18:00,pkci93gMrogZuBj,698.25,8197,7346115.000,67.7
10-06-2020 19:45,iCRJl6heRkivqQ3,0,6559,7379779.000,0
15-06-2020 15:15,ZoEaEvLYb1n2sOq,6636.71,5779.86,7328831.857,650
10-06-2020 12:45,uHbuxQJl8lW7ozc,11394.9,3993.5,7237856.500,1111.86
14-06-2020 17:15,wCURE6d3bPkepu2,1650.14,7253.14,7009622.143,161.7
23-05-2020 07:15,wCURE6d3bPkepu2,2119.14,78.2857,6839303.286,207.6
13-06-2020 00:30,ih0vzX44oOqAx2f,0,0,6392263.000,0
01-06-2020 03:45,zBIq5rxdHJRwDNY,0,0,6463239.000,0
16-05-2020 16:30,1IF53ai7Xc0U56Y,2661.57,6353.14,6196355.143,261.043
23-05-2020 02:00,ih0vzX44oOqAx2f,0,0,6240543.000,0
12-06-2020 19:30,1IF53ai7Xc0U56Y,0,5903,6398227.000,0
18-05-2020 09:00,adLQvlD726eNBSB,1814.88,490.875,6292800.875,177.887
25-05-2020 00:30,ZnxXDlPa8U1GXgE,0,0,6595756.000,0
12-06-2020 02:15,3PZuoBAID5Wc2HD,0,0,7196186.000,0
16-06-2020 18:15,ZnxXDlPa8U1GXgE,361.5,6298.12,6764802.125,34.925
09-06-2020 21:00,ih0vzX44oOqAx2f,0,7846,6374755.000,0
01-06-2020 23:00,adLQvlD726eNBSB,0,6127,6406831.000,0
03-06-2020 13:30,ZoEaEvLYb1n2sOq,10016.6,4790.75,7240517.750,978.938
25-05-2020 18:15,1IF53ai7Xc0U56Y,230.75,9044.5,6266524.500,22.275
16-06-2020 08:45,1BY6WEcLGh8j5v7,5562.57,701.857,6474651.857,545.171
21-05-2020 22:45,sjndEbLyjtCKgGv,0,7825,7065886.000,0
07-06-2020 23:30,pkci93gMrogZuBj,0,8214,7346132.000,0
31-05-2020 03:15,3PZuoBAID5Wc2HD,0,0,7109488.000,0
18-05-2020 21:45,7JYdWkrLSPkdwr4,0,5309,7628372.000,0
01-06-2020 04:15,YxYtjZvoooNbGkE,0,0,7305739.000,0
18-05-2020 02:30,rGa61gmuvPhdLxV,0,0,7131537.000,0
08-06-2020 20:45,wCURE6d3bPkepu2,0,8443,6967970.000,0
01-06-2020 13:00,zBIq5rxdHJRwDNY,6983.5,4224.5,6467463.500,683.475
05-06-2020 22:30,ZoEaEvLYb1n2sOq,0,7535,7259075.000,0
14-06-2020 21:30,wCURE6d3bPkepu2,0,7329,7009698.000,0
16-06-2020 18:15,WRmjgnKYAwPKWDb,355.857,6257.57,7267572.571,34.3857
10-06-2020 13:30,1IF53ai7Xc0U56Y,11871.7,4696.86,6384718.857,1158.01
02-06-2020 06:15,wCURE6d3bPkepu2,404.125,6.375,6915350.375,39.1
05-06-2020 00:30,zBIq5rxdHJRwDNY,0,0,6492579.000,0
19-05-2020 03:00,z9Y9gH1T5YWrNuG,0,0,7033573.000,0
13-06-2020 11:15,iCRJl6heRkivqQ3,13036.2,3184.75,7394543.750,1271.01
07-06-2020 09:45,McdE0feGgRqW7Ca,6264.57,1356.71,7332516.714,613.771
01-06-2020 16:00,iCRJl6heRkivqQ3,1680.14,5516.29,7310083.286,164.4
10-06-2020 12:15,YxYtjZvoooNbGkE,9929.43,3275.29,7376543.286,969.743
24-05-2020 06:45,ZoEaEvLYb1n2sOq,1141.38,42.25,7162226.250,111
12-06-2020 03:00,zVJPv84UY57bAof,0,0,7322687.000,0
17-05-2020 19:30,uHbuxQJl8lW7ozc,0,7454,7058793.000,0
31-05-2020 12:15,zVJPv84UY57bAof,8675.14,3544.43,7239521.429,847.886
02-06-2020 10:15,iCRJl6heRkivqQ3,7201.62,2146,7312494.000,705.087
17-05-2020 05:45,pkci93gMrogZuBj,0,0,7181650.000,0
29-05-2020 08:15,zBIq5rxdHJRwDNY,4004.43,396.571,6442390.571,393.429
02-06-2020 19:15,pkci93gMrogZuBj,0,7350,7307650.000,0
20-05-2020 12:15,WRmjgnKYAwPKWDb,12787.9,4546.86,7065478.857,1246.81
19-05-2020 04:30,rGa61gmuvPhdLxV,0,0,7136902.000,0
06-06-2020 14:15,3PZuoBAID5Wc2HD,10143.9,5558.71,7158044.714,990.729
10-06-2020 09:45,z9Y9gH1T5YWrNuG,5890.29,1423.29,7200476.286,577.171
15-05-2020 07:30,z9Y9gH1T5YWrNuG,2025.86,176.714,7008042.714,198.6
30-05-2020 12:15,sjndEbLyjtCKgGv,9229.29,2860.43,7131889.429,902.3
15-05-2020 09:30,ih0vzX44oOqAx2f,3395.86,1001.86,6186196.750,333.271
25-05-2020 12:45,ZnxXDlPa8U1GXgE,12602.9,5206.14,6600962.143,1228.79
03-06-2020 11:45,ih0vzX44oOqAx2f,13162.4,2947.57,6324258.571,1283.69
13-06-2020 03:15,z9Y9gH1T5YWrNuG,0,0,7216867.000,0
29-05-2020 10:00,bvBOhCH3iADSZry,7704.57,1432.57,6415017.571,754.129
30-05-2020 01:45,zBIq5rxdHJRwDNY,0,0,6449905.000,0
16-06-2020 18:15,rGa61gmuvPhdLxV,346,6237.29,7350941.286,33.4429
03-06-2020 16:00,rGa61gmuvPhdLxV,5166,7137.88,7256467.875,506.65
15-06-2020 03:30,1BY6WEcLGh8j5v7,0,0,6467675.000,0
12-06-2020 11:00,1BY6WEcLGh8j5v7,5800.88,1626.38,6451864.375,568.45
07-06-2020 10:00,ZnxXDlPa8U1GXgE,6693.71,1511.14,6694565.143,655.629
09-06-2020 17:45,ZoEaEvLYb1n2sOq,1427.71,7905.71,7289629.714,139.343
02-06-2020 05:30,wCURE6d3bPkepu2,0,0,6915344.000,0
19-05-2020 20:00,ih0vzX44oOqAx2f,0,6790,6217277.000,0
30-05-2020 04:00,ZnxXDlPa8U1GXgE,0,0,6636066.000,0
30-05-2020 19:30,YxYtjZvoooNbGkE,0,7266,7299769.000,0
04-06-2020 05:30,zBIq5rxdHJRwDNY,0,0,6484342.000,0
10-06-2020 15:00,iCRJl6heRkivqQ3,2152.43,5636.86,7378856.857,210.943
08-06-2020 06:15,iCRJl6heRkivqQ3,463,6.85714,7356517.857,44.7857
20-05-2020 09:30,iCRJl6heRkivqQ3,8720.5,1434.12,7212152.125,853.237
04-06-2020 00:30,ih0vzX44oOqAx2f,0,0,6329010.000,0
26-05-2020 01:00,ZnxXDlPa8U1GXgE,0,0,6604666.000,0
23-05-2020 15:30,1BY6WEcLGh8j5v7,8194,6934.5,6319371.500,801.962
16-06-2020 04:00,uHbuxQJl8lW7ozc,0,0,7274743.000,0
12-06-2020 05:30,7JYdWkrLSPkdwr4,0,0,7806664.000,0
07-06-2020 20:15,ih0vzX44oOqAx2f,0,8019,6358692.000,0
08-06-2020 02:15,zBIq5rxdHJRwDNY,0,0,6514911.000,0
08-06-2020 15:00,ih0vzX44oOqAx2f,9293.38,6804.38,6365496.375,908.837
01-06-2020 12:30,adLQvlD726eNBSB,7317.29,4257.29,6404961.286,715.9
31-05-2020 21:45,1IF53ai7Xc0U56Y,0,5889,6311432.000,0
25-05-2020 07:15,1IF53ai7Xc0U56Y,2757,141.143,6257621.143,270.543
12-06-2020 19:30,McdE0feGgRqW7Ca,0,5955,7373328.000,0
07-06-2020 14:30,1BY6WEcLGh8j5v7,0,3823,6422305.000,0
10-06-2020 23:15,McdE0feGgRqW7Ca,0,6606,7361623.000,0
25-05-2020 17:00,ih0vzX44oOqAx2f,1127.57,8002.14,6264496.143,109.614
04-06-2020 04:00,ih0vzX44oOqAx2f,0,0,6329010.000,0
29-05-2020 21:15,3PZuoBAID5Wc2HD,0,8210,7102189.000,0
17-05-2020 23:15,bvBOhCH3iADSZry,0,6928,6335576.000,0
20-05-2020 05:15,rGa61gmuvPhdLxV,0,0,7143812.000,0
01-06-2020 12:45,McdE0feGgRqW7Ca,3958.75,4250,7291010.000,388.875
17-06-2020 03:30,3PZuoBAID5Wc2HD,0,0,7231373.000,0
10-06-2020 01:15,ZoEaEvLYb1n2sOq,0,0,7289679.000,0
22-05-2020 11:30,sjndEbLyjtCKgGv,12280.9,2605,7068491.000,1197.8
11-06-2020 15:15,7JYdWkrLSPkdwr4,6008.57,4598.86,7805689.857,588.814
27-05-2020 09:30,McdE0feGgRqW7Ca,8906.14,1455.86,7251015.857,871.057
22-05-2020 07:15,ih0vzX44oOqAx2f,3465.29,142.857,6233685.857,340.429
12-06-2020 21:00,iCRJl6heRkivqQ3,0,5888,7391359.000,0
15-05-2020 22:15,pkci93gMrogZuBj,0,6375,7175477.000,0
26-05-2020 18:45,ih0vzX44oOqAx2f,0,0,6272291.000,0
20-05-2020 20:00,uHbuxQJl8lW7ozc,0,8913,7080111.000,0
06-06-2020 13:45,z9Y9gH1T5YWrNuG,10682.1,4900.71,7175901.714,1042.81
27-05-2020 17:30,7JYdWkrLSPkdwr4,934.125,6602.12,7698514.125,90.725
09-06-2020 22:30,adLQvlD726eNBSB,0,8273,6470277.000,0
14-06-2020 03:15,adLQvlD726eNBSB,0,0,6497496.000,0
03-06-2020 05:30,pkci93gMrogZuBj,0,0,7307650.000,0
06-06-2020 17:30,pkci93gMrogZuBj,456.143,6417,7337904.000,44.1286
17-05-2020 13:45,zBIq5rxdHJRwDNY,8439.62,5344.25,6357494.250,824.987
04-06-2020 22:30,ih0vzX44oOqAx2f,0,8009,6337019.000,0
24-05-2020 10:15,sjndEbLyjtCKgGv,7657.88,1796.38,7083245.375,749.15
02-06-2020 19:30,ZnxXDlPa8U1GXgE,0,0,6662968.000,0
27-05-2020 02:45,VHMLBKoKgIrUVDU,0,0,7297615.000,0
26-05-2020 15:45,rGa61gmuvPhdLxV,7817.62,6914.75,7199016.750,765.237
20-05-2020 05:45,McdE0feGgRqW7Ca,0,0,7192098.000,0
17-05-2020 03:30,sjndEbLyjtCKgGv,0,0,7029613.000,0
31-05-2020 20:15,7JYdWkrLSPkdwr4,0,5843,7727821.000,0
20-05-2020 03:45,YxYtjZvoooNbGkE,0,0,7212476.000,0
29-05-2020 14:45,McdE0feGgRqW7Ca,8706.25,6706.62,7271662.625,851.837
03-06-2020 10:15,1BY6WEcLGh8j5v7,5642.71,1454.57,6391922.571,553.043
05-06-2020 13:30,ih0vzX44oOqAx2f,9697.75,4357.38,6341376.375,947.275
05-06-2020 04:00,WRmjgnKYAwPKWDb,0,0,7182665.000,0
04-06-2020 09:15,pkci93gMrogZuBj,6582.14,1046.29,7316482.286,644.514
21-05-2020 21:30,iCRJl6heRkivqQ3,0,7837,7227442.000,0
29-05-2020 22:00,z9Y9gH1T5YWrNuG,0,0,7120455.000,0
13-06-2020 08:00,1IF53ai7Xc0U56Y,5572,446.5,6398673.500,546.087
01-06-2020 22:45,pkci93gMrogZuBj,0,5509,7300300.000,0
20-05-2020 06:30,pkci93gMrogZuBj,685,20.5714,7201369.571,66.3429
14-06-2020 21:15,ih0vzX44oOqAx2f,0,7165,6407683.000,0
05-06-2020 19:15,McdE0feGgRqW7Ca,0,7920,7324681.000,0
17-06-2020 09:15,7JYdWkrLSPkdwr4,5449.5,819,7841784.000,534.125
14-06-2020 15:00,uHbuxQJl8lW7ozc,7898,6124.43,7266655.429,772.986
03-06-2020 04:15,wCURE6d3bPkepu2,0,0,6922869.000,0
16-06-2020 13:15,3PZuoBAID5Wc2HD,7235.29,4189,7229231.000,708.457
19-05-2020 21:00,YxYtjZvoooNbGkE,0,6878,7212476.000,0
19-05-2020 00:45,1BY6WEcLGh8j5v7,0,0,6283648.000,0
07-06-2020 18:30,McdE0feGgRqW7Ca,66,7041.38,7338201.375,6.3625
01-06-2020 14:30,adLQvlD726eNBSB,5515.14,5484.71,6406188.714,540.629
23-05-2020 04:00,z9Y9gH1T5YWrNuG,0,0,7064219.000,0
08-06-2020 07:45,1IF53ai7Xc0U56Y,4108.62,267.375,6363605.375,403.363
03-06-2020 03:15,rGa61gmuvPhdLxV,0,0,7249330.000,0
15-06-2020 06:45,VHMLBKoKgIrUVDU,1506.75,55.125,7437110.125,147.15
19-05-2020 13:30,iCRJl6heRkivqQ3,7613.86,4354.14,7208121.143,745.371
15-06-2020 17:30,z9Y9gH1T5YWrNuG,1454.38,6648.38,7239116.375,141.85
15-06-2020 14:45,VHMLBKoKgIrUVDU,7362.38,5614.75,7442669.750,720.775
23-05-2020 07:15,McdE0feGgRqW7Ca,2146.57,79.4286,7216031.429,210.329
29-05-2020 09:15,zBIq5rxdHJRwDNY,8708,955.625,6442949.625,852.025
09-06-2020 00:45,YxYtjZvoooNbGkE,0,0,7365310.000,0
29-05-2020 15:15,adLQvlD726eNBSB,8120.38,7173.38,6386182.375,794.763
02-06-2020 01:30,pkci93gMrogZuBj,0,0,7300300.000,0
23-05-2020 15:45,1IF53ai7Xc0U56Y,7439.62,7776,6248310.000,728.375
26-05-2020 16:00,ZoEaEvLYb1n2sOq,5325.86,7104.14,7186018.143,522.2
13-06-2020 11:45,McdE0feGgRqW7Ca,13485.9,3851.57,7377179.571,1314.9
10-06-2020 06:45,YxYtjZvoooNbGkE,1319.25,48.125,7373316.125,128.5
23-05-2020 12:15,rGa61gmuvPhdLxV,13567.4,3949.57,7171090.571,1322.8
27-05-2020 07:00,wCURE6d3bPkepu2,1887.29,90.1429,6872575.143,184.986
05-06-2020 15:00,sjndEbLyjtCKgGv,9191.71,6123.86,7177641.857,898.286
15-05-2020 13:15,ZnxXDlPa8U1GXgE,6917.5,3734.25,6525906.250,677.5
07-06-2020 11:00,ZoEaEvLYb1n2sOq,11128.3,2394.57,7267762.571,1086.59
15-05-2020 03:00,sjndEbLyjtCKgGv,0,0,7016832.000,0
13-06-2020 02:15,ZoEaEvLYb1n2sOq,0,0,7307385.000,0
09-06-2020 21:15,ih0vzX44oOqAx2f,0,7846,6374755.000,0
25-05-2020 00:15,1IF53ai7Xc0U56Y,0,0,6257480.000,0
12-06-2020 06:00,McdE0feGgRqW7Ca,0,0,7367373.000,0
01-06-2020 09:15,sjndEbLyjtCKgGv,5653.62,1240.88,7143482.875,554.2
04-06-2020 05:30,iCRJl6heRkivqQ3,0,0,7325696.000,0
04-06-2020 02:00,rGa61gmuvPhdLxV,0,0,7257137.000,0
10-06-2020 15:45,bvBOhCH3iADSZry,3460.25,5276.75,6498623.750,340.175
19-05-2020 16:45,YxYtjZvoooNbGkE,3750.43,6677.71,7212275.714,368.571
13-06-2020 23:15,pkci93gMrogZuBj,0,8354,7389161.000,0
06-06-2020 19:00,adLQvlD726eNBSB,0,6603,6445031.000,0
19-05-2020 03:30,VHMLBKoKgIrUVDU,0,0,7232554.000,0
06-06-2020 01:15,1BY6WEcLGh8j5v7,0,0,6412542.000,0
19-05-2020 03:30,7JYdWkrLSPkdwr4,0,0,7628372.000,0
13-06-2020 07:30,zBIq5rxdHJRwDNY,3276,191.25,6549578.250,321.925
02-06-2020 23:00,VHMLBKoKgIrUVDU,0,0,7347744.000,0
30-05-2020 12:00,YxYtjZvoooNbGkE,13899.9,2552.86,7295055.857,1355.23
15-05-2020 02:15,zBIq5rxdHJRwDNY,0,0,6339380.000,0
15-06-2020 14:45,bvBOhCH3iADSZry,6527.12,5098.75,6526698.750,639.263
25-05-2020 15:00,adLQvlD726eNBSB,10155.2,7920.25,6354051.250,992.888
23-05-2020 14:30,zBIq5rxdHJRwDNY,7651.29,6818.43,6402625.429,749.071
12-06-2020 23:30,VHMLBKoKgIrUVDU,0,5903,7420914.000,0
15-05-2020 17:30,sjndEbLyjtCKgGv,1196.5,6313.5,7023145.500,116.6
03-06-2020 11:45,3PZuoBAID5Wc2HD,13494.1,3066.71,7131680.714,1316.01
31-05-2020 06:00,WRmjgnKYAwPKWDb,108.375,0.875,7148029.875,10.4625
30-05-2020 11:45,pkci93gMrogZuBj,8519.88,2288.5,7283823.500,833.312
31-05-2020 09:45,3PZuoBAID5Wc2HD,6195.88,1178,7110666.000,606.95
16-06-2020 06:30,sjndEbLyjtCKgGv,698.5,11.875,7249550.875,67.7
22-05-2020 09:45,1IF53ai7Xc0U56Y,5596.75,1352.88,6234599.875,548.562
28-05-2020 16:45,7JYdWkrLSPkdwr4,3670.57,8022.43,7706572.429,360.486
05-06-2020 02:30,7JYdWkrLSPkdwr4,0,0,7756621.000,0
06-06-2020 16:00,ZnxXDlPa8U1GXgE,2680.29,6154.14,6692853.143,262.857
17-05-2020 02:15,z9Y9gH1T5YWrNuG,0,0,7020740.000,0
23-05-2020 15:45,z9Y9gH1T5YWrNuG,7574,7624.57,7071843.571,741.514
16-05-2020 10:45,McdE0feGgRqW7Ca,7467.57,2139.71,7167574.714,730.843
10-06-2020 21:15,zVJPv84UY57bAof,0,6560,7317016.000,0
12-06-2020 14:15,7JYdWkrLSPkdwr4,7161.25,4380.25,7811044.250,701.263
24-05-2020 06:30,1BY6WEcLGh8j5v7,712.857,18.5714,6320421.571,69.1143
07-06-2020 07:30,1IF53ai7Xc0U56Y,2106,185.714,6355284.714,206.471
16-06-2020 23:15,rGa61gmuvPhdLxV,0,6243,7350947.000,0
26-05-2020 01:45,iCRJl6heRkivqQ3,0,0,7260130.000,0
24-05-2020 11:00,bvBOhCH3iADSZry,10588.2,2549.25,6379321.250,1033.76
02-06-2020 17:30,McdE0feGgRqW7Ca,935.286,7563.29,7300315.286,90.8286
07-06-2020 22:30,sjndEbLyjtCKgGv,0,6898,7192554.000,0
14-06-2020 11:15,pkci93gMrogZuBj,9225.14,2775.14,7391936.143,902.329
07-06-2020 09:00,ih0vzX44oOqAx2f,9632,745.571,6351418.571,941.943
16-05-2020 15:30,sjndEbLyjtCKgGv,5062.5,5856.12,7029038.125,496.312
22-05-2020 21:30,z9Y9gH1T5YWrNuG,0,0,7064219.000,0
09-06-2020 12:00,ZnxXDlPa8U1GXgE,10064.7,3953.71,6713651.714,982.929
05-06-2020 11:30,sjndEbLyjtCKgGv,10805,3116.86,7174634.857,1054.76
15-05-2020 12:00,YxYtjZvoooNbGkE,8245.62,2745.62,7182711.625,806.375
25-05-2020 12:45,bvBOhCH3iADSZry,11372.9,4755.86,6388967.857,1111.21
12-06-2020 19:15,iCRJl6heRkivqQ3,0,5888,7391359.000,0
16-06-2020 18:45,z9Y9gH1T5YWrNuG,0,6201,7245385.000,0
19-05-2020 02:00,zVJPv84UY57bAof,0,0,7141405.000,0
09-06-2020 14:30,zVJPv84UY57bAof,9561.38,6340.25,7308507.250,934.737
30-05-2020 07:45,zBIq5rxdHJRwDNY,2349.86,229.857,6450134.857,230.4
15-06-2020 00:45,ih0vzX44oOqAx2f,0,0,6407683.000,0
05-06-2020 09:00,wCURE6d3bPkepu2,7068.25,869.625,6939890.625,691.888
26-05-2020 23:15,McdE0feGgRqW7Ca,0,0,7249560.000,0
03-06-2020 22:45,VHMLBKoKgIrUVDU,0,7917,7355661.000,0
25-05-2020 21:30,z9Y9gH1T5YWrNuG,0,8802,7089440.000,0
08-06-2020 14:00,zVJPv84UY57bAof,11099.5,5942,7299732.000,1083.26
06-06-2020 01:00,VHMLBKoKgIrUVDU,0,0,7371554.000,0
08-06-2020 12:00,YxYtjZvoooNbGkE,10604.3,4031.14,7360998.143,1036.53
22-05-2020 07:30,sjndEbLyjtCKgGv,4358.62,249.75,7066135.750,428.113
11-06-2020 01:45,sjndEbLyjtCKgGv,0,0,7215600.000,0
31-05-2020 20:30,7JYdWkrLSPkdwr4,0,5843,7727821.000,0
27-05-2020 10:00,pkci93gMrogZuBj,6147.67,1766.67,7260060.667,602.333
18-05-2020 11:45,zVJPv84UY57bAof,6197.86,1454.86,7137469.857,607.214
08-06-2020 03:00,1IF53ai7Xc0U56Y,0,0,6363338.000,0
29-05-2020 10:00,7JYdWkrLSPkdwr4,8138.5,1571.75,7708399.750,796.125
27-05-2020 21:15,uHbuxQJl8lW7ozc,0,0,7135258.000,0
26-05-2020 09:15,adLQvlD726eNBSB,9363.71,1384.29,6356678.286,915.9
19-05-2020 07:30,ZoEaEvLYb1n2sOq,2631.75,178.5,7123705.500,258.163
17-05-2020 17:30,adLQvlD726eNBSB,1407.14,7816.43,6292259.429,136.957
17-06-2020 17:15,ih0vzX44oOqAx2f,1536.62,5659.25,6426030.250,150.125
12-06-2020 06:30,1IF53ai7Xc0U56Y,370,7.71429,6392331.714,35.7714
16-05-2020 18:00,rGa61gmuvPhdLxV,394.5,6226.25,7124092.250,38.15
01-06-2020 05:15,ih0vzX44oOqAx2f,0,0,6308232.000,0
01-06-2020 23:30,ZoEaEvLYb1n2sOq,0,5796,7228440.000,0
05-06-2020 21:45,wCURE6d3bPkepu2,0,7748,6946769.000,0
06-06-2020 00:45,VHMLBKoKgIrUVDU,0,0,7371554.000,0
30-05-2020 03:45,sjndEbLyjtCKgGv,0,0,7129029.000,0
19-05-2020 02:00,sjndEbLyjtCKgGv,0,0,7042405.000,0
11-06-2020 14:00,z9Y9gH1T5YWrNuG,6612.88,3636.5,7209101.500,647.725
25-05-2020 06:00,7JYdWkrLSPkdwr4,0,0,7675241.000,0
18-05-2020 10:30,WRmjgnKYAwPKWDb,3210.86,741.714,7049845.714,315.371
25-05-2020 07:00,VHMLBKoKgIrUVDU,1830.43,78.2857,7280590.286,179.429
16-05-2020 22:15,z9Y9gH1T5YWrNuG,0,6488,7020740.000,0
23-05-2020 09:00,iCRJl6heRkivqQ3,8206,1023.38,7235616.375,803.125
11-06-2020 00:30,uHbuxQJl8lW7ozc,0,0,7240508.000,0
04-06-2020 00:45,zVJPv84UY57bAof,0,0,7263053.000,0
01-06-2020 07:15,zVJPv84UY57bAof,2991.57,156.857,7242180.857,293.771
17-06-2020 11:15,uHbuxQJl8lW7ozc,8048,2132.25,7283167.250,787.725
12-06-2020 16:00,rGa61gmuvPhdLxV,2900.86,5393.43,7321825.429,284.771
13-06-2020 11:45,sjndEbLyjtCKgGv,13397.1,3773.57,7230874.571,1306.21
17-06-2020 17:30,zBIq5rxdHJRwDNY,1322.2,5748,6583300.000,128.66
03-06-2020 17:15,zBIq5rxdHJRwDNY,2939.86,7742.43,6484196.429,288.657
13-06-2020 06:45,ih0vzX44oOqAx2f,1070.86,37.5714,6392300.571,104.114
14-06-2020 10:00,VHMLBKoKgIrUVDU,8683.14,1681.86,7431247.857,849.543
13-06-2020 06:30,1BY6WEcLGh8j5v7,568.75,16.875,6455695.875,55.0375
17-06-2020 12:30,adLQvlD726eNBSB,10537.4,3528.12,6521926.125,1029.19
17-06-2020 02:15,ih0vzX44oOqAx2f,0,0,6420371.000,0
22-05-2020 02:30,bvBOhCH3iADSZry,0,0,6362148.000,0
30-05-2020 13:45,rGa61gmuvPhdLxV,11881.4,4493.71,7227567.714,1159.27
28-05-2020 14:30,WRmjgnKYAwPKWDb,7373.88,6716.5,7131254.500,721.5
03-06-2020 22:30,bvBOhCH3iADSZry,0,7237,6452724.000,0
31-05-2020 16:45,McdE0feGgRqW7Ca,1834.25,5993.25,7286558.250,179.787
24-05-2020 13:00,1IF53ai7Xc0U56Y,12400.8,5111.75,6254318.750,1209.08
15-06-2020 20:00,iCRJl6heRkivqQ3,0,6777,7414001.000,0
30-05-2020 23:30,1IF53ai7Xc0U56Y,0,7332,6305543.000,0
03-06-2020 02:15,sjndEbLyjtCKgGv,0,0,7155447.000,0
27-05-2020 20:15,rGa61gmuvPhdLxV,0,0,7206549.000,0
27-05-2020 08:00,z9Y9gH1T5YWrNuG,4393.57,383.857,7097566.857,431.2
04-06-2020 22:45,ih0vzX44oOqAx2f,0,8009,6337019.000,0
23-05-2020 08:45,ih0vzX44oOqAx2f,7617.43,829.429,6241372.429,745.771
16-05-2020 16:15,ZnxXDlPa8U1GXgE,2891.12,6367.88,6534843.875,283.675
16-05-2020 12:15,1BY6WEcLGh8j5v7,6788.57,3237.57,6268550.571,664.871
22-05-2020 01:45,zBIq5rxdHJRwDNY,0,0,6388599.000,0
20-05-2020 01:00,sjndEbLyjtCKgGv,0,0,7049284.000,0
28-05-2020 18:15,1IF53ai7Xc0U56Y,279.143,8491.71,6289953.714,26.9714
19-05-2020 19:30,zVJPv84UY57bAof,0,6932,7148337.000,0
31-05-2020 20:15,YxYtjZvoooNbGkE,0,5970,7305739.000,0
02-06-2020 13:00,rGa61gmuvPhdLxV,12074.4,4337.62,7246306.625,1177.79
23-05-2020 15:15,uHbuxQJl8lW7ozc,7567.5,7182.62,7102435.625,740.737
05-06-2020 04:15,zVJPv84UY57bAof,0,0,7271273.000,0
17-06-2020 06:45,uHbuxQJl8lW7ozc,473.5,0,7281035.000,45.95
13-06-2020 10:15,uHbuxQJl8lW7ozc,10673.4,2022.43,7254116.429,1041.73
18-05-2020 00:00,zBIq5rxdHJRwDNY,0,0,6359657.000,0
25-05-2020 07:15,sjndEbLyjtCKgGv,2298.38,122.5,7089473.500,225.363
23-05-2020 18:15,ih0vzX44oOqAx2f,590.5,8388.38,6248931.375,57.2
17-05-2020 21:45,uHbuxQJl8lW7ozc,0,7454,7058793.000,0
05-06-2020 17:30,ZnxXDlPa8U1GXgE,3771.86,7491.71,6686553.714,370.686
05-06-2020 03:45,zBIq5rxdHJRwDNY,0,0,6492579.000,0
18-05-2020 09:30,rGa61gmuvPhdLxV,1481.5,548.625,7132085.625,144.475
25-05-2020 20:00,1IF53ai7Xc0U56Y,0,9048,6266528.000,0
03-06-2020 13:15,McdE0feGgRqW7Ca,10292.3,4689.57,7305048.571,1006.01
22-05-2020 22:45,rGa61gmuvPhdLxV,0,0,7167141.000,0
17-05-2020 11:15,iCRJl6heRkivqQ3,13068.9,3061.29,7193909.286,1274.23
03-06-2020 19:15,rGa61gmuvPhdLxV,0,7807,7257137.000,0
23-05-2020 16:15,rGa61gmuvPhdLxV,6746.71,7535,7174676.000,660.814
11-06-2020 21:45,7JYdWkrLSPkdwr4,0,5573,7806664.000,0
15-06-2020 15:15,WRmjgnKYAwPKWDb,6260,5866.43,7260450.429,613.157
08-06-2020 10:30,sjndEbLyjtCKgGv,11526.9,2447.38,7195001.375,1124.61
16-06-2020 13:45,YxYtjZvoooNbGkE,6403.5,4433.38,7417768.375,626.837
15-05-2020 04:15,zBIq5rxdHJRwDNY,0,0,6339380.000,0
14-06-2020 15:45,3PZuoBAID5Wc2HD,5926.5,6913.38,7217632.375,580.75
01-06-2020 08:45,rGa61gmuvPhdLxV,7056.29,911.857,7237243.857,690.971
15-05-2020 21:45,1BY6WEcLGh8j5v7,0,5754,6265313.000,0
28-05-2020 02:45,bvBOhCH3iADSZry,0,0,6405833.000,0
18-05-2020 05:15,VHMLBKoKgIrUVDU,0,0,7227097.000,0
14-06-2020 02:00,bvBOhCH3iADSZry,0,0,6517642.000,0
13-06-2020 02:15,1IF53ai7Xc0U56Y,0,0,6398227.000,0
23-05-2020 01:15,1IF53ai7Xc0U56Y,0,0,6240534.000,0
24-05-2020 01:45,3PZuoBAID5Wc2HD,0,0,7053268.000,0
19-05-2020 07:00,ZoEaEvLYb1n2sOq,2447.38,51,7123578.000,240.075
25-05-2020 19:30,zVJPv84UY57bAof,0,8813,7197609.000,0
26-05-2020 02:45,3PZuoBAID5Wc2HD,0,0,7070636.000,0
10-06-2020 18:30,ih0vzX44oOqAx2f,0,6277,6381032.000,0
16-06-2020 14:15,7JYdWkrLSPkdwr4,4222.29,4709.43,7839508.429,414.571
06-06-2020 04:15,ZnxXDlPa8U1GXgE,0,0,6686699.000,0
17-06-2020 14:30,adLQvlD726eNBSB,9068.12,5186.25,6523584.250,886.587
05-06-2020 19:45,WRmjgnKYAwPKWDb,0,0,7190270.000,0
17-05-2020 15:15,McdE0feGgRqW7Ca,7568.5,6595.88,7178616.875,740.938
10-06-2020 18:30,rGa61gmuvPhdLxV,0,6565,7310769.000,0
12-06-2020 08:00,bvBOhCH3iADSZry,1619.86,140.143,6504547.143,158.271
02-06-2020 08:30,zBIq5rxdHJRwDNY,7908.86,625.857,6469658.857,774
02-06-2020 19:30,1IF53ai7Xc0U56Y,0,0,6324784.000,0
14-06-2020 07:00,WRmjgnKYAwPKWDb,1892.43,71,7247250.000,185.357
06-06-2020 20:00,1IF53ai7Xc0U56Y,0,6542,6355099.000,0
25-05-2020 22:15,z9Y9gH1T5YWrNuG,0,8802,7089440.000,0
24-05-2020 23:45,1BY6WEcLGh8j5v7,0,7537,6327940.000,0
22-05-2020 06:45,1IF53ai7Xc0U56Y,1252.14,56,6233303.000,121.829
19-05-2020 04:00,sjndEbLyjtCKgGv,0,0,7042405.000,0
15-06-2020 20:15,YxYtjZvoooNbGkE,0,6633,7413335.000,0
13-06-2020 14:30,sjndEbLyjtCKgGv,9139.75,6664.5,7233765.500,893.425
06-06-2020 18:30,bvBOhCH3iADSZry,0,5873,6473124.000,0
11-06-2020 10:15,sjndEbLyjtCKgGv,5607,1067.62,7216667.625,549.525
18-05-2020 08:30,McdE0feGgRqW7Ca,1848.25,383.125,7180010.125,181.175
16-05-2020 06:00,zBIq5rxdHJRwDNY,53.7143,0,6345776.000,5.18571
25-05-2020 22:00,zBIq5rxdHJRwDNY,0,8443,6420201.000,0
04-06-2020 23:45,zBIq5rxdHJRwDNY,0,0,6492579.000,0
04-06-2020 03:15,YxYtjZvoooNbGkE,0,0,7326756.000,0
03-06-2020 19:15,McdE0feGgRqW7Ca,0,8010,7308369.000,0
27-05-2020 21:15,bvBOhCH3iADSZry,0,6133,6405833.000,0
17-06-2020 01:15,iCRJl6heRkivqQ3,0,0,7420306.000,0
06-06-2020 05:15,7JYdWkrLSPkdwr4,0,0,7764140.000,0
06-06-2020 19:45,YxYtjZvoooNbGkE,0,0,7348812.000,0
05-06-2020 18:45,uHbuxQJl8lW7ozc,0,7838,7202373.000,0
30-05-2020 18:45,bvBOhCH3iADSZry,0,6658,6427681.000,0
19-05-2020 01:30,YxYtjZvoooNbGkE,0,0,7205598.000,0
08-06-2020 19:15,ih0vzX44oOqAx2f,0,8217,6366909.000,0
31-05-2020 03:30,pkci93gMrogZuBj,0,0,7288876.000,0
09-06-2020 12:15,ih0vzX44oOqAx2f,8825.12,4112.38,6371021.375,861.962
28-05-2020 10:45,wCURE6d3bPkepu2,9409.62,2731.25,6881926.250,919.388
19-05-2020 01:15,pkci93gMrogZuBj,0,0,7194411.000,0
22-05-2020 07:00,iCRJl6heRkivqQ3,1544,85.75,7227527.750,150.762
30-05-2020 04:15,7JYdWkrLSPkdwr4,0,0,7714835.000,0
13-06-2020 08:15,ih0vzX44oOqAx2f,6127.12,536.625,6392799.625,600.337
16-05-2020 15:15,pkci93gMrogZuBj,6089.12,5465.5,7180942.500,596.575
24-05-2020 17:15,rGa61gmuvPhdLxV,2744.75,7870.88,7183163.875,269.387
27-05-2020 01:45,ZnxXDlPa8U1GXgE,0,0,6612649.000,0
17-06-2020 23:15,1IF53ai7Xc0U56Y,0,6034,6433566.000,0
17-05-2020 11:15,McdE0feGgRqW7Ca,13192.4,3153.71,7175174.714,1286.27
01-06-2020 09:30,zBIq5rxdHJRwDNY,6289.71,1407.14,6464646.143,616.2
10-06-2020 20:30,VHMLBKoKgIrUVDU,0,6479,7409295.000,0
13-06-2020 03:15,YxYtjZvoooNbGkE,0,0,7391059.000,0
16-06-2020 08:45,z9Y9gH1T5YWrNuG,5847.25,733,7239917.000,573.013
25-05-2020 19:00,1IF53ai7Xc0U56Y,0,9048,6266528.000,0
10-06-2020 05:45,ZoEaEvLYb1n2sOq,0,0,7289679.000,0
23-05-2020 00:45,YxYtjZvoooNbGkE,0,0,7236121.000,0
16-06-2020 15:30,1IF53ai7Xc0U56Y,6358,5608.29,6426822.286,622.871
27-05-2020 22:45,YxYtjZvoooNbGkE,0,0,7276029.000,0
16-05-2020 15:00,ZnxXDlPa8U1GXgE,7420.12,5793.25,6534269.250,726.538
17-05-2020 16:15,iCRJl6heRkivqQ3,4905.71,7114.29,7197962.286,481.029
08-06-2020 07:00,WRmjgnKYAwPKWDb,1587.57,79,7204761.000,155.2
21-05-2020 20:00,McdE0feGgRqW7Ca,0,7993,7209055.000,0
15-05-2020 13:15,zVJPv84UY57bAof,6664.57,3405,7119556.000,652.8
22-05-2020 15:00,1IF53ai7Xc0U56Y,9845.75,6425.38,6239672.375,962.763
05-06-2020 14:30,zVJPv84UY57bAof,11881,5643.38,7276916.375,1158.99
08-06-2020 14:30,iCRJl6heRkivqQ3,11243.1,6526.25,7363037.250,1098.05
25-05-2020 01:00,pkci93gMrogZuBj,0,0,7241707.000,0
18-05-2020 14:45,1BY6WEcLGh8j5v7,5844.29,3706.14,6282356.143,572.657
07-06-2020 07:15,bvBOhCH3iADSZry,1703.75,121.5,6473245.500,166.988
04-06-2020 13:00,zVJPv84UY57bAof,10454.6,4597.88,7267650.875,1021.25
20-05-2020 01:00,rGa61gmuvPhdLxV,0,0,7143812.000,0
26-05-2020 19:15,VHMLBKoKgIrUVDU,0,0,7297615.000,0
16-06-2020 21:00,7JYdWkrLSPkdwr4,0,6166,7840965.000,0
24-05-2020 02:00,7JYdWkrLSPkdwr4,0,0,7667220.000,0
22-05-2020 09:00,ZoEaEvLYb1n2sOq,5127.43,852.286,7147537.286,502.771
19-05-2020 01:45,zBIq5rxdHJRwDNY,0,0,6365047.000,0
19-05-2020 10:15,ZoEaEvLYb1n2sOq,8305.25,1500.75,7125027.750,812.425
14-06-2020 08:15,ZoEaEvLYb1n2sOq,3450.75,494.714,7316257.714,337.671
03-06-2020 22:45,YxYtjZvoooNbGkE,0,7827,7326756.000,0
23-05-2020 08:45,adLQvlD726eNBSB,8170,887.571,6329838.571,799.629
28-05-2020 20:00,pkci93gMrogZuBj,0,8273,7273258.000,0
06-06-2020 22:00,pkci93gMrogZuBj,0,0,7337918.000,0
10-06-2020 05:30,z9Y9gH1T5YWrNuG,0,0,7199053.000,0
31-05-2020 00:15,McdE0feGgRqW7Ca,0,0,7280565.000,0
27-05-2020 14:15,VHMLBKoKgIrUVDU,4708.88,5111,7302726.000,462.212
02-06-2020 19:45,zVJPv84UY57bAof,0,7451,7255217.000,0
19-05-2020 14:00,7JYdWkrLSPkdwr4,8571.71,4761.86,7633133.857,838.7
13-06-2020 17:30,1BY6WEcLGh8j5v7,1174.57,7928,6463607.000,114.357
17-05-2020 00:15,z9Y9gH1T5YWrNuG,0,0,7020740.000,0
31-05-2020 04:30,1BY6WEcLGh8j5v7,0,0,6372128.000,0
19-05-2020 07:00,iCRJl6heRkivqQ3,2453.62,51.125,7203818.125,240.6
23-05-2020 02:00,3PZuoBAID5Wc2HD,0,0,7044616.000,0
12-06-2020 10:45,sjndEbLyjtCKgGv,6662.86,1598.29,7222852.286,652.6
16-06-2020 05:45,1BY6WEcLGh8j5v7,0,0,6473950.000,0
17-06-2020 16:15,z9Y9gH1T5YWrNuG,3422.75,5549.25,7250934.250,336.15
29-05-2020 07:15,zBIq5rxdHJRwDNY,1874.43,133.571,6442127.571,183.714
08-06-2020 20:00,ZoEaEvLYb1n2sOq,0,8271,7281724.000,0
12-06-2020 09:00,zVJPv84UY57bAof,5006,486.857,7323173.857,490.771
19-05-2020 15:30,bvBOhCH3iADSZry,5947.25,5562.25,6346100.250,582.812
12-06-2020 03:00,z9Y9gH1T5YWrNuG,0,0,7211064.000,0
31-05-2020 11:15,YxYtjZvoooNbGkE,9506.57,2506.71,7302275.714,928.743
16-05-2020 08:00,1BY6WEcLGh8j5v7,3960,315.286,6265628.286,389.114
15-06-2020 02:15,iCRJl6heRkivqQ3,0,0,7407224.000,0
15-05-2020 18:15,iCRJl6heRkivqQ3,87.125,6417,7184409.000,8.425
05-06-2020 04:30,uHbuxQJl8lW7ozc,0,0,7194535.000,0
10-06-2020 23:00,ih0vzX44oOqAx2f,0,6277,6381032.000,0
17-06-2020 11:15,YxYtjZvoooNbGkE,7995,2103.29,7421659.286,782.543
09-06-2020 23:30,adLQvlD726eNBSB,0,8273,6470277.000,0
23-05-2020 14:45,zVJPv84UY57bAof,7094.25,6919.5,7179213.500,694.75
16-06-2020 13:45,pkci93gMrogZuBj,6300.88,4423.12,7407640.125,616.837
25-05-2020 15:15,wCURE6d3bPkepu2,8418.12,7868.38,6863659.375,823.663
09-06-2020 05:30,iCRJl6heRkivqQ3,0,0,7364955.000,0
15-06-2020 13:30,sjndEbLyjtCKgGv,3663.29,4836.14,7247647.143,359.5
01-06-2020 23:45,bvBOhCH3iADSZry,0,2689,6438645.000,0
27-05-2020 15:30,z9Y9gH1T5YWrNuG,7703.75,5788.38,7102971.375,754.025
12-06-2020 16:15,3PZuoBAID5Wc2HD,2748.57,5521.43,7201707.429,269.571
17-05-2020 06:15,ZnxXDlPa8U1GXgE,144.286,0.857143,6535152.857,13.9286
16-05-2020 20:45,bvBOhCH3iADSZry,0,6138,6328648.000,0
13-06-2020 18:30,uHbuxQJl8lW7ozc,66.875,8437,7260531.000,6.45
31-05-2020 07:45,ih0vzX44oOqAx2f,2287.29,194.571,6302461.571,224.271
15-05-2020 14:45,McdE0feGgRqW7Ca,7507.29,5143.14,7164107.143,734.129
13-06-2020 21:00,zVJPv84UY57bAof,0,8410,7336960.000,0
11-06-2020 19:45,wCURE6d3bPkepu2,0,5651,6988054.000,0
02-06-2020 19:00,7JYdWkrLSPkdwr4,0,0,7740873.000,0
05-06-2020 16:00,bvBOhCH3iADSZry,6814.12,6247.38,6466433.375,667.4
31-05-2020 02:00,1IF53ai7Xc0U56Y,0,0,6305543.000,0
04-06-2020 11:15,z9Y9gH1T5YWrNuG,7706.12,2906.5,7158019.500,753.938
15-06-2020 11:30,wCURE6d3bPkepu2,9106.5,3442.62,7013140.625,889.663
04-06-2020 17:45,pkci93gMrogZuBj,1994.29,8200.86,7323636.857,195.371
29-05-2020 08:00,7JYdWkrLSPkdwr4,3333.5,324.5,7707152.500,327.6
10-06-2020 01:45,1BY6WEcLGh8j5v7,0,0,6439070.000,0
02-06-2020 17:45,bvBOhCH3iADSZry,562.143,6819.43,6445464.429,54.4
11-06-2020 14:45,uHbuxQJl8lW7ozc,6551.38,4317.25,7244825.250,641.65
16-05-2020 11:30,VHMLBKoKgIrUVDU,6997.14,2826.43,7215492.429,685.186
04-06-2020 12:15,WRmjgnKYAwPKWDb,12400.7,3936,7178563.000,1209.51
29-05-2020 10:00,VHMLBKoKgIrUVDU,8442.5,1597.62,7314484.625,825.737
07-06-2020 06:00,bvBOhCH3iADSZry,55.5714,0.285714,6473124.286,5.35714
07-06-2020 09:45,ZnxXDlPa8U1GXgE,6287.62,1346.12,6694400.125,615.987
01-06-2020 13:45,zVJPv84UY57bAof,6940.5,4816.17,7246840.167,679.617
09-06-2020 20:15,ZoEaEvLYb1n2sOq,0,7955,7289679.000,0
16-05-2020 13:15,YxYtjZvoooNbGkE,10974,4274.12,7190531.125,1072.33
26-05-2020 00:15,sjndEbLyjtCKgGv,0,0,7098111.000,0
17-06-2020 11:45,pkci93gMrogZuBj,11664.4,2520.71,7411998.714,1138.51
31-05-2020 02:45,sjndEbLyjtCKgGv,0,0,7136255.000,0
24-05-2020 16:15,VHMLBKoKgIrUVDU,4601.62,7694.75,7280026.750,450.938
14-06-2020 22:45,uHbuxQJl8lW7ozc,0,7306,7267837.000,0
31-05-2020 18:45,McdE0feGgRqW7Ca,0,6195,7286760.000,0
30-05-2020 05:30,ZoEaEvLYb1n2sOq,0,0,7209600.000,0
30-05-2020 00:00,bvBOhCH3iADSZry,0,0,6421023.000,0
12-06-2020 04:30,wCURE6d3bPkepu2,0,0,6988054.000,0
09-06-2020 01:00,1BY6WEcLGh8j5v7,0,0,6431614.000,0
05-06-2020 18:00,VHMLBKoKgIrUVDU,1095.86,7706.86,7371527.857,106.514
12-06-2020 07:15,YxYtjZvoooNbGkE,1048.25,64.75,7385343.750,101.875
15-06-2020 11:15,zVJPv84UY57bAof,7787.38,3209.75,7347489.750,761.712
27-05-2020 12:15,adLQvlD726eNBSB,6861.86,3966.14,6367482.143,671.571
29-05-2020 18:15,1IF53ai7Xc0U56Y,125.857,8251.86,6298209.857,12.1143
01-06-2020 14:30,wCURE6d3bPkepu2,4704,5344.43,6914749.429,461.3
11-06-2020 15:00,adLQvlD726eNBSB,7808.43,4602,6481546.000,764.186
08-06-2020 06:45,1BY6WEcLGh8j5v7,1026.62,42.625,6423792.625,99.775
28-05-2020 04:45,McdE0feGgRqW7Ca,0,0,7256389.000,0
18-05-2020 01:30,1IF53ai7Xc0U56Y,0,0,6204353.000,0
24-05-2020 22:30,wCURE6d3bPkepu2,0,7961,6855791.000,0
10-06-2020 08:45,adLQvlD726eNBSB,6958.43,761,6471038.000,681.5
02-06-2020 06:30,zVJPv84UY57bAof,489,17.875,7247783.875,47.2875
12-06-2020 08:45,YxYtjZvoooNbGkE,4063.88,366.75,7385645.750,399.163
11-06-2020 19:45,adLQvlD726eNBSB,0,5790,6482734.000,0
11-06-2020 10:30,McdE0feGgRqW7Ca,5868,1228.43,7362851.429,574.986
16-06-2020 21:00,z9Y9gH1T5YWrNuG,0,6201,7245385.000,0
07-06-2020 01:45,adLQvlD726eNBSB,0,0,6445031.000,0
14-06-2020 07:15,YxYtjZvoooNbGkE,3145.62,137,7399576.000,309.038
08-06-2020 08:45,iCRJl6heRkivqQ3,7209.88,695.375,7357206.375,706
23-05-2020 20:00,pkci93gMrogZuBj,0,8475,7233675.000,0
11-06-2020 17:45,1IF53ai7Xc0U56Y,1009.86,5668.14,6392288.143,98.1286
11-06-2020 14:00,1IF53ai7Xc0U56Y,6889,3723.57,6390343.571,674.686
03-06-2020 18:15,1IF53ai7Xc0U56Y,360.25,7869.62,6332653.625,34.8125
30-05-2020 21:15,7JYdWkrLSPkdwr4,0,7143,7721978.000,0
16-06-2020 10:15,1IF53ai7Xc0U56Y,10477,1987.14,6423202.571,1023.86
03-06-2020 06:30,iCRJl6heRkivqQ3,602.25,15.375,7317828.375,58.275
09-06-2020 07:00,3PZuoBAID5Wc2HD,2496.43,106.571,7175839.571,244.814
25-05-2020 03:30,WRmjgnKYAwPKWDb,0,0,7101117.000,0
06-06-2020 06:15,pkci93gMrogZuBj,404,7.71429,7331494.714,39.0429
12-06-2020 15:00,ZoEaEvLYb1n2sOq,5586,4830,7306462.000,547.475
31-05-2020 07:30,sjndEbLyjtCKgGv,1966.57,141,7136396.000,192.786
15-06-2020 23:30,adLQvlD726eNBSB,0,6916,6512002.000,0
03-06-2020 11:45,bvBOhCH3iADSZry,12762.4,2759.43,6448246.429,1244.71
13-06-2020 05:15,VHMLBKoKgIrUVDU,0,0,7420914.000,0
14-06-2020 03:15,YxYtjZvoooNbGkE,0,0,7399439.000,0
20-05-2020 01:45,WRmjgnKYAwPKWDb,0,0,7060932.000,0
31-05-2020 21:45,1BY6WEcLGh8j5v7,0,5803,6377931.000,0
15-06-2020 10:30,ZnxXDlPa8U1GXgE,10166.2,2515.75,6754262.750,992.237
02-06-2020 12:45,ih0vzX44oOqAx2f,10864.1,4074,6318057.000,1061.19
06-06-2020 20:30,bvBOhCH3iADSZry,0,5873,6473124.000,0
28-05-2020 00:00,uHbuxQJl8lW7ozc,0,0,7135258.000,0
19-05-2020 15:00,ZoEaEvLYb1n2sOq,7153.57,5630.29,7129157.286,700.4
15-06-2020 15:45,uHbuxQJl8lW7ozc,5995.29,6336,7274173.000,587.314
27-05-2020 00:45,uHbuxQJl8lW7ozc,0,0,7128538.000,0
30-05-2020 00:30,1IF53ai7Xc0U56Y,0,0,6298211.000,0
08-06-2020 07:15,wCURE6d3bPkepu2,1933.38,120.25,6959647.250,189.5
15-06-2020 05:30,1IF53ai7Xc0U56Y,0,0,6414368.000,0
13-06-2020 04:45,wCURE6d3bPkepu2,0,0,6993908.000,0
03-06-2020 02:45,iCRJl6heRkivqQ3,0,0,7317813.000,0
29-05-2020 15:00,ih0vzX44oOqAx2f,7843,6620.43,6293790.429,767.714
05-06-2020 02:45,YxYtjZvoooNbGkE,0,0,7334886.000,0
25-05-2020 23:45,bvBOhCH3iADSZry,0,4062,6392336.000,0
11-06-2020 15:00,z9Y9gH1T5YWrNuG,7495.88,4441,7209906.000,733.763
14-06-2020 07:30,ZoEaEvLYb1n2sOq,3090.43,213.571,7315976.571,303.514
13-06-2020 22:00,bvBOhCH3iADSZry,0,7863,6517642.000,0
01-06-2020 03:45,wCURE6d3bPkepu2,0,0,6909405.000,0
17-06-2020 12:45,WRmjgnKYAwPKWDb,9772.14,3671.29,7271250.286,955.571
04-06-2020 16:00,rGa61gmuvPhdLxV,7972.57,7339.57,7264476.571,780.357
17-06-2020 08:15,iCRJl6heRkivqQ3,3820.43,388.571,7420694.571,375.414
11-06-2020 08:30,ZoEaEvLYb1n2sOq,2976.88,323.625,7296394.625,292.25
26-05-2020 01:30,uHbuxQJl8lW7ozc,0,0,7120696.000,0
06-06-2020 20:00,z9Y9gH1T5YWrNuG,0,0,7177289.000,0
02-06-2020 15:15,1IF53ai7Xc0U56Y,5365.86,6370.57,6323814.571,525.971
06-06-2020 07:00,zBIq5rxdHJRwDNY,2474.5,90.875,6500392.875,242.675
29-05-2020 23:30,iCRJl6heRkivqQ3,0,0,7291253.000,0
09-06-2020 04:30,z9Y9gH1T5YWrNuG,0,0,7191424.000,0
19-05-2020 20:45,pkci93gMrogZuBj,0,6938,7201349.000,0
15-05-2020 04:00,z9Y9gH1T5YWrNuG,0,0,7007866.000,0
27-05-2020 23:30,7JYdWkrLSPkdwr4,0,6638,7698550.000,0
07-06-2020 11:15,bvBOhCH3iADSZry,12502.6,2559.57,6475683.571,1219.34
02-06-2020 02:30,zVJPv84UY57bAof,0,0,7247766.000,0
01-06-2020 01:15,ZnxXDlPa8U1GXgE,0,0,6649525.000,0
07-06-2020 21:15,bvBOhCH3iADSZry,0,5169,6478293.000,0
17-05-2020 21:15,ZnxXDlPa8U1GXgE,0,7586,6542738.000,0
21-05-2020 16:00,ZnxXDlPa8U1GXgE,4071.71,7437.71,6571482.714,399.929
27-05-2020 15:45,adLQvlD726eNBSB,6693,6163,6369679.000,655.5
30-05-2020 11:30,1BY6WEcLGh8j5v7,8093.86,1968.57,6367342.571,791.757
15-05-2020 18:45,adLQvlD726eNBSB,0,6383,6277738.000,0
08-06-2020 00:00,zBIq5rxdHJRwDNY,0,1169,6514911.000,0
09-06-2020 04:15,wCURE6d3bPkepu2,0,0,6967970.000,0
01-06-2020 15:00,wCURE6d3bPkepu2,2833.71,5499.43,6914904.429,278.043
06-06-2020 01:45,iCRJl6heRkivqQ3,0,0,7341803.000,0
17-05-2020 06:30,McdE0feGgRqW7Ca,464.143,7.57143,7172028.571,44.9
13-06-2020 01:00,1IF53ai7Xc0U56Y,0,0,6398227.000,0
27-05-2020 13:15,VHMLBKoKgIrUVDU,5277.12,4660.25,7302275.250,517.325
30-05-2020 07:45,1BY6WEcLGh8j5v7,2209,211.714,6365585.714,216.571
15-06-2020 00:30,adLQvlD726eNBSB,0,0,6505086.000,0
28-05-2020 02:00,rGa61gmuvPhdLxV,0,0,7206549.000,0
17-05-2020 22:15,ZnxXDlPa8U1GXgE,0,7586,6542738.000,0
06-06-2020 05:15,rGa61gmuvPhdLxV,0,0,7273090.000,0
15-05-2020 06:45,pkci93gMrogZuBj,1264.14,37.1429,7169139.143,123.114
24-05-2020 02:00,bvBOhCH3iADSZry,0,0,6376772.000,0
24-05-2020 06:30,zBIq5rxdHJRwDNY,723.375,20,6404501.000,70.1375
14-06-2020 01:45,1IF53ai7Xc0U56Y,0,0,6406881.000,0
31-05-2020 15:00,ih0vzX44oOqAx2f,2046.62,5349.75,6307616.750,200.65
13-06-2020 04:15,adLQvlD726eNBSB,0,0,6488722.000,0
13-06-2020 06:15,z9Y9gH1T5YWrNuG,354.25,5.625,7216872.625,34.2375
05-06-2020 01:45,zVJPv84UY57bAof,0,0,7271273.000,0
10-06-2020 06:45,7JYdWkrLSPkdwr4,1383.43,50.5714,7794779.571,134.8
28-05-2020 16:15,3PZuoBAID5Wc2HD,4771.12,8075,7093526.000,467.562
12-06-2020 14:00,rGa61gmuvPhdLxV,8925.75,4249,7320681.000,873.2
17-05-2020 13:15,uHbuxQJl8lW7ozc,5304.62,4858.12,7056197.125,519.675
17-06-2020 15:45,wCURE6d3bPkepu2,1409.71,5479,7028197.000,137.529
26-05-2020 22:15,iCRJl6heRkivqQ3,0,0,7267996.000,0
24-05-2020 18:15,zBIq5rxdHJRwDNY,376.286,7269.14,6411750.143,36.3571
23-05-2020 15:15,pkci93gMrogZuBj,7790.38,7150.25,7232350.250,762.5
02-06-2020 02:30,1IF53ai7Xc0U56Y,0,0,6317444.000,0
22-05-2020 16:30,1BY6WEcLGh8j5v7,2107,6672.88,6312261.875,206.562
19-05-2020 10:15,zVJPv84UY57bAof,8308.12,1568.75,7142973.750,812.562
31-05-2020 01:15,VHMLBKoKgIrUVDU,0,0,7328329.000,0
11-06-2020 02:15,iCRJl6heRkivqQ3,0,0,7379779.000,0
12-06-2020 00:30,7JYdWkrLSPkdwr4,0,0,7806664.000,0
15-06-2020 03:00,ih0vzX44oOqAx2f,0,0,6407683.000,0
16-06-2020 19:00,1BY6WEcLGh8j5v7,0,5848,6479798.000,0
14-06-2020 13:45,ZnxXDlPa8U1GXgE,11747.2,4931.25,6749274.250,1146.81
19-05-2020 10:00,z9Y9gH1T5YWrNuG,7266.71,1358.14,7034931.143,710.857
17-06-2020 12:15,7JYdWkrLSPkdwr4,13528.7,3093.71,7844058.714,1319.04
04-06-2020 17:15,1IF53ai7Xc0U56Y,3663.71,8011,6340670.000,360.1
16-06-2020 04:00,zBIq5rxdHJRwDNY,0,0,6571833.000,0
12-06-2020 01:45,YxYtjZvoooNbGkE,0,0,7385279.000,0
06-06-2020 11:15,3PZuoBAID5Wc2HD,12650.5,3024,7155510.000,1234.42
08-06-2020 20:45,VHMLBKoKgIrUVDU,0,8488,7394696.000,0
16-06-2020 16:45,z9Y9gH1T5YWrNuG,2231.38,5995.12,7245179.125,218.775
23-05-2020 09:45,adLQvlD726eNBSB,9324,1758.43,6330709.429,911.557
04-06-2020 10:15,7JYdWkrLSPkdwr4,8073.12,1812.62,7750434.625,788.9
15-06-2020 13:15,adLQvlD726eNBSB,5943,4853,6509939.000,582.443
25-05-2020 10:30,bvBOhCH3iADSZry,10402.9,2285.62,6386497.625,1016.94
18-05-2020 17:45,VHMLBKoKgIrUVDU,748.286,5433.29,7232530.286,72.5429
29-05-2020 09:45,zBIq5rxdHJRwDNY,8119.75,1318.75,6443312.750,794.3
15-06-2020 09:15,3PZuoBAID5Wc2HD,8997.86,1358,7219581.000,879.957
15-06-2020 11:45,WRmjgnKYAwPKWDb,9403.88,3606.38,7258190.375,919
11-06-2020 16:00,ih0vzX44oOqAx2f,4751.38,5008.25,6386040.250,466.275
09-06-2020 10:15,McdE0feGgRqW7Ca,10466.2,2146.62,7348928.625,1021.48
12-06-2020 23:00,zBIq5rxdHJRwDNY,0,5837,6549387.000,0
15-05-2020 02:30,adLQvlD726eNBSB,0,0,6271355.000,0
24-05-2020 23:00,ZoEaEvLYb1n2sOq,0,7985,7170169.000,0
08-06-2020 17:30,7JYdWkrLSPkdwr4,1814.75,8195.75,7786705.750,177.65
15-05-2020 14:45,zBIq5rxdHJRwDNY,7227.14,5090.14,6344470.143,707.129
03-06-2020 06:00,YxYtjZvoooNbGkE,57.5,0,7318929.000,5.55
15-05-2020 08:30,ZnxXDlPa8U1GXgE,5053.29,490.714,6522662.714,495.429
13-06-2020 17:00,1IF53ai7Xc0U56Y,1743.62,8511,6406738.000,170.775
02-06-2020 23:00,7JYdWkrLSPkdwr4,0,0,7740873.000,0
02-06-2020 01:30,7JYdWkrLSPkdwr4,0,0,7733624.000,0
04-06-2020 10:30,McdE0feGgRqW7Ca,9449.43,2132.71,7310501.714,922.6
26-05-2020 07:15,YxYtjZvoooNbGkE,2501.12,131,7261595.000,245.262
19-05-2020 22:30,YxYtjZvoooNbGkE,0,6878,7212476.000,0
20-05-2020 21:00,1IF53ai7Xc0U56Y,0,8997,6225427.000,0
30-05-2020 11:15,1BY6WEcLGh8j5v7,9698.43,1753.86,6367127.857,947.657
05-06-2020 13:30,ZoEaEvLYb1n2sOq,10157.1,4393.12,7255933.125,992.062
24-05-2020 07:45,zVJPv84UY57bAof,3878.5,279.625,7181117.625,381
12-06-2020 23:30,McdE0feGgRqW7Ca,0,5955,7373328.000,0
15-06-2020 23:00,zVJPv84UY57bAof,0,6820,7351100.000,0
19-05-2020 10:00,1IF53ai7Xc0U56Y,6893.25,1395.12,6211201.125,674.975
13-06-2020 06:00,ZnxXDlPa8U1GXgE,112.375,0.5,6735785.500,10.85
13-06-2020 00:30,bvBOhCH3iADSZry,0,0,6509779.000,0
16-06-2020 15:45,wCURE6d3bPkepu2,5078.29,5711.43,7022155.429,497.971
17-06-2020 13:30,pkci93gMrogZuBj,9730.88,4293.38,7413771.375,951.263
28-05-2020 06:45,VHMLBKoKgIrUVDU,1411.75,51.375,7304429.375,137.713
15-06-2020 21:15,ZnxXDlPa8U1GXgE,0,6757,6758504.000,0
08-06-2020 18:45,adLQvlD726eNBSB,0,8620,6462004.000,0
28-05-2020 08:00,ZnxXDlPa8U1GXgE,5081,431.286,6619807.286,498.114
14-06-2020 03:00,1BY6WEcLGh8j5v7,0,0,6463663.000,0
14-06-2020 17:45,WRmjgnKYAwPKWDb,554.25,7381,7254560.000,53.65
18-05-2020 20:30,uHbuxQJl8lW7ozc,0,5408,7064201.000,0
29-05-2020 16:45,ZnxXDlPa8U1GXgE,3635.25,7905.5,6635821.500,357.275
23-05-2020 12:30,7JYdWkrLSPkdwr4,12274.6,4630.14,7663400.143,1197.64
12-06-2020 19:30,adLQvlD726eNBSB,0,5988,6488722.000,0
31-05-2020 23:00,adLQvlD726eNBSB,0,5933,6400704.000,0
13-06-2020 13:15,ih0vzX44oOqAx2f,8470,5344.14,6397607.143,828.214
05-06-2020 15:00,ZoEaEvLYb1n2sOq,9126,5942.43,7257482.429,891.686
23-05-2020 17:30,sjndEbLyjtCKgGv,2044.62,8377.88,7081339.875,200.45
19-05-2020 05:15,rGa61gmuvPhdLxV,0,0,7136902.000,0
31-05-2020 00:00,7JYdWkrLSPkdwr4,0,1020.43,7721978.000,0
02-06-2020 13:45,z9Y9gH1T5YWrNuG,11755,5203,7145031.000,1147.45
12-06-2020 06:15,7JYdWkrLSPkdwr4,163.625,1.125,7806665.125,15.8
15-06-2020 18:30,YxYtjZvoooNbGkE,24.5714,6633,7413335.000,2.35714
12-06-2020 11:45,ih0vzX44oOqAx2f,9120.57,2340.43,6388893.429,892.2
01-06-2020 19:45,VHMLBKoKgIrUVDU,0,5909,7340314.000,0
11-06-2020 03:00,z9Y9gH1T5YWrNuG,0,0,7205465.000,0
29-05-2020 17:45,3PZuoBAID5Wc2HD,923.429,8185.29,7102164.286,89.6714
05-06-2020 04:30,McdE0feGgRqW7Ca,0,0,7316761.000,0
31-05-2020 05:15,zBIq5rxdHJRwDNY,0,0,6457301.000,0
04-06-2020 00:15,z9Y9gH1T5YWrNuG,0,0,7155113.000,0
31-05-2020 06:15,ih0vzX44oOqAx2f,450.714,7.28571,6302274.286,43.5857
15-05-2020 14:30,z9Y9gH1T5YWrNuG,5346.38,4900,7012766.000,523.9
05-06-2020 18:15,rGa61gmuvPhdLxV,558,7733.12,7273082.125,54.025
17-06-2020 16:45,ZoEaEvLYb1n2sOq,1113.75,5707.38,7341589.375,108.287
25-05-2020 01:30,rGa61gmuvPhdLxV,0,0,7183295.000,0
17-05-2020 04:00,iCRJl6heRkivqQ3,0,0,7190848.000,0
19-05-2020 18:15,z9Y9gH1T5YWrNuG,0,6892,7040465.000,0
21-05-2020 09:45,wCURE6d3bPkepu2,10397.6,1638.57,6825882.571,1016.39
06-06-2020 00:30,VHMLBKoKgIrUVDU,0,0,7371554.000,0
11-06-2020 21:30,VHMLBKoKgIrUVDU,0,5716,7415011.000,0
17-06-2020 14:30,7JYdWkrLSPkdwr4,8464.5,4971.62,7845936.625,827.8
05-06-2020 15:30,VHMLBKoKgIrUVDU,3710,6495.5,7370316.500,363.625
11-06-2020 22:15,zBIq5rxdHJRwDNY,0,5647,6543550.000,0
14-06-2020 13:00,1BY6WEcLGh8j5v7,0,2402,6466065.000,0
24-05-2020 14:15,McdE0feGgRqW7Ca,11816,6304.29,7230940.286,1152.59
20-05-2020 21:00,uHbuxQJl8lW7ozc,0,8913,7080111.000,0
02-06-2020 10:30,pkci93gMrogZuBj,7344.71,2220.14,7302520.143,719.014
08-06-2020 11:15,pkci93gMrogZuBj,11902.7,3257,7349389.000,1160.9
28-05-2020 14:00,VHMLBKoKgIrUVDU,9652.43,6531.14,7310909.143,942.314
16-06-2020 06:00,1IF53ai7Xc0U56Y,15.4286,0,6421214.000,1.5
13-06-2020 21:30,uHbuxQJl8lW7ozc,0,8437,7260531.000,0
13-06-2020 20:45,zVJPv84UY57bAof,0,8410,7336960.000,0
17-06-2020 10:30,sjndEbLyjtCKgGv,7315.29,1604.57,7257398.571,716.286
04-06-2020 12:30,zBIq5rxdHJRwDNY,10273.1,4125.43,6488467.429,1003.26
08-06-2020 15:15,1IF53ai7Xc0U56Y,9128.5,7349.12,6370687.125,892.875
30-05-2020 14:15,uHbuxQJl8lW7ozc,11578,5039.5,7156971.500,1129.92
23-05-2020 01:00,bvBOhCH3iADSZry,0,0,6368908.000,0
27-05-2020 20:30,ih0vzX44oOqAx2f,0,6564,6278855.000,0
06-06-2020 11:15,7JYdWkrLSPkdwr4,11535.1,2908.88,7767048.875,1125.39
16-06-2020 15:15,3PZuoBAID5Wc2HD,4740.38,5482.38,7230524.375,465.087
24-05-2020 14:15,1BY6WEcLGh8j5v7,8892.5,5932.38,6326335.375,869.7
21-05-2020 07:45,ih0vzX44oOqAx2f,3278,311.2,6226252.200,322.08
29-05-2020 08:00,McdE0feGgRqW7Ca,3384.38,328.75,7265284.750,332.587
04-06-2020 17:15,zBIq5rxdHJRwDNY,3991.71,8027.14,6492369.143,392.229
17-05-2020 19:45,iCRJl6heRkivqQ3,0,7519,7198367.000,0
17-06-2020 13:00,ih0vzX44oOqAx2f,6803.75,3773.5,6424144.500,666.375
12-06-2020 17:15,1IF53ai7Xc0U56Y,1824.12,5757,6398081.000,178.787
24-05-2020 08:00,ZoEaEvLYb1n2sOq,4830.43,383.857,7162567.857,473.743
17-05-2020 22:15,z9Y9gH1T5YWrNuG,0,7486,7028226.000,0
08-06-2020 20:30,rGa61gmuvPhdLxV,0,8291,7295964.000,0
15-05-2020 12:15,1IF53ai7Xc0U56Y,9083.25,2960.38,6186605.375,887.825
22-05-2020 17:30,1BY6WEcLGh8j5v7,752.125,6818.38,6312407.375,72.9375
22-05-2020 18:15,McdE0feGgRqW7Ca,120.875,6896.12,7215951.125,11.675
17-05-2020 07:45,YxYtjZvoooNbGkE,4197.57,240,7192972.000,412.114
13-06-2020 17:45,zBIq5rxdHJRwDNY,974.857,8400.14,6557787.143,94.7
18-05-2020 23:00,VHMLBKoKgIrUVDU,0,5457,7232554.000,0
23-05-2020 07:45,VHMLBKoKgIrUVDU,3895.57,237,7263958.000,382.814
28-05-2020 02:45,3PZuoBAID5Wc2HD,0,0,7085451.000,0
16-06-2020 08:30,z9Y9gH1T5YWrNuG,5547,584,7239768.000,543.729
02-06-2020 13:15,uHbuxQJl8lW7ozc,11519.7,4723.57,7175665.571,1124.47
06-06-2020 15:30,ZoEaEvLYb1n2sOq,4253.88,5938.12,7265013.125,417.725
16-06-2020 08:15,zVJPv84UY57bAof,4628.29,469,7351569.000,454.286
23-05-2020 22:15,z9Y9gH1T5YWrNuG,0,8543,7072762.000,0
14-06-2020 00:15,VHMLBKoKgIrUVDU,0,0,7429566.000,0
15-05-2020 15:00,pkci93gMrogZuBj,4994.62,5243.62,7174345.625,490.062
18-05-2020 13:15,bvBOhCH3iADSZry,9050.29,2438.43,6338014.429,885.029
13-06-2020 23:30,ih0vzX44oOqAx2f,0,8255,6400518.000,0
29-05-2020 09:15,VHMLBKoKgIrUVDU,9115.71,1028.57,7313915.571,891.7
01-06-2020 21:00,7JYdWkrLSPkdwr4,0,5803,7733624.000,0
07-06-2020 06:00,ih0vzX44oOqAx2f,79.5,0.25,6350673.250,7.675
01-06-2020 02:15,ZnxXDlPa8U1GXgE,0,0,6649525.000,0
30-05-2020 01:30,z9Y9gH1T5YWrNuG,0,0,7120455.000,0
23-05-2020 14:45,ih0vzX44oOqAx2f,7167.14,6729.86,6247272.857,701.843
07-06-2020 23:15,zBIq5rxdHJRwDNY,0,8183,6514911.000,0
22-05-2020 13:45,ZnxXDlPa8U1GXgE,9812.12,5203.75,6577067.750,958.112
16-06-2020 14:15,ZoEaEvLYb1n2sOq,4411,4703.5,7334394.500,432.925
17-06-2020 19:45,3PZuoBAID5Wc2HD,0,6052,7237425.000,0
21-05-2020 14:00,1IF53ai7Xc0U56Y,10322.4,6015.43,6231442.429,1007.71
17-06-2020 13:15,sjndEbLyjtCKgGv,7887.86,4037.43,7259831.429,772.114
01-06-2020 12:00,wCURE6d3bPkepu2,4788.75,3734.62,6913139.625,469.712
27-05-2020 15:30,iCRJl6heRkivqQ3,9464.14,5769.57,7273765.571,925.586
19-05-2020 21:30,VHMLBKoKgIrUVDU,0,6988,7239542.000,0
04-06-2020 09:15,bvBOhCH3iADSZry,5696.38,1029,6453753.000,558.237
28-05-2020 11:00,zBIq5rxdHJRwDNY,10697.7,2802.86,6436885.857,1043.59
02-06-2020 14:15,McdE0feGgRqW7Ca,7374.75,5755.88,7298507.875,722.075
16-05-2020 23:00,7JYdWkrLSPkdwr4,0,6461,7615537.000,0
06-06-2020 06:30,1BY6WEcLGh8j5v7,724.429,20.4286,6412562.429,70.2286
17-05-2020 16:45,zBIq5rxdHJRwDNY,3785.14,7302.43,6359452.429,371.871
05-06-2020 08:00,3PZuoBAID5Wc2HD,3118.62,298.875,7145001.875,306.2
07-06-2020 12:45,ih0vzX44oOqAx2f,12808.6,4515.14,6355188.143,1248.83
17-06-2020 23:00,1BY6WEcLGh8j5v7,0,5521,6485319.000,0
30-05-2020 10:15,iCRJl6heRkivqQ3,4380.62,1269.75,7292522.750,430.113
06-06-2020 02:00,zBIq5rxdHJRwDNY,0,0,6500302.000,0
31-05-2020 07:15,ZnxXDlPa8U1GXgE,1335,104,6643487.000,130.057
31-05-2020 20:00,1BY6WEcLGh8j5v7,0,5803,6377931.000,0
05-06-2020 16:45,sjndEbLyjtCKgGv,4969,7293.14,7178811.143,487.243
26-05-2020 11:15,1IF53ai7Xc0U56Y,8276.25,3491.12,6270019.125,809.05
01-06-2020 02:00,zVJPv84UY57bAof,0,0,7242024.000,0
16-05-2020 16:45,ih0vzX44oOqAx2f,2209.75,6275.88,6197635.875,216.662
17-06-2020 15:45,iCRJl6heRkivqQ3,1425.29,5548.14,7425854.143,139.057
25-05-2020 09:45,zBIq5rxdHJRwDNY,9647.5,1571.5,6413329.500,943.487
09-06-2020 21:30,zBIq5rxdHJRwDNY,0,8136,6531405.000,0
11-06-2020 06:45,wCURE6d3bPkepu2,537.143,18.4286,6982421.429,51.9857
09-06-2020 13:15,z9Y9gH1T5YWrNuG,10471.6,4795.86,7196219.857,1022.23
26-05-2020 07:00,adLQvlD726eNBSB,2069.12,91.375,6355385.375,202.85
03-06-2020 19:00,rGa61gmuvPhdLxV,0,7807,7257137.000,0
25-05-2020 07:15,YxYtjZvoooNbGkE,2356.38,123.5,7252774.500,231.025
15-06-2020 20:45,ih0vzX44oOqAx2f,0,6564,6414247.000,0
04-06-2020 21:00,ZnxXDlPa8U1GXgE,0,8178,6679062.000,0
16-06-2020 01:45,wCURE6d3bPkepu2,0,0,7016444.000,0
19-05-2020 06:15,VHMLBKoKgIrUVDU,76.25,0.75,7232554.750,7.3625
16-05-2020 05:00,z9Y9gH1T5YWrNuG,0,0,7014252.000,0
09-06-2020 17:30,1BY6WEcLGh8j5v7,1917.62,7370,6438984.000,187.975
31-05-2020 17:30,pkci93gMrogZuBj,1390.29,5850.14,7294726.143,135.743
08-06-2020 17:15,VHMLBKoKgIrUVDU,2412.71,8349.71,7394557.714,236.586
19-05-2020 18:15,iCRJl6heRkivqQ3,0,6951,7210718.000,0
15-06-2020 05:15,ZoEaEvLYb1n2sOq,0,0,7323052.000,0
23-05-2020 11:30,VHMLBKoKgIrUVDU,12820,3421,7267142.000,1250.31
15-05-2020 18:00,3PZuoBAID5Wc2HD,296.286,6268.29,6994027.286,28.6143
17-05-2020 18:00,1IF53ai7Xc0U56Y,321.143,7752.71,6204346.714,31.0143
27-05-2020 16:45,adLQvlD726eNBSB,2929.88,6662.62,6370178.625,287.55
18-05-2020 03:00,1BY6WEcLGh8j5v7,0,0,6278650.000,0
12-06-2020 01:15,adLQvlD726eNBSB,0,0,6482734.000,0
30-05-2020 19:00,wCURE6d3bPkepu2,0,7278,6903158.000,0
16-05-2020 03:45,YxYtjZvoooNbGkE,0,0,7186257.000,0
01-06-2020 02:00,1BY6WEcLGh8j5v7,0,0,6377931.000,0
16-06-2020 13:00,rGa61gmuvPhdLxV,5019.71,3901.29,7348605.286,492.314
04-06-2020 08:00,rGa61gmuvPhdLxV,4745.43,365.714,7257502.714,465.7
09-06-2020 04:30,YxYtjZvoooNbGkE,0,0,7365310.000,0
15-05-2020 04:15,1BY6WEcLGh8j5v7,0,0,6259559.000,0
13-06-2020 05:00,ZnxXDlPa8U1GXgE,0,0,6735785.000,0
29-05-2020 22:00,VHMLBKoKgIrUVDU,0,8172,7321059.000,0
13-06-2020 10:45,ih0vzX44oOqAx2f,11488.5,2601.75,6394864.750,1120.85
17-05-2020 04:45,YxYtjZvoooNbGkE,0,0,7192732.000,0
22-05-2020 04:00,bvBOhCH3iADSZry,0,0,6362148.000,0
31-05-2020 18:15,z9Y9gH1T5YWrNuG,251.286,6296.71,7133893.714,24.2571
10-06-2020 12:15,1BY6WEcLGh8j5v7,9574.71,3058,6442128.000,935.514
25-05-2020 12:30,ZnxXDlPa8U1GXgE,12741.6,4897.62,6600653.625,1242.29
18-05-2020 20:15,z9Y9gH1T5YWrNuG,0,5347,7033573.000,0
11-06-2020 14:15,ZoEaEvLYb1n2sOq,8995.38,3801.62,7299872.625,879.6
19-05-2020 12:30,uHbuxQJl8lW7ozc,9886,3616,7067817.000,966.7
23-05-2020 03:30,McdE0feGgRqW7Ca,0,0,7215952.000,0
06-06-2020 23:15,wCURE6d3bPkepu2,0,0,6953094.000,0
16-05-2020 12:15,bvBOhCH3iADSZry,6259.43,3142.57,6325652.571,613.229
30-05-2020 05:00,z9Y9gH1T5YWrNuG,0,0,7120455.000,0
09-06-2020 12:30,McdE0feGgRqW7Ca,9538.38,4503.38,7351285.375,931.487
14-06-2020 02:15,adLQvlD726eNBSB,0,0,6497496.000,0
05-06-2020 21:00,zVJPv84UY57bAof,0,7817,7279090.000,0
14-06-2020 07:15,sjndEbLyjtCKgGv,3338.14,139.286,7235643.286,328.057
08-06-2020 11:45,YxYtjZvoooNbGkE,10571.9,3782.25,7360749.250,1032.26
27-05-2020 03:15,iCRJl6heRkivqQ3,0,0,7267996.000,0
25-05-2020 08:00,1IF53ai7Xc0U56Y,3624.71,379.714,6257859.714,355.614
08-06-2020 05:15,ZoEaEvLYb1n2sOq,0,0,7273453.000,0
31-05-2020 02:15,7JYdWkrLSPkdwr4,0,0,7721978.000,0
13-06-2020 14:45,z9Y9gH1T5YWrNuG,11116.5,6861,7223728.000,1086.01
23-05-2020 10:45,iCRJl6heRkivqQ3,11496.1,2567.14,7237160.143,1121.67
22-05-2020 14:15,VHMLBKoKgIrUVDU,9752.14,5719,7262080.000,952.029
19-05-2020 20:30,ZoEaEvLYb1n2sOq,0,6805,7130332.000,0
23-05-2020 19:30,bvBOhCH3iADSZry,0,7864,6376772.000,0
30-05-2020 20:15,ZoEaEvLYb1n2sOq,0,7248,7216848.000,0
19-05-2020 05:15,ZnxXDlPa8U1GXgE,0,0,6548162.000,0
28-05-2020 05:00,1IF53ai7Xc0U56Y,0,0,6281462.000,0
03-06-2020 20:00,WRmjgnKYAwPKWDb,0,7710,7174627.000,0
02-06-2020 13:30,pkci93gMrogZuBj,10013.2,4906.88,7305206.875,978.725
29-05-2020 16:30,iCRJl6heRkivqQ3,4229.88,7873.38,7290910.375,415.325
25-05-2020 10:00,pkci93gMrogZuBj,10532.7,1878.86,7243585.857,1029.59
05-06-2020 07:30,1BY6WEcLGh8j5v7,1962.12,153.5,6405533.500,192.338
16-06-2020 13:15,McdE0feGgRqW7Ca,7410,4165.86,7400395.857,725.486
09-06-2020 00:45,McdE0feGgRqW7Ca,0,0,7346782.000,0
26-05-2020 06:45,WRmjgnKYAwPKWDb,1322,47.8571,7110043.857,128.771
14-06-2020 07:30,3PZuoBAID5Wc2HD,3267,216.286,7210935.286,321
20-05-2020 08:15,rGa61gmuvPhdLxV,5807.25,525.375,7144337.375,569.112
07-06-2020 10:30,7JYdWkrLSPkdwr4,9763.5,1854.25,7772311.250,954.462
09-06-2020 20:15,adLQvlD726eNBSB,0,8273,6470277.000,0
28-05-2020 19:00,pkci93gMrogZuBj,0,8273,7273258.000,0
31-05-2020 14:30,VHMLBKoKgIrUVDU,2111.5,5321,7333650.000,207.012
11-06-2020 19:00,ih0vzX44oOqAx2f,0,5521,6386553.000,0
19-05-2020 10:45,ZoEaEvLYb1n2sOq,8594.12,1878.5,7125405.500,840.188
16-05-2020 13:30,wCURE6d3bPkepu2,9175.29,4550,6793477.000,897.414
19-05-2020 21:00,McdE0feGgRqW7Ca,0,7007,7192098.000,0
12-06-2020 07:00,zBIq5rxdHJRwDNY,934.429,41.4286,6543591.429,90.7429
10-06-2020 16:00,1IF53ai7Xc0U56Y,4232.43,6059.43,6386081.429,415.7
13-06-2020 09:00,z9Y9gH1T5YWrNuG,6123.86,1038.43,7217905.429,600
06-06-2020 17:00,YxYtjZvoooNbGkE,937.143,6275.29,7348764.286,91.0143
02-06-2020 23:15,1IF53ai7Xc0U56Y,0,0,6324784.000,0
05-06-2020 16:45,ih0vzX44oOqAx2f,4335.5,7012.5,6344031.500,425.35
17-05-2020 21:15,McdE0feGgRqW7Ca,0,7606,7179627.000,0
24-05-2020 15:30,zBIq5rxdHJRwDNY,3168.12,6504.12,6410985.125,310.988
02-06-2020 11:15,YxYtjZvoooNbGkE,6944.57,2923.57,7314439.571,680.071
04-06-2020 23:30,3PZuoBAID5Wc2HD,0,8215,7144703.000,0
04-06-2020 03:30,uHbuxQJl8lW7ozc,0,0,7186255.000,0
30-05-2020 22:15,7JYdWkrLSPkdwr4,0,7143,7721978.000,0
04-06-2020 21:45,YxYtjZvoooNbGkE,0,0,7334886.000,0
24-05-2020 14:00,1BY6WEcLGh8j5v7,6450.43,5732.43,6326135.429,631.357
24-05-2020 12:00,YxYtjZvoooNbGkE,11954.9,3736.12,7248416.125,1166.29
02-06-2020 20:00,3PZuoBAID5Wc2HD,0,0,7128614.000,0
08-06-2020 09:45,z9Y9gH1T5YWrNuG,11388.9,1589.43,7185220.429,1111.83
08-06-2020 16:45,VHMLBKoKgIrUVDU,5342.5,8179.62,7394387.625,523.725
13-06-2020 19:30,VHMLBKoKgIrUVDU,0,8652,7429566.000,0
03-06-2020 18:00,1IF53ai7Xc0U56Y,636.286,7857.43,6332641.429,61.6286
28-05-2020 21:30,uHbuxQJl8lW7ozc,0,8374,7143632.000,0
15-05-2020 18:00,bvBOhCH3iADSZry,272.429,5702.29,6322505.286,26.3143
29-05-2020 20:45,VHMLBKoKgIrUVDU,0,8172,7321059.000,0
07-06-2020 18:30,adLQvlD726eNBSB,72.75,8352.75,6453383.750,7.0125
29-05-2020 18:00,YxYtjZvoooNbGkE,433,8094.75,7292498.750,41.8875
14-06-2020 15:45,ZnxXDlPa8U1GXgE,5918.86,6805.43,6751148.429,579.986
07-06-2020 04:15,adLQvlD726eNBSB,0,0,6445031.000,0
21-05-2020 09:00,zBIq5rxdHJRwDNY,8448.71,980.714,6381842.714,826.786
21-05-2020 11:30,7JYdWkrLSPkdwr4,12222,3341.29,7647321.286,1192.26
22-05-2020 10:30,adLQvlD726eNBSB,5215.86,1942.43,6323515.429,511.471
08-06-2020 15:15,pkci93gMrogZuBj,9053.62,7226.12,7353358.125,885.325
27-05-2020 19:15,bvBOhCH3iADSZry,0,6133,6405833.000,0
23-05-2020 19:30,VHMLBKoKgIrUVDU,0,8611,7272332.000,0
06-06-2020 16:30,ih0vzX44oOqAx2f,1336.29,6085.43,6350561.429,130.057
11-06-2020 01:30,YxYtjZvoooNbGkE,0,0,7379687.000,0
19-05-2020 07:30,ZnxXDlPa8U1GXgE,2600.12,182.625,6548344.625,255.012
25-05-2020 08:00,1BY6WEcLGh8j5v7,4575.29,354.857,6328294.857,448.914
24-05-2020 11:00,pkci93gMrogZuBj,10609.2,2532,7236207.000,1035.84
12-06-2020 00:45,zBIq5rxdHJRwDNY,0,0,6543550.000,0
13-06-2020 02:45,1BY6WEcLGh8j5v7,0,0,6455679.000,0
23-05-2020 08:15,uHbuxQJl8lW7ozc,6040.29,447.714,7095700.714,591.843
23-05-2020 17:00,iCRJl6heRkivqQ3,3458.5,8376.88,7242969.875,340.012
18-05-2020 03:15,3PZuoBAID5Wc2HD,0,0,7008483.000,0
02-06-2020 21:45,rGa61gmuvPhdLxV,0,7361,7249330.000,0
18-05-2020 02:30,pkci93gMrogZuBj,0,0,7189047.000,0
06-06-2020 23:00,bvBOhCH3iADSZry,0,5873,6473124.000,0
30-05-2020 10:30,1IF53ai7Xc0U56Y,5282.62,1430.25,6299641.250,517.825
12-06-2020 19:00,VHMLBKoKgIrUVDU,0,5903,7420914.000,0
24-05-2020 03:30,ZnxXDlPa8U1GXgE,0,0,6587728.000,0
05-06-2020 22:30,ZnxXDlPa8U1GXgE,0,0,6686699.000,0
27-05-2020 09:00,zVJPv84UY57bAof,8161.62,1003.25,7206386.250,798.725
06-06-2020 06:30,ih0vzX44oOqAx2f,724.429,19.7143,6344495.714,70.2429
27-05-2020 10:30,zBIq5rxdHJRwDNY,7975.25,2034.62,6429736.625,780.45
23-05-2020 19:15,ih0vzX44oOqAx2f,0,8395,6248938.000,0
06-06-2020 11:30,adLQvlD726eNBSB,9307,3317,6441745.000,908.343
22-05-2020 00:15,McdE0feGgRqW7Ca,0,0,7209055.000,0
18-05-2020 04:45,VHMLBKoKgIrUVDU,0,0,7227097.000,0
28-05-2020 20:15,rGa61gmuvPhdLxV,0,8266,7214815.000,0
12-06-2020 01:30,YxYtjZvoooNbGkE,0,0,7385279.000,0
15-05-2020 04:45,pkci93gMrogZuBj,0,0,7169102.000,0
24-05-2020 07:15,3PZuoBAID5Wc2HD,2663.43,143.429,7053411.429,261.229
07-06-2020 04:30,uHbuxQJl8lW7ozc,0,0,7208855.000,0
24-05-2020 15:30,McdE0feGgRqW7Ca,3612.25,7300.5,7231936.500,354.538
06-06-2020 06:30,wCURE6d3bPkepu2,686.286,20.2857,6946789.286,66.5
23-05-2020 22:30,sjndEbLyjtCKgGv,0,8487,7081449.000,0
01-06-2020 20:15,rGa61gmuvPhdLxV,0,5637,7241969.000,0
30-05-2020 01:15,McdE0feGgRqW7Ca,0,0,7273213.000,0
20-05-2020 20:00,3PZuoBAID5Wc2HD,0,8982,7029494.000,0
11-06-2020 10:30,WRmjgnKYAwPKWDb,5712.38,1208.75,7228575.750,559.85
10-06-2020 05:45,sjndEbLyjtCKgGv,0,0,7209095.000,0
16-06-2020 07:30,zBIq5rxdHJRwDNY,2804.5,171,6572004.000,275.087
10-06-2020 20:15,1IF53ai7Xc0U56Y,0,6598,6386620.000,0
19-05-2020 12:30,7JYdWkrLSPkdwr4,10806,3500,7631872.000,1056.2
11-06-2020 18:00,YxYtjZvoooNbGkE,628.625,5576.62,7385263.625,60.8625
16-06-2020 10:30,1BY6WEcLGh8j5v7,7846.86,2001,6475951.000,768.086
25-05-2020 09:30,pkci93gMrogZuBj,9408.57,1387.86,7243094.857,920.229
27-05-2020 01:45,sjndEbLyjtCKgGv,0,0,7105889.000,0
24-05-2020 16:00,uHbuxQJl8lW7ozc,3720.57,7532.86,7111278.857,364.957
22-05-2020 23:00,z9Y9gH1T5YWrNuG,0,0,7064219.000,0
17-05-2020 09:30,1BY6WEcLGh8j5v7,7851.29,1252.71,6272857.714,768.5
29-05-2020 14:30,pkci93gMrogZuBj,8120.88,6474.25,7279732.250,794.737
16-05-2020 22:45,zBIq5rxdHJRwDNY,0,6374,6352150.000,0
19-05-2020 11:30,uHbuxQJl8lW7ozc,4574,2566,7066767.000,448.933
16-05-2020 15:15,ih0vzX44oOqAx2f,5803.86,5753.14,6197113.143,568.714
19-05-2020 01:15,rGa61gmuvPhdLxV,0,0,7136902.000,0
30-05-2020 09:00,ih0vzX44oOqAx2f,3709.86,639.714,6295760.714,364.586
09-06-2020 10:30,wCURE6d3bPkepu2,12680.1,2329.43,6970299.429,1236.29
17-05-2020 00:15,McdE0feGgRqW7Ca,0,0,7172021.000,0
12-06-2020 15:30,1IF53ai7Xc0U56Y,5917.86,5219.57,6397543.571,579.886
12-06-2020 03:15,YxYtjZvoooNbGkE,0,0,7385279.000,0
20-05-2020 20:00,ZnxXDlPa8U1GXgE,0,8909,6564045.000,0
31-05-2020 19:00,YxYtjZvoooNbGkE,0,5970,7305739.000,0
19-05-2020 20:15,zBIq5rxdHJRwDNY,0,6924,6371971.000,0
16-06-2020 09:00,wCURE6d3bPkepu2,5811.57,875,7017319.000,569.514
17-05-2020 06:45,zVJPv84UY57bAof,880.5,22.375,7128557.375,85.4875
09-06-2020 03:30,zVJPv84UY57bAof,0,0,7302167.000,0
05-06-2020 21:00,WRmjgnKYAwPKWDb,0,0,7190270.000,0
23-05-2020 09:30,ZoEaEvLYb1n2sOq,8274.25,1433.75,7155146.750,809.7
28-05-2020 01:45,adLQvlD726eNBSB,0,0,6370373.000,0
12-06-2020 20:30,YxYtjZvoooNbGkE,0,5780,7391059.000,0
21-05-2020 11:00,bvBOhCH3iADSZry,11064.3,2477.71,6357515.714,1079.93
19-05-2020 03:30,zBIq5rxdHJRwDNY,0,0,6365047.000,0
26-05-2020 17:45,pkci93gMrogZuBj,489.375,7760,7258279.000,47.325
07-06-2020 10:30,3PZuoBAID5Wc2HD,10518.1,1899.38,7160881.375,1027.7
06-06-2020 05:30,7JYdWkrLSPkdwr4,0,0,7764140.000,0
16-06-2020 06:15,1IF53ai7Xc0U56Y,196,1.85714,6421215.857,18.9143
13-06-2020 00:00,ZnxXDlPa8U1GXgE,0,840.429,6735785.000,0
14-06-2020 13:15,zVJPv84UY57bAof,10575.9,4385.12,7341345.125,1033.46
17-05-2020 15:00,pkci93gMrogZuBj,9175.86,6158.71,7187808.714,897.471
22-05-2020 07:00,sjndEbLyjtCKgGv,1571.38,87.125,7065973.125,153.45
28-05-2020 21:15,WRmjgnKYAwPKWDb,0,8323,7132861.000,0
17-05-2020 05:45,VHMLBKoKgIrUVDU,0,0,7219380.000,0
01-06-2020 17:45,ih0vzX44oOqAx2f,690.286,5721.86,6313953.857,66.9
11-06-2020 07:30,1BY6WEcLGh8j5v7,1367,82.625,6445063.625,133.137
14-06-2020 11:30,z9Y9gH1T5YWrNuG,9665.43,2988.57,7228218.571,945.086
13-06-2020 11:15,YxYtjZvoooNbGkE,12493.8,3152.12,7394211.125,1218.49
17-05-2020 18:15,wCURE6d3bPkepu2,127.857,7528.43,6802998.429,12.3429
10-06-2020 22:45,7JYdWkrLSPkdwr4,0,6362,7801091.000,0
31-05-2020 18:45,zVJPv84UY57bAof,0,6047,7242024.000,0
20-05-2020 05:45,3PZuoBAID5Wc2HD,0,0,7020512.000,0
20-05-2020 10:00,3PZuoBAID5Wc2HD,10449.7,2020.29,7022532.286,1021.51
25-05-2020 16:00,pkci93gMrogZuBj,8186.71,8434.14,7250141.143,801.186
05-06-2020 21:00,McdE0feGgRqW7Ca,0,7920,7324681.000,0
06-06-2020 05:45,WRmjgnKYAwPKWDb,0,0,7190270.000,0
24-05-2020 23:45,VHMLBKoKgIrUVDU,0,8180,7280512.000,0
04-06-2020 12:45,3PZuoBAID5Wc2HD,7461.71,4460,7140948.000,729.957
16-06-2020 16:15,3PZuoBAID5Wc2HD,3461.25,5995.12,7231037.125,340.025
18-05-2020 05:30,1BY6WEcLGh8j5v7,0,0,6278650.000,0
25-05-2020 22:45,1BY6WEcLGh8j5v7,0,8268,6336208.000,0
20-05-2020 20:45,WRmjgnKYAwPKWDb,0,8793,7069725.000,0
19-05-2020 04:15,pkci93gMrogZuBj,0,0,7194411.000,0
24-05-2020 17:00,ZoEaEvLYb1n2sOq,4054.43,7775,7169959.000,398.286
17-05-2020 03:00,7JYdWkrLSPkdwr4,0,0,7615537.000,0
19-05-2020 16:15,3PZuoBAID5Wc2HD,4651.5,6536,7020454.000,456.038
29-05-2020 23:30,WRmjgnKYAwPKWDb,0,8038,7140899.000,0
27-05-2020 17:15,z9Y9gH1T5YWrNuG,1693.14,6643.29,7103826.286,165.671
23-05-2020 02:15,pkci93gMrogZuBj,0,0,7225200.000,0
29-05-2020 10:00,YxYtjZvoooNbGkE,8938.43,1559.29,7285963.286,873.8
09-06-2020 16:15,VHMLBKoKgIrUVDU,5592.38,7556.25,7402252.250,548.087
26-05-2020 15:15,rGa61gmuvPhdLxV,4519.12,6580.75,7198682.750,443.4
01-06-2020 10:00,adLQvlD726eNBSB,8697.75,1932.5,6402636.500,850.675
27-05-2020 02:00,zBIq5rxdHJRwDNY,0,0,6427702.000,0
24-05-2020 00:30,ZnxXDlPa8U1GXgE,0,0,6587728.000,0
29-05-2020 14:30,wCURE6d3bPkepu2,8269.71,6393,6894102.000,809.314
21-05-2020 20:15,3PZuoBAID5Wc2HD,0,0,7037301.000,0
01-06-2020 15:15,McdE0feGgRqW7Ca,1989.25,5604,7292364.000,194.988
04-06-2020 04:30,ZnxXDlPa8U1GXgE,0,0,6670884.000,0
19-05-2020 23:15,ZoEaEvLYb1n2sOq,0,6805,7130332.000,0
16-06-2020 05:00,zVJPv84UY57bAof,0,0,7351100.000,0
19-05-2020 06:15,rGa61gmuvPhdLxV,87.4286,0.857143,7136902.857,8.42857
19-05-2020 23:00,YxYtjZvoooNbGkE,0,6878,7212476.000,0
25-05-2020 21:30,3PZuoBAID5Wc2HD,0,9068,7070636.000,0
24-05-2020 01:00,zBIq5rxdHJRwDNY,0,0,6404481.000,0
08-06-2020 09:30,ih0vzX44oOqAx2f,10546.8,1316.5,6360008.500,1030.98
17-06-2020 13:00,VHMLBKoKgIrUVDU,7325.62,3916.75,7454117.750,717.275
14-06-2020 07:00,z9Y9gH1T5YWrNuG,1964.62,70.875,7225300.875,192.475
11-06-2020 22:45,ZnxXDlPa8U1GXgE,0,5692,6729902.000,0
17-06-2020 01:30,iCRJl6heRkivqQ3,0,0,7420306.000,0
11-06-2020 07:45,sjndEbLyjtCKgGv,2045.57,133.714,7215733.714,200.514
27-05-2020 15:15,WRmjgnKYAwPKWDb,5341.86,5663.14,7123543.143,523.729
19-05-2020 10:15,VHMLBKoKgIrUVDU,7183.57,1507.86,7234061.857,703.329
05-06-2020 15:30,3PZuoBAID5Wc2HD,4010.62,6560.25,7151263.250,392.85
07-06-2020 03:45,3PZuoBAID5Wc2HD,0,0,7158982.000,0
18-05-2020 08:15,sjndEbLyjtCKgGv,1370.86,335.857,7037389.857,133.486
30-05-2020 17:30,sjndEbLyjtCKgGv,1865,7151.38,7136180.375,182.825
16-05-2020 12:45,ZoEaEvLYb1n2sOq,11265.5,3746.62,7108106.625,1099.96
15-06-2020 19:30,ih0vzX44oOqAx2f,0,6564,6414247.000,0
08-06-2020 15:45,VHMLBKoKgIrUVDU,7008.25,7673.62,7393881.625,685.95
14-06-2020 19:30,1IF53ai7Xc0U56Y,0,7487,6414368.000,0
28-05-2020 06:45,1BY6WEcLGh8j5v7,1262.43,46,6349879.000,122.829
23-05-2020 14:00,adLQvlD726eNBSB,10820.9,6530,6335481.000,1056.73
03-06-2020 17:15,3PZuoBAID5Wc2HD,2491.12,7751.75,7136365.750,244.438
08-06-2020 19:30,ZnxXDlPa8U1GXgE,0,8435,6709698.000,0
29-05-2020 07:15,McdE0feGgRqW7Ca,2016.86,141.857,7265097.857,197.743
16-05-2020 14:45,7JYdWkrLSPkdwr4,7122.86,5422.14,7614498.143,697.5
10-06-2020 19:45,WRmjgnKYAwPKWDb,0,6389,7227367.000,0
16-06-2020 22:30,ih0vzX44oOqAx2f,0,6124,6420371.000,0
16-06-2020 14:15,sjndEbLyjtCKgGv,4496.57,4753.43,7254292.429,441.4
27-05-2020 01:30,uHbuxQJl8lW7ozc,0,0,7128538.000,0
09-06-2020 06:45,rGa61gmuvPhdLxV,1337.29,49.1429,7296013.143,130.429
28-05-2020 08:00,McdE0feGgRqW7Ca,5048.75,422.125,7256811.125,494.95
01-06-2020 14:30,zBIq5rxdHJRwDNY,5292.14,5171.43,6468410.429,518.871
20-05-2020 01:30,VHMLBKoKgIrUVDU,0,0,7239542.000,0
01-06-2020 04:15,zBIq5rxdHJRwDNY,0,0,6463239.000,0
08-06-2020 11:30,iCRJl6heRkivqQ3,9793.38,3554.5,7360065.500,956.575
22-05-2020 05:45,z9Y9gH1T5YWrNuG,0,0,7057147.000,0
06-06-2020 01:00,wCURE6d3bPkepu2,0,0,6946769.000,0
05-06-2020 03:45,z9Y9gH1T5YWrNuG,0,0,7163262.000,0
13-06-2020 09:00,ih0vzX44oOqAx2f,8698.43,1041.86,6393304.857,851.1
15-06-2020 12:00,WRmjgnKYAwPKWDb,10129,3822.14,7258406.143,989.229
03-06-2020 17:15,7JYdWkrLSPkdwr4,2740.57,7616,7748489.000,268.957
28-05-2020 21:15,McdE0feGgRqW7Ca,0,8567,7264956.000,0
02-06-2020 15:30,wCURE6d3bPkepu2,6056,6613,6921957.000,593.386
18-05-2020 11:00,ZnxXDlPa8U1GXgE,6419.43,1015.86,6543753.857,628.886
24-05-2020 11:45,adLQvlD726eNBSB,11939.1,3702,6341436.000,1164.96
29-05-2020 11:15,1IF53ai7Xc0U56Y,11170.3,3078.14,6293036.143,1090.33
14-06-2020 21:45,wCURE6d3bPkepu2,0,7329,7009698.000,0
31-05-2020 06:45,VHMLBKoKgIrUVDU,1046.14,45.7143,7328374.714,101.686
15-06-2020 05:45,bvBOhCH3iADSZry,0,0,6521600.000,0
14-06-2020 09:45,sjndEbLyjtCKgGv,8174,1442,7236946.000,800.013
03-06-2020 22:30,1BY6WEcLGh8j5v7,0,7341,6397809.000,0
13-06-2020 19:45,VHMLBKoKgIrUVDU,0,8652,7429566.000,0
06-06-2020 01:45,uHbuxQJl8lW7ozc,0,0,7202373.000,0
06-06-2020 18:00,bvBOhCH3iADSZry,211.875,5868.88,6473119.875,20.4625
19-05-2020 06:00,pkci93gMrogZuBj,0,0,7194411.000,0
07-06-2020 02:15,1IF53ai7Xc0U56Y,0,0,6355099.000,0
12-06-2020 00:45,ZoEaEvLYb1n2sOq,0,0,7301632.000,0
06-06-2020 02:15,zVJPv84UY57bAof,0,0,7279090.000,0
02-06-2020 15:30,sjndEbLyjtCKgGv,6069.71,6554.57,7154562.571,594.7
16-06-2020 22:00,wCURE6d3bPkepu2,0,6274,7022718.000,0
05-06-2020 08:30,WRmjgnKYAwPKWDb,7172.5,575.75,7183240.750,702.388
06-06-2020 11:15,McdE0feGgRqW7Ca,10869.1,2954,7327635.000,1060.91
25-05-2020 07:15,bvBOhCH3iADSZry,2300.75,117.75,6384329.750,225.588
03-06-2020 22:30,ZoEaEvLYb1n2sOq,0,7774,7243501.000,0
21-05-2020 22:15,VHMLBKoKgIrUVDU,0,0,7256361.000,0
21-05-2020 18:00,bvBOhCH3iADSZry,288.25,7103.88,6362141.875,27.85
14-06-2020 06:45,uHbuxQJl8lW7ozc,1066,38,7260569.000,103.588
19-05-2020 18:00,1BY6WEcLGh8j5v7,0,6449,6290097.000,0
17-05-2020 20:45,zVJPv84UY57bAof,0,7480,7136015.000,0
20-05-2020 05:15,iCRJl6heRkivqQ3,0,0,7210718.000,0
20-05-2020 01:30,z9Y9gH1T5YWrNuG,0,0,7040465.000,0
13-06-2020 20:45,ZoEaEvLYb1n2sOq,0,8378,7315763.000,0
27-05-2020 01:15,rGa61gmuvPhdLxV,0,0,7199869.000,0
28-05-2020 02:00,ZnxXDlPa8U1GXgE,0,0,6619376.000,0
08-06-2020 15:15,bvBOhCH3iADSZry,8390.29,6595.14,6484888.143,821.014
26-05-2020 07:00,z9Y9gH1T5YWrNuG,1776.57,78.4286,7089518.429,174
12-06-2020 14:30,VHMLBKoKgIrUVDU,6461.57,4668.57,7419679.571,632.986
14-06-2020 04:15,wCURE6d3bPkepu2,0,0,7002369.000,0
12-06-2020 09:00,adLQvlD726eNBSB,5190.14,504.143,6483238.143,508.786
08-06-2020 23:30,WRmjgnKYAwPKWDb,0,8319,7213001.000,0
30-05-2020 09:00,z9Y9gH1T5YWrNuG,3761.29,645,7121100.000,369.671
17-06-2020 08:45,wCURE6d3bPkepu2,3911.38,577.625,7023295.625,384.325
18-05-2020 13:15,pkci93gMrogZuBj,8728.14,2641.86,7191688.857,853.929
28-05-2020 09:30,7JYdWkrLSPkdwr4,9455.62,1533,7700083.000,924.825
16-06-2020 07:15,ZoEaEvLYb1n2sOq,2329.5,105.75,7329796.750,228.4
12-06-2020 00:30,McdE0feGgRqW7Ca,0,0,7367373.000,0
12-06-2020 06:15,VHMLBKoKgIrUVDU,167,1.625,7415012.625,16.1125
04-06-2020 16:45,iCRJl6heRkivqQ3,3983.14,7900.14,7333596.143,390.886
14-06-2020 05:45,zVJPv84UY57bAof,0,0,7336960.000,0
12-06-2020 18:00,1BY6WEcLGh8j5v7,762,5422.43,6455660.429,73.9
28-05-2020 05:30,adLQvlD726eNBSB,0,0,6370373.000,0
07-06-2020 18:30,YxYtjZvoooNbGkE,52.2857,8155,7356967.000,5.05714
17-06-2020 10:15,zVJPv84UY57bAof,6722.75,1434.25,7358796.250,658.475
28-05-2020 18:00,VHMLBKoKgIrUVDU,489.75,8495.38,7312873.375,47.35
30-05-2020 02:00,ZnxXDlPa8U1GXgE,0,0,6636066.000,0
13-06-2020 11:30,3PZuoBAID5Wc2HD,12667.4,3738.5,7205824.500,1235.45
26-05-2020 06:15,bvBOhCH3iADSZry,391,6.71429,6392342.714,37.7857
06-06-2020 12:45,WRmjgnKYAwPKWDb,6778.5,4149.25,7194419.250,663.4
26-05-2020 08:30,iCRJl6heRkivqQ3,6678.12,686.625,7260816.625,654.15
01-06-2020 02:15,bvBOhCH3iADSZry,0,0,6433267.000,0
10-06-2020 17:00,YxYtjZvoooNbGkE,2442.14,6247.43,7379515.429,239.514
04-06-2020 18:30,wCURE6d3bPkepu2,46,8244.86,6939020.857,4.44286
10-06-2020 06:30,ZnxXDlPa8U1GXgE,879.714,21.8571,6717793.857,85.3857
30-05-2020 19:15,1BY6WEcLGh8j5v7,0,6754,6372128.000,0
17-05-2020 12:15,adLQvlD726eNBSB,10579.6,4397.71,6288840.714,1032.74
29-05-2020 09:00,1BY6WEcLGh8j5v7,6348.14,757.286,6358567.286,621.786
07-06-2020 20:00,pkci93gMrogZuBj,0,8214,7346132.000,0
11-06-2020 10:30,wCURE6d3bPkepu2,5746.71,1206,6983609.000,563.157
01-06-2020 01:00,rGa61gmuvPhdLxV,0,0,7236332.000,0
11-06-2020 04:30,YxYtjZvoooNbGkE,0,0,7379687.000,0
31-05-2020 00:30,YxYtjZvoooNbGkE,0,0,7299769.000,0
03-06-2020 07:15,VHMLBKoKgIrUVDU,2283.5,109.5,7347853.500,223.9
30-05-2020 15:30,VHMLBKoKgIrUVDU,8204.29,6262,7327321.000,802.957
15-06-2020 21:45,VHMLBKoKgIrUVDU,0,6814,7443869.000,0
28-05-2020 00:00,7JYdWkrLSPkdwr4,0,948.286,7698550.000,0
24-05-2020 01:15,pkci93gMrogZuBj,0,0,7233675.000,0
26-05-2020 09:15,ZnxXDlPa8U1GXgE,8978.25,1280.75,6605946.750,878.362
27-05-2020 23:00,1IF53ai7Xc0U56Y,0,6824,6281462.000,0
14-06-2020 05:45,uHbuxQJl8lW7ozc,0,0,7260531.000,0
29-05-2020 17:15,adLQvlD726eNBSB,2402.14,8246,6387255.000,235.557
23-05-2020 13:30,z9Y9gH1T5YWrNuG,11612.9,5667.25,7069886.250,1132.65
07-06-2020 16:15,rGa61gmuvPhdLxV,6612.25,7577.75,7287078.750,647.688
17-06-2020 18:15,uHbuxQJl8lW7ozc,346.875,5960.75,7286995.750,33.5
30-05-2020 05:00,ZnxXDlPa8U1GXgE,0,0,6636066.000,0
09-06-2020 14:15,3PZuoBAID5Wc2HD,6515.29,6144.29,7181877.286,638.186
16-06-2020 23:45,iCRJl6heRkivqQ3,0,6305,7420306.000,0
31-05-2020 00:30,rGa61gmuvPhdLxV,0,0,7230438.000,0
21-05-2020 13:45,WRmjgnKYAwPKWDb,9137.38,5660.25,7075385.250,892.712
16-06-2020 19:45,McdE0feGgRqW7Ca,0,6365,7402595.000,0
08-06-2020 22:45,rGa61gmuvPhdLxV,0,8291,7295964.000,0
24-05-2020 09:45,1IF53ai7Xc0U56Y,6744.75,1591,6250798.000,660.55
01-06-2020 03:00,ZoEaEvLYb1n2sOq,0,0,7222644.000,0
17-06-2020 14:45,uHbuxQJl8lW7ozc,8176.71,5275.86,7286310.857,799.814
18-05-2020 08:30,ZnxXDlPa8U1GXgE,1861.29,380,6543118.000,182.443
17-05-2020 06:30,ZoEaEvLYb1n2sOq,460.714,7.42857,7110751.429,44.5571
19-05-2020 01:15,ih0vzX44oOqAx2f,0,0,6210487.000,0
25-05-2020 22:45,7JYdWkrLSPkdwr4,0,8779,7684020.000,0
16-06-2020 23:00,wCURE6d3bPkepu2,0,6274,7022718.000,0
25-05-2020 20:15,rGa61gmuvPhdLxV,0,8807,7192102.000,0
03-06-2020 11:30,YxYtjZvoooNbGkE,10512.4,2684,7321613.000,1026.97
17-05-2020 11:45,ih0vzX44oOqAx2f,11221.2,3670.88,6201480.875,1094.8
17-05-2020 17:15,ZnxXDlPa8U1GXgE,1706.86,7499.43,6542651.429,167.286
07-06-2020 09:00,7JYdWkrLSPkdwr4,9139.75,749.625,7771206.625,893.9
15-06-2020 12:00,1IF53ai7Xc0U56Y,9677.38,3901,6418269.000,945.312
08-06-2020 12:00,1IF53ai7Xc0U56Y,10205.2,4193,6367531.000,997.638
05-06-2020 16:00,7JYdWkrLSPkdwr4,7173.38,6663,7763284.000,702.45
09-06-2020 21:15,sjndEbLyjtCKgGv,0,8170,7209095.000,0
31-05-2020 09:30,ZoEaEvLYb1n2sOq,8254.38,1025.88,7217873.875,807.788
12-06-2020 01:30,VHMLBKoKgIrUVDU,0,0,7415011.000,0
31-05-2020 18:45,wCURE6d3bPkepu2,0,6247,6909405.000,0
17-06-2020 14:30,WRmjgnKYAwPKWDb,8774.75,5046,7272625.000,858.05
16-05-2020 23:45,zVJPv84UY57bAof,0,6419,7128535.000,0
19-05-2020 03:15,rGa61gmuvPhdLxV,0,0,7136902.000,0
23-05-2020 04:45,rGa61gmuvPhdLxV,0,0,7167141.000,0
30-05-2020 06:45,pkci93gMrogZuBj,1187,38,7281573.000,115.429
09-06-2020 01:00,1IF53ai7Xc0U56Y,0,0,6371833.000,0
28-05-2020 20:15,ZnxXDlPa8U1GXgE,0,8540,6627916.000,0
16-05-2020 03:30,3PZuoBAID5Wc2HD,0,0,6994033.000,0
03-06-2020 05:00,zVJPv84UY57bAof,0,0,7255217.000,0
17-05-2020 05:45,z9Y9gH1T5YWrNuG,0,0,7020740.000,0
21-05-2020 16:30,ZoEaEvLYb1n2sOq,4371.86,7414.71,7146482.714,429.171
24-05-2020 02:30,pkci93gMrogZuBj,0,0,7233675.000,0
27-05-2020 05:45,zVJPv84UY57bAof,0,0,7205383.000,0
17-06-2020 12:30,7JYdWkrLSPkdwr4,9671.62,3387.62,7844352.625,945.212
24-05-2020 06:45,3PZuoBAID5Wc2HD,1308.57,46.4286,7053314.429,127.414
31-05-2020 21:00,ih0vzX44oOqAx2f,0,5965,6308232.000,0
04-06-2020 10:00,ZoEaEvLYb1n2sOq,9538.12,1577.5,7245078.500,931.4
17-06-2020 05:15,pkci93gMrogZuBj,0,0,7409478.000,0
06-06-2020 05:00,wCURE6d3bPkepu2,0,0,6946769.000,0
15-06-2020 21:15,ih0vzX44oOqAx2f,0,6564,6414247.000,0
10-06-2020 05:15,adLQvlD726eNBSB,0,0,6470277.000,0
20-05-2020 21:00,zVJPv84UY57bAof,0,8842,7157179.000,0
07-06-2020 10:00,3PZuoBAID5Wc2HD,6899.25,1508.12,7160490.125,675.688
06-06-2020 17:15,sjndEbLyjtCKgGv,648.375,6351.25,7185628.250,62.775
06-06-2020 02:30,z9Y9gH1T5YWrNuG,0,0,7171001.000,0
17-05-2020 22:30,WRmjgnKYAwPKWDb,0,7674,7049104.000,0
13-06-2020 02:00,uHbuxQJl8lW7ozc,0,0,7252094.000,0
08-06-2020 12:45,YxYtjZvoooNbGkE,8467.86,4758.43,7361725.429,828.143
05-06-2020 06:30,1IF53ai7Xc0U56Y,670.25,17.75,6340872.750,64.95
25-05-2020 16:30,uHbuxQJl8lW7ozc,1967.71,8691.14,7120543.143,192.786
13-06-2020 15:30,YxYtjZvoooNbGkE,8033.88,7609.12,7398668.125,785.913
03-06-2020 14:45,wCURE6d3bPkepu2,9829.75,6157.12,6929026.125,960.288
31-05-2020 05:45,iCRJl6heRkivqQ3,0,0,7298598.000,0
22-05-2020 02:30,ih0vzX44oOqAx2f,0,0,6233543.000,0
17-06-2020 11:00,VHMLBKoKgIrUVDU,6697.25,1945.12,7452146.125,655.2
23-05-2020 12:15,YxYtjZvoooNbGkE,13758.4,4327.88,7240448.875,1341.44
10-06-2020 01:15,1IF53ai7Xc0U56Y,0,0,6380022.000,0
18-05-2020 19:30,ih0vzX44oOqAx2f,0,5286,6210487.000,0
28-05-2020 15:15,YxYtjZvoooNbGkE,9039.75,7317.38,7283346.375,884.325
13-06-2020 12:15,z9Y9gH1T5YWrNuG,9798.86,4359.57,7221226.571,957.443
12-06-2020 10:30,iCRJl6heRkivqQ3,8236.75,1406.88,7386877.875,806.1
30-05-2020 16:45,7JYdWkrLSPkdwr4,3992.25,6863.5,7721698.500,392.262
31-05-2020 16:00,rGa61gmuvPhdLxV,3046.62,5539.75,7235977.750,299.238
17-05-2020 18:45,ZoEaEvLYb1n2sOq,0,7464,7118208.000,0
15-05-2020 11:15,adLQvlD726eNBSB,5966.88,2176.75,6273531.750,584.65
11-06-2020 19:00,z9Y9gH1T5YWrNuG,0,5599,7211064.000,0
10-06-2020 16:30,iCRJl6heRkivqQ3,3466.29,6250,7379470.000,340.429
15-06-2020 20:00,3PZuoBAID5Wc2HD,0,6819,7225042.000,0
16-05-2020 08:15,zBIq5rxdHJRwDNY,4733,438.429,6346214.429,464.143
15-06-2020 10:15,McdE0feGgRqW7Ca,12431.4,2284.86,7391642.857,1212.79
10-06-2020 19:00,VHMLBKoKgIrUVDU,0,6479,7409295.000,0
30-05-2020 15:30,WRmjgnKYAwPKWDb,7988.57,6185.57,7147084.571,781.943
25-05-2020 22:45,YxYtjZvoooNbGkE,0,8813,7261464.000,0
26-05-2020 16:45,sjndEbLyjtCKgGv,6111.25,7534.75,7105645.750,598.8
18-05-2020 20:30,wCURE6d3bPkepu2,0,5393,6808393.000,0
31-05-2020 04:15,YxYtjZvoooNbGkE,0,0,7299769.000,0
02-06-2020 08:45,McdE0feGgRqW7Ca,7940.75,910.75,7293662.750,777.163
18-05-2020 17:30,VHMLBKoKgIrUVDU,1167.38,5409.75,7232506.750,113.525
26-05-2020 21:30,YxYtjZvoooNbGkE,0,0,7269333.000,0
15-06-2020 17:15,WRmjgnKYAwPKWDb,2289.29,6618.57,7261202.571,224.471
21-05-2020 21:00,wCURE6d3bPkepu2,0,7811,6832055.000,0
01-06-2020 00:30,bvBOhCH3iADSZry,0,0,6433267.000,0
28-05-2020 13:45,wCURE6d3bPkepu2,9702.43,6129.71,6885324.714,947.243
20-05-2020 12:15,iCRJl6heRkivqQ3,12904.1,4499.57,7215217.571,1258.16
03-06-2020 05:15,adLQvlD726eNBSB,0,0,6414276.000,0
13-06-2020 21:00,VHMLBKoKgIrUVDU,0,8652,7429566.000,0
03-06-2020 01:15,ih0vzX44oOqAx2f,0,0,6321311.000,0
25-05-2020 19:00,ih0vzX44oOqAx2f,0,8085,6264579.000,0
26-05-2020 06:45,z9Y9gH1T5YWrNuG,1208.71,44.5714,7089484.571,117.557
27-05-2020 21:15,rGa61gmuvPhdLxV,0,0,7206549.000,0
28-05-2020 15:15,iCRJl6heRkivqQ3,9091.71,7278.86,7281970.857,889.414
24-05-2020 22:45,WRmjgnKYAwPKWDb,0,8091,7101117.000,0
16-06-2020 02:15,iCRJl6heRkivqQ3,0,0,7414001.000,0
01-06-2020 20:15,3PZuoBAID5Wc2HD,0,5965,7121269.000,0
06-06-2020 02:45,1IF53ai7Xc0U56Y,0,0,6348557.000,0
27-05-2020 10:45,pkci93gMrogZuBj,7879,2257.38,7260551.375,770.4
27-05-2020 21:45,WRmjgnKYAwPKWDb,0,6658,7124538.000,0
23-05-2020 00:45,1BY6WEcLGh8j5v7,0,0,6312437.000,0
13-06-2020 09:00,adLQvlD726eNBSB,9505.75,1185.62,6489907.625,929.712
26-05-2020 19:30,ZoEaEvLYb1n2sOq,0,0,7186690.000,0
25-05-2020 04:45,3PZuoBAID5Wc2HD,0,0,7061568.000,0
12-06-2020 10:00,zVJPv84UY57bAof,5780.86,1063.29,7323750.286,566.5
14-06-2020 18:15,iCRJl6heRkivqQ3,252.429,7364.71,7407219.714,24.3571
03-06-2020 17:00,zVJPv84UY57bAof,5733,7583,7262800.000,561.875
18-05-2020 19:45,McdE0feGgRqW7Ca,0,5464,7185091.000,0
29-05-2020 13:15,1IF53ai7Xc0U56Y,11917.8,5359.12,6295317.125,1162.99
24-05-2020 12:30,ZnxXDlPa8U1GXgE,11743.1,4422.86,6592150.857,1145.77
19-05-2020 22:45,uHbuxQJl8lW7ozc,0,6997,7071198.000,0
11-06-2020 00:00,1IF53ai7Xc0U56Y,0,0,6386620.000,0
26-05-2020 07:30,YxYtjZvoooNbGkE,3275.14,201,7261665.000,321.786
30-05-2020 10:00,ZoEaEvLYb1n2sOq,4685.43,1145.57,7210745.571,459.657
02-06-2020 06:30,adLQvlD726eNBSB,525.875,18.625,6406849.625,50.8625
01-06-2020 04:15,1BY6WEcLGh8j5v7,0,0,6377931.000,0
29-05-2020 12:15,wCURE6d3bPkepu2,11113.4,4054.71,6891763.714,1085.16
25-05-2020 09:45,McdE0feGgRqW7Ca,10377.5,1691.38,7234382.375,1014.48
18-05-2020 12:45,zVJPv84UY57bAof,7717.71,2249.14,7138264.143,755.457
09-06-2020 10:45,ZnxXDlPa8U1GXgE,11677,2635.86,6712333.857,1139.33
08-06-2020 10:45,iCRJl6heRkivqQ3,11353.7,2721.57,7359232.571,1107.84
30-05-2020 03:00,pkci93gMrogZuBj,0,0,7281535.000,0
22-05-2020 06:45,ZoEaEvLYb1n2sOq,1180.57,53.7143,7146738.714,114.8
31-05-2020 05:15,wCURE6d3bPkepu2,0,0,6903158.000,0
09-06-2020 00:00,ih0vzX44oOqAx2f,0,1027.12,6366909.000,0
10-06-2020 15:45,pkci93gMrogZuBj,3965.14,5932.86,7368648.857,389.614
28-05-2020 03:45,McdE0feGgRqW7Ca,0,0,7256389.000,0
18-05-2020 03:30,zBIq5rxdHJRwDNY,0,0,6359657.000,0
10-06-2020 15:00,uHbuxQJl8lW7ozc,2088,5722.88,7239585.875,204.488
13-06-2020 06:15,3PZuoBAID5Wc2HD,380.5,7.375,7202093.375,36.775
20-05-2020 01:00,3PZuoBAID5Wc2HD,0,0,7020512.000,0
26-05-2020 17:00,VHMLBKoKgIrUVDU,4231,7982.29,7297507.286,415.014
29-05-2020 12:15,McdE0feGgRqW7Ca,9872.62,4122.75,7269078.750,965.35
07-06-2020 22:30,ih0vzX44oOqAx2f,0,8019,6358692.000,0
24-05-2020 18:45,wCURE6d3bPkepu2,0,7961,6855791.000,0
04-06-2020 21:45,zVJPv84UY57bAof,0,0,7271273.000,0
09-06-2020 00:15,rGa61gmuvPhdLxV,0,0,7295964.000,0
16-05-2020 13:45,uHbuxQJl8lW7ozc,7214.62,4466.12,7049534.125,706.4
01-06-2020 14:15,ZoEaEvLYb1n2sOq,3307,5062.12,7227706.125,324.288
03-06-2020 04:15,pkci93gMrogZuBj,0,0,7307650.000,0
14-06-2020 09:00,z9Y9gH1T5YWrNuG,5917.71,869.429,7226099.429,579.886
19-05-2020 03:00,YxYtjZvoooNbGkE,0,0,7205598.000,0
21-05-2020 23:15,pkci93gMrogZuBj,0,7778,7217976.000,0
20-05-2020 20:15,ZoEaEvLYb1n2sOq,0,8736,7139068.000,0
08-06-2020 01:15,wCURE6d3bPkepu2,0,0,6959527.000,0
13-06-2020 05:30,z9Y9gH1T5YWrNuG,0,0,7216867.000,0
06-06-2020 14:30,YxYtjZvoooNbGkE,4278.5,5598.38,7348087.375,418.462
14-06-2020 22:30,YxYtjZvoooNbGkE,0,7263,7406702.000,0
08-06-2020 18:15,sjndEbLyjtCKgGv,468.143,8362.86,7200916.857,45.2571
15-06-2020 00:15,McdE0feGgRqW7Ca,0,0,7389358.000,0
22-05-2020 00:00,uHbuxQJl8lW7ozc,0,0,7087976.000,0
20-05-2020 09:15,1IF53ai7Xc0U56Y,8675.12,1317.12,6217747.125,848.85
25-05-2020 02:30,1IF53ai7Xc0U56Y,0,0,6257480.000,0
06-06-2020 04:45,1IF53ai7Xc0U56Y,0,0,6348557.000,0
14-06-2020 06:30,YxYtjZvoooNbGkE,647.429,16.1429,7399455.143,62.7
03-06-2020 02:45,YxYtjZvoooNbGkE,0,0,7318929.000,0
05-06-2020 18:45,bvBOhCH3iADSZry,0,7065,6467251.000,0
19-05-2020 07:00,ZnxXDlPa8U1GXgE,2502.5,53.5,6548215.500,245.4
16-06-2020 19:00,zBIq5rxdHJRwDNY,0,5719,6577552.000,0
28-05-2020 19:00,VHMLBKoKgIrUVDU,0,8509,7312887.000,0
26-05-2020 15:30,zVJPv84UY57bAof,7539.43,6769.86,7204378.857,738.086
05-06-2020 00:30,VHMLBKoKgIrUVDU,0,0,7363821.000,0
22-05-2020 02:00,3PZuoBAID5Wc2HD,0,0,7037301.000,0
11-06-2020 20:00,McdE0feGgRqW7Ca,0,5750,7367373.000,0
31-05-2020 02:00,rGa61gmuvPhdLxV,0,0,7230438.000,0
17-05-2020 21:15,7JYdWkrLSPkdwr4,0,7526,7623063.000,0
05-06-2020 08:30,rGa61gmuvPhdLxV,7182.14,524.143,7265873.143,703.3
17-05-2020 16:45,7JYdWkrLSPkdwr4,3704,7329.86,7622866.857,363.843
16-05-2020 06:45,zVJPv84UY57bAof,1125.75,38.375,7122154.375,109.475
23-05-2020 16:00,iCRJl6heRkivqQ3,6785.14,7860,7242453.000,664.586
16-05-2020 11:30,ZoEaEvLYb1n2sOq,6575.57,2649.14,7107009.143,644.086
02-06-2020 23:15,McdE0feGgRqW7Ca,0,7607,7300359.000,0
05-06-2020 05:00,zBIq5rxdHJRwDNY,0,0,6492579.000,0
17-06-2020 02:45,1IF53ai7Xc0U56Y,0,0,6427532.000,0
16-06-2020 01:30,VHMLBKoKgIrUVDU,0,0,7443869.000,0
04-06-2020 17:45,zVJPv84UY57bAof,2003.29,8167.14,7271220.143,196.329
17-06-2020 03:45,VHMLBKoKgIrUVDU,0,0,7450201.000,0
27-05-2020 00:45,zBIq5rxdHJRwDNY,0,0,6427702.000,0
30-05-2020 08:15,zBIq5rxdHJRwDNY,4247.86,389.429,6450294.429,417.2
01-06-2020 16:45,1BY6WEcLGh8j5v7,1508.14,5386.86,6383317.857,147.2
22-05-2020 05:45,YxYtjZvoooNbGkE,0,0,7229034.000,0
29-05-2020 13:45,iCRJl6heRkivqQ3,8798,5808.57,7288845.571,860.357
09-06-2020 22:00,VHMLBKoKgIrUVDU,0,8120,7402816.000,0
02-06-2020 04:15,McdE0feGgRqW7Ca,0,0,7292752.000,0
17-05-2020 12:15,WRmjgnKYAwPKWDb,9087.14,4232.29,7045662.286,887.614
19-05-2020 04:30,ZoEaEvLYb1n2sOq,0,0,7123527.000,0
06-06-2020 09:15,VHMLBKoKgIrUVDU,5469.71,1198.71,7372752.714,536.214
15-05-2020 20:30,sjndEbLyjtCKgGv,0,6350,7023182.000,0
18-05-2020 10:45,wCURE6d3bPkepu2,5623.14,847.571,6803847.571,551.143
14-06-2020 01:30,ZoEaEvLYb1n2sOq,0,0,7315763.000,0
05-06-2020 22:30,7JYdWkrLSPkdwr4,0,0,7764140.000,0
30-05-2020 03:45,wCURE6d3bPkepu2,0,0,6895880.000,0
28-05-2020 04:15,sjndEbLyjtCKgGv,0,0,7112565.000,0
25-05-2020 02:30,wCURE6d3bPkepu2,0,0,6855791.000,0
19-05-2020 18:15,McdE0feGgRqW7Ca,0,7007,7192098.000,0
19-05-2020 10:15,WRmjgnKYAwPKWDb,7314.86,1471.86,7055923.857,715.986
25-05-2020 12:15,zBIq5rxdHJRwDNY,12159.7,4295.57,6416053.571,1185.57
12-06-2020 18:45,iCRJl6heRkivqQ3,0,5888,7391359.000,0
15-06-2020 21:00,zBIq5rxdHJRwDNY,0,6696,6571833.000,0
15-05-2020 02:45,wCURE6d3bPkepu2,0,0,6782598.000,0
04-06-2020 04:45,rGa61gmuvPhdLxV,0,0,7257137.000,0
12-06-2020 12:15,YxYtjZvoooNbGkE,7241,2818.86,7388097.857,709.043
12-06-2020 00:00,ZnxXDlPa8U1GXgE,0,711.5,6729902.000,0
16-06-2020 14:30,7JYdWkrLSPkdwr4,10243.1,4874.88,7839673.875,1000.41
25-05-2020 02:15,WRmjgnKYAwPKWDb,0,0,7101117.000,0
28-05-2020 17:30,7JYdWkrLSPkdwr4,1106.75,8229.75,7706779.750,107.6
11-06-2020 13:15,McdE0feGgRqW7Ca,7412.25,3278.5,7364901.500,725.75
10-06-2020 03:00,zBIq5rxdHJRwDNY,0,0,6531405.000,0
11-06-2020 16:00,3PZuoBAID5Wc2HD,4723,5192.43,7195661.429,463.414
11-06-2020 07:15,zVJPv84UY57bAof,1204,57.4286,7317073.429,117.114
14-06-2020 14:45,pkci93gMrogZuBj,6596.75,5914.5,7395075.500,646.188
01-06-2020 15:45,bvBOhCH3iADSZry,1341.88,5102,6438369.000,130.562
22-05-2020 23:30,1IF53ai7Xc0U56Y,0,7287,6240534.000,0
23-05-2020 14:30,sjndEbLyjtCKgGv,7523.62,6651.75,7079613.750,736.625
28-05-2020 03:30,McdE0feGgRqW7Ca,0,0,7256389.000,0
11-06-2020 00:15,zVJPv84UY57bAof,0,0,7317016.000,0
01-06-2020 13:00,McdE0feGgRqW7Ca,7944.71,4362.57,7291122.571,776.729
18-05-2020 10:30,zVJPv84UY57bAof,3200.5,740.75,7136755.750,314.387
27-05-2020 07:30,1BY6WEcLGh8j5v7,3032.86,193.714,6343862.714,297.8
15-05-2020 20:30,zBIq5rxdHJRwDNY,0,6396,6345776.000,0
04-06-2020 17:45,3PZuoBAID5Wc2HD,1787,8167.25,7144655.250,174.925
05-06-2020 07:00,pkci93gMrogZuBj,1488,69.7143,7323760.714,145.314
31-05-2020 13:00,wCURE6d3bPkepu2,7639.57,4566,6907724.000,747.714
31-05-2020 10:00,uHbuxQJl8lW7ozc,5367,1447.5,7160719.500,526.2
10-06-2020 13:45,bvBOhCH3iADSZry,9229.75,4383.62,6497730.625,902.85
11-06-2020 11:45,pkci93gMrogZuBj,8311.14,2092.86,7371386.857,813.386
12-06-2020 07:00,ih0vzX44oOqAx2f,929.286,40.8571,6386593.857,90.2571
13-06-2020 14:45,zBIq5rxdHJRwDNY,10507.9,6902.57,6556289.571,1027.1
31-05-2020 04:15,3PZuoBAID5Wc2HD,0,0,7109488.000,0
08-06-2020 22:45,uHbuxQJl8lW7ozc,0,8405,7225554.000,0
05-06-2020 15:30,ZnxXDlPa8U1GXgE,3993,6359.12,6685421.125,391.15
05-06-2020 12:30,uHbuxQJl8lW7ozc,3541.38,3966.88,7198501.875,348.1
15-05-2020 07:30,rGa61gmuvPhdLxV,1951,176.75,7111669.750,191.262
26-05-2020 03:30,bvBOhCH3iADSZry,0,0,6392336.000,0
04-06-2020 17:00,VHMLBKoKgIrUVDU,3957.86,7873.86,7363534.857,388.886
27-05-2020 20:00,McdE0feGgRqW7Ca,0,0,7256389.000,0
03-06-2020 19:30,adLQvlD726eNBSB,0,7991,6422267.000,0
06-06-2020 08:30,sjndEbLyjtCKgGv,7047.43,758.429,7180035.429,690.114
17-05-2020 13:30,ih0vzX44oOqAx2f,9563.38,5108,6202918.000,933.862
28-05-2020 08:30,z9Y9gH1T5YWrNuG,6767.88,707.75,7104592.750,662.913
13-06-2020 06:30,3PZuoBAID5Wc2HD,639.857,20,7202106.000,61.9571
10-06-2020 09:15,YxYtjZvoooNbGkE,7649.14,1019.43,7374287.429,748.757
22-05-2020 23:15,wCURE6d3bPkepu2,0,0,6839225.000,0
26-05-2020 14:45,VHMLBKoKgIrUVDU,5418.86,6682.86,7296207.857,531.371
10-06-2020 01:15,zBIq5rxdHJRwDNY,0,0,6531405.000,0
23-05-2020 23:45,rGa61gmuvPhdLxV,0,8152,7175293.000,0
23-05-2020 13:30,zVJPv84UY57bAof,12441,5728.57,7178022.571,1212.99
29-05-2020 16:15,ih0vzX44oOqAx2f,6258.25,7487.62,6294657.625,613.112
25-05-2020 15:15,zBIq5rxdHJRwDNY,8896.71,7500.29,6419258.286,870.429
11-06-2020 00:45,VHMLBKoKgIrUVDU,0,0,7409295.000,0
01-06-2020 12:15,McdE0feGgRqW7Ca,7703.88,3918.88,7290678.875,753.7
15-05-2020 10:15,pkci93gMrogZuBj,6130.12,1580.12,7170682.125,600.675
19-05-2020 03:15,sjndEbLyjtCKgGv,0,0,7042405.000,0
02-06-2020 07:15,McdE0feGgRqW7Ca,1781.75,109.25,7292861.250,174.562
25-05-2020 04:15,WRmjgnKYAwPKWDb,0,0,7101117.000,0
23-05-2020 04:30,zVJPv84UY57bAof,0,0,7172294.000,0
14-06-2020 08:30,wCURE6d3bPkepu2,4740.5,615.714,7002984.714,480.486
14-06-2020 03:30,VHMLBKoKgIrUVDU,0,0,7429566.000,0
17-06-2020 16:00,rGa61gmuvPhdLxV,3349.62,5596.25,7356543.250,329.075
15-05-2020 08:00,3PZuoBAID5Wc2HD,2736.12,287.75,6988046.750,268.625
17-06-2020 19:45,uHbuxQJl8lW7ozc,0,5967,7287002.000,0
20-05-2020 19:45,VHMLBKoKgIrUVDU,0,8982,7248524.000,0
12-06-2020 02:30,McdE0feGgRqW7Ca,0,0,7367373.000,0
15-05-2020 13:15,wCURE6d3bPkepu2,6655,3781,6786379.000,651.857
16-05-2020 04:00,YxYtjZvoooNbGkE,0,0,7186257.000,0
14-06-2020 15:45,1IF53ai7Xc0U56Y,6006.29,6891.14,6413772.143,588.557
06-06-2020 18:15,1IF53ai7Xc0U56Y,114,6540.71,6355097.714,10.9857
27-05-2020 00:00,WRmjgnKYAwPKWDb,0,0,7117880.000,0
10-06-2020 10:45,uHbuxQJl8lW7ozc,5717.88,2001.75,7235864.750,560.337
18-05-2020 15:00,YxYtjZvoooNbGkE,7869.71,4146.86,7204375.857,770.343
14-06-2020 23:30,3PZuoBAID5Wc2HD,0,7504,7218223.000,0
28-05-2020 01:45,rGa61gmuvPhdLxV,0,0,7206549.000,0
19-05-2020 18:45,1BY6WEcLGh8j5v7,0,6449,6290097.000,0
15-05-2020 12:30,iCRJl6heRkivqQ3,8117,3272.14,7181264.143,793.529
08-06-2020 08:00,adLQvlD726eNBSB,4455.57,385,6453769.000,437.386
10-06-2020 08:00,1IF53ai7Xc0U56Y,4052.38,449,6380471.000,397.988
17-06-2020 02:00,YxYtjZvoooNbGkE,0,0,7419556.000,0
07-06-2020 00:45,adLQvlD726eNBSB,0,0,6445031.000,0
10-06-2020 23:45,wCURE6d3bPkepu2,0,2752.71,6982403.000,0
08-06-2020 12:45,WRmjgnKYAwPKWDb,7642.38,4813.38,7209495.375,747.725
31-05-2020 08:45,bvBOhCH3iADSZry,6052.38,516.125,6428197.125,592.962
15-05-2020 04:30,rGa61gmuvPhdLxV,0,0,7111493.000,0
16-06-2020 01:30,adLQvlD726eNBSB,0,0,6512002.000,0
05-06-2020 14:30,ZoEaEvLYb1n2sOq,11643.3,5429.57,7256969.571,1136.41
20-05-2020 00:45,McdE0feGgRqW7Ca,0,0,7192098.000,0
30-05-2020 18:15,1IF53ai7Xc0U56Y,297.143,7328.43,6305539.429,28.7
31-05-2020 03:15,pkci93gMrogZuBj,0,0,7288876.000,0
11-06-2020 11:30,wCURE6d3bPkepu2,7363.57,1881.43,6984284.429,721.029
01-06-2020 14:15,7JYdWkrLSPkdwr4,3322.25,5069.62,7732890.625,325.488
07-06-2020 05:45,WRmjgnKYAwPKWDb,0,0,7196611.000,0
19-05-2020 19:30,wCURE6d3bPkepu2,0,6956,6815349.000,0
15-05-2020 09:00,ZnxXDlPa8U1GXgE,8110,748.75,6522920.750,793.775
25-05-2020 17:45,uHbuxQJl8lW7ozc,489.125,8819.88,7120671.875,47.3125
15-06-2020 16:15,YxYtjZvoooNbGkE,2431.71,6206.29,7412908.286,238.571
23-05-2020 03:45,zVJPv84UY57bAof,0,0,7172294.000,0
06-06-2020 10:15,sjndEbLyjtCKgGv,8552.29,2004.57,7181281.571,835.7
10-06-2020 16:00,zBIq5rxdHJRwDNY,4176.43,5957.86,6537362.857,410.286
11-06-2020 06:00,z9Y9gH1T5YWrNuG,0,0,7205465.000,0
14-06-2020 10:15,ih0vzX44oOqAx2f,7506.86,1795.14,6402313.143,734.971
25-05-2020 12:45,VHMLBKoKgIrUVDU,12641.6,5301.86,7285813.857,1232.51
21-05-2020 21:45,pkci93gMrogZuBj,0,7778,7217976.000,0
22-05-2020 17:15,ZnxXDlPa8U1GXgE,1227,7219,6579083.000,119.357
04-06-2020 19:30,1IF53ai7Xc0U56Y,0,8196,6340855.000,0
16-06-2020 13:15,wCURE6d3bPkepu2,7299,4111.86,7020555.857,714.671
08-06-2020 21:00,1IF53ai7Xc0U56Y,0,8495,6371833.000,0
27-05-2020 21:45,uHbuxQJl8lW7ozc,0,0,7135258.000,0
10-06-2020 07:45,1BY6WEcLGh8j5v7,3905.57,290.857,6439360.857,383.814
03-06-2020 16:45,pkci93gMrogZuBj,4757.71,7393.86,7315043.857,466.443
31-05-2020 23:00,wCURE6d3bPkepu2,0,6247,6909405.000,0
16-05-2020 14:15,YxYtjZvoooNbGkE,8580.75,5042.38,7191299.375,839.575
17-06-2020 23:30,z9Y9gH1T5YWrNuG,0,5819,7251204.000,0
29-05-2020 19:00,3PZuoBAID5Wc2HD,0,8210,7102189.000,0
16-05-2020 18:30,rGa61gmuvPhdLxV,0,6233,7124099.000,0
05-06-2020 03:15,uHbuxQJl8lW7ozc,0,0,7194535.000,0
24-05-2020 15:15,ZoEaEvLYb1n2sOq,6277.88,7090.5,7169274.500,614.987
07-06-2020 02:30,bvBOhCH3iADSZry,0,0,6473124.000,0
18-05-2020 13:30,zBIq5rxdHJRwDNY,11155,2931.38,6362588.375,1088.74
13-06-2020 19:30,zBIq5rxdHJRwDNY,0,8435,6557822.000,0
21-05-2020 23:15,wCURE6d3bPkepu2,0,7811,6832055.000,0
10-06-2020 18:15,1BY6WEcLGh8j5v7,111.625,5909.5,6444979.500,10.7625
30-05-2020 07:45,ih0vzX44oOqAx2f,2314.88,224.25,6295345.250,226.963
19-05-2020 18:30,sjndEbLyjtCKgGv,0,6879,7049284.000,0
31-05-2020 17:00,zBIq5rxdHJRwDNY,1969.88,5784.5,6463085.500,193.088
08-06-2020 15:45,3PZuoBAID5Wc2HD,8073.12,7715.38,7174939.375,789.875
28-05-2020 21:30,McdE0feGgRqW7Ca,0,8567,7264956.000,0
17-05-2020 10:30,1IF53ai7Xc0U56Y,11839.1,2400.14,6198994.143,1154.71
02-06-2020 05:15,3PZuoBAID5Wc2HD,0,0,7121269.000,0
10-06-2020 01:15,YxYtjZvoooNbGkE,0,0,7373268.000,0
10-06-2020 19:30,z9Y9gH1T5YWrNuG,0,6412,7205465.000,0
11-06-2020 23:15,sjndEbLyjtCKgGv,0,5654,7221254.000,0
06-06-2020 21:00,3PZuoBAID5Wc2HD,0,6496,7158982.000,0
31-05-2020 04:45,1IF53ai7Xc0U56Y,0,0,6305543.000,0
26-05-2020 12:00,bvBOhCH3iADSZry,9489,3747.25,6396083.250,926.562
10-06-2020 06:00,ZnxXDlPa8U1GXgE,102.286,0.714286,6717772.714,9.87143
17-06-2020 02:15,YxYtjZvoooNbGkE,0,0,7419556.000,0
21-05-2020 11:00,McdE0feGgRqW7Ca,9652,2748.71,7203810.714,943.1
06-06-2020 10:00,zBIq5rxdHJRwDNY,10521.4,1746.29,6502048.286,1027.81
21-05-2020 17:00,WRmjgnKYAwPKWDb,1076.62,7569.62,7077294.625,104.65
31-05-2020 20:15,pkci93gMrogZuBj,0,5915,7294791.000,0
11-06-2020 22:45,3PZuoBAID5Wc2HD,0,5717,7196186.000,0
08-06-2020 10:15,1IF53ai7Xc0U56Y,12255,2249.14,6365587.143,1195.23
12-06-2020 10:00,1BY6WEcLGh8j5v7,5446.38,975.75,6451213.750,533.837
04-06-2020 17:30,uHbuxQJl8lW7ozc,3198.12,8161.75,7194416.750,314.137
07-06-2020 16:15,WRmjgnKYAwPKWDb,5459.57,7552.43,7204163.429,535.1
05-06-2020 12:00,1IF53ai7Xc0U56Y,4665.86,3671.57,6344526.571,457.786
05-06-2020 12:45,McdE0feGgRqW7Ca,5398.88,4065.88,7320826.875,529.3
01-06-2020 08:15,1IF53ai7Xc0U56Y,5215,682,6312114.000,511.386
04-06-2020 02:15,zVJPv84UY57bAof,0,0,7263053.000,0
25-05-2020 03:45,YxYtjZvoooNbGkE,0,0,7252651.000,0
12-06-2020 09:15,pkci93gMrogZuBj,5968.5,624.875,7375580.875,584.837
26-05-2020 06:00,ih0vzX44oOqAx2f,133.714,1.14286,6264580.143,12.9
15-05-2020 17:30,pkci93gMrogZuBj,1205.5,6337.5,7175439.500,117.5
17-06-2020 02:45,uHbuxQJl8lW7ozc,0,0,7281035.000,0
13-06-2020 09:00,WRmjgnKYAwPKWDb,8784.25,1140.88,7239920.875,859.425
01-06-2020 06:30,zVJPv84UY57bAof,941.875,22.25,7242046.250,91.475
08-06-2020 11:30,rGa61gmuvPhdLxV,9946.86,3522.57,7291195.571,971.686
26-05-2020 02:00,1IF53ai7Xc0U56Y,0,0,6266528.000,0
26-05-2020 14:30,1IF53ai7Xc0U56Y,8460.62,6526.75,6273054.750,826.975
09-06-2020 16:30,1IF53ai7Xc0U56Y,5038.88,7765.5,6379598.500,494
18-05-2020 08:30,WRmjgnKYAwPKWDb,1827.88,380,7049484.000,179.162
17-06-2020 00:00,zVJPv84UY57bAof,0,0,7357362.000,0
20-05-2020 13:00,adLQvlD726eNBSB,12052.8,5651.75,6310164.750,1175.84
17-05-2020 16:45,YxYtjZvoooNbGkE,3646.5,7298,7200030.000,358.225
05-06-2020 11:15,VHMLBKoKgIrUVDU,9390.38,2939.12,7366760.125,917.413
12-06-2020 11:30,zBIq5rxdHJRwDNY,9895.25,2146,6545696.000,967.288
05-06-2020 13:45,pkci93gMrogZuBj,13028,4919.57,7328610.571,1270.23
08-06-2020 09:15,pkci93gMrogZuBj,9266.5,1050.75,7347182.750,906.337
16-05-2020 04:15,bvBOhCH3iADSZry,0,0,6322510.000,0
11-06-2020 20:00,sjndEbLyjtCKgGv,0,5654,7221254.000,0
17-05-2020 11:30,wCURE6d3bPkepu2,12055.5,3445.88,6798915.875,1175.94
24-05-2020 11:45,bvBOhCH3iADSZry,11428.4,3381,6380153.000,1114.71
29-05-2020 22:15,bvBOhCH3iADSZry,0,7438,6421023.000,0
29-05-2020 18:45,ih0vzX44oOqAx2f,0,7951,6295121.000,0
19-05-2020 11:00,adLQvlD726eNBSB,10579.8,2197.25,6300013.250,1032.64
27-05-2020 15:15,pkci93gMrogZuBj,3919.29,5594,7263888.000,384.271
06-06-2020 08:45,VHMLBKoKgIrUVDU,5949.29,965,7372519.000,582.943
27-05-2020 15:30,ZoEaEvLYb1n2sOq,8930.29,5700.14,7192390.143,873.6
30-05-2020 10:00,WRmjgnKYAwPKWDb,4698,1179.25,7142078.250,460.962
19-05-2020 01:00,WRmjgnKYAwPKWDb,0,0,7054452.000,0
30-05-2020 09:30,wCURE6d3bPkepu2,6300.57,910,6896790.000,617.214
17-06-2020 21:30,ZnxXDlPa8U1GXgE,0,5929,6770737.000,0
17-05-2020 19:00,sjndEbLyjtCKgGv,0,7441,7037054.000,0
21-05-2020 21:45,bvBOhCH3iADSZry,0,7110,6362148.000,0
12-06-2020 04:45,sjndEbLyjtCKgGv,0,0,7221254.000,0
19-05-2020 07:30,VHMLBKoKgIrUVDU,2606.14,182.857,7232736.857,255.6
22-05-2020 12:45,ih0vzX44oOqAx2f,11270.6,3956.88,6237499.875,1099.92
13-06-2020 07:45,WRmjgnKYAwPKWDb,4513.14,310.143,7239090.143,442.986
01-06-2020 02:30,ih0vzX44oOqAx2f,0,0,6308232.000,0
02-06-2020 08:45,ZoEaEvLYb1n2sOq,7098.75,804,7229244.000,695.038
22-05-2020 16:30,1IF53ai7Xc0U56Y,2275.38,7098.75,6240345.750,223.1
16-05-2020 23:30,uHbuxQJl8lW7ozc,0,6271,7051339.000,0
13-06-2020 00:45,WRmjgnKYAwPKWDb,0,0,7238780.000,0
15-06-2020 00:45,uHbuxQJl8lW7ozc,0,0,7267837.000,0
11-06-2020 13:15,zVJPv84UY57bAof,7317.62,3220,7320236.000,716.475
26-05-2020 14:00,wCURE6d3bPkepu2,8900.38,6089.38,6870739.375,869.413
15-05-2020 05:30,rGa61gmuvPhdLxV,0,0,7111493.000,0
08-06-2020 20:00,7JYdWkrLSPkdwr4,0,8283,7786793.000,0
15-05-2020 02:45,sjndEbLyjtCKgGv,0,0,7016832.000,0
12-06-2020 10:45,7JYdWkrLSPkdwr4,6578.29,1592.57,7808256.571,644.343
27-05-2020 10:45,sjndEbLyjtCKgGv,6983,2349.14,7108238.143,683.614
08-06-2020 17:00,ZoEaEvLYb1n2sOq,3408.86,8062.14,7281515.143,334.5
04-06-2020 20:15,uHbuxQJl8lW7ozc,0,0,7194535.000,0
18-05-2020 11:00,z9Y9gH1T5YWrNuG,6408.88,1003.38,7029229.375,627.837
17-06-2020 07:00,ih0vzX44oOqAx2f,1347.38,15.875,6420386.875,131.512
02-06-2020 11:45,YxYtjZvoooNbGkE,6146.71,3232.57,7314748.571,602.229
15-06-2020 01:00,WRmjgnKYAwPKWDb,0,0,7254584.000,0
03-06-2020 23:15,sjndEbLyjtCKgGv,0,7846,7163293.000,0
13-06-2020 01:15,bvBOhCH3iADSZry,0,0,6509779.000,0
31-05-2020 23:45,1IF53ai7Xc0U56Y,0,5889,6311432.000,0
04-06-2020 22:00,1IF53ai7Xc0U56Y,0,8196,6340855.000,0
11-06-2020 12:30,7JYdWkrLSPkdwr4,7911.29,2698.14,7803789.143,774.357
19-05-2020 12:30,z9Y9gH1T5YWrNuG,10526,3486,7037059.000,1028.9
30-05-2020 08:30,ZnxXDlPa8U1GXgE,3598.86,484.571,6636550.571,353.729
10-06-2020 06:15,zBIq5rxdHJRwDNY,422.375,6.625,6531411.625,40.825
31-05-2020 10:30,iCRJl6heRkivqQ3,13058.1,1904.62,7300502.625,1273.14
04-06-2020 12:45,wCURE6d3bPkepu2,8883.71,4349.14,6935125.143,867.8
01-06-2020 20:45,iCRJl6heRkivqQ3,0,5781,7310348.000,0
13-06-2020 05:45,ZnxXDlPa8U1GXgE,0,0,6735785.000,0
22-05-2020 00:15,rGa61gmuvPhdLxV,0,0,7160399.000,0
22-05-2020 20:45,McdE0feGgRqW7Ca,0,0,7215952.000,0
30-05-2020 21:45,z9Y9gH1T5YWrNuG,0,7142,7127597.000,0
15-06-2020 01:45,VHMLBKoKgIrUVDU,0,0,7437055.000,0
15-06-2020 10:45,ZoEaEvLYb1n2sOq,9429.5,2674.62,7325726.625,921.263
14-06-2020 00:45,wCURE6d3bPkepu2,0,0,7002369.000,0
06-06-2020 01:30,iCRJl6heRkivqQ3,0,0,7341803.000,0
06-06-2020 21:00,YxYtjZvoooNbGkE,0,0,7348812.000,0
28-05-2020 07:15,rGa61gmuvPhdLxV,2533.25,133.75,7206682.750,248.438
09-06-2020 06:00,3PZuoBAID5Wc2HD,152.571,1.14286,7175734.143,14.7429
25-05-2020 18:00,McdE0feGgRqW7Ca,436.857,8947.43,7241638.429,42.2286
08-06-2020 06:45,ZnxXDlPa8U1GXgE,1117.29,47.5714,6701310.571,108.614
19-05-2020 15:45,rGa61gmuvPhdLxV,5431.5,6177.38,7143079.375,532.5
26-05-2020 11:30,VHMLBKoKgIrUVDU,11242.1,3643.62,7293168.625,1097.2
30-05-2020 08:15,rGa61gmuvPhdLxV,4437.75,386.25,7223460.250,435.6
08-06-2020 01:45,adLQvlD726eNBSB,0,0,6453384.000,0
28-05-2020 17:00,bvBOhCH3iADSZry,3211.86,7591.29,6413424.286,315.457
06-06-2020 15:45,VHMLBKoKgIrUVDU,3299.29,6155,7377709.000,324.143
03-06-2020 20:15,7JYdWkrLSPkdwr4,0,7749,7748622.000,0
28-05-2020 18:00,ZnxXDlPa8U1GXgE,485,8526.43,6627902.429,46.9
26-05-2020 05:30,wCURE6d3bPkepu2,0,0,6864650.000,0
27-05-2020 02:15,rGa61gmuvPhdLxV,0,0,7199869.000,0
10-06-2020 17:45,McdE0feGgRqW7Ca,1207,6576,7361593.000,117.386
19-05-2020 09:00,zVJPv84UY57bAof,5399.29,672.714,7142077.714,529.171
07-06-2020 17:45,McdE0feGgRqW7Ca,1208.29,7001.57,7338161.571,117.529
11-06-2020 10:00,ZnxXDlPa8U1GXgE,5185.88,944.75,6725154.750,508.35
08-06-2020 18:30,bvBOhCH3iADSZry,101.571,7692.57,6485985.571,9.8
03-06-2020 09:00,wCURE6d3bPkepu2,6299,810.571,6923679.571,617.129
14-06-2020 23:15,ZoEaEvLYb1n2sOq,0,7289,7323052.000,0
16-05-2020 02:00,wCURE6d3bPkepu2,0,0,6788927.000,0
08-06-2020 12:30,sjndEbLyjtCKgGv,11343.4,4536.38,7197090.375,1107.05
18-05-2020 10:15,wCURE6d3bPkepu2,2211.57,677.857,6803677.857,216.814
17-06-2020 01:45,WRmjgnKYAwPKWDb,0,0,7267579.000,0
14-06-2020 20:00,uHbuxQJl8lW7ozc,0,7306,7267837.000,0
26-05-2020 17:30,ih0vzX44oOqAx2f,650.714,7683,6272262.000,62.9857
12-06-2020 19:15,VHMLBKoKgIrUVDU,0,5903,7420914.000,0
14-06-2020 21:30,WRmjgnKYAwPKWDb,0,7405,7254584.000,0
14-06-2020 15:15,McdE0feGgRqW7Ca,10498.7,6485.57,7388408.571,1024.86
13-06-2020 09:45,1IF53ai7Xc0U56Y,8853.5,1818.25,6400045.250,865.788
27-05-2020 22:15,wCURE6d3bPkepu2,0,0,6879195.000,0
09-06-2020 18:15,adLQvlD726eNBSB,452.375,8266,6470270.000,43.75
26-05-2020 14:00,7JYdWkrLSPkdwr4,8467.88,6089.62,7690109.625,827.625
05-06-2020 23:30,iCRJl6heRkivqQ3,0,7803,7341803.000,0
19-05-2020 00:15,ih0vzX44oOqAx2f,0,0,6210487.000,0
03-06-2020 02:30,adLQvlD726eNBSB,0,0,6414276.000,0
17-06-2020 01:30,wCURE6d3bPkepu2,0,0,7022718.000,0
24-05-2020 07:45,McdE0feGgRqW7Ca,4157.86,292.429,7224928.429,408.429
30-05-2020 03:30,ih0vzX44oOqAx2f,0,0,6295121.000,0
15-05-2020 03:15,zVJPv84UY57bAof,0,0,7116151.000,0
13-06-2020 17:15,zVJPv84UY57bAof,1751.14,8311.71,7336861.714,171.643
31-05-2020 00:45,z9Y9gH1T5YWrNuG,0,0,7127597.000,0
07-06-2020 17:45,3PZuoBAID5Wc2HD,1168.71,8203.43,7167185.429,113.643
03-06-2020 04:00,McdE0feGgRqW7Ca,0,0,7300359.000,0
04-06-2020 11:45,pkci93gMrogZuBj,11107,3327.86,7318763.857,1084.54
29-05-2020 12:45,McdE0feGgRqW7Ca,12714.6,4705,7269661.000,1239.67
31-05-2020 01:15,iCRJl6heRkivqQ3,0,0,7298598.000,0
16-06-2020 04:30,3PZuoBAID5Wc2HD,0,0,7225042.000,0
30-05-2020 08:15,wCURE6d3bPkepu2,4270.12,380,6896260.000,419.375
22-05-2020 15:15,wCURE6d3bPkepu2,6370.14,6507.86,6838562.857,624.071
16-06-2020 23:30,z9Y9gH1T5YWrNuG,0,6201,7245385.000,0
24-05-2020 04:30,ZnxXDlPa8U1GXgE,0,0,6587728.000,0
03-06-2020 08:15,wCURE6d3bPkepu2,4491.88,442.5,6923311.500,440.975
10-06-2020 22:45,ZnxXDlPa8U1GXgE,0,6438,6724210.000,0
30-05-2020 08:45,YxYtjZvoooNbGkE,3430,565.429,7293068.429,337.214
19-05-2020 10:00,3PZuoBAID5Wc2HD,6132.38,1360,7015278.000,600.763
13-06-2020 08:15,adLQvlD726eNBSB,6774,611.571,6489333.571,663.486
16-05-2020 18:15,pkci93gMrogZuBj,126,6172.29,7181649.286,12.1571
17-05-2020 04:00,WRmjgnKYAwPKWDb,0,0,7041430.000,0
16-06-2020 02:00,YxYtjZvoooNbGkE,0,0,7413335.000,0
18-05-2020 06:30,zBIq5rxdHJRwDNY,746.571,18.5714,6359675.571,72.3714
17-06-2020 16:00,pkci93gMrogZuBj,3278.43,5595.29,7415073.286,322.086
24-05-2020 18:00,pkci93gMrogZuBj,623.571,8012.71,7241687.714,60.3714
18-05-2020 03:00,sjndEbLyjtCKgGv,0,0,7037054.000,0
29-05-2020 06:15,uHbuxQJl8lW7ozc,424.833,2,7143634.000,41.1333
04-06-2020 17:45,ZoEaEvLYb1n2sOq,1894.43,7987.71,7251488.714,185.586
24-05-2020 19:45,WRmjgnKYAwPKWDb,0,8091,7101117.000,0
26-05-2020 23:00,z9Y9gH1T5YWrNuG,0,0,7097183.000,0
24-05-2020 16:00,rGa61gmuvPhdLxV,4328.57,7403.86,7182696.857,424.414
08-06-2020 21:00,rGa61gmuvPhdLxV,0,8291,7295964.000,0
09-06-2020 15:45,wCURE6d3bPkepu2,7693.29,7117.71,6975087.714,753.157
02-06-2020 02:30,1BY6WEcLGh8j5v7,0,0,6383439.000,0
11-06-2020 17:30,VHMLBKoKgIrUVDU,1429.25,5650.88,7414945.875,139.35
14-06-2020 21:45,zBIq5rxdHJRwDNY,0,7315,6565137.000,0
16-05-2020 17:00,YxYtjZvoooNbGkE,1957,6353.75,7192610.750,191.838
16-05-2020 10:00,WRmjgnKYAwPKWDb,7795.71,1574.29,7036389.286,763.043
20-05-2020 18:15,7JYdWkrLSPkdwr4,360.286,8767.29,7643975.286,34.8143
01-06-2020 11:45,VHMLBKoKgIrUVDU,6758.25,3676.38,7338081.375,661.138
27-05-2020 11:45,pkci93gMrogZuBj,10505.9,3240.5,7261534.500,1026.05
26-05-2020 21:45,z9Y9gH1T5YWrNuG,0,0,7097183.000,0
15-05-2020 13:00,YxYtjZvoooNbGkE,5673.86,3590,7183556.000,556
28-05-2020 16:15,z9Y9gH1T5YWrNuG,4308.75,8030,7111915.000,422.387
31-05-2020 02:45,z9Y9gH1T5YWrNuG,0,0,7127597.000,0
03-06-2020 12:30,7JYdWkrLSPkdwr4,11451.1,3741.86,7744614.857,1118.16
04-06-2020 06:15,bvBOhCH3iADSZry,355.714,4.71429,6452728.714,34.3714
12-06-2020 09:00,ih0vzX44oOqAx2f,4842.12,471.5,6387024.500,474.788
25-05-2020 09:45,ih0vzX44oOqAx2f,8916.14,1463.86,6257957.857,872.3
29-05-2020 20:15,VHMLBKoKgIrUVDU,0,8172,7321059.000,0
11-06-2020 22:45,1BY6WEcLGh8j5v7,0,5257,6450238.000,0
17-05-2020 18:00,ih0vzX44oOqAx2f,314,7384.71,6205194.714,30.3286
16-06-2020 11:30,rGa61gmuvPhdLxV,5664.43,3012,7347716.000,555.129
29-05-2020 19:15,ih0vzX44oOqAx2f,0,7951,6295121.000,0
20-05-2020 22:45,McdE0feGgRqW7Ca,0,8964,7201062.000,0
31-05-2020 02:30,bvBOhCH3iADSZry,0,0,6427681.000,0
07-06-2020 15:30,WRmjgnKYAwPKWDb,7558.57,7068.71,7203679.714,739.857
31-05-2020 00:45,iCRJl6heRkivqQ3,0,0,7298598.000,0
19-05-2020 00:45,sjndEbLyjtCKgGv,0,0,7042405.000,0
16-06-2020 04:45,wCURE6d3bPkepu2,0,0,7016444.000,0
21-05-2020 12:45,3PZuoBAID5Wc2HD,9559.75,4730.12,7034224.125,933.525
05-06-2020 14:00,7JYdWkrLSPkdwr4,12195.1,5048.12,7761669.125,1189.74
15-05-2020 03:00,uHbuxQJl8lW7ozc,0,0,7038681.000,0
31-05-2020 16:30,adLQvlD726eNBSB,1881.57,5681.29,6400452.286,184.429
31-05-2020 12:30,uHbuxQJl8lW7ozc,7068.62,3802.12,7163074.125,691.3
02-06-2020 04:30,rGa61gmuvPhdLxV,0,0,7241969.000,0
16-06-2020 16:15,WRmjgnKYAwPKWDb,3420.62,5930.5,7267245.500,335.938
11-06-2020 14:30,wCURE6d3bPkepu2,10716,4115.5,6986518.500,1046.36
29-05-2020 15:30,uHbuxQJl8lW7ozc,6970.12,7294,7150926.000,682.575
11-06-2020 15:15,ZoEaEvLYb1n2sOq,6168.25,4585.88,7300656.875,604.388
15-06-2020 15:00,ih0vzX44oOqAx2f,6229.86,5566.57,6413249.571,610.4
30-05-2020 14:15,YxYtjZvoooNbGkE,11362.1,5021,7297524.000,1109.47
22-05-2020 21:15,rGa61gmuvPhdLxV,0,0,7167141.000,0
16-05-2020 13:30,VHMLBKoKgIrUVDU,8726.14,4725.14,7217391.143,853.671
09-06-2020 00:00,bvBOhCH3iADSZry,0,0,6485986.000,0
15-05-2020 12:15,pkci93gMrogZuBj,9142.75,3031.5,7172133.500,893.175
13-06-2020 21:45,1BY6WEcLGh8j5v7,0,7984,6463663.000,0
13-06-2020 16:30,ZoEaEvLYb1n2sOq,3441.88,8119.12,7315504.125,338.125
16-06-2020 10:15,3PZuoBAID5Wc2HD,10673.3,1964.14,7227006.143,1043.07
18-05-2020 05:15,zVJPv84UY57bAof,0,0,7136015.000,0
19-05-2020 01:45,ih0vzX44oOqAx2f,0,0,6210487.000,0
10-06-2020 22:45,zBIq5rxdHJRwDNY,0,6498,6537903.000,0
01-06-2020 23:15,adLQvlD726eNBSB,0,6127,6406831.000,0
13-06-2020 06:00,VHMLBKoKgIrUVDU,108.875,0.75,7420914.750,10.5125
19-05-2020 08:45,z9Y9gH1T5YWrNuG,4132.88,558.375,7034131.375,405.738
30-05-2020 16:00,ih0vzX44oOqAx2f,6629.25,6482.88,6301603.875,649.337
01-06-2020 15:00,uHbuxQJl8lW7ozc,2903.57,5141.43,7170494.429,285
04-06-2020 06:15,sjndEbLyjtCKgGv,370,5.14286,7163298.143,35.7714
30-05-2020 17:45,YxYtjZvoooNbGkE,1025.14,7230.57,7299733.571,99.6429
24-05-2020 07:30,zBIq5rxdHJRwDNY,3164.38,191.5,6404672.500,310.85
16-05-2020 17:15,McdE0feGgRqW7Ca,1627.43,6506.43,7171941.429,159.229
15-05-2020 05:45,uHbuxQJl8lW7ozc,0,0,7038681.000,0
29-05-2020 10:30,ZoEaEvLYb1n2sOq,11791.7,2115.86,7203653.857,1150.99
29-05-2020 11:45,sjndEbLyjtCKgGv,12850.9,3484.5,7124387.500,1253.62
01-06-2020 10:30,adLQvlD726eNBSB,10844.6,2388.57,6403092.571,1058.99
05-06-2020 07:45,sjndEbLyjtCKgGv,2321.29,215.571,7171733.571,227.614
22-05-2020 03:00,zBIq5rxdHJRwDNY,0,0,6388599.000,0
22-05-2020 15:00,rGa61gmuvPhdLxV,8997.75,5983.75,7166382.750,880.263
13-06-2020 00:15,ZnxXDlPa8U1GXgE,0,0,6735785.000,0
17-06-2020 23:30,wCURE6d3bPkepu2,0,5883,7028601.000,0
31-05-2020 10:00,3PZuoBAID5Wc2HD,6543.71,1327.86,7110815.857,640.9
09-06-2020 23:30,iCRJl6heRkivqQ3,0,8265,7373220.000,0
05-06-2020 10:00,wCURE6d3bPkepu2,10884.2,1666.12,6940687.125,1062.59
15-05-2020 00:30,bvBOhCH3iADSZry,0,0,6316803.000,0
01-06-2020 13:15,ZoEaEvLYb1n2sOq,9519.71,4478.86,7227122.857,929.871
30-05-2020 09:45,wCURE6d3bPkepu2,4607.5,1046.38,6896926.375,452.2
20-05-2020 22:00,sjndEbLyjtCKgGv,0,8777,7058061.000,0
09-06-2020 18:15,WRmjgnKYAwPKWDb,409.125,7970,7220971.000,39.575
14-06-2020 20:15,ZnxXDlPa8U1GXgE,0,7404,6751747.000,0
01-06-2020 15:15,ZoEaEvLYb1n2sOq,1997,5411.62,7228055.625,195.775
17-06-2020 01:15,sjndEbLyjtCKgGv,0,0,7255794.000,0
03-06-2020 23:15,ZnxXDlPa8U1GXgE,0,7916,6670884.000,0
19-05-2020 06:30,z9Y9gH1T5YWrNuG,177.143,5,7033578.000,17.1
19-05-2020 15:45,zBIq5rxdHJRwDNY,5429.29,6187.43,6371234.429,532.314
12-06-2020 06:00,pkci93gMrogZuBj,0,0,7374956.000,0
06-06-2020 21:15,ih0vzX44oOqAx2f,0,6197,6350673.000,0
27-05-2020 11:45,1IF53ai7Xc0U56Y,8321.86,3426.29,6278064.286,813.929
08-06-2020 03:45,3PZuoBAID5Wc2HD,0,0,7167224.000,0
25-05-2020 18:30,ZoEaEvLYb1n2sOq,25.4286,8745,7178914.000,2.45714
10-06-2020 10:15,ZnxXDlPa8U1GXgE,7013,1708.43,6719480.429,686.743
17-05-2020 19:00,7JYdWkrLSPkdwr4,0,7526,7623063.000,0
26-05-2020 18:30,adLQvlD726eNBSB,0,0,6363516.000,0
15-05-2020 12:15,3PZuoBAID5Wc2HD,8377.25,2876.38,6990635.375,819.013
17-06-2020 09:00,adLQvlD726eNBSB,5185.43,724.286,6519122.286,508.314
19-05-2020 20:45,adLQvlD726eNBSB,0,0,6304513.000,0
25-05-2020 21:15,iCRJl6heRkivqQ3,0,8869,7260130.000,0
17-06-2020 21:15,z9Y9gH1T5YWrNuG,0,5819,7251204.000,0
20-05-2020 06:30,McdE0feGgRqW7Ca,709.143,21.2857,7192119.286,68.7429
28-05-2020 12:15,bvBOhCH3iADSZry,12408.3,4217.33,6410050.333,1209.8
25-05-2020 15:45,rGa61gmuvPhdLxV,9070.62,8214.5,7191509.500,887.35
16-05-2020 06:00,VHMLBKoKgIrUVDU,59.8571,0,7212666.000,5.78571
19-05-2020 14:45,VHMLBKoKgIrUVDU,10007.2,5598.25,7238152.250,978.487
06-06-2020 12:15,rGa61gmuvPhdLxV,8352.75,3636,7276726.000,816.15
01-06-2020 03:15,uHbuxQJl8lW7ozc,0,0,7165353.000,0
13-06-2020 21:15,iCRJl6heRkivqQ3,0,8496,7399855.000,0
31-05-2020 11:30,rGa61gmuvPhdLxV,8791.57,2907.71,7233345.714,859.243
06-06-2020 18:15,1BY6WEcLGh8j5v7,87.4286,5939.43,6418481.429,8.44286
26-05-2020 10:15,wCURE6d3bPkepu2,10526.8,2241,6866891.000,1027.74
29-05-2020 14:00,z9Y9gH1T5YWrNuG,6947.71,5912.57,7118274.571,680.357
16-05-2020 21:45,ZnxXDlPa8U1GXgE,0,6676,6535152.000,0
10-06-2020 10:15,rGa61gmuvPhdLxV,6756.14,1643.14,7305847.143,661.729
06-06-2020 21:15,WRmjgnKYAwPKWDb,0,6341,7196611.000,0
04-06-2020 23:00,ZoEaEvLYb1n2sOq,0,0,7251540.000,0
16-06-2020 01:15,zBIq5rxdHJRwDNY,0,0,6571833.000,0
22-05-2020 20:30,YxYtjZvoooNbGkE,0,0,7236121.000,0
26-05-2020 15:30,pkci93gMrogZuBj,7095,6755.12,7257274.125,694.65
11-06-2020 23:15,VHMLBKoKgIrUVDU,0,5716,7415011.000,0
20-05-2020 04:45,zBIq5rxdHJRwDNY,0,0,6371971.000,0
13-06-2020 23:30,YxYtjZvoooNbGkE,0,8380,7399439.000,0
26-05-2020 04:45,bvBOhCH3iADSZry,0,0,6392336.000,0
08-06-2020 05:30,VHMLBKoKgIrUVDU,0,0,7386208.000,0
06-06-2020 10:15,z9Y9gH1T5YWrNuG,10362.1,1979.14,7172980.143,1011.47
16-06-2020 20:00,bvBOhCH3iADSZry,0,5757,6533549.000,0
31-05-2020 17:15,zVJPv84UY57bAof,1797.38,5941.62,7241918.625,176.188
10-06-2020 01:30,VHMLBKoKgIrUVDU,0,0,7402816.000,0
08-06-2020 13:45,WRmjgnKYAwPKWDb,8318.88,5680,7210362.000,812.888
19-05-2020 10:15,adLQvlD726eNBSB,7971.29,1574.86,6299390.857,779.314
24-05-2020 00:45,YxYtjZvoooNbGkE,0,0,7244680.000,0
09-06-2020 03:00,ZoEaEvLYb1n2sOq,0,0,7281724.000,0
26-05-2020 02:15,zVJPv84UY57bAof,0,0,7197609.000,0
18-05-2020 16:15,zVJPv84UY57bAof,4409,5016.62,7141031.625,432.837
24-05-2020 11:00,z9Y9gH1T5YWrNuG,11094.7,2563.43,7075325.429,1082.96
29-05-2020 13:00,ih0vzX44oOqAx2f,12326.7,4798.43,6291968.429,1201.86
04-06-2020 07:15,z9Y9gH1T5YWrNuG,2436.86,128.143,7155241.143,239.071
18-05-2020 06:00,uHbuxQJl8lW7ozc,80.875,0.25,7058793.250,7.8125
30-05-2020 05:45,bvBOhCH3iADSZry,0,0,6421023.000,0
10-06-2020 09:45,ZnxXDlPa8U1GXgE,6170.25,1456.62,6719228.625,604.575
19-05-2020 09:45,3PZuoBAID5Wc2HD,6177.43,1208.71,7015126.714,605.171
17-05-2020 18:15,3PZuoBAID5Wc2HD,129,7792.5,7008481.500,12.4375
01-06-2020 18:00,WRmjgnKYAwPKWDb,511.286,5821.57,7159687.571,49.4429
31-05-2020 00:45,VHMLBKoKgIrUVDU,0,0,7328329.000,0
10-06-2020 18:15,uHbuxQJl8lW7ozc,112.75,6642.75,7240505.750,10.9
10-06-2020 00:30,1BY6WEcLGh8j5v7,0,0,6439070.000,0
22-05-2020 23:45,ZoEaEvLYb1n2sOq,0,0,7153713.000,0
27-05-2020 04:00,wCURE6d3bPkepu2,0,0,6872485.000,0
19-05-2020 18:30,VHMLBKoKgIrUVDU,0,6988,7239542.000,0
11-06-2020 13:30,rGa61gmuvPhdLxV,4889.57,3376,7314145.000,479.571
03-06-2020 01:00,bvBOhCH3iADSZry,0,0,6445487.000,0
02-06-2020 10:00,zVJPv84UY57bAof,9400.14,1953.86,7249719.857,919.371
30-05-2020 20:45,bvBOhCH3iADSZry,0,6658,6427681.000,0
01-06-2020 10:00,3PZuoBAID5Wc2HD,8170.57,1891.14,7117195.143,799.229
16-06-2020 05:00,rGa61gmuvPhdLxV,0,0,7344704.000,0
26-05-2020 12:15,uHbuxQJl8lW7ozc,13263.6,4300.12,7124996.125,1293.19
25-05-2020 08:00,zBIq5rxdHJRwDNY,3011.43,336.286,6412094.286,295.5
25-05-2020 17:15,zVJPv84UY57bAof,973.625,8756.75,7197552.750,94.5625
11-06-2020 21:30,YxYtjZvoooNbGkE,0,5592,7385279.000,0
09-06-2020 16:30,sjndEbLyjtCKgGv,5295.71,7724.14,7208649.143,519.1
24-05-2020 07:00,pkci93gMrogZuBj,1658.86,74.2857,7233749.286,162.314
18-05-2020 11:00,adLQvlD726eNBSB,6626.43,1039.43,6293349.429,649.057
23-05-2020 16:00,zVJPv84UY57bAof,5840.71,7786.29,7180080.286,572.486
02-06-2020 22:30,bvBOhCH3iADSZry,0,6842,6445487.000,0
23-05-2020 09:00,zVJPv84UY57bAof,8191.38,1020.75,7173314.750,801.688
03-06-2020 11:30,iCRJl6heRkivqQ3,10927,2698.86,7320511.857,1067.03
19-05-2020 20:00,adLQvlD726eNBSB,0,0,6304513.000,0
16-06-2020 12:15,zBIq5rxdHJRwDNY,4553.25,3433.5,6575266.500,446.137
16-05-2020 15:00,7JYdWkrLSPkdwr4,7114.25,5594.12,7614670.125,696.675
16-05-2020 23:00,3PZuoBAID5Wc2HD,0,6656,7000689.000,0
17-05-2020 12:00,McdE0feGgRqW7Ca,6669.86,3985.14,7176006.143,653.243
03-06-2020 19:00,McdE0feGgRqW7Ca,0,8010,7308369.000,0
14-06-2020 14:15,bvBOhCH3iADSZry,3496.75,2388.75,6520030.750,341.988
14-06-2020 10:00,YxYtjZvoooNbGkE,8310.75,1620.62,7401059.625,813.288
23-05-2020 14:00,7JYdWkrLSPkdwr4,10157.1,6265.29,7665035.286,992.371
25-05-2020 02:00,ZnxXDlPa8U1GXgE,0,0,6595756.000,0
11-06-2020 21:30,ZoEaEvLYb1n2sOq,0,5561,7301632.000,0
31-05-2020 18:15,1IF53ai7Xc0U56Y,266.875,5885.62,6311428.625,25.8
15-06-2020 06:00,zBIq5rxdHJRwDNY,90.4286,0.428571,6565137.429,8.74286
18-05-2020 17:45,WRmjgnKYAwPKWDb,723.286,5325.14,7054429.143,70.1
06-06-2020 13:45,3PZuoBAID5Wc2HD,9594.29,5122.14,7157608.143,937.071
06-06-2020 14:30,ZnxXDlPa8U1GXgE,4949.71,5619.71,6692318.714,483.886
26-05-2020 17:15,ZnxXDlPa8U1GXgE,1022.12,7934.12,6612600.125,99.4625
15-05-2020 20:00,wCURE6d3bPkepu2,0,6329,6788927.000,0
02-06-2020 06:30,z9Y9gH1T5YWrNuG,474.571,17.4286,7139845.429,45.9
25-05-2020 03:45,McdE0feGgRqW7Ca,0,0,7232691.000,0
26-05-2020 23:45,7JYdWkrLSPkdwr4,0,0,7691912.000,0
07-06-2020 10:00,wCURE6d3bPkepu2,6757.12,1495.88,6954589.875,661.8
09-06-2020 09:30,YxYtjZvoooNbGkE,8835,1456,7366766.000,862.837
26-05-2020 08:45,wCURE6d3bPkepu2,7422.88,850.875,6865500.875,726.788
04-06-2020 06:30,uHbuxQJl8lW7ozc,737.857,18.8571,7186273.857,71.5429
11-06-2020 16:00,WRmjgnKYAwPKWDb,4586.86,5102.57,7232469.571,450.157
13-06-2020 07:15,YxYtjZvoooNbGkE,2563,121.286,7391180.286,251.329
16-06-2020 02:00,wCURE6d3bPkepu2,0,0,7016444.000,0
08-06-2020 05:15,ih0vzX44oOqAx2f,0,0,6358692.000,0
03-06-2020 20:00,1BY6WEcLGh8j5v7,0,7341,6397809.000,0
31-05-2020 22:00,WRmjgnKYAwPKWDb,0,5837,7153866.000,0
02-06-2020 16:30,ih0vzX44oOqAx2f,4488.86,7047.57,6321030.571,440.557
18-05-2020 13:30,uHbuxQJl8lW7ozc,12341.8,2936.62,7061729.625,1203.97
23-05-2020 18:00,YxYtjZvoooNbGkE,1306.38,8529.38,7244650.375,127.225
25-05-2020 00:45,YxYtjZvoooNbGkE,0,0,7252651.000,0
15-06-2020 09:00,adLQvlD726eNBSB,8646.14,1169.14,6506255.143,845.929
15-06-2020 18:15,VHMLBKoKgIrUVDU,250.857,6810.57,7443865.571,24.2143
24-05-2020 16:15,uHbuxQJl8lW7ozc,3019.12,7621,7111367.000,296.1
26-05-2020 05:00,7JYdWkrLSPkdwr4,0,0,7684020.000,0
22-05-2020 02:00,z9Y9gH1T5YWrNuG,0,0,7057147.000,0
31-05-2020 13:15,zBIq5rxdHJRwDNY,6662.5,4357.88,6461658.875,651.788
29-05-2020 07:15,z9Y9gH1T5YWrNuG,2012.12,142.875,7112504.875,197.25
03-06-2020 21:45,ZoEaEvLYb1n2sOq,0,7774,7243501.000,0
10-06-2020 16:00,VHMLBKoKgIrUVDU,4245.25,5937.88,7408753.875,416.938
17-06-2020 22:15,ZoEaEvLYb1n2sOq,0,5871,7341753.000,0
13-06-2020 20:45,YxYtjZvoooNbGkE,0,8380,7399439.000,0
16-06-2020 15:30,ih0vzX44oOqAx2f,6290.5,5423.25,6419670.250,616.225
15-05-2020 15:30,VHMLBKoKgIrUVDU,7739.38,5456,7211864.000,757.55
31-05-2020 05:00,uHbuxQJl8lW7ozc,0,0,7159272.000,0
07-06-2020 10:15,iCRJl6heRkivqQ3,7720.86,1651,7349885.000,755.814
25-05-2020 18:15,1BY6WEcLGh8j5v7,214.571,8265.29,6336205.286,20.7143
12-06-2020 04:45,z9Y9gH1T5YWrNuG,0,0,7211064.000,0
08-06-2020 09:30,ZoEaEvLYb1n2sOq,10835,1305.83,7274758.833,1058.57
26-05-2020 08:45,uHbuxQJl8lW7ozc,7381.62,856.5,7121552.500,722.775
02-06-2020 01:45,iCRJl6heRkivqQ3,0,0,7310348.000,0
07-06-2020 19:45,McdE0feGgRqW7Ca,0,7042,7338202.000,0
23-05-2020 08:30,zVJPv84UY57bAof,7861.5,634,7172928.000,769.538
28-05-2020 04:45,zVJPv84UY57bAof,0,0,7212082.000,0
06-06-2020 21:45,3PZuoBAID5Wc2HD,0,6496,7158982.000,0
15-05-2020 16:00,ZoEaEvLYb1n2sOq,4827.29,5732.86,7103831.857,473.614
16-05-2020 12:00,z9Y9gH1T5YWrNuG,8992.57,3063.43,7017315.429,879.643
04-06-2020 07:15,zVJPv84UY57bAof,2433,128.375,7263181.375,238.688
17-06-2020 17:15,z9Y9gH1T5YWrNuG,1564.5,5718.12,7251103.125,152.912
08-06-2020 23:15,adLQvlD726eNBSB,0,8620,6462004.000,0
09-06-2020 23:30,ih0vzX44oOqAx2f,0,7846,6374755.000,0
22-05-2020 19:00,ZnxXDlPa8U1GXgE,0,7275,6579139.000,0
16-05-2020 22:00,3PZuoBAID5Wc2HD,0,6656,7000689.000,0
23-05-2020 15:30,WRmjgnKYAwPKWDb,8209.29,7365,7091960.000,803.386
15-06-2020 20:15,uHbuxQJl8lW7ozc,0,6906,7274743.000,0
28-05-2020 01:45,bvBOhCH3iADSZry,0,0,6405833.000,0
12-06-2020 07:30,rGa61gmuvPhdLxV,929.714,88.2857,7316520.286,90.3143
24-05-2020 12:00,sjndEbLyjtCKgGv,12594.6,3647.43,7085096.429,1228.39
12-06-2020 17:45,ZnxXDlPa8U1GXgE,1609.14,5831.86,6735733.857,157.129
29-05-2020 11:45,pkci93gMrogZuBj,12770.9,3650.25,7276908.250,1245.76
28-05-2020 07:15,3PZuoBAID5Wc2HD,2980.14,161.857,7085612.857,292.6
31-05-2020 05:15,3PZuoBAID5Wc2HD,0,0,7109488.000,0
04-06-2020 11:45,3PZuoBAID5Wc2HD,10162.3,3404.86,7139892.857,992.914
04-06-2020 21:00,pkci93gMrogZuBj,0,0,7323691.000,0
30-05-2020 02:45,3PZuoBAID5Wc2HD,0,0,7102189.000,0
07-06-2020 17:00,ih0vzX44oOqAx2f,3298.29,7791.71,6358464.714,323.671
05-06-2020 23:45,iCRJl6heRkivqQ3,0,7803,7341803.000,0
31-05-2020 12:00,1BY6WEcLGh8j5v7,9356.62,3397.12,6375525.125,914.5
15-06-2020 17:15,YxYtjZvoooNbGkE,2278,6521.57,7413223.571,223.343
15-05-2020 14:00,rGa61gmuvPhdLxV,10122.9,4391,7115884.000,989.538
25-05-2020 00:00,7JYdWkrLSPkdwr4,0,1145.86,7675241.000,0
02-06-2020 15:45,rGa61gmuvPhdLxV,5959.86,6651.86,7248620.857,583.914
09-06-2020 12:30,ZoEaEvLYb1n2sOq,10776.4,4354.71,7286078.714,1051.74
27-05-2020 08:30,z9Y9gH1T5YWrNuG,6603.14,665.286,7097848.286,646.771
15-05-2020 02:45,McdE0feGgRqW7Ca,0,0,7158964.000,0
28-05-2020 20:30,bvBOhCH3iADSZry,0,7752,6413585.000,0
19-05-2020 01:30,McdE0feGgRqW7Ca,0,0,7185091.000,0
19-05-2020 00:00,ZoEaEvLYb1n2sOq,0,0,7123527.000,0
21-05-2020 13:00,zBIq5rxdHJRwDNY,10601.6,4808,6385670.000,1034.84
25-05-2020 07:15,3PZuoBAID5Wc2HD,2700.62,136.25,7061704.250,264.938
01-06-2020 03:15,pkci93gMrogZuBj,0,0,7294791.000,0
17-05-2020 12:45,sjndEbLyjtCKgGv,9792.75,4548.75,7034161.750,956.288
24-05-2020 10:30,VHMLBKoKgIrUVDU,10895.1,2216.25,7274548.250,1063.34
17-05-2020 04:30,7JYdWkrLSPkdwr4,0,0,7615537.000,0
21-05-2020 12:45,ZoEaEvLYb1n2sOq,9429.57,4498.29,7143566.286,921.057
16-06-2020 19:15,iCRJl6heRkivqQ3,0,6305,7420306.000,0
31-05-2020 16:30,rGa61gmuvPhdLxV,1850.29,5649.57,7236087.571,181.371
11-06-2020 11:45,wCURE6d3bPkepu2,8324.88,2071.25,6984474.250,814.712
05-06-2020 18:15,wCURE6d3bPkepu2,553.714,7741.14,6946762.143,53.6
29-05-2020 11:30,WRmjgnKYAwPKWDb,9432.14,3180.43,7136041.429,921.529
18-05-2020 16:45,McdE0feGgRqW7Ca,2976.14,5267.86,7184894.857,292.071
26-05-2020 03:00,wCURE6d3bPkepu2,0,0,6864650.000,0
09-06-2020 18:15,zVJPv84UY57bAof,418.857,8283.57,7310450.571,40.4857
20-05-2020 00:15,pkci93gMrogZuBj,0,0,7201349.000,0
18-05-2020 15:45,ZoEaEvLYb1n2sOq,7034.5,4670.5,7122878.500,688.888
14-06-2020 11:15,McdE0feGgRqW7Ca,9382.5,2826,7384749.000,917.375
01-06-2020 17:30,bvBOhCH3iADSZry,648.75,5336.25,6438603.250,62.825
05-06-2020 05:00,WRmjgnKYAwPKWDb,0,0,7182665.000,0
12-06-2020 09:00,ZnxXDlPa8U1GXgE,4974.62,479.75,6730381.750,487.725
04-06-2020 09:15,zBIq5rxdHJRwDNY,5093.57,1066.57,6485408.571,499.471
16-06-2020 13:30,sjndEbLyjtCKgGv,8169.88,4289.88,7253828.875,799.4
19-05-2020 07:00,uHbuxQJl8lW7ozc,2402.25,48.75,7064249.750,235.575
17-05-2020 07:00,ZoEaEvLYb1n2sOq,1396.38,49,7110793.000,136.137
03-06-2020 17:30,ZoEaEvLYb1n2sOq,2180.71,7688.57,7243415.571,213.814
15-06-2020 15:15,adLQvlD726eNBSB,6184.86,6039.29,6511125.286,605.9
15-06-2020 01:45,7JYdWkrLSPkdwr4,0,0,7828158.000,0
31-05-2020 23:30,1BY6WEcLGh8j5v7,0,5803,6377931.000,0
08-06-2020 14:15,zVJPv84UY57bAof,11144.9,6190.43,7299980.429,1086.97
11-06-2020 02:00,sjndEbLyjtCKgGv,0,0,7215600.000,0
14-06-2020 14:15,McdE0feGgRqW7Ca,11504.7,5610,7387533.000,1122.91
29-05-2020 13:30,1IF53ai7Xc0U56Y,11481.9,5633.86,6295591.857,1120.99
27-05-2020 03:15,rGa61gmuvPhdLxV,0,0,7199869.000,0
17-05-2020 21:45,WRmjgnKYAwPKWDb,0,7674,7049104.000,0
09-06-2020 10:15,ZnxXDlPa8U1GXgE,10186,2049.57,6711747.571,993.9
24-05-2020 22:45,zVJPv84UY57bAof,0,7958,7188796.000,0
21-05-2020 08:15,pkci93gMrogZuBj,5613,471.625,7210669.625,550.125
27-05-2020 21:30,zVJPv84UY57bAof,0,0,7212082.000,0
26-05-2020 08:15,iCRJl6heRkivqQ3,5828.29,534.429,7260664.429,571.129
23-05-2020 16:30,zBIq5rxdHJRwDNY,5323.5,8201.75,6404008.750,521.925
07-06-2020 09:15,z9Y9gH1T5YWrNuG,8165.29,969,7178258.000,799.157
05-06-2020 20:00,ZoEaEvLYb1n2sOq,0,7535,7259075.000,0
26-05-2020 08:00,1BY6WEcLGh8j5v7,4779.57,391.857,6336599.857,468.814
18-05-2020 22:30,ZoEaEvLYb1n2sOq,0,5319,7123527.000,0
15-06-2020 04:45,1IF53ai7Xc0U56Y,0,0,6414368.000,0
03-06-2020 09:45,iCRJl6heRkivqQ3,5942.62,1253.75,7319066.750,582.35
19-05-2020 00:15,1IF53ai7Xc0U56Y,0,0,6209806.000,0
29-05-2020 12:30,WRmjgnKYAwPKWDb,11756.3,4293.57,7137154.571,1147.07
22-05-2020 18:15,VHMLBKoKgIrUVDU,107.5,7358.62,7263719.625,10.3875
23-05-2020 20:00,7JYdWkrLSPkdwr4,0,8450,7667220.000,0
15-06-2020 20:30,ZoEaEvLYb1n2sOq,0,6639,7329691.000,0
15-06-2020 01:00,YxYtjZvoooNbGkE,0,0,7406702.000,0
21-05-2020 10:00,pkci93gMrogZuBj,6029.43,1290.71,7211997.000,589.514
13-06-2020 01:00,wCURE6d3bPkepu2,0,0,6993908.000,0
14-06-2020 05:15,YxYtjZvoooNbGkE,0,0,7399439.000,0
11-06-2020 22:00,z9Y9gH1T5YWrNuG,0,5599,7211064.000,0
15-05-2020 11:30,WRmjgnKYAwPKWDb,8600.57,2217,7030890.000,840.086
01-06-2020 13:00,adLQvlD726eNBSB,6973.57,4496,6405200.000,682.457
07-06-2020 21:45,zBIq5rxdHJRwDNY,0,8183,6514911.000,0
31-05-2020 07:15,3PZuoBAID5Wc2HD,1388.25,103.875,7109591.875,135.275
03-06-2020 18:30,McdE0feGgRqW7Ca,90.2857,8009.43,7308368.429,8.71429
14-06-2020 16:15,zBIq5rxdHJRwDNY,4093,6999.29,6564821.286,401.914
14-06-2020 08:30,sjndEbLyjtCKgGv,4795.12,619.143,7236123.143,485.4
11-06-2020 01:45,ZoEaEvLYb1n2sOq,0,0,7296071.000,0
09-06-2020 10:30,ZnxXDlPa8U1GXgE,12563.6,2331.88,6712029.875,1224.96
18-05-2020 08:00,ih0vzX44oOqAx2f,1260.57,302.857,6205503.857,122.614
05-06-2020 16:15,zVJPv84UY57bAof,6764.25,7038.5,7278311.500,662.55
07-06-2020 02:30,zVJPv84UY57bAof,0,0,7285530.000,0
29-05-2020 14:45,uHbuxQJl8lW7ozc,9462.14,6727,7150359.000,925.414
27-05-2020 17:15,1IF53ai7Xc0U56Y,1858.86,6752.86,6281390.857,181.943
12-06-2020 22:30,adLQvlD726eNBSB,0,5988,6488722.000,0
17-05-2020 05:30,z9Y9gH1T5YWrNuG,0,0,7020740.000,0
25-05-2020 21:45,YxYtjZvoooNbGkE,0,8813,7261464.000,0
24-05-2020 11:00,sjndEbLyjtCKgGv,10428.1,2543.86,7083992.857,1018.36
07-06-2020 07:15,3PZuoBAID5Wc2HD,1883.88,136.875,7159118.875,184.662
05-06-2020 08:30,zVJPv84UY57bAof,7298.14,525.286,7271798.286,714.614
04-06-2020 05:30,rGa61gmuvPhdLxV,0,0,7257137.000,0
25-05-2020 01:30,1BY6WEcLGh8j5v7,0,0,6327940.000,0
08-06-2020 00:15,z9Y9gH1T5YWrNuG,0,0,7183631.000,0
02-06-2020 15:15,rGa61gmuvPhdLxV,5406.43,6366,7248335.000,529.914
16-05-2020 20:00,z9Y9gH1T5YWrNuG,0,6488,7020740.000,0
22-05-2020 07:15,uHbuxQJl8lW7ozc,3504.71,143.429,7088119.429,344.271
03-06-2020 15:15,rGa61gmuvPhdLxV,10615.6,6650.14,7255980.143,1036.7
08-06-2020 02:45,McdE0feGgRqW7Ca,0,0,7338202.000,0
14-06-2020 10:15,adLQvlD726eNBSB,7985.86,1940.29,6499436.286,781.671
22-05-2020 20:30,adLQvlD726eNBSB,0,7378,6328951.000,0
23-05-2020 12:30,zVJPv84UY57bAof,11811.7,4662,7176956.000,1152.77
02-06-2020 04:30,VHMLBKoKgIrUVDU,0,0,7340314.000,0
08-06-2020 14:30,ZnxXDlPa8U1GXgE,11455.8,6492.12,6707755.125,1118.75
17-06-2020 22:00,z9Y9gH1T5YWrNuG,0,5819,7251204.000,0
29-05-2020 06:15,pkci93gMrogZuBj,423.333,2,7273260.000,40.9833
30-05-2020 13:00,WRmjgnKYAwPKWDb,9166,3657.86,7144556.857,896.586
24-05-2020 19:45,rGa61gmuvPhdLxV,0,8002,7183295.000,0
05-06-2020 13:00,z9Y9gH1T5YWrNuG,7948.57,4148,7167410.000,778.043
05-06-2020 00:45,zVJPv84UY57bAof,0,0,7271273.000,0
14-06-2020 12:00,iCRJl6heRkivqQ3,7549.14,3436,7403291.000,739.071
09-06-2020 12:00,uHbuxQJl8lW7ozc,7373.75,4070.25,7229624.250,721.837
08-06-2020 03:15,adLQvlD726eNBSB,0,0,6453384.000,0
15-06-2020 23:00,z9Y9gH1T5YWrNuG,0,6716,7239184.000,0
02-06-2020 21:30,bvBOhCH3iADSZry,0,6842,6445487.000,0
22-05-2020 18:30,VHMLBKoKgIrUVDU,0,7360,7263721.000,0
17-05-2020 14:15,WRmjgnKYAwPKWDb,6641.57,5904.57,7047334.571,649.643
31-05-2020 21:30,uHbuxQJl8lW7ozc,0,6081,7165353.000,0
30-05-2020 18:15,rGa61gmuvPhdLxV,283.125,7359.88,7230433.875,27.3625
17-05-2020 02:00,wCURE6d3bPkepu2,0,0,6795470.000,0
17-05-2020 01:30,z9Y9gH1T5YWrNuG,0,0,7020740.000,0
27-05-2020 15:00,wCURE6d3bPkepu2,4203.75,5570.75,6878055.750,412.788
08-06-2020 17:00,uHbuxQJl8lW7ozc,3227.57,8192.14,7225341.143,316.586
07-06-2020 09:30,rGa61gmuvPhdLxV,6678.29,1158.29,7280659.286,654.086
16-05-2020 16:00,VHMLBKoKgIrUVDU,3429.5,6329,7218995.000,337.15
09-06-2020 00:00,YxYtjZvoooNbGkE,0,0,7365310.000,0
08-06-2020 06:45,zBIq5rxdHJRwDNY,1097,46.375,6514957.375,106.625
30-05-2020 19:15,pkci93gMrogZuBj,0,7341,7288876.000,0
06-06-2020 22:00,z9Y9gH1T5YWrNuG,0,0,7177289.000,0
02-06-2020 14:30,uHbuxQJl8lW7ozc,10000.5,5865.62,7176807.625,976.513
16-05-2020 12:45,1BY6WEcLGh8j5v7,11209,3711.86,6269024.857,1095.29
04-06-2020 03:15,1IF53ai7Xc0U56Y,0,0,6332659.000,0
30-05-2020 15:45,z9Y9gH1T5YWrNuG,7590.71,6291.43,7126746.429,743.157
05-06-2020 12:30,VHMLBKoKgIrUVDU,3737.14,3887.14,7367708.143,367.3
11-06-2020 13:15,7JYdWkrLSPkdwr4,7251.38,3194.12,7804285.125,710.062
14-06-2020 07:45,1BY6WEcLGh8j5v7,4105.43,280.714,6463943.714,403.114
22-05-2020 21:15,ZnxXDlPa8U1GXgE,0,7275,6579139.000,0
16-06-2020 12:45,McdE0feGgRqW7Ca,7353.43,3857.43,7400087.429,719.343
03-06-2020 10:15,ZoEaEvLYb1n2sOq,5994.62,1522.62,7237249.625,587.4
04-06-2020 20:45,iCRJl6heRkivqQ3,0,0,7334000.000,0
09-06-2020 15:15,ZnxXDlPa8U1GXgE,8334.25,6777.12,6716475.125,815.6
06-06-2020 05:15,z9Y9gH1T5YWrNuG,0,0,7171001.000,0
24-05-2020 02:15,ih0vzX44oOqAx2f,0,0,6248938.000,0
12-06-2020 05:15,ZnxXDlPa8U1GXgE,0,0,6729902.000,0
06-06-2020 12:15,McdE0feGgRqW7Ca,9348.43,3715.57,7328396.571,913.043
22-05-2020 14:45,wCURE6d3bPkepu2,10758,6062.14,6838117.143,1051.44
07-06-2020 16:30,3PZuoBAID5Wc2HD,3209.25,7813.25,7166795.250,314.837
02-06-2020 18:00,rGa61gmuvPhdLxV,365.429,7346.86,7249315.857,35.3429
30-05-2020 15:45,bvBOhCH3iADSZry,6826.25,5901.25,6426924.250,668.612
22-05-2020 11:00,uHbuxQJl8lW7ozc,8452.57,2260.14,7090236.143,826.2
07-06-2020 13:15,1BY6WEcLGh8j5v7,0,3634,6422116.000,0
08-06-2020 18:45,uHbuxQJl8lW7ozc,0,8405,7225554.000,0
01-06-2020 05:30,rGa61gmuvPhdLxV,0,0,7236332.000,0
31-05-2020 07:45,wCURE6d3bPkepu2,2331.29,194.857,6903352.857,228.586
08-06-2020 20:15,McdE0feGgRqW7Ca,0,8580,7346782.000,0
16-06-2020 09:30,7JYdWkrLSPkdwr4,7643.43,1201.43,7836000.429,748.257
14-06-2020 00:00,VHMLBKoKgIrUVDU,0,1081.5,7429566.000,0
25-05-2020 22:00,pkci93gMrogZuBj,0,8812,7250519.000,0
25-05-2020 13:45,rGa61gmuvPhdLxV,11780.6,6264.12,7189559.125,1149.64
21-05-2020 14:00,bvBOhCH3iADSZry,8111.71,5467.86,6360505.857,793.671
16-05-2020 18:15,WRmjgnKYAwPKWDb,119.375,6614.25,7041429.250,11.525
27-05-2020 13:15,sjndEbLyjtCKgGv,5104.71,4687,7110576.000,500.443
24-05-2020 06:15,ZoEaEvLYb1n2sOq,385,6.875,7162190.875,37.2
14-06-2020 04:00,McdE0feGgRqW7Ca,0,0,7381923.000,0
04-06-2020 15:30,ih0vzX44oOqAx2f,8489.62,6763.25,6335773.250,830.638
16-05-2020 13:30,sjndEbLyjtCKgGv,8671.29,4464.86,7027646.857,848.3
15-05-2020 06:15,rGa61gmuvPhdLxV,315.429,3,7111496.000,30.4714
17-05-2020 01:45,3PZuoBAID5Wc2HD,0,0,7000689.000,0
19-05-2020 15:00,rGa61gmuvPhdLxV,7616.71,5703.14,7142605.143,745.643
26-05-2020 08:30,3PZuoBAID5Wc2HD,7143.5,759.5,7071395.500,699.538
25-05-2020 15:30,ih0vzX44oOqAx2f,8092.57,7309.14,6263803.143,792.029
24-05-2020 05:30,McdE0feGgRqW7Ca,0,0,7224636.000,0
30-05-2020 11:45,adLQvlD726eNBSB,9280.14,2392.57,6389744.571,907.329
03-06-2020 05:00,sjndEbLyjtCKgGv,0,0,7155447.000,0
16-06-2020 21:45,wCURE6d3bPkepu2,0,6274,7022718.000,0
08-06-2020 04:15,VHMLBKoKgIrUVDU,0,0,7386208.000,0
08-06-2020 16:15,7JYdWkrLSPkdwr4,3680.38,7743.75,7786253.750,360.988
14-06-2020 01:00,sjndEbLyjtCKgGv,0,0,7235504.000,0
18-05-2020 23:30,uHbuxQJl8lW7ozc,0,5408,7064201.000,0
31-05-2020 00:15,wCURE6d3bPkepu2,0,0,6903158.000,0
28-05-2020 10:45,sjndEbLyjtCKgGv,8971.25,2687.25,7115252.250,876.837
02-06-2020 05:00,zBIq5rxdHJRwDNY,0,0,6469033.000,0
22-05-2020 16:45,zBIq5rxdHJRwDNY,1948.29,7073.43,6395672.429,190.986
04-06-2020 07:15,wCURE6d3bPkepu2,2393.57,128.714,6930904.714,234.771
07-06-2020 15:00,YxYtjZvoooNbGkE,8083.75,6719.62,7355531.625,789.688
29-05-2020 20:45,zBIq5rxdHJRwDNY,0,0,6449905.000,0
30-05-2020 11:45,YxYtjZvoooNbGkE,8580.88,2288.62,7294791.625,839.288
07-06-2020 09:45,uHbuxQJl8lW7ozc,6147.86,1312.71,7210167.714,602.357
11-06-2020 22:45,WRmjgnKYAwPKWDb,0,5619,7232986.000,0
25-05-2020 15:00,YxYtjZvoooNbGkE,10230.1,7599.14,7260250.143,1000.16
09-06-2020 23:00,sjndEbLyjtCKgGv,0,8170,7209095.000,0
08-06-2020 00:45,3PZuoBAID5Wc2HD,0,0,7167224.000,0
19-05-2020 15:15,1IF53ai7Xc0U56Y,5900.25,5976.38,6215782.375,578.237
20-05-2020 21:00,YxYtjZvoooNbGkE,0,8818,7221294.000,0
26-05-2020 20:45,zBIq5rxdHJRwDNY,0,0,6427702.000,0
14-06-2020 22:30,z9Y9gH1T5YWrNuG,0,7238,7232468.000,0
16-06-2020 13:00,zVJPv84UY57bAof,5017.29,3920.71,7355020.714,492.1
10-06-2020 20:30,YxYtjZvoooNbGkE,0,6419,7379687.000,0
23-05-2020 08:15,adLQvlD726eNBSB,7061.12,498.75,6329449.750,691.35
16-05-2020 23:30,WRmjgnKYAwPKWDb,0,6615,7041430.000,0
26-05-2020 06:00,z9Y9gH1T5YWrNuG,138.375,1.25,7089441.250,13.3375
09-06-2020 05:00,pkci93gMrogZuBj,0,0,7354476.000,0
22-05-2020 20:45,rGa61gmuvPhdLxV,0,0,7167141.000,0
06-06-2020 23:15,zBIq5rxdHJRwDNY,0,0,6506728.000,0
04-06-2020 02:45,uHbuxQJl8lW7ozc,0,0,7186255.000,0
04-06-2020 11:15,ZoEaEvLYb1n2sOq,10568.4,2784.75,7246285.750,1031.86
15-05-2020 18:00,sjndEbLyjtCKgGv,291.286,6345.14,7023177.143,28.1429
28-05-2020 00:30,wCURE6d3bPkepu2,0,0,6879195.000,0
14-06-2020 10:45,pkci93gMrogZuBj,10801.9,2292.43,7391453.429,1055.47
03-06-2020 18:15,ZnxXDlPa8U1GXgE,373.143,7909.43,6670877.429,36.0571
25-05-2020 04:45,zVJPv84UY57bAof,0,0,7188796.000,0
03-06-2020 05:15,1BY6WEcLGh8j5v7,0,0,6390468.000,0
16-06-2020 06:15,uHbuxQJl8lW7ozc,173.125,1.125,7274744.125,16.725
23-05-2020 13:00,iCRJl6heRkivqQ3,10631.1,5193.29,7239786.286,1038.49
07-06-2020 07:00,1IF53ai7Xc0U56Y,1830.29,92,6355191.000,179.4
01-06-2020 20:30,z9Y9gH1T5YWrNuG,0,5931,7139828.000,0
01-06-2020 03:45,McdE0feGgRqW7Ca,0,0,7286760.000,0
15-05-2020 08:15,pkci93gMrogZuBj,5152.57,374.429,7169476.429,505.257
07-06-2020 19:15,iCRJl6heRkivqQ3,0,8277,7356511.000,0
16-06-2020 17:00,wCURE6d3bPkepu2,1930.14,6118.29,7022562.286,189.171
15-05-2020 06:45,iCRJl6heRkivqQ3,1271.43,36.4286,7178028.429,123.829
07-06-2020 20:30,ZnxXDlPa8U1GXgE,0,8209,6701263.000,0
04-06-2020 03:15,adLQvlD726eNBSB,0,0,6422267.000,0
15-06-2020 11:00,1IF53ai7Xc0U56Y,12094.5,3056.12,6417424.125,1180.26
12-06-2020 08:45,rGa61gmuvPhdLxV,4172.12,372,7316804.000,409.762
12-06-2020 08:45,McdE0feGgRqW7Ca,4133.57,377.571,7367750.571,406
17-06-2020 08:15,wCURE6d3bPkepu2,3823,383.5,7023101.500,375.663
16-06-2020 23:00,1BY6WEcLGh8j5v7,0,5848,6479798.000,0
13-06-2020 13:15,YxYtjZvoooNbGkE,8487.62,5428.12,7396487.125,830
12-06-2020 16:15,WRmjgnKYAwPKWDb,2714,5423.29,7238409.286,266.2
06-06-2020 18:00,pkci93gMrogZuBj,139,6431,7337918.000,13.45
10-06-2020 15:00,z9Y9gH1T5YWrNuG,2076.88,5501.88,7204554.875,203.4
16-05-2020 18:45,YxYtjZvoooNbGkE,0,6475,7192732.000,0
28-05-2020 15:45,pkci93gMrogZuBj,6207.29,7582.43,7272567.429,607.986
06-06-2020 03:15,uHbuxQJl8lW7ozc,0,0,7202373.000,0
18-05-2020 22:45,WRmjgnKYAwPKWDb,0,5348,7054452.000,0
15-06-2020 18:15,iCRJl6heRkivqQ3,231.875,6774.5,7413998.500,22.3875
10-06-2020 05:45,wCURE6d3bPkepu2,0,0,6975980.000,0
13-06-2020 01:30,McdE0feGgRqW7Ca,0,0,7373328.000,0
11-06-2020 20:00,zBIq5rxdHJRwDNY,0,5647,6543550.000,0
17-06-2020 01:15,wCURE6d3bPkepu2,0,0,7022718.000,0
13-06-2020 14:15,sjndEbLyjtCKgGv,11739.7,6411.71,7233512.714,1145.8
28-05-2020 15:45,wCURE6d3bPkepu2,7095.5,7833.5,6887028.500,694.775
15-06-2020 07:45,7JYdWkrLSPkdwr4,3649.75,264.375,7828422.375,358.375
15-06-2020 00:30,sjndEbLyjtCKgGv,0,0,7242811.000,0
08-06-2020 17:30,sjndEbLyjtCKgGv,2037,8277.86,7200831.857,199.6
03-06-2020 04:45,z9Y9gH1T5YWrNuG,0,0,7147274.000,0
04-06-2020 01:00,zVJPv84UY57bAof,0,0,7263053.000,0
26-05-2020 00:15,WRmjgnKYAwPKWDb,0,0,7109996.000,0
15-06-2020 16:00,VHMLBKoKgIrUVDU,1790.71,6331.71,7443386.714,175.257
27-05-2020 09:00,7JYdWkrLSPkdwr4,7706.29,1017.14,7692929.143,754.343
12-06-2020 07:15,McdE0feGgRqW7Ca,1107.43,66.4286,7367439.429,107.643
15-05-2020 11:30,ih0vzX44oOqAx2f,5802.14,2316.86,6187503.800,568.571
06-06-2020 16:15,3PZuoBAID5Wc2HD,1513,6349.43,7158835.429,147.8
13-06-2020 11:30,z9Y9gH1T5YWrNuG,13033.5,3437.5,7220304.500,1270.79
24-05-2020 13:45,uHbuxQJl8lW7ozc,11723.1,5688.14,7109434.143,1143.34
01-06-2020 20:00,McdE0feGgRqW7Ca,0,5992,7292752.000,0
02-06-2020 18:00,3PZuoBAID5Wc2HD,303.75,7343.5,7128612.500,29.35
27-05-2020 02:30,adLQvlD726eNBSB,0,0,6363516.000,0
29-05-2020 14:45,1IF53ai7Xc0U56Y,8923.88,6708,6296666.000,873
23-05-2020 11:15,bvBOhCH3iADSZry,11383.2,2788.38,6371696.375,1111.25
29-05-2020 15:30,ZoEaEvLYb1n2sOq,7195.25,7081,7208619.000,704.538
09-06-2020 07:15,bvBOhCH3iADSZry,2507.86,146.286,6486132.286,245.929
02-06-2020 01:15,z9Y9gH1T5YWrNuG,0,0,7139828.000,0
01-06-2020 07:45,zBIq5rxdHJRwDNY,4877.88,351,6463590.000,478.312
05-06-2020 20:15,zBIq5rxdHJRwDNY,0,7723,6500302.000,0
18-05-2020 02:00,7JYdWkrLSPkdwr4,0,0,7623063.000,0
12-06-2020 23:00,iCRJl6heRkivqQ3,0,5888,7391359.000,0
11-06-2020 14:00,1BY6WEcLGh8j5v7,6583.43,3420.71,6448401.714,644.814
16-06-2020 08:00,WRmjgnKYAwPKWDb,5016.71,359.571,7261674.571,492.029
15-06-2020 02:30,sjndEbLyjtCKgGv,0,0,7242811.000,0
16-05-2020 08:45,wCURE6d3bPkepu2,6435.14,719,6789646.000,630.414
16-05-2020 21:15,rGa61gmuvPhdLxV,0,6233,7124099.000,0
28-05-2020 10:15,WRmjgnKYAwPKWDb,10088.1,2312.88,7126850.875,985.212
09-06-2020 12:15,z9Y9gH1T5YWrNuG,9249.43,3826.71,7195250.714,903.457
16-06-2020 20:45,pkci93gMrogZuBj,0,6261,7409478.000,0
23-05-2020 17:30,z9Y9gH1T5YWrNuG,2060.71,8432.57,7072651.571,202.029
06-06-2020 20:30,rGa61gmuvPhdLxV,0,0,7279501.000,0
22-05-2020 21:45,zVJPv84UY57bAof,0,0,7172294.000,0
17-05-2020 13:00,3PZuoBAID5Wc2HD,6893.25,5055.12,7005744.125,674.812
15-06-2020 02:00,bvBOhCH3iADSZry,0,0,6521600.000,0
04-06-2020 21:30,1IF53ai7Xc0U56Y,0,8196,6340855.000,0
14-06-2020 13:30,VHMLBKoKgIrUVDU,9958.14,4779.14,7434345.143,973.686
13-06-2020 02:15,bvBOhCH3iADSZry,0,0,6509779.000,0
22-05-2020 21:00,WRmjgnKYAwPKWDb,0,7237,7084595.000,0
31-05-2020 11:45,uHbuxQJl8lW7ozc,8176,3243.14,7162515.143,799.229
25-05-2020 15:15,z9Y9gH1T5YWrNuG,8336.62,7820.25,7088458.250,815.712
18-05-2020 00:30,VHMLBKoKgIrUVDU,0,0,7227097.000,0
16-06-2020 15:15,bvBOhCH3iADSZry,4187.57,4978.86,6532770.857,411.186
25-05-2020 12:30,McdE0feGgRqW7Ca,12962.1,4929.75,7237620.750,1263.81
28-05-2020 03:45,adLQvlD726eNBSB,0,0,6370373.000,0
09-06-2020 09:45,z9Y9gH1T5YWrNuG,9343,1513.62,7192937.625,913.288
05-06-2020 22:30,YxYtjZvoooNbGkE,0,7603,7342489.000,0
17-05-2020 16:30,WRmjgnKYAwPKWDb,4414.43,7372.43,7048802.429,433.043
29-05-2020 15:45,zBIq5rxdHJRwDNY,7483.71,7082,6449076.000,732.729
22-05-2020 09:15,VHMLBKoKgIrUVDU,5779.25,1044,7257405.000,566.337
06-06-2020 22:30,bvBOhCH3iADSZry,0,5873,6473124.000,0
07-06-2020 11:30,McdE0feGgRqW7Ca,11833.8,3145,7334305.000,1155.01
11-06-2020 00:15,adLQvlD726eNBSB,0,0,6476944.000,0
14-06-2020 04:15,7JYdWkrLSPkdwr4,0,0,7820852.000,0
01-06-2020 00:00,ZoEaEvLYb1n2sOq,0,0,7222644.000,0
31-05-2020 05:00,1IF53ai7Xc0U56Y,0,0,6305543.000,0
31-05-2020 11:15,7JYdWkrLSPkdwr4,8385.75,2460.5,7724438.500,819.938
07-06-2020 03:00,pkci93gMrogZuBj,0,0,7337918.000,0
13-06-2020 18:30,wCURE6d3bPkepu2,67.7143,8460.71,7002368.714,6.51429
16-06-2020 20:15,adLQvlD726eNBSB,0,6396,6518398.000,0
15-05-2020 20:45,zBIq5rxdHJRwDNY,0,6396,6345776.000,0
21-05-2020 22:45,1IF53ai7Xc0U56Y,0,0,6233247.000,0
14-06-2020 18:45,1IF53ai7Xc0U56Y,0,7487,6414368.000,0
18-05-2020 09:15,VHMLBKoKgIrUVDU,1771,523.143,7227620.143,173.614
07-06-2020 03:15,ZnxXDlPa8U1GXgE,0,0,6693054.000,0
17-05-2020 19:45,YxYtjZvoooNbGkE,0,7497,7200229.000,0
17-05-2020 04:30,zBIq5rxdHJRwDNY,0,0,6352150.000,0
23-05-2020 04:45,ZoEaEvLYb1n2sOq,0,0,7153713.000,0
20-05-2020 06:15,ih0vzX44oOqAx2f,432.5,6.375,6217283.375,41.8375
13-06-2020 11:00,ZoEaEvLYb1n2sOq,10471.1,2867.86,7310252.857,1022.21
03-06-2020 11:15,wCURE6d3bPkepu2,9308.43,2465.57,6925334.571,910.471
23-05-2020 21:00,7JYdWkrLSPkdwr4,0,8450,7667220.000,0
01-06-2020 06:15,z9Y9gH1T5YWrNuG,446.625,6.25,7133903.250,43.2
23-05-2020 15:15,ih0vzX44oOqAx2f,7952.57,7070.71,6247613.714,778.371
14-06-2020 03:00,YxYtjZvoooNbGkE,0,0,7399439.000,0
14-06-2020 01:15,uHbuxQJl8lW7ozc,0,0,7260531.000,0
06-06-2020 08:15,1IF53ai7Xc0U56Y,5409.14,661,6349218.000,530.271
27-05-2020 11:45,rGa61gmuvPhdLxV,9830,3233.71,7203102.714,959.886
17-06-2020 09:15,WRmjgnKYAwPKWDb,5583.88,834.625,7268413.625,547.25
15-05-2020 15:00,wCURE6d3bPkepu2,7779,5191.88,6787789.875,761.388
15-05-2020 04:45,YxYtjZvoooNbGkE,0,0,7179966.000,0
20-05-2020 02:30,zBIq5rxdHJRwDNY,0,0,6371971.000,0
23-05-2020 14:45,z9Y9gH1T5YWrNuG,7321.86,6857.43,7071076.429,716.914
21-05-2020 08:15,3PZuoBAID5Wc2HD,6079.75,536.125,7030030.125,595.712
07-06-2020 21:45,ZnxXDlPa8U1GXgE,0,8209,6701263.000,0
10-06-2020 22:30,iCRJl6heRkivqQ3,0,6559,7379779.000,0
18-05-2020 00:45,ih0vzX44oOqAx2f,0,0,6205201.000,0
04-06-2020 01:30,WRmjgnKYAwPKWDb,0,0,7174627.000,0
03-06-2020 06:15,McdE0feGgRqW7Ca,350.143,4.57143,7300363.571,33.8571
17-05-2020 20:30,zBIq5rxdHJRwDNY,0,7507,6359657.000,0
13-06-2020 02:30,YxYtjZvoooNbGkE,0,0,7391059.000,0
04-06-2020 09:30,iCRJl6heRkivqQ3,6845.88,1229.25,7326925.250,670.325
01-06-2020 14:45,ih0vzX44oOqAx2f,2882,5243.75,6313475.750,282.95
06-06-2020 08:30,pkci93gMrogZuBj,6703.29,732.857,7332219.857,656.514
15-06-2020 17:15,bvBOhCH3iADSZry,2082.75,6088.38,6527688.375,204.188
23-05-2020 21:30,1IF53ai7Xc0U56Y,0,8673,6249207.000,0
05-06-2020 11:00,ZoEaEvLYb1n2sOq,9124.88,2491.88,7254031.875,891.525
03-06-2020 21:15,bvBOhCH3iADSZry,0,7237,6452724.000,0
27-05-2020 06:15,zBIq5rxdHJRwDNY,348.571,5.71429,6427707.714,33.6571
07-06-2020 22:15,ZnxXDlPa8U1GXgE,0,8209,6701263.000,0
18-05-2020 19:00,adLQvlD726eNBSB,0,5506,6297816.000,0
26-05-2020 02:45,sjndEbLyjtCKgGv,0,0,7098111.000,0
19-05-2020 23:00,ZoEaEvLYb1n2sOq,0,6805,7130332.000,0
31-05-2020 05:00,ZnxXDlPa8U1GXgE,0,0,6643383.000,0
17-06-2020 02:45,YxYtjZvoooNbGkE,0,0,7419556.000,0
19-05-2020 19:00,ZnxXDlPa8U1GXgE,0,6974,6555136.000,0
26-05-2020 18:30,ZoEaEvLYb1n2sOq,0,0,7186690.000,0
17-05-2020 02:00,WRmjgnKYAwPKWDb,0,0,7041430.000,0
16-05-2020 14:30,zVJPv84UY57bAof,7516.86,5186.29,7127302.286,735.914
15-05-2020 18:45,3PZuoBAID5Wc2HD,0,6274,6994033.000,0
02-06-2020 01:45,bvBOhCH3iADSZry,0,0,6438645.000,0
24-05-2020 23:00,ZnxXDlPa8U1GXgE,0,8028,6595756.000,0
09-06-2020 03:30,WRmjgnKYAwPKWDb,0,0,7213001.000,0
14-06-2020 22:15,z9Y9gH1T5YWrNuG,0,7238,7232468.000,0
22-05-2020 14:00,YxYtjZvoooNbGkE,10120.5,5285.38,7234319.375,987.3
23-05-2020 07:30,VHMLBKoKgIrUVDU,3261.62,149.125,7263870.125,320.575
15-06-2020 20:00,pkci93gMrogZuBj,0,6795,7403217.000,0
16-06-2020 22:00,zBIq5rxdHJRwDNY,0,5719,6577552.000,0
24-05-2020 18:45,ZnxXDlPa8U1GXgE,0,8028,6595756.000,0
02-06-2020 12:30,ZnxXDlPa8U1GXgE,9591.25,3918.5,6659361.500,937.312
21-05-2020 13:15,ZoEaEvLYb1n2sOq,13170.6,5000.86,7144068.857,1284.1
28-05-2020 03:00,zVJPv84UY57bAof,0,0,7212082.000,0
14-06-2020 08:30,ZoEaEvLYb1n2sOq,4894.29,597.857,7316360.857,480.014
06-06-2020 15:30,1BY6WEcLGh8j5v7,3932,5609.29,6418151.286,386.343
28-05-2020 09:00,1IF53ai7Xc0U56Y,8653.86,1165.57,6282627.571,846.8
15-06-2020 23:00,3PZuoBAID5Wc2HD,0,6819,7225042.000,0
28-05-2020 04:45,z9Y9gH1T5YWrNuG,0,0,7103885.000,0
15-06-2020 23:15,rGa61gmuvPhdLxV,0,6732,7344704.000,0
18-05-2020 18:30,wCURE6d3bPkepu2,0,5393,6808393.000,0
30-05-2020 10:30,7JYdWkrLSPkdwr4,5209.38,1385.5,7716220.500,510.688
07-06-2020 17:15,z9Y9gH1T5YWrNuG,3420.12,6193.12,7183482.125,336.038
18-05-2020 02:15,7JYdWkrLSPkdwr4,0,0,7623063.000,0
19-05-2020 14:15,uHbuxQJl8lW7ozc,9194.88,5107.75,7069308.750,899.237
17-05-2020 16:15,YxYtjZvoooNbGkE,4707.86,7094.14,7199826.143,461.657
28-05-2020 06:15,iCRJl6heRkivqQ3,414.429,6.57143,7274698.571,40.0857
20-05-2020 04:00,bvBOhCH3iADSZry,0,0,6346907.000,0
13-06-2020 21:30,rGa61gmuvPhdLxV,0,8389,7330670.000,0
21-05-2020 14:45,ih0vzX44oOqAx2f,8151.86,6409.29,6232350.286,797.629
10-06-2020 04:00,z9Y9gH1T5YWrNuG,0,0,7199053.000,0
06-06-2020 09:15,ih0vzX44oOqAx2f,5341.14,1140.71,6345616.714,523.786
13-06-2020 19:00,ih0vzX44oOqAx2f,0,8255,6400518.000,0
19-05-2020 05:15,uHbuxQJl8lW7ozc,0,0,7064201.000,0
05-06-2020 14:45,ZoEaEvLYb1n2sOq,10859.1,5698.5,7257238.500,1061.03
16-06-2020 21:15,bvBOhCH3iADSZry,0,5757,6533549.000,0
15-05-2020 16:15,McdE0feGgRqW7Ca,4760.71,6037.14,7165001.143,467.071
01-06-2020 09:45,rGa61gmuvPhdLxV,7626.71,1547.43,7237879.429,746.043
29-05-2020 23:15,sjndEbLyjtCKgGv,0,0,7129029.000,0
20-05-2020 10:15,3PZuoBAID5Wc2HD,11336.5,2285.25,7022797.250,1106.96
15-06-2020 12:15,YxYtjZvoooNbGkE,6191.88,3953.88,7410655.875,606.675
06-06-2020 04:00,adLQvlD726eNBSB,0,0,6438428.000,0
23-05-2020 08:30,iCRJl6heRkivqQ3,7868.25,642.75,7235235.750,770.212
28-05-2020 07:00,sjndEbLyjtCKgGv,1870.12,82.625,7112647.625,183.325
15-06-2020 23:45,uHbuxQJl8lW7ozc,0,6906,7274743.000,0
21-05-2020 17:30,7JYdWkrLSPkdwr4,585.5,7630.62,7651610.625,56.6625
16-06-2020 11:15,bvBOhCH3iADSZry,8073,2633.5,6530425.500,790.163
04-06-2020 01:45,iCRJl6heRkivqQ3,0,0,7325696.000,0
12-06-2020 04:00,sjndEbLyjtCKgGv,0,0,7221254.000,0
17-05-2020 17:30,sjndEbLyjtCKgGv,1373.88,7392.25,7037005.250,133.7
03-06-2020 00:15,VHMLBKoKgIrUVDU,0,0,7347744.000,0
16-05-2020 13:30,zBIq5rxdHJRwDNY,7938.29,4409.86,6350185.857,776.843
17-05-2020 01:45,wCURE6d3bPkepu2,0,0,6795470.000,0
17-06-2020 02:00,WRmjgnKYAwPKWDb,0,0,7267579.000,0
06-06-2020 00:30,uHbuxQJl8lW7ozc,0,0,7202373.000,0
18-05-2020 01:15,wCURE6d3bPkepu2,0,0,6803000.000,0
28-05-2020 05:00,3PZuoBAID5Wc2HD,0,0,7085451.000,0
05-06-2020 09:15,1BY6WEcLGh8j5v7,9033.71,1003.86,6406383.857,883.686
08-06-2020 11:00,pkci93gMrogZuBj,11869.6,2958.75,7349090.750,1157.67
27-05-2020 23:15,wCURE6d3bPkepu2,0,0,6879195.000,0
29-05-2020 14:15,sjndEbLyjtCKgGv,10061.6,6132.75,7127035.750,983.4
15-06-2020 01:15,ZnxXDlPa8U1GXgE,0,0,6751747.000,0
18-05-2020 00:00,adLQvlD726eNBSB,0,0,6292310.000,0
18-05-2020 11:15,iCRJl6heRkivqQ3,7221.14,1163.71,7199530.714,707.071
22-05-2020 02:30,VHMLBKoKgIrUVDU,0,0,7256361.000,0
23-05-2020 14:45,ZnxXDlPa8U1GXgE,7337.43,6890.14,6586029.143,718.471
17-05-2020 13:15,1IF53ai7Xc0U56Y,6339.86,5155.57,6201749.571,620.286
08-06-2020 16:15,z9Y9gH1T5YWrNuG,2424.88,7305.75,7190936.750,237.875
04-06-2020 07:00,YxYtjZvoooNbGkE,1810.75,77.5,7326833.500,177.375
10-06-2020 00:15,z9Y9gH1T5YWrNuG,0,0,7199053.000,0
26-05-2020 21:45,3PZuoBAID5Wc2HD,0,0,7078711.000,0
28-05-2020 09:45,iCRJl6heRkivqQ3,9479.62,1721.75,7276413.750,926.987
24-05-2020 04:30,3PZuoBAID5Wc2HD,0,0,7053268.000,0
29-05-2020 18:15,sjndEbLyjtCKgGv,93,8125.5,7129028.500,9
28-05-2020 03:30,rGa61gmuvPhdLxV,0,0,7206549.000,0
15-05-2020 01:00,bvBOhCH3iADSZry,0,0,6316803.000,0
12-06-2020 14:15,zBIq5rxdHJRwDNY,7391.75,4435.25,6547985.250,723.75
17-05-2020 20:15,WRmjgnKYAwPKWDb,0,7674,7049104.000,0
17-05-2020 21:45,z9Y9gH1T5YWrNuG,0,7486,7028226.000,0
17-05-2020 13:00,sjndEbLyjtCKgGv,4975.71,4768.43,7034381.429,488.129
22-05-2020 02:45,sjndEbLyjtCKgGv,0,0,7065886.000,0
27-05-2020 16:45,3PZuoBAID5Wc2HD,3052.5,6548.12,7085259.125,299.45
26-05-2020 16:00,zVJPv84UY57bAof,4830.71,7095.14,7204704.143,473.529
18-05-2020 15:00,1BY6WEcLGh8j5v7,7249.75,3875.25,6282525.250,709.9
28-05-2020 12:00,ih0vzX44oOqAx2f,10971.1,4148.86,6283002.833,1070.53
22-05-2020 06:15,adLQvlD726eNBSB,604,12,6321585.000,58.4571
06-06-2020 19:45,rGa61gmuvPhdLxV,0,0,7279501.000,0
28-05-2020 11:30,3PZuoBAID5Wc2HD,13294.1,3746.14,7089197.143,1296.17
06-06-2020 03:45,uHbuxQJl8lW7ozc,0,0,7202373.000,0
03-06-2020 17:00,iCRJl6heRkivqQ3,5521.12,7634.75,7325447.750,541.2
06-06-2020 01:15,WRmjgnKYAwPKWDb,0,0,7190270.000,0
15-06-2020 22:00,wCURE6d3bPkepu2,0,6746,7016444.000,0
14-06-2020 06:30,ih0vzX44oOqAx2f,642.625,15.25,6400533.250,62.25
11-06-2020 23:15,WRmjgnKYAwPKWDb,0,5619,7232986.000,0
01-06-2020 20:45,rGa61gmuvPhdLxV,0,5637,7241969.000,0
13-06-2020 17:30,ZnxXDlPa8U1GXgE,1250.71,8497.29,6744282.286,121.957
27-05-2020 05:45,uHbuxQJl8lW7ozc,0,0,7128538.000,0
12-06-2020 18:30,1IF53ai7Xc0U56Y,78.8571,5902.29,6398226.286,7.61429
28-05-2020 22:15,ih0vzX44oOqAx2f,0,8315,6287170.000,0
13-06-2020 00:30,zBIq5rxdHJRwDNY,0,0,6549387.000,0
06-06-2020 20:45,McdE0feGgRqW7Ca,0,0,7331160.000,0
14-06-2020 06:30,wCURE6d3bPkepu2,662.875,16.125,7002385.125,64.175
15-06-2020 23:15,1BY6WEcLGh8j5v7,0,6275,6473950.000,0
16-05-2020 11:45,sjndEbLyjtCKgGv,8922,2817,7025999.000,872.812
16-06-2020 17:30,wCURE6d3bPkepu2,1457,6204.86,7022648.857,142.114
04-06-2020 16:45,wCURE6d3bPkepu2,3766.57,7848.43,6938624.429,369.943
05-06-2020 18:30,ih0vzX44oOqAx2f,108.5,7456.5,6344475.500,10.45
07-06-2020 12:30,YxYtjZvoooNbGkE,13120.8,4246,7353058.000,1279.26
27-05-2020 22:45,iCRJl6heRkivqQ3,0,0,7274692.000,0
27-05-2020 06:15,iCRJl6heRkivqQ3,366.429,6,7268002.000,35.4
15-06-2020 11:45,rGa61gmuvPhdLxV,9095,3543.57,7341515.571,888.871
16-06-2020 23:45,wCURE6d3bPkepu2,0,6274,7022718.000,0
11-06-2020 16:15,uHbuxQJl8lW7ozc,4463.38,5290.12,7245798.125,438.05
03-06-2020 16:45,ZoEaEvLYb1n2sOq,4751.14,7400.14,7243127.143,465.686
01-06-2020 07:30,wCURE6d3bPkepu2,4031.29,242,6909647.000,396.071
11-06-2020 13:45,3PZuoBAID5Wc2HD,6376.12,3566,7194035.000,624.65
15-06-2020 21:45,ih0vzX44oOqAx2f,0,6564,6414247.000,0
13-06-2020 03:45,7JYdWkrLSPkdwr4,0,0,7812417.000,0
13-06-2020 21:45,ih0vzX44oOqAx2f,0,8255,6400518.000,0
18-05-2020 00:00,WRmjgnKYAwPKWDb,0,0,7049104.000,0
30-05-2020 21:30,1IF53ai7Xc0U56Y,0,7332,6305543.000,0
16-06-2020 06:15,pkci93gMrogZuBj,173.5,1.125,7403218.125,16.75
18-05-2020 23:30,WRmjgnKYAwPKWDb,0,5348,7054452.000,0
15-06-2020 14:30,ih0vzX44oOqAx2f,9630.43,5200.29,6412883.286,941
09-06-2020 17:00,uHbuxQJl8lW7ozc,3310.71,8076.14,7233630.143,325.457
20-05-2020 19:00,7JYdWkrLSPkdwr4,0,8772,7643980.000,0
10-06-2020 04:15,zVJPv84UY57bAof,0,0,7310456.000,0
09-06-2020 08:15,z9Y9gH1T5YWrNuG,5421.5,452.875,7191876.875,531.4
25-05-2020 17:00,1IF53ai7Xc0U56Y,1163.71,8961.57,6266441.571,113.157
12-06-2020 17:30,sjndEbLyjtCKgGv,2179.12,5746.25,7227000.250,213.65
27-05-2020 16:45,rGa61gmuvPhdLxV,3432.12,6486.88,7206355.875,336.575
12-06-2020 03:15,1BY6WEcLGh8j5v7,0,0,6450238.000,0
19-05-2020 09:15,uHbuxQJl8lW7ozc,5845.62,831.875,7065032.875,572.8
18-05-2020 14:45,ZnxXDlPa8U1GXgE,6377.14,4017.71,6546755.714,624.686
30-05-2020 00:15,VHMLBKoKgIrUVDU,0,0,7321059.000,0
31-05-2020 19:15,iCRJl6heRkivqQ3,0,5969,7304567.000,0
22-05-2020 04:45,McdE0feGgRqW7Ca,0,0,7209055.000,0
15-06-2020 16:30,z9Y9gH1T5YWrNuG,3486.57,6365.29,7238833.286,342.757
04-06-2020 22:15,VHMLBKoKgIrUVDU,0,8160,7363821.000,0
18-05-2020 16:30,z9Y9gH1T5YWrNuG,3616.25,5072.25,7033298.250,355.462
20-05-2020 06:00,adLQvlD726eNBSB,128.25,0.25,6304513.250,12.375
09-06-2020 23:30,ZoEaEvLYb1n2sOq,0,7955,7289679.000,0
17-06-2020 06:45,1BY6WEcLGh8j5v7,355.5,0,6479798.000,34.45
30-05-2020 14:15,ZoEaEvLYb1n2sOq,11402.2,5014.5,7214614.500,1113.09
27-05-2020 17:30,uHbuxQJl8lW7ozc,955.857,6689.86,7135227.857,92.8286
13-06-2020 09:45,3PZuoBAID5Wc2HD,11053,1847.14,7203933.143,1079.01
23-05-2020 19:45,ih0vzX44oOqAx2f,0,8395,6248938.000,0
16-06-2020 14:00,1IF53ai7Xc0U56Y,6387.14,4706.71,6425920.714,625.7
24-05-2020 00:15,pkci93gMrogZuBj,0,0,7233675.000,0
12-06-2020 20:30,pkci93gMrogZuBj,0,5851,7380807.000,0
24-05-2020 17:30,uHbuxQJl8lW7ozc,1830,8029,7111775.000,179.229
12-06-2020 07:15,ZoEaEvLYb1n2sOq,1036.25,63.25,7301695.250,100.7
17-05-2020 10:00,bvBOhCH3iADSZry,9087.62,1652.75,6330300.750,888.938
15-05-2020 01:45,z9Y9gH1T5YWrNuG,0,0,7007866.000,0
24-05-2020 00:00,McdE0feGgRqW7Ca,0,0,7224636.000,0
07-06-2020 07:15,7JYdWkrLSPkdwr4,1846.5,132.625,7770589.625,181
14-06-2020 18:15,bvBOhCH3iADSZry,226.143,3955.14,6521597.143,21.8429
26-05-2020 22:00,McdE0feGgRqW7Ca,0,0,7249560.000,0
10-06-2020 12:00,pkci93gMrogZuBj,12897.4,3038.71,7365754.714,1258.21
31-05-2020 08:45,uHbuxQJl8lW7ozc,6531.86,557.571,7159829.571,639.729
22-05-2020 02:45,7JYdWkrLSPkdwr4,0,0,7651635.000,0
04-06-2020 21:45,1IF53ai7Xc0U56Y,0,8196,6340855.000,0
26-05-2020 10:45,ZoEaEvLYb1n2sOq,11786.1,2746.57,7181660.571,1149.96
04-06-2020 03:15,sjndEbLyjtCKgGv,0,0,7163293.000,0
10-06-2020 04:30,ZoEaEvLYb1n2sOq,0,0,7289679.000,0
31-05-2020 01:45,rGa61gmuvPhdLxV,0,0,7230438.000,0
11-06-2020 10:45,WRmjgnKYAwPKWDb,6004.14,1347.86,7228714.857,588.329
27-05-2020 14:15,pkci93gMrogZuBj,4088.71,5018.14,7263312.143,401.614
27-05-2020 07:15,VHMLBKoKgIrUVDU,2070.43,145.286,7297760.286,202.986
15-06-2020 09:30,YxYtjZvoooNbGkE,8965.43,1498.57,7408200.571,876.829
10-06-2020 04:15,ih0vzX44oOqAx2f,0,0,6374755.000,0
31-05-2020 13:45,3PZuoBAID5Wc2HD,5540.43,4424.14,7113912.143,541.9
11-06-2020 14:00,ZnxXDlPa8U1GXgE,6801.57,3700,6727910.000,666.1
21-05-2020 13:45,wCURE6d3bPkepu2,11084,5698.88,6829942.875,1081.76
24-05-2020 20:45,ih0vzX44oOqAx2f,0,7556,6256494.000,0
06-06-2020 19:30,McdE0feGgRqW7Ca,0,0,7331160.000,0
12-06-2020 18:45,pkci93gMrogZuBj,0,5851,7380807.000,0
23-05-2020 01:00,uHbuxQJl8lW7ozc,0,0,7095253.000,0
10-06-2020 21:30,rGa61gmuvPhdLxV,0,6565,7310769.000,0
23-05-2020 10:00,McdE0feGgRqW7Ca,9268.5,1933.75,7217885.750,906.562
30-05-2020 04:00,zVJPv84UY57bAof,0,0,7228687.000,0
12-06-2020 19:15,WRmjgnKYAwPKWDb,0,5794,7238780.000,0
10-06-2020 13:00,wCURE6d3bPkepu2,10212.3,4084,6980064.000,997.314
01-06-2020 18:15,wCURE6d3bPkepu2,268,5936,6915341.000,25.8857
12-06-2020 03:45,VHMLBKoKgIrUVDU,0,0,7415011.000,0
21-05-2020 16:15,adLQvlD726eNBSB,3410.29,7664.14,6321279.143,335.143
24-05-2020 16:45,zVJPv84UY57bAof,4087,7636.25,7188474.250,400.975
16-06-2020 10:30,bvBOhCH3iADSZry,7981,1969.29,6529761.286,781.171
17-05-2020 01:45,McdE0feGgRqW7Ca,0,0,7172021.000,0
25-05-2020 15:45,1BY6WEcLGh8j5v7,7651.5,7739.12,6335679.125,749.075
27-05-2020 02:30,ZoEaEvLYb1n2sOq,0,0,7186690.000,0
10-06-2020 08:45,1BY6WEcLGh8j5v7,5896.14,650.714,6439720.714,577.857
02-06-2020 04:15,pkci93gMrogZuBj,0,0,7300300.000,0
28-05-2020 06:15,WRmjgnKYAwPKWDb,460.429,9,7124547.000,44.5429
09-06-2020 07:15,z9Y9gH1T5YWrNuG,2322.71,138.143,7191562.143,227.743
10-06-2020 08:45,VHMLBKoKgIrUVDU,6796.14,734.143,7403550.143,665.657
15-06-2020 10:00,1IF53ai7Xc0U56Y,9302.29,2027.43,6416395.429,909.457
03-06-2020 09:15,ih0vzX44oOqAx2f,6228.29,941.286,6322252.286,610.186
13-06-2020 10:45,zVJPv84UY57bAof,11171.4,2562,7331112.000,1089.92
22-05-2020 23:15,pkci93gMrogZuBj,0,0,7225200.000,0
30-05-2020 21:30,McdE0feGgRqW7Ca,0,7352,7280565.000,0
17-06-2020 01:45,VHMLBKoKgIrUVDU,0,0,7450201.000,0
20-05-2020 11:00,YxYtjZvoooNbGkE,11477.4,2968.75,7215444.750,1120.24
08-06-2020 17:15,ih0vzX44oOqAx2f,2499.43,8075,6366767.000,245.1
01-06-2020 20:45,3PZuoBAID5Wc2HD,0,5965,7121269.000,0
19-05-2020 20:30,1BY6WEcLGh8j5v7,0,6449,6290097.000,0
16-05-2020 10:30,adLQvlD726eNBSB,9907,2016.86,6279754.857,968.629
07-06-2020 21:30,pkci93gMrogZuBj,0,8214,7346132.000,0
26-05-2020 08:30,7JYdWkrLSPkdwr4,6808,716.714,7684736.714,666.814
03-06-2020 15:00,7JYdWkrLSPkdwr4,11444.6,6364.14,7747237.143,1117.06
26-05-2020 20:45,rGa61gmuvPhdLxV,0,0,7199869.000,0
31-05-2020 21:30,iCRJl6heRkivqQ3,0,5969,7304567.000,0
14-06-2020 14:00,ih0vzX44oOqAx2f,14126.4,5091.29,6405609.286,1377.31
05-06-2020 22:00,YxYtjZvoooNbGkE,0,7603,7342489.000,0
15-05-2020 05:15,1BY6WEcLGh8j5v7,0,0,6259559.000,0
10-06-2020 13:15,bvBOhCH3iADSZry,6828,3911,6497258.000,668.525
12-06-2020 15:30,ih0vzX44oOqAx2f,5707.57,5050.71,6391603.714,559.357
28-05-2020 19:00,uHbuxQJl8lW7ozc,0,8374,7143632.000,0
24-05-2020 19:30,1BY6WEcLGh8j5v7,0,7537,6327940.000,0
16-05-2020 19:45,VHMLBKoKgIrUVDU,0,6714,7219380.000,0
15-06-2020 05:15,rGa61gmuvPhdLxV,0,0,7337972.000,0
28-05-2020 03:15,ih0vzX44oOqAx2f,0,0,6278855.000,0
25-05-2020 16:45,WRmjgnKYAwPKWDb,1330.38,8765.5,7109882.500,129.438
16-05-2020 20:30,McdE0feGgRqW7Ca,0,6586,7172021.000,0
24-05-2020 04:00,7JYdWkrLSPkdwr4,0,0,7667220.000,0
30-05-2020 06:45,WRmjgnKYAwPKWDb,1217.62,40.25,7140939.250,118.412
01-06-2020 08:15,ih0vzX44oOqAx2f,5762.57,629.571,6308861.571,564.786
16-06-2020 06:30,wCURE6d3bPkepu2,697.5,12.625,7016456.625,67.6
16-06-2020 09:00,sjndEbLyjtCKgGv,5835.43,876.571,7250415.571,571.829
24-05-2020 14:45,zBIq5rxdHJRwDNY,9210,6163.29,6410644.286,900.914
24-05-2020 18:00,McdE0feGgRqW7Ca,637.143,8035,7232671.000,61.7429
09-06-2020 10:45,zVJPv84UY57bAof,12466.4,2722.75,7304889.750,1216.15
02-06-2020 07:00,VHMLBKoKgIrUVDU,1724,61,7340375.000,168.729
28-05-2020 21:00,zBIq5rxdHJRwDNY,0,7911,6441994.000,0
25-05-2020 23:45,wCURE6d3bPkepu2,0,4429.5,6864650.000,0
15-05-2020 13:45,YxYtjZvoooNbGkE,7773.88,4126,7184092.000,761.025
08-06-2020 14:15,ih0vzX44oOqAx2f,10461.6,6065.57,6364757.571,1020.86
29-05-2020 21:15,adLQvlD726eNBSB,0,8343,6387352.000,0
12-06-2020 18:00,ZoEaEvLYb1n2sOq,823.714,5733.43,7307365.429,79.9143
17-05-2020 02:00,ZnxXDlPa8U1GXgE,0,0,6535152.000,0
02-06-2020 06:45,zBIq5rxdHJRwDNY,803.625,30.625,6469063.625,77.9625
26-05-2020 13:30,rGa61gmuvPhdLxV,8270.62,5460.38,7197562.375,808.175
31-05-2020 15:00,sjndEbLyjtCKgGv,2067.14,5364.71,7141619.714,202.671
18-05-2020 03:30,YxYtjZvoooNbGkE,0,0,7200229.000,0
09-06-2020 09:00,iCRJl6heRkivqQ3,8606.29,1057.43,7366012.429,842.143
02-06-2020 03:15,adLQvlD726eNBSB,0,0,6406831.000,0
27-05-2020 14:45,McdE0feGgRqW7Ca,4642.5,5560.38,7255120.375,455.6
19-05-2020 23:45,ZnxXDlPa8U1GXgE,0,6974,6555136.000,0
13-06-2020 15:45,wCURE6d3bPkepu2,5165.38,7835.62,7001743.625,506.562
28-05-2020 07:30,1IF53ai7Xc0U56Y,3752.57,241.571,6281703.571,368.786
21-05-2020 19:45,zVJPv84UY57bAof,0,7944,7165123.000,0
18-05-2020 08:30,zVJPv84UY57bAof,1839.86,378.571,7136393.571,180.371
17-06-2020 15:30,uHbuxQJl8lW7ozc,850.75,5528.5,7286563.500,82.5625
24-05-2020 17:30,3PZuoBAID5Wc2HD,1607.62,8230.5,7061498.500,157.213
24-05-2020 04:30,YxYtjZvoooNbGkE,0,0,7244680.000,0
19-05-2020 04:45,sjndEbLyjtCKgGv,0,0,7042405.000,0
02-06-2020 23:45,VHMLBKoKgIrUVDU,0,0,7347744.000,0
13-06-2020 19:15,rGa61gmuvPhdLxV,0,8389,7330670.000,0
02-06-2020 02:45,1IF53ai7Xc0U56Y,0,0,6317444.000,0
06-06-2020 00:30,rGa61gmuvPhdLxV,0,0,7273090.000,0
24-05-2020 07:00,sjndEbLyjtCKgGv,1729.5,77.625,7081526.625,169.363
28-05-2020 14:00,iCRJl6heRkivqQ3,9490.62,6305.5,7280997.500,927.138
21-05-2020 10:00,bvBOhCH3iADSZry,6167.43,1236.71,6356761.286,603.243
30-05-2020 16:15,3PZuoBAID5Wc2HD,5450.5,6813.12,7109002.125,534.25
04-06-2020 18:30,McdE0feGgRqW7Ca,48.2857,8391.71,7316760.714,4.65714
09-06-2020 15:45,z9Y9gH1T5YWrNuG,7610,6747.29,7198171.286,745.057
08-06-2020 21:15,YxYtjZvoooNbGkE,0,8343,7365310.000,0
14-06-2020 14:15,VHMLBKoKgIrUVDU,12494.7,5686.14,7435252.143,1219.01
08-06-2020 07:15,1IF53ai7Xc0U56Y,2046.62,127.625,6363465.625,200.613
15-06-2020 00:15,3PZuoBAID5Wc2HD,0,0,7218223.000,0
26-05-2020 15:15,McdE0feGgRqW7Ca,5137.25,6751.75,7248400.750,503.462
17-05-2020 18:45,7JYdWkrLSPkdwr4,0,7526,7623063.000,0
24-05-2020 19:30,VHMLBKoKgIrUVDU,0,8180,7280512.000,0
02-06-2020 04:30,McdE0feGgRqW7Ca,0,0,7292752.000,0
15-06-2020 22:15,7JYdWkrLSPkdwr4,0,6641,7834799.000,0
17-06-2020 16:00,zBIq5rxdHJRwDNY,3226.88,5467.62,6583019.625,317.05
30-05-2020 22:30,uHbuxQJl8lW7ozc,0,7340,7159272.000,0
27-05-2020 02:45,wCURE6d3bPkepu2,0,0,6872485.000,0
07-06-2020 01:00,iCRJl6heRkivqQ3,0,0,7348234.000,0
01-06-2020 16:30,sjndEbLyjtCKgGv,1735,5596.14,7147838.143,170.043
03-06-2020 12:15,pkci93gMrogZuBj,10122.6,3493.5,7311143.500,989.388
07-06-2020 17:30,z9Y9gH1T5YWrNuG,2170.86,6265.43,7183554.429,212.8
10-06-2020 17:30,adLQvlD726eNBSB,1549.6,6598.8,6476875.800,151.28
23-05-2020 18:45,wCURE6d3bPkepu2,0,8605,6847830.000,0
07-06-2020 04:00,1BY6WEcLGh8j5v7,0,0,6418482.000,0
05-06-2020 20:30,zBIq5rxdHJRwDNY,0,7723,6500302.000,0
13-06-2020 22:15,zBIq5rxdHJRwDNY,0,8435,6557822.000,0
05-06-2020 08:45,wCURE6d3bPkepu2,7632,672.857,6939693.857,747.157
05-06-2020 10:00,ZnxXDlPa8U1GXgE,10445.3,1644.29,6680706.286,1020.31
06-06-2020 13:15,1IF53ai7Xc0U56Y,4407.5,4733.12,6353290.125,431.4
25-05-2020 22:15,1IF53ai7Xc0U56Y,0,9048,6266528.000,0
12-06-2020 23:45,YxYtjZvoooNbGkE,0,5780,7391059.000,0
07-06-2020 15:30,iCRJl6heRkivqQ3,7866,7144.71,7355378.714,769.771
29-05-2020 11:45,ih0vzX44oOqAx2f,12661,3398.43,6290568.429,1235.16
17-05-2020 06:30,ZnxXDlPa8U1GXgE,451.875,8,6535160.000,43.7125
16-06-2020 01:00,ZoEaEvLYb1n2sOq,0,0,7329691.000,0
16-06-2020 20:15,wCURE6d3bPkepu2,0,6274,7022718.000,0
28-05-2020 01:45,zBIq5rxdHJRwDNY,0,0,6434083.000,0
15-05-2020 15:45,WRmjgnKYAwPKWDb,5468.43,5511.14,7034184.143,536.014
06-06-2020 22:00,ih0vzX44oOqAx2f,0,6197,6350673.000,0
31-05-2020 17:15,ZoEaEvLYb1n2sOq,1778.57,5690.86,7222538.857,174.343
02-06-2020 15:30,bvBOhCH3iADSZry,5543.43,6030.43,6444675.429,543.286
24-05-2020 16:30,uHbuxQJl8lW7ozc,3372.57,7697.71,7111443.714,330.614
31-05-2020 14:00,z9Y9gH1T5YWrNuG,10396.1,5258.57,7132855.571,1014.91
17-06-2020 01:45,3PZuoBAID5Wc2HD,0,0,7231373.000,0
12-06-2020 02:30,3PZuoBAID5Wc2HD,0,0,7196186.000,0
23-05-2020 20:30,1BY6WEcLGh8j5v7,0,7966,6320403.000,0
16-06-2020 17:45,bvBOhCH3iADSZry,949.857,5722.14,6533514.143,92.2571
12-06-2020 17:15,WRmjgnKYAwPKWDb,1778.5,5653.25,7238639.250,174.325
27-05-2020 01:00,z9Y9gH1T5YWrNuG,0,0,7097183.000,0
05-06-2020 10:15,zBIq5rxdHJRwDNY,6450.75,1885.88,6494464.875,631.888
21-05-2020 08:30,iCRJl6heRkivqQ3,6320.43,623,7220228.000,619.186
10-06-2020 09:00,YxYtjZvoooNbGkE,6823.14,866.143,7374134.143,668.229
25-05-2020 17:15,YxYtjZvoooNbGkE,980.375,8755.88,7261406.875,95.2375
16-06-2020 23:30,uHbuxQJl8lW7ozc,0,6292,7281035.000,0
28-05-2020 13:45,ih0vzX44oOqAx2f,9644.43,6042.14,6284897.143,941.629
09-06-2020 02:00,7JYdWkrLSPkdwr4,0,0,7786793.000,0
18-05-2020 01:45,iCRJl6heRkivqQ3,0,0,7198367.000,0
04-06-2020 01:15,ZnxXDlPa8U1GXgE,0,0,6670884.000,0
14-06-2020 18:45,uHbuxQJl8lW7ozc,0,7306,7267837.000,0
30-05-2020 22:45,McdE0feGgRqW7Ca,0,7352,7280565.000,0
27-05-2020 22:45,WRmjgnKYAwPKWDb,0,6658,7124538.000,0
10-06-2020 18:45,uHbuxQJl8lW7ozc,0,6645,7240508.000,0
16-06-2020 12:00,ZoEaEvLYb1n2sOq,3356.25,3312.25,7333003.250,329.7
24-05-2020 13:15,1BY6WEcLGh8j5v7,11276.5,5051.12,6325454.125,1101.85
15-05-2020 17:00,pkci93gMrogZuBj,2315.43,6240.29,7175342.286,227.029
05-06-2020 05:30,rGa61gmuvPhdLxV,0,0,7265349.000,0
17-06-2020 01:00,zBIq5rxdHJRwDNY,0,0,6577552.000,0
05-06-2020 23:45,YxYtjZvoooNbGkE,0,7603,7342489.000,0
31-05-2020 06:00,z9Y9gH1T5YWrNuG,101.375,0.75,7127597.750,9.775
16-06-2020 17:15,3PZuoBAID5Wc2HD,1746.88,6220.62,7231262.625,171.225
13-06-2020 22:15,1IF53ai7Xc0U56Y,0,8654,6406881.000,0
05-06-2020 09:15,ZnxXDlPa8U1GXgE,7904.75,1041.5,6680103.500,773.362
11-06-2020 23:30,ZnxXDlPa8U1GXgE,0,5692,6729902.000,0
31-05-2020 03:15,McdE0feGgRqW7Ca,0,0,7280565.000,0
17-05-2020 01:45,bvBOhCH3iADSZry,0,0,6328648.000,0
14-06-2020 21:45,3PZuoBAID5Wc2HD,0,7504,7218223.000,0
07-06-2020 21:30,ZnxXDlPa8U1GXgE,0,8209,6701263.000,0
26-05-2020 21:45,iCRJl6heRkivqQ3,0,0,7267996.000,0
10-06-2020 18:45,adLQvlD726eNBSB,0,6667,6476944.000,0
14-06-2020 06:45,1IF53ai7Xc0U56Y,1122.62,39.5,6406920.500,109.138
12-06-2020 02:45,1IF53ai7Xc0U56Y,0,0,6392324.000,0
11-06-2020 17:30,adLQvlD726eNBSB,1468,5721.62,6482665.625,143.275
08-06-2020 10:30,McdE0feGgRqW7Ca,11222.2,2514.88,7340716.875,1095.26
24-05-2020 15:30,adLQvlD726eNBSB,4255.29,7585.43,6345319.429,417.643
29-05-2020 22:00,1IF53ai7Xc0U56Y,0,8253,6298211.000,0
04-06-2020 09:30,ZnxXDlPa8U1GXgE,6684.86,1269.43,6672153.429,654.271
07-06-2020 12:00,McdE0feGgRqW7Ca,13255.8,3737.12,7334897.125,1292.44
17-05-2020 20:15,ih0vzX44oOqAx2f,0,7391,6205201.000,0
25-05-2020 20:15,McdE0feGgRqW7Ca,0,8958,7241649.000,0
16-06-2020 06:30,rGa61gmuvPhdLxV,703.286,11.4286,7344715.429,68.1429
29-05-2020 22:00,7JYdWkrLSPkdwr4,0,8007,7714835.000,0
15-06-2020 08:00,1IF53ai7Xc0U56Y,6617.29,395.714,6414763.714,648.243
31-05-2020 03:45,ZnxXDlPa8U1GXgE,0,0,6643383.000,0
28-05-2020 16:30,1BY6WEcLGh8j5v7,3550.62,7659.75,6357492.750,348.238
12-06-2020 03:30,ih0vzX44oOqAx2f,0,0,6386553.000,0
08-06-2020 03:00,zVJPv84UY57bAof,0,0,7293790.000,0
31-05-2020 07:00,zBIq5rxdHJRwDNY,1220,73.1429,6457374.143,118.657
16-05-2020 02:45,3PZuoBAID5Wc2HD,0,0,6994033.000,0
20-05-2020 06:30,ZnxXDlPa8U1GXgE,714.429,9.57143,6555145.571,69.2143
16-05-2020 22:30,3PZuoBAID5Wc2HD,0,6656,7000689.000,0
29-05-2020 21:30,iCRJl6heRkivqQ3,0,0,7291253.000,0
17-06-2020 19:30,iCRJl6heRkivqQ3,0,5957,7426263.000,0
15-06-2020 20:30,wCURE6d3bPkepu2,0,6746,7016444.000,0
22-05-2020 15:15,rGa61gmuvPhdLxV,5471.71,6170.14,7166569.143,536.343
17-05-2020 21:30,VHMLBKoKgIrUVDU,0,7717,7227097.000,0
30-05-2020 00:15,sjndEbLyjtCKgGv,0,0,7129029.000,0
31-05-2020 21:15,YxYtjZvoooNbGkE,0,5970,7305739.000,0
17-05-2020 10:15,VHMLBKoKgIrUVDU,10075.7,2100.43,7221480.429,985.114
23-05-2020 03:00,ZoEaEvLYb1n2sOq,0,0,7153713.000,0
26-05-2020 12:00,wCURE6d3bPkepu2,9704.88,3994.88,6868644.875,948.038
18-05-2020 18:45,7JYdWkrLSPkdwr4,0,5309,7628372.000,0
04-06-2020 12:30,VHMLBKoKgIrUVDU,7708.5,4168.38,7359829.375,754.075
24-05-2020 22:15,McdE0feGgRqW7Ca,0,8055,7232691.000,0
25-05-2020 18:30,wCURE6d3bPkepu2,37.1429,8859,6864650.000,3.58571
03-06-2020 11:15,ZnxXDlPa8U1GXgE,9527.29,2471.71,6665439.714,931.814
24-05-2020 01:00,ZnxXDlPa8U1GXgE,0,0,6587728.000,0
12-06-2020 06:15,sjndEbLyjtCKgGv,167.375,0.875,7221254.875,16.15
07-06-2020 10:30,ih0vzX44oOqAx2f,9182.14,1853,6352526.000,898.114
15-06-2020 17:45,uHbuxQJl8lW7ozc,1261.14,6874,7274711.000,122.857
19-05-2020 22:30,uHbuxQJl8lW7ozc,0,6997,7071198.000,0
01-06-2020 13:15,McdE0feGgRqW7Ca,10404.7,4615.57,7291375.571,1016.14
01-06-2020 06:30,ZnxXDlPa8U1GXgE,977.286,24.2857,6649549.286,94.9286
19-05-2020 04:00,pkci93gMrogZuBj,0,0,7194411.000,0
15-06-2020 21:45,zBIq5rxdHJRwDNY,0,6696,6571833.000,0
06-06-2020 20:30,zVJPv84UY57bAof,0,0,7285530.000,0
02-06-2020 08:00,VHMLBKoKgIrUVDU,4001.86,283.571,7340597.571,392.971
11-06-2020 13:00,pkci93gMrogZuBj,7219.14,3039.29,7372333.286,706.9
10-06-2020 23:30,z9Y9gH1T5YWrNuG,0,6412,7205465.000,0
23-05-2020 14:45,zBIq5rxdHJRwDNY,7218.25,7002.25,6402809.250,706.837
18-05-2020 05:45,sjndEbLyjtCKgGv,0,0,7037054.000,0
23-05-2020 03:45,WRmjgnKYAwPKWDb,0,0,7084595.000,0
20-05-2020 09:30,bvBOhCH3iADSZry,8066.5,1354.12,6348261.125,789.55
18-05-2020 07:45,VHMLBKoKgIrUVDU,1813,276.857,7227373.857,177.543
29-05-2020 21:15,1IF53ai7Xc0U56Y,0,8253,6298211.000,0
19-05-2020 02:45,1IF53ai7Xc0U56Y,0,0,6209806.000,0
17-05-2020 06:30,VHMLBKoKgIrUVDU,448.625,6.5,7219386.500,43.3875
31-05-2020 05:15,rGa61gmuvPhdLxV,0,0,7230438.000,0
09-06-2020 17:30,YxYtjZvoooNbGkE,2110.38,7864.88,7373174.875,206.887
27-05-2020 07:45,rGa61gmuvPhdLxV,3920.86,283,7200152.000,385.229
04-06-2020 04:00,zBIq5rxdHJRwDNY,0,0,6484342.000,0
29-05-2020 21:00,YxYtjZvoooNbGkE,0,0,7292503.000,0
13-06-2020 20:15,wCURE6d3bPkepu2,0,8461,7002369.000,0
14-06-2020 03:45,7JYdWkrLSPkdwr4,0,0,7820852.000,0
11-06-2020 18:15,zBIq5rxdHJRwDNY,292.286,5643.29,6543546.286,28.2429
14-06-2020 20:30,3PZuoBAID5Wc2HD,0,7504,7218223.000,0
11-06-2020 23:00,adLQvlD726eNBSB,0,5790,6482734.000,0
18-05-2020 19:00,ZnxXDlPa8U1GXgE,0,5424,6548162.000,0
08-06-2020 16:00,1BY6WEcLGh8j5v7,4161.43,7255.71,6431005.714,407.214
16-06-2020 01:45,7JYdWkrLSPkdwr4,0,0,7834799.000,0
06-06-2020 22:45,McdE0feGgRqW7Ca,0,0,7331160.000,0
09-06-2020 11:30,3PZuoBAID5Wc2HD,8646.75,3543.12,7179276.125,844.862
08-06-2020 01:15,bvBOhCH3iADSZry,0,0,6478293.000,0
01-06-2020 18:45,ZnxXDlPa8U1GXgE,0,5918,6655443.000,0
26-05-2020 11:00,7JYdWkrLSPkdwr4,13241.4,3102.14,7687122.143,1291.03
12-06-2020 16:15,McdE0feGgRqW7Ca,2801,5564.71,7372937.714,274.729
06-06-2020 09:15,iCRJl6heRkivqQ3,5168.88,1149.12,7342952.125,506.8
16-06-2020 20:15,bvBOhCH3iADSZry,0,5757,6533549.000,0
22-05-2020 12:00,z9Y9gH1T5YWrNuG,13012.7,3250.29,7060397.286,1268.73
20-05-2020 11:45,pkci93gMrogZuBj,12143.9,3849.86,7205198.857,1184.56
22-05-2020 16:00,McdE0feGgRqW7Ca,3233.25,6570.25,7215625.250,317.938
16-05-2020 02:00,rGa61gmuvPhdLxV,0,0,7117866.000,0
06-06-2020 02:15,ZoEaEvLYb1n2sOq,0,0,7259075.000,0
05-06-2020 10:00,iCRJl6heRkivqQ3,11072.4,1688.14,7335688.143,1081.2
05-06-2020 05:30,ih0vzX44oOqAx2f,0,0,6337019.000,0
13-06-2020 15:15,bvBOhCH3iADSZry,9038,6927,6516706.000,884.029
16-06-2020 10:45,z9Y9gH1T5YWrNuG,9662.62,2337.25,7241521.250,944.388
29-05-2020 08:45,rGa61gmuvPhdLxV,5489.57,659,7215474.000,538.057
26-05-2020 02:30,ih0vzX44oOqAx2f,0,0,6264579.000,0
22-05-2020 23:30,zVJPv84UY57bAof,0,0,7172294.000,0
01-06-2020 01:30,1BY6WEcLGh8j5v7,0,0,6377931.000,0
15-06-2020 23:00,uHbuxQJl8lW7ozc,0,6906,7274743.000,0
28-05-2020 10:00,iCRJl6heRkivqQ3,9859.14,1962.14,7276654.143,963.914
05-06-2020 07:45,uHbuxQJl8lW7ozc,2245.88,212.25,7194747.250,220.213
03-06-2020 07:45,bvBOhCH3iADSZry,3052.5,224.875,6445711.875,299.812
27-05-2020 23:45,WRmjgnKYAwPKWDb,0,6658,7124538.000,0
17-05-2020 19:00,ZnxXDlPa8U1GXgE,0,7586,6542738.000,0
13-06-2020 16:45,adLQvlD726eNBSB,2104.14,8583.86,6497305.857,206.171
31-05-2020 10:45,rGa61gmuvPhdLxV,10712.5,2149.62,7232587.625,1046.2
13-06-2020 19:45,adLQvlD726eNBSB,0,8774,6497496.000,0
24-05-2020 00:15,adLQvlD726eNBSB,0,0,6337734.000,0
24-05-2020 21:15,McdE0feGgRqW7Ca,0,8055,7232691.000,0
22-05-2020 21:15,zBIq5rxdHJRwDNY,0,0,6395807.000,0
26-05-2020 19:45,1IF53ai7Xc0U56Y,0,0,6274638.000,0
11-06-2020 03:45,bvBOhCH3iADSZry,0,0,6499210.000,0
08-06-2020 08:30,zVJPv84UY57bAof,5475.86,530,7294320.000,536.843
11-06-2020 00:30,ZnxXDlPa8U1GXgE,0,0,6724210.000,0
02-06-2020 13:45,YxYtjZvoooNbGkE,12709,5234.14,7316750.143,1239.51
04-06-2020 19:00,ZnxXDlPa8U1GXgE,0,8178,6679062.000,0
17-06-2020 22:15,sjndEbLyjtCKgGv,0,5887,7261681.000,0
26-05-2020 16:30,1IF53ai7Xc0U56Y,5446,7733.25,6274261.250,533.775
22-05-2020 17:00,WRmjgnKYAwPKWDb,1613,7145.71,7084503.714,158.014
08-06-2020 05:45,1IF53ai7Xc0U56Y,0,0,6363338.000,0
26-05-2020 15:30,bvBOhCH3iADSZry,8494.29,6414,6398750.000,831.186
06-06-2020 22:45,zVJPv84UY57bAof,0,0,7285530.000,0
19-05-2020 13:45,YxYtjZvoooNbGkE,10106.8,4521.12,7210119.125,988.188
25-05-2020 19:15,sjndEbLyjtCKgGv,0,8760,7098111.000,0
15-06-2020 06:15,McdE0feGgRqW7Ca,463.75,7,7389365.000,44.85
23-05-2020 23:45,bvBOhCH3iADSZry,0,4493.71,6376772.000,0
01-06-2020 13:30,WRmjgnKYAwPKWDb,10759.4,4714.86,7158580.857,1050.31
01-06-2020 19:15,1IF53ai7Xc0U56Y,0,6012,6317444.000,0
18-05-2020 12:15,ih0vzX44oOqAx2f,8459.29,1810.29,6207011.286,827.829
11-06-2020 07:15,7JYdWkrLSPkdwr4,1195.86,57.5714,7801148.571,116.286
04-06-2020 02:30,VHMLBKoKgIrUVDU,0,0,7355661.000,0
22-05-2020 20:30,zVJPv84UY57bAof,0,0,7172294.000,0
07-06-2020 11:45,adLQvlD726eNBSB,11421,3435.71,6448466.714,1115.36
08-06-2020 07:00,bvBOhCH3iADSZry,1396.14,69.7143,6478362.714,136.171
30-05-2020 07:30,zBIq5rxdHJRwDNY,2031.75,175.5,6450080.500,199.188
20-05-2020 09:30,ZoEaEvLYb1n2sOq,8577.12,1415.5,7131747.500,839.275
24-05-2020 14:15,z9Y9gH1T5YWrNuG,11651.3,6197.71,7078959.714,1137
30-05-2020 11:30,ZnxXDlPa8U1GXgE,7755.14,2126.86,6638192.857,759.171
09-06-2020 23:45,WRmjgnKYAwPKWDb,0,7977,7220978.000,0
22-05-2020 12:45,1BY6WEcLGh8j5v7,9144.5,3821,6309410.000,893.362
22-05-2020 02:45,iCRJl6heRkivqQ3,0,0,7227442.000,0
20-05-2020 18:30,rGa61gmuvPhdLxV,52.75,8820.75,7152632.750,5.1
21-05-2020 17:30,1IF53ai7Xc0U56Y,607.125,7794,6233221.000,58.75
11-06-2020 12:00,zVJPv84UY57bAof,9306.14,2295.71,7319311.714,910.243
14-06-2020 13:30,WRmjgnKYAwPKWDb,10108.4,4740,7251919.000,988.288
19-05-2020 18:30,ZoEaEvLYb1n2sOq,0,6805,7130332.000,0
05-06-2020 09:15,1IF53ai7Xc0U56Y,8781.29,1129.43,6341984.429,858.429
06-06-2020 14:15,bvBOhCH3iADSZry,10003.6,5019.5,6472270.500,976.725
23-05-2020 16:00,WRmjgnKYAwPKWDb,6697.43,7735.57,7092330.571,656.014
10-06-2020 02:30,zVJPv84UY57bAof,0,0,7310456.000,0
12-06-2020 18:15,uHbuxQJl8lW7ozc,377.5,5882.5,7252088.500,36.5
29-05-2020 13:30,bvBOhCH3iADSZry,10453.9,5027.38,6418612.375,1021.62
16-06-2020 14:30,1BY6WEcLGh8j5v7,8899,4620.75,6478570.750,869.812
30-05-2020 21:45,VHMLBKoKgIrUVDU,0,7270,7328329.000,0
04-06-2020 21:15,3PZuoBAID5Wc2HD,0,8215,7144703.000,0
12-06-2020 20:30,VHMLBKoKgIrUVDU,0,5903,7420914.000,0
12-06-2020 00:00,adLQvlD726eNBSB,0,0,6482734.000,0
27-05-2020 12:15,zBIq5rxdHJRwDNY,7372.71,3676.86,6431378.857,721.343
30-05-2020 13:30,iCRJl6heRkivqQ3,11102.9,4198.29,7295451.286,1084.07
27-05-2020 06:45,rGa61gmuvPhdLxV,1457.29,46.2857,7199915.286,142.114
30-05-2020 18:00,7JYdWkrLSPkdwr4,641,7128.43,7721963.429,62.0714
04-06-2020 06:45,z9Y9gH1T5YWrNuG,1173.86,40.2857,7155153.286,114.143
14-06-2020 12:30,VHMLBKoKgIrUVDU,6989.14,3875.29,7433441.286,684.471
17-06-2020 03:30,uHbuxQJl8lW7ozc,0,0,7281035.000,0
15-05-2020 17:00,ZnxXDlPa8U1GXgE,2388.38,6171.75,6528343.750,234.275
01-06-2020 13:00,sjndEbLyjtCKgGv,7642.29,4223.71,7146465.714,747.257
20-05-2020 10:45,pkci93gMrogZuBj,11047.4,2671.14,7204020.143,1079.57
16-06-2020 09:15,McdE0feGgRqW7Ca,6644.25,1049.88,7397279.875,650.8
23-05-2020 08:00,ZnxXDlPa8U1GXgE,4406.5,318.5,6579457.500,432.575
17-06-2020 10:30,3PZuoBAID5Wc2HD,7344.14,1638.71,7233011.714,719.071
08-06-2020 08:00,iCRJl6heRkivqQ3,4001.57,346.286,7356857.286,393.071
13-06-2020 22:00,McdE0feGgRqW7Ca,0,8595,7381923.000,0
17-05-2020 18:15,ZoEaEvLYb1n2sOq,138.857,7462.86,7118206.857,13.4
12-06-2020 23:15,WRmjgnKYAwPKWDb,0,5794,7238780.000,0
05-06-2020 22:00,VHMLBKoKgIrUVDU,0,0,7371554.000,0
27-05-2020 14:15,3PZuoBAID5Wc2HD,4489.14,5016.71,7083727.714,440.786
07-06-2020 04:15,bvBOhCH3iADSZry,0,0,6473124.000,0
08-06-2020 10:45,ZnxXDlPa8U1GXgE,11371.6,2755.62,6704018.625,1109.79
05-06-2020 22:45,WRmjgnKYAwPKWDb,0,0,7190270.000,0
14-06-2020 08:30,7JYdWkrLSPkdwr4,4792.5,615.714,7821467.714,484.929
10-06-2020 03:15,adLQvlD726eNBSB,0,0,6470277.000,0
02-06-2020 12:45,WRmjgnKYAwPKWDb,11324.7,3971.57,7163671.571,1105.67
15-05-2020 16:00,pkci93gMrogZuBj,5073.25,5833,7174935.000,497.65
09-06-2020 22:15,1IF53ai7Xc0U56Y,0,8189,6380022.000,0
10-06-2020 04:45,3PZuoBAID5Wc2HD,0,0,7183919.000,0
06-06-2020 15:00,zVJPv84UY57bAof,4117.75,5838.12,7284928.125,404.238
11-06-2020 10:30,uHbuxQJl8lW7ozc,5814.88,1224.62,7241732.625,569.837
08-06-2020 23:30,zVJPv84UY57bAof,0,8377,7302167.000,0
16-06-2020 09:45,ih0vzX44oOqAx2f,8737.88,1375.25,6415622.250,854.85
15-06-2020 12:15,7JYdWkrLSPkdwr4,5716,3986,7832144.000,560.2
04-06-2020 10:30,7JYdWkrLSPkdwr4,9207.14,2036.14,7750658.143,898.957
21-05-2020 19:45,pkci93gMrogZuBj,0,7778,7217976.000,0
26-05-2020 03:15,ZoEaEvLYb1n2sOq,0,0,7178914.000,0
04-06-2020 14:15,ZoEaEvLYb1n2sOq,6783.25,5691.38,7249192.375,663.925
10-06-2020 23:30,3PZuoBAID5Wc2HD,0,6550,7190469.000,0
25-05-2020 13:15,1IF53ai7Xc0U56Y,12165,5939.17,6263419.167,1186.12
26-05-2020 23:15,z9Y9gH1T5YWrNuG,0,0,7097183.000,0
21-05-2020 12:00,rGa61gmuvPhdLxV,9364.71,3811.29,7156444.286,915.129
07-06-2020 08:00,adLQvlD726eNBSB,3524.71,321.857,6445352.857,346.486
15-05-2020 02:30,zBIq5rxdHJRwDNY,0,0,6339380.000,0
14-06-2020 04:45,bvBOhCH3iADSZry,0,0,6517642.000,0
15-06-2020 13:30,zVJPv84UY57bAof,3864.88,4903.25,7349183.250,379.5
17-05-2020 05:00,uHbuxQJl8lW7ozc,0,0,7051339.000,0
22-05-2020 07:30,3PZuoBAID5Wc2HD,4935,259.286,7037560.286,483.857
06-06-2020 15:00,rGa61gmuvPhdLxV,4186.12,5803.62,7278893.625,410.95
21-05-2020 21:15,1BY6WEcLGh8j5v7,0,7243,6305589.000,0
21-05-2020 23:30,1IF53ai7Xc0U56Y,0,0,6233247.000,0
09-06-2020 21:00,bvBOhCH3iADSZry,0,7361,6493347.000,0
10-06-2020 11:00,ih0vzX44oOqAx2f,4599.12,2124,6376879.000,451.25
22-05-2020 21:00,rGa61gmuvPhdLxV,0,0,7167141.000,0
16-06-2020 15:30,sjndEbLyjtCKgGv,6647,5534.75,7255073.750,651.075
08-06-2020 03:00,wCURE6d3bPkepu2,0,0,6959527.000,0
13-06-2020 20:15,zBIq5rxdHJRwDNY,0,8435,6557822.000,0
31-05-2020 00:00,ZoEaEvLYb1n2sOq,0,0,7216848.000,0
10-06-2020 01:45,3PZuoBAID5Wc2HD,0,0,7183919.000,0
15-06-2020 21:30,zVJPv84UY57bAof,0,6820,7351100.000,0
07-06-2020 22:15,z9Y9gH1T5YWrNuG,0,6342,7183631.000,0
22-05-2020 10:15,adLQvlD726eNBSB,10512.2,1722.38,6323295.375,1026.4
31-05-2020 12:15,7JYdWkrLSPkdwr4,8152.12,3310.12,7725288.125,797.013
13-06-2020 11:15,ih0vzX44oOqAx2f,12529.5,3140.38,6395403.375,1221.61
11-06-2020 08:15,ZoEaEvLYb1n2sOq,2849,253.143,7296324.143,279.557
17-05-2020 18:45,sjndEbLyjtCKgGv,0,7441,7037054.000,0
05-06-2020 04:00,sjndEbLyjtCKgGv,0,0,7171518.000,0
12-06-2020 15:00,zVJPv84UY57bAof,5941.14,4918.43,7327605.429,582.143
08-06-2020 08:15,uHbuxQJl8lW7ozc,3260.75,434.125,7217583.125,320.475
17-06-2020 17:45,McdE0feGgRqW7Ca,969.286,5955.86,7408550.857,94.1857
10-06-2020 08:15,zVJPv84UY57bAof,2915.88,491.875,7310947.875,286.35
07-06-2020 07:15,ZnxXDlPa8U1GXgE,1867.14,134,6693188.000,183.043
13-06-2020 20:00,uHbuxQJl8lW7ozc,0,8437,7260531.000,0
24-05-2020 18:00,1IF53ai7Xc0U56Y,613.143,8253,6257460.000,59.3714
16-05-2020 06:15,wCURE6d3bPkepu2,339.5,4.25,6788931.250,32.825
16-06-2020 22:00,ZnxXDlPa8U1GXgE,0,6304,6764808.000,0
16-05-2020 13:30,1IF53ai7Xc0U56Y,8074.75,4620.75,6194622.750,790.163
28-05-2020 01:15,zBIq5rxdHJRwDNY,0,0,6434083.000,0
03-06-2020 01:30,3PZuoBAID5Wc2HD,0,0,7128614.000,0
11-06-2020 16:15,ih0vzX44oOqAx2f,4399.14,5116.71,6386148.714,431.829
04-06-2020 19:15,ih0vzX44oOqAx2f,0,8009,6337019.000,0
19-05-2020 23:45,1BY6WEcLGh8j5v7,0,6449,6290097.000,0
22-05-2020 15:15,3PZuoBAID5Wc2HD,6707.88,6655.88,7043956.875,656.875
31-05-2020 14:30,adLQvlD726eNBSB,2170,5159.25,6399930.250,212.75
12-06-2020 04:00,1BY6WEcLGh8j5v7,0,0,6450238.000,0
16-05-2020 21:00,pkci93gMrogZuBj,0,6173,7181650.000,0
06-06-2020 06:30,rGa61gmuvPhdLxV,695.625,20.125,7273110.125,67.4125
23-05-2020 09:30,zBIq5rxdHJRwDNY,8485.38,1454.38,6397261.375,830.3
01-06-2020 01:15,wCURE6d3bPkepu2,0,0,6909405.000,0
13-06-2020 10:30,wCURE6d3bPkepu2,11705.5,2311,6996219.000,1141.85
23-05-2020 12:00,7JYdWkrLSPkdwr4,12653.3,3979,7662749.000,1233.69
07-06-2020 13:45,ZoEaEvLYb1n2sOq,6497.43,5649,7271017.000,636
28-05-2020 10:00,YxYtjZvoooNbGkE,10503.4,1978.38,7278007.375,1026.66
11-06-2020 22:15,uHbuxQJl8lW7ozc,0,5698,7246206.000,0
05-06-2020 04:15,McdE0feGgRqW7Ca,0,0,7316761.000,0
31-05-2020 04:15,zBIq5rxdHJRwDNY,0,0,6457301.000,0
10-06-2020 22:00,bvBOhCH3iADSZry,0,5863,6499210.000,0
19-05-2020 01:45,rGa61gmuvPhdLxV,0,0,7136902.000,0
28-05-2020 20:45,McdE0feGgRqW7Ca,0,8567,7264956.000,0
20-05-2020 21:00,ZoEaEvLYb1n2sOq,0,8736,7139068.000,0
07-06-2020 19:15,3PZuoBAID5Wc2HD,0,8242,7167224.000,0
15-05-2020 18:00,ZnxXDlPa8U1GXgE,309,6297.88,6528469.875,29.8625
03-06-2020 13:30,1BY6WEcLGh8j5v7,9493.5,4588,6395056.000,928.125
23-05-2020 09:30,ih0vzX44oOqAx2f,7675.25,1446.62,6241989.625,751.288
13-06-2020 03:45,YxYtjZvoooNbGkE,0,0,7391059.000,0
17-06-2020 08:45,sjndEbLyjtCKgGv,3928.75,578.125,7256372.125,386.038
26-05-2020 06:45,rGa61gmuvPhdLxV,1134.25,42.5,7192144.500,110.275
27-05-2020 10:30,iCRJl6heRkivqQ3,8262.38,2146.25,7270142.250,808.462
07-06-2020 17:45,7JYdWkrLSPkdwr4,1161.57,8014.43,7778471.429,112.929
17-05-2020 04:30,zVJPv84UY57bAof,0,0,7128535.000,0
03-06-2020 07:30,VHMLBKoKgIrUVDU,2859.43,173.429,7347917.429,280.514
08-06-2020 17:45,YxYtjZvoooNbGkE,1345.12,8293.12,7365260.125,131.162
24-05-2020 15:30,z9Y9gH1T5YWrNuG,3627.25,7179.38,7079941.375,355.762
02-06-2020 15:15,1BY6WEcLGh8j5v7,5121.75,6068.12,6389507.125,502.1
08-06-2020 20:45,iCRJl6heRkivqQ3,0,8444,7364955.000,0
16-05-2020 15:30,adLQvlD726eNBSB,5271,6110.86,6283848.857,516.671
30-05-2020 04:30,wCURE6d3bPkepu2,0,0,6895880.000,0
19-05-2020 22:15,ih0vzX44oOqAx2f,0,6790,6217277.000,0
03-06-2020 10:45,7JYdWkrLSPkdwr4,10927.6,1963,7742836.000,1067.8
30-05-2020 00:30,1BY6WEcLGh8j5v7,0,0,6365374.000,0
26-05-2020 13:30,zVJPv84UY57bAof,11262.6,5466,7203075.000,1099.55
24-05-2020 13:45,ZnxXDlPa8U1GXgE,11966.6,5822.5,6593550.500,1166.75
26-05-2020 07:30,VHMLBKoKgIrUVDU,3511.86,217,7289742.000,345.229
17-05-2020 03:15,z9Y9gH1T5YWrNuG,0,0,7020740.000,0
17-06-2020 04:30,ZnxXDlPa8U1GXgE,0,0,6764808.000,0
09-06-2020 02:45,7JYdWkrLSPkdwr4,0,0,7786793.000,0
31-05-2020 11:45,ZnxXDlPa8U1GXgE,9075.25,3217.62,6646600.625,886.688
02-06-2020 12:30,bvBOhCH3iADSZry,8255.71,3535.86,6442180.857,807.429
31-05-2020 17:30,7JYdWkrLSPkdwr4,1407,5777.86,7727755.857,137.386
14-06-2020 21:45,iCRJl6heRkivqQ3,0,7369,7407224.000,0
22-05-2020 01:15,1BY6WEcLGh8j5v7,0,0,6305589.000,0
14-06-2020 05:15,McdE0feGgRqW7Ca,0,0,7381923.000,0
30-05-2020 02:15,YxYtjZvoooNbGkE,0,0,7292503.000,0
21-05-2020 23:45,iCRJl6heRkivqQ3,0,7837,7227442.000,0
02-06-2020 05:30,adLQvlD726eNBSB,0,0,6406831.000,0
31-05-2020 09:00,ZoEaEvLYb1n2sOq,7005.88,727,7217575.000,686.038
17-06-2020 17:30,sjndEbLyjtCKgGv,1349.4,5817.2,7261611.200,131.34
20-05-2020 21:45,7JYdWkrLSPkdwr4,0,8772,7643980.000,0
13-06-2020 21:30,3PZuoBAID5Wc2HD,0,8633,7210719.000,0
01-06-2020 18:00,1BY6WEcLGh8j5v7,502.375,5495.75,6383426.750,48.6125
04-06-2020 23:15,1BY6WEcLGh8j5v7,0,7571,6405380.000,0
19-05-2020 10:30,z9Y9gH1T5YWrNuG,6218,1722.62,7035295.625,609.138
24-05-2020 17:15,WRmjgnKYAwPKWDb,2345.14,7974.57,7101000.571,229.929
17-06-2020 01:15,rGa61gmuvPhdLxV,0,0,7350947.000,0
22-05-2020 09:15,zBIq5rxdHJRwDNY,5569,997.286,6389596.286,545.829
04-06-2020 18:30,zVJPv84UY57bAof,44.625,8219.88,7271272.875,4.3
10-06-2020 05:15,pkci93gMrogZuBj,0,0,7362716.000,0
15-06-2020 11:45,YxYtjZvoooNbGkE,9556.88,3548.12,7410250.125,933.975
27-05-2020 08:30,1IF53ai7Xc0U56Y,5898.75,710,6275348.000,578.038
08-06-2020 08:30,1IF53ai7Xc0U56Y,5788,574.714,6363912.714,567.243
11-06-2020 04:30,wCURE6d3bPkepu2,0,0,6982403.000,0
31-05-2020 18:00,pkci93gMrogZuBj,660.143,5900.86,7294776.857,63.9429
09-06-2020 20:45,7JYdWkrLSPkdwr4,0,7936,7794729.000,0
02-06-2020 22:15,pkci93gMrogZuBj,0,7350,7307650.000,0
13-06-2020 11:15,adLQvlD726eNBSB,13344.8,3461.75,6492183.750,1301.11
05-06-2020 14:00,zVJPv84UY57bAof,10696.9,5224,7276497.000,1044.7
22-05-2020 11:30,1BY6WEcLGh8j5v7,13335.1,2586,6308175.000,1300.17
21-05-2020 08:00,sjndEbLyjtCKgGv,3865.8,295.6,7058423.800,379.08
23-05-2020 18:30,McdE0feGgRqW7Ca,34.4286,8684,7224636.000,3.31429
01-06-2020 09:00,adLQvlD726eNBSB,7610.75,1208.5,6401912.500,745.038
15-05-2020 03:00,iCRJl6heRkivqQ3,0,0,7177992.000,0
16-05-2020 15:30,pkci93gMrogZuBj,5084.14,5600.86,7181077.857,498.414
15-05-2020 07:30,YxYtjZvoooNbGkE,1970.29,175,7180141.000,193.129
29-05-2020 07:15,ih0vzX44oOqAx2f,1972,140.25,6287310.250,193.275
12-06-2020 15:45,VHMLBKoKgIrUVDU,4637.5,5364.75,7420375.750,455.038
28-05-2020 07:30,ih0vzX44oOqAx2f,3356,211,6279066.000,329.943
12-06-2020 20:45,YxYtjZvoooNbGkE,0,5780,7391059.000,0
02-06-2020 03:15,McdE0feGgRqW7Ca,0,0,7292752.000,0
16-06-2020 20:15,rGa61gmuvPhdLxV,0,6243,7350947.000,0
14-06-2020 07:15,pkci93gMrogZuBj,3192.75,138.125,7389299.125,313.675
15-06-2020 07:45,ZoEaEvLYb1n2sOq,3665,262.143,7323314.143,359.929
17-06-2020 17:15,adLQvlD726eNBSB,1613.12,6005,6524403.000,158.037
28-05-2020 10:45,ih0vzX44oOqAx2f,8894.38,2726,6281581.000,868.625
03-06-2020 13:15,7JYdWkrLSPkdwr4,9461.62,4567.88,7745440.875,925.225
18-05-2020 06:00,zVJPv84UY57bAof,63.4286,0,7136015.000,6.11429
15-06-2020 14:00,1IF53ai7Xc0U56Y,4262.12,5113.25,6419481.250,418.387
03-06-2020 18:30,adLQvlD726eNBSB,91,7990.43,6422266.429,8.78571
15-06-2020 06:45,7JYdWkrLSPkdwr4,1479.38,53.125,7828211.125,144.4
13-06-2020 10:15,YxYtjZvoooNbGkE,10477.9,2079.14,7393138.143,1023.39
30-05-2020 15:45,1IF53ai7Xc0U56Y,7423.25,6505.88,6304716.875,726.812
03-06-2020 17:45,3PZuoBAID5Wc2HD,1007.12,7836.88,7136450.875,97.8375
18-05-2020 22:15,wCURE6d3bPkepu2,0,5393,6808393.000,0
15-06-2020 07:15,ZnxXDlPa8U1GXgE,2159.25,154.25,6751901.250,211.5
22-05-2020 22:00,McdE0feGgRqW7Ca,0,0,7215952.000,0
20-05-2020 06:15,McdE0feGgRqW7Ca,444.25,7.375,7192105.375,42.9875
17-05-2020 23:00,z9Y9gH1T5YWrNuG,0,7486,7028226.000,0
17-06-2020 07:00,zBIq5rxdHJRwDNY,1344.75,17.25,6577569.250,131.213
05-06-2020 11:15,z9Y9gH1T5YWrNuG,12828,2812.86,7166074.857,1251.16
18-05-2020 13:00,ZoEaEvLYb1n2sOq,8066.88,2425.88,7120633.875,789.513
17-05-2020 21:45,ih0vzX44oOqAx2f,0,7391,6205201.000,0
19-05-2020 04:00,McdE0feGgRqW7Ca,0,0,7185091.000,0
19-05-2020 01:15,VHMLBKoKgIrUVDU,0,0,7232554.000,0
14-06-2020 13:30,1BY6WEcLGh8j5v7,0,2402,6466065.000,0
09-06-2020 18:45,bvBOhCH3iADSZry,0,7361,6493347.000,0
27-05-2020 03:15,zVJPv84UY57bAof,0,0,7205383.000,0
22-05-2020 14:15,7JYdWkrLSPkdwr4,7924.29,5554,7657189.000,774.671
17-05-2020 02:00,ih0vzX44oOqAx2f,0,0,6197810.000,0
21-05-2020 21:30,adLQvlD726eNBSB,0,0,6321573.000,0
17-06-2020 22:45,McdE0feGgRqW7Ca,0,5992,7408587.000,0
23-05-2020 21:15,z9Y9gH1T5YWrNuG,0,8543,7072762.000,0
01-06-2020 09:00,z9Y9gH1T5YWrNuG,6111.71,1099.71,7134996.714,598.857
14-06-2020 23:45,ZnxXDlPa8U1GXgE,0,7404,6751747.000,0
19-05-2020 05:30,ZnxXDlPa8U1GXgE,0,0,6548162.000,0
05-06-2020 06:30,1BY6WEcLGh8j5v7,557.5,14.875,6405394.875,53.975
15-05-2020 23:00,iCRJl6heRkivqQ3,0,6418,7184410.000,0
24-05-2020 16:45,VHMLBKoKgIrUVDU,4097.88,7876.75,7280208.750,402.3
01-06-2020 17:15,z9Y9gH1T5YWrNuG,974.143,5865.57,7139762.571,94.6571
16-05-2020 15:30,bvBOhCH3iADSZry,4673,5606.71,6328116.714,458.586
12-06-2020 02:00,WRmjgnKYAwPKWDb,0,0,7232986.000,0
07-06-2020 21:45,rGa61gmuvPhdLxV,0,8172,7287673.000,0
06-06-2020 12:30,zBIq5rxdHJRwDNY,10512.3,3863.29,6504165.286,1026.26
29-05-2020 20:15,7JYdWkrLSPkdwr4,0,8007,7714835.000,0
14-06-2020 23:30,1BY6WEcLGh8j5v7,0,4012,6467675.000,0
29-05-2020 07:15,adLQvlD726eNBSB,2063,143.571,6379152.571,202.243
08-06-2020 02:15,YxYtjZvoooNbGkE,0,0,7356967.000,0
01-06-2020 08:30,YxYtjZvoooNbGkE,5678.57,787.143,7306526.143,556.657
01-06-2020 18:00,ZnxXDlPa8U1GXgE,554.5,5904.5,6655429.500,53.6375
23-05-2020 18:30,1BY6WEcLGh8j5v7,21,7965.86,6320402.857,2.01429
29-05-2020 20:45,sjndEbLyjtCKgGv,0,0,7129029.000,0
25-05-2020 14:30,ih0vzX44oOqAx2f,9704.71,6433.14,6262927.143,948.914
10-06-2020 10:00,iCRJl6heRkivqQ3,4696.38,1537,7374757.000,460.887
23-05-2020 22:15,1BY6WEcLGh8j5v7,0,7966,6320403.000,0
26-05-2020 08:15,ZoEaEvLYb1n2sOq,5748.25,528.125,7179442.125,563.325
16-05-2020 18:45,z9Y9gH1T5YWrNuG,0,6488,7020740.000,0
18-05-2020 21:30,1BY6WEcLGh8j5v7,0,4998,6283648.000,0
14-06-2020 01:30,WRmjgnKYAwPKWDb,0,0,7247179.000,0
05-06-2020 20:30,ih0vzX44oOqAx2f,0,0,6344476.000,0
10-06-2020 08:15,sjndEbLyjtCKgGv,2951.71,491.143,7209586.143,289.814
20-05-2020 20:15,pkci93gMrogZuBj,0,8849,7210198.000,0
18-05-2020 13:00,wCURE6d3bPkepu2,8123.86,2446.29,6805446.286,795.071
01-06-2020 05:45,1IF53ai7Xc0U56Y,0,0,6311432.000,0
28-05-2020 01:45,YxYtjZvoooNbGkE,0,0,7276029.000,0
03-06-2020 15:15,adLQvlD726eNBSB,11614.2,6862.75,6421138.750,1133.4
29-05-2020 11:45,ZnxXDlPa8U1GXgE,12996.4,3464.14,6631380.143,1267.49
01-06-2020 10:45,ih0vzX44oOqAx2f,11021.7,2475.29,6310707.286,1075.86
26-05-2020 06:00,sjndEbLyjtCKgGv,137,1,7098112.000,13.225
15-05-2020 12:00,7JYdWkrLSPkdwr4,6910.71,2612.86,7605572.857,676.543
04-06-2020 03:45,bvBOhCH3iADSZry,0,0,6452724.000,0
14-06-2020 09:30,rGa61gmuvPhdLxV,7881.75,1243,7331913.000,771.525
30-05-2020 18:15,WRmjgnKYAwPKWDb,286.571,7127.14,7148026.143,27.6571
31-05-2020 11:15,uHbuxQJl8lW7ozc,12387.7,2729.71,7162001.714,1208.16
08-06-2020 16:15,ZnxXDlPa8U1GXgE,3156.14,7870.43,6709133.429,309.7
22-05-2020 01:45,1IF53ai7Xc0U56Y,0,0,6233247.000,0
15-06-2020 20:45,YxYtjZvoooNbGkE,0,6633,7413335.000,0
24-05-2020 04:15,pkci93gMrogZuBj,0,0,7233675.000,0
24-05-2020 02:45,1BY6WEcLGh8j5v7,0,0,6320403.000,0
22-05-2020 11:30,pkci93gMrogZuBj,10988.7,2637.71,7220613.714,1073.03
10-06-2020 06:15,pkci93gMrogZuBj,415.143,5.71429,7362721.714,40.1429
30-05-2020 06:15,zBIq5rxdHJRwDNY,312.857,3.85714,6449908.857,30.2143
16-06-2020 10:00,rGa61gmuvPhdLxV,10948.6,1646.88,7346350.875,1068.84
08-06-2020 12:45,rGa61gmuvPhdLxV,8532.43,4746.71,7292419.714,834.343
16-06-2020 16:45,WRmjgnKYAwPKWDb,2142.38,6060,7267375.000,210.037
01-06-2020 04:30,wCURE6d3bPkepu2,0,0,6909405.000,0
06-06-2020 21:30,zVJPv84UY57bAof,0,0,7285530.000,0
25-05-2020 23:15,ih0vzX44oOqAx2f,0,8085,6264579.000,0
17-05-2020 05:00,z9Y9gH1T5YWrNuG,0,0,7020740.000,0
27-05-2020 13:15,adLQvlD726eNBSB,5021.86,4672.86,6368188.857,492.443
25-05-2020 05:15,pkci93gMrogZuBj,0,0,7241707.000,0
22-05-2020 12:45,z9Y9gH1T5YWrNuG,11367.2,4003.25,7061150.250,1109.03
28-05-2020 10:00,WRmjgnKYAwPKWDb,10823.3,2055.43,7126593.429,1057.79
16-05-2020 13:45,rGa61gmuvPhdLxV,6821.88,4454,7122320.000,668.075
09-06-2020 00:30,ih0vzX44oOqAx2f,0,0,6366909.000,0
09-06-2020 04:45,WRmjgnKYAwPKWDb,0,0,7213001.000,0
27-05-2020 23:30,YxYtjZvoooNbGkE,0,0,7276029.000,0
26-05-2020 03:45,1IF53ai7Xc0U56Y,0,0,6266528.000,0
16-06-2020 00:00,1BY6WEcLGh8j5v7,0,896.429,6473950.000,0
23-05-2020 12:15,sjndEbLyjtCKgGv,12820.4,4302.38,7077264.375,1250
27-05-2020 08:15,uHbuxQJl8lW7ozc,5600.25,520.75,7129058.750,548.888
28-05-2020 06:30,adLQvlD726eNBSB,902.714,25.4286,6370398.429,87.6429
16-06-2020 19:30,zBIq5rxdHJRwDNY,0,5719,6577552.000,0
03-06-2020 17:45,1BY6WEcLGh8j5v7,1040.12,7303.25,6397771.250,101.088
07-06-2020 21:15,ih0vzX44oOqAx2f,0,8019,6358692.000,0
13-06-2020 07:00,rGa61gmuvPhdLxV,1674.38,67.375,7322348.375,163.688
11-06-2020 04:45,sjndEbLyjtCKgGv,0,0,7215600.000,0
31-05-2020 10:00,pkci93gMrogZuBj,5349.12,1412.12,7290288.125,524.388
04-06-2020 07:15,ih0vzX44oOqAx2f,2443.25,127.875,6329137.875,239.675
10-06-2020 14:00,adLQvlD726eNBSB,6756.57,5213.71,6475490.714,661.7
15-06-2020 17:30,iCRJl6heRkivqQ3,1445.86,6709.86,7413933.857,140.9
14-06-2020 08:15,1IF53ai7Xc0U56Y,3726.29,524.571,6407405.571,366.114
21-05-2020 23:45,ZoEaEvLYb1n2sOq,0,7617,7146685.000,0
31-05-2020 09:15,zBIq5rxdHJRwDNY,5069.29,891.571,6458192.571,497.171
08-06-2020 23:30,iCRJl6heRkivqQ3,0,8444,7364955.000,0
11-06-2020 11:30,VHMLBKoKgIrUVDU,7378.29,1903.43,7411198.429,722.443
26-05-2020 06:00,1BY6WEcLGh8j5v7,130.875,1.375,6336209.375,12.65
19-05-2020 06:15,ih0vzX44oOqAx2f,110.143,1.28571,6210488.286,10.6286
11-06-2020 05:00,uHbuxQJl8lW7ozc,0,0,7240508.000,0
10-06-2020 19:30,uHbuxQJl8lW7ozc,0,6645,7240508.000,0
16-06-2020 23:45,uHbuxQJl8lW7ozc,0,5505.5,7281035.000,0
12-06-2020 17:00,rGa61gmuvPhdLxV,1963.57,5653.43,7322085.429,192.471
23-05-2020 14:15,rGa61gmuvPhdLxV,7937.75,6125.25,7173266.250,776.975
07-06-2020 17:45,bvBOhCH3iADSZry,1060.12,5134.62,6478258.625,103.025
30-05-2020 07:30,pkci93gMrogZuBj,2015.38,172.25,7281707.250,197.575
03-06-2020 04:30,ZoEaEvLYb1n2sOq,0,0,7235727.000,0
18-05-2020 14:00,VHMLBKoKgIrUVDU,9362,3590.71,7230687.714,914.886
03-06-2020 03:45,7JYdWkrLSPkdwr4,0,0,7740873.000,0
15-05-2020 09:45,pkci93gMrogZuBj,7194.75,1180.38,7170282.375,704.388
13-06-2020 11:45,wCURE6d3bPkepu2,13522.4,3777,6997685.000,1318.44
19-05-2020 16:45,bvBOhCH3iADSZry,3426.43,6184.71,6346722.714,336.843
22-05-2020 03:30,ZnxXDlPa8U1GXgE,0,0,6571864.000,0
05-06-2020 14:00,ZnxXDlPa8U1GXgE,12721,5068.12,6684130.125,1240.69
30-05-2020 21:15,uHbuxQJl8lW7ozc,0,7340,7159272.000,0
11-06-2020 05:45,zVJPv84UY57bAof,0,0,7317016.000,0
31-05-2020 04:45,wCURE6d3bPkepu2,0,0,6903158.000,0
08-06-2020 12:15,ZoEaEvLYb1n2sOq,8276,4226.57,7277679.571,809.729
26-05-2020 07:15,3PZuoBAID5Wc2HD,2836.43,149.286,7070785.286,278.414
25-05-2020 03:30,zBIq5rxdHJRwDNY,0,0,6411758.000,0
19-05-2020 16:00,ZnxXDlPa8U1GXgE,6634.14,6400.86,6554562.857,649.871
31-05-2020 18:15,WRmjgnKYAwPKWDb,260.25,5834.12,7153863.125,25.15
14-06-2020 23:45,iCRJl6heRkivqQ3,0,7369,7407224.000,0
09-06-2020 14:45,YxYtjZvoooNbGkE,7838.12,6272,7371582.000,767.087
08-06-2020 18:45,iCRJl6heRkivqQ3,0,8444,7364955.000,0
14-06-2020 19:00,zVJPv84UY57bAof,0,7320,7344280.000,0
07-06-2020 09:00,bvBOhCH3iADSZry,8777.57,707.429,6473831.429,858.8
15-06-2020 08:15,ih0vzX44oOqAx2f,7241.38,553.875,6408236.875,709.075
16-05-2020 06:30,7JYdWkrLSPkdwr4,717.571,16.4286,7609092.429,69.5714
08-06-2020 22:15,1BY6WEcLGh8j5v7,0,7864,6431614.000,0
09-06-2020 20:00,zVJPv84UY57bAof,0,8289,7310456.000,0
27-05-2020 08:15,rGa61gmuvPhdLxV,5674.14,515.429,7200384.429,556.129
02-06-2020 05:15,bvBOhCH3iADSZry,0,0,6438645.000,0
27-05-2020 08:15,VHMLBKoKgIrUVDU,6113.88,551.125,7298166.125,599.05
05-06-2020 16:30,iCRJl6heRkivqQ3,6566.29,7198.29,7341198.286,643.171
14-06-2020 05:45,WRmjgnKYAwPKWDb,0,0,7247179.000,0
27-05-2020 04:30,uHbuxQJl8lW7ozc,0,0,7128538.000,0
10-06-2020 03:15,1BY6WEcLGh8j5v7,0,0,6439070.000,0
30-05-2020 03:30,McdE0feGgRqW7Ca,0,0,7273213.000,0
31-05-2020 09:30,uHbuxQJl8lW7ozc,10216.2,1083.88,7160355.875,997.888
10-06-2020 07:15,ZoEaEvLYb1n2sOq,2465.75,139.5,7289818.500,241.8
14-06-2020 20:30,WRmjgnKYAwPKWDb,0,7405,7254584.000,0
03-06-2020 06:45,1BY6WEcLGh8j5v7,857.75,32.75,6390500.750,83.2375
30-05-2020 07:30,iCRJl6heRkivqQ3,2024.88,173.75,7291426.750,198.5
15-06-2020 09:45,z9Y9gH1T5YWrNuG,9227.57,1789.14,7234257.143,902.257
05-06-2020 20:15,YxYtjZvoooNbGkE,0,7603,7342489.000,0
23-05-2020 13:15,wCURE6d3bPkepu2,12265.1,5398.57,6844623.571,1196.2
15-06-2020 14:45,z9Y9gH1T5YWrNuG,6726,5552.75,7238020.750,658.587
20-05-2020 20:00,pkci93gMrogZuBj,0,8849,7210198.000,0
28-05-2020 02:30,bvBOhCH3iADSZry,0,0,6405833.000,0
15-06-2020 17:30,McdE0feGgRqW7Ca,1445,6804.57,7396162.571,140.814
10-06-2020 23:15,ih0vzX44oOqAx2f,0,6277,6381032.000,0
19-05-2020 10:45,1IF53ai7Xc0U56Y,9152.14,1963.86,6211769.857,894.014
08-06-2020 09:45,ih0vzX44oOqAx2f,11116,1577,6360269.000,1085.7
23-05-2020 14:45,WRmjgnKYAwPKWDb,7032.25,6824.5,7091419.500,688.675
01-06-2020 17:30,z9Y9gH1T5YWrNuG,690.875,5885.62,7139782.625,66.925
10-06-2020 14:00,ZoEaEvLYb1n2sOq,7176,4968.29,7294647.286,702.529
25-05-2020 00:15,adLQvlD726eNBSB,0,0,6346131.000,0
24-05-2020 12:45,uHbuxQJl8lW7ozc,11985.6,4524.29,7108270.286,1169.36
12-06-2020 12:30,z9Y9gH1T5YWrNuG,7061.14,3004.86,7214068.857,691.514
22-05-2020 06:15,wCURE6d3bPkepu2,558.143,11.5714,6832066.571,53.9857
04-06-2020 06:30,adLQvlD726eNBSB,790,20.375,6422287.375,76.625
23-05-2020 07:15,VHMLBKoKgIrUVDU,2120.57,80.2857,7263801.286,207.8
10-06-2020 12:15,ih0vzX44oOqAx2f,9854.14,3213.43,6377968.429,962.029
31-05-2020 05:45,VHMLBKoKgIrUVDU,0,0,7328329.000,0
26-05-2020 23:15,YxYtjZvoooNbGkE,0,0,7269333.000,0
13-06-2020 23:45,ZoEaEvLYb1n2sOq,0,8378,7315763.000,0
08-06-2020 17:45,7JYdWkrLSPkdwr4,1220.29,8236.29,7786746.286,118.829
15-06-2020 04:15,zVJPv84UY57bAof,0,0,7344280.000,0
14-06-2020 04:15,uHbuxQJl8lW7ozc,0,0,7260531.000,0
19-05-2020 19:00,ih0vzX44oOqAx2f,0,6790,6217277.000,0
08-06-2020 12:30,uHbuxQJl8lW7ozc,11605.6,4555.62,7221704.625,1132.95
23-05-2020 06:45,1BY6WEcLGh8j5v7,611.5,23.1667,6312460.167,59.2
17-05-2020 09:45,7JYdWkrLSPkdwr4,10323.3,1550,7617087.000,1009.2
28-05-2020 06:00,adLQvlD726eNBSB,168.143,1.28571,6370374.286,16.2143
25-05-2020 11:45,rGa61gmuvPhdLxV,12486,3871.71,7187166.714,1217.37
28-05-2020 12:45,z9Y9gH1T5YWrNuG,13101.4,5075.14,7108960.143,1277.4
28-05-2020 03:00,ZoEaEvLYb1n2sOq,0,0,7193291.000,0
09-06-2020 10:30,bvBOhCH3iADSZry,11336.6,2095,6488081.000,1106.24
09-06-2020 16:15,3PZuoBAID5Wc2HD,5507.12,7630.62,7183363.625,539.75
03-06-2020 23:45,VHMLBKoKgIrUVDU,0,7917,7355661.000,0
15-06-2020 01:45,z9Y9gH1T5YWrNuG,0,0,7232468.000,0
01-06-2020 02:30,ZoEaEvLYb1n2sOq,0,0,7222644.000,0
21-05-2020 17:15,iCRJl6heRkivqQ3,759.429,7791.86,7227396.857,73.6571
06-06-2020 18:15,3PZuoBAID5Wc2HD,103.375,6495.12,7158981.125,9.95
27-05-2020 23:45,sjndEbLyjtCKgGv,0,0,7112565.000,0
11-06-2020 21:45,iCRJl6heRkivqQ3,0,5692,7385471.000,0
03-06-2020 01:15,zBIq5rxdHJRwDNY,0,0,6476454.000,0
12-06-2020 19:30,ih0vzX44oOqAx2f,0,5710,6392263.000,0
12-06-2020 00:45,1BY6WEcLGh8j5v7,0,0,6450238.000,0
11-06-2020 20:45,zVJPv84UY57bAof,0,5671,7322687.000,0
01-06-2020 04:15,zVJPv84UY57bAof,0,0,7242024.000,0
13-06-2020 09:15,bvBOhCH3iADSZry,8524.12,1206.5,6510985.500,834.038
10-06-2020 07:15,WRmjgnKYAwPKWDb,2798.29,155,7221133.000,274.629
15-06-2020 07:30,McdE0feGgRqW7Ca,1960.71,200.429,7389558.429,192.1
19-05-2020 23:00,WRmjgnKYAwPKWDb,0,0,7060932.000,0
10-06-2020 15:30,wCURE6d3bPkepu2,4636.38,5681.62,6981661.625,454.95
20-05-2020 06:30,1BY6WEcLGh8j5v7,674.286,20,6290117.000,65.2857
03-06-2020 18:45,bvBOhCH3iADSZry,0,7237,6452724.000,0
10-06-2020 21:15,7JYdWkrLSPkdwr4,0,6362,7801091.000,0
08-06-2020 23:15,VHMLBKoKgIrUVDU,0,8488,7394696.000,0
07-06-2020 11:15,zVJPv84UY57bAof,13868.9,2753.14,7288283.143,1352.19
08-06-2020 05:45,7JYdWkrLSPkdwr4,0,0,7778510.000,0
05-06-2020 21:00,YxYtjZvoooNbGkE,0,7603,7342489.000,0
22-05-2020 06:00,WRmjgnKYAwPKWDb,223.625,1,7077359.000,21.6375
30-05-2020 22:45,z9Y9gH1T5YWrNuG,0,7142,7127597.000,0
30-05-2020 15:30,sjndEbLyjtCKgGv,8266,6170.14,7135199.143,808.971
16-06-2020 02:15,adLQvlD726eNBSB,0,0,6512002.000,0
17-05-2020 05:15,ih0vzX44oOqAx2f,0,0,6197810.000,0
28-05-2020 08:15,ih0vzX44oOqAx2f,5771.5,549.5,6279404.500,565.6
26-05-2020 16:45,ZnxXDlPa8U1GXgE,6009,7738.12,6612404.125,588.788
06-06-2020 23:15,VHMLBKoKgIrUVDU,0,6435,7377989.000,0
07-06-2020 14:15,zBIq5rxdHJRwDNY,8551.57,6205,6512933.000,836.186
18-05-2020 03:30,7JYdWkrLSPkdwr4,0,0,7623063.000,0
07-06-2020 20:15,sjndEbLyjtCKgGv,0,6898,7192554.000,0
04-06-2020 12:45,ZnxXDlPa8U1GXgE,7983.43,4297.71,6675181.714,780.443
31-05-2020 16:45,ZoEaEvLYb1n2sOq,1800.75,5601.5,7222449.500,176.537
13-06-2020 09:00,rGa61gmuvPhdLxV,6679.88,1037.12,7323318.125,654.275
07-06-2020 01:30,7JYdWkrLSPkdwr4,0,0,7770457.000,0
19-05-2020 02:45,7JYdWkrLSPkdwr4,0,0,7628372.000,0
11-06-2020 07:45,bvBOhCH3iADSZry,1864.43,120.857,6499330.857,182.757
30-05-2020 20:30,z9Y9gH1T5YWrNuG,0,7142,7127597.000,0
05-06-2020 04:00,YxYtjZvoooNbGkE,0,0,7334886.000,0
29-05-2020 12:30,zVJPv84UY57bAof,12231.9,4386.71,7224859.714,1192.99
17-06-2020 04:00,ih0vzX44oOqAx2f,0,0,6420371.000,0
17-05-2020 14:00,VHMLBKoKgIrUVDU,8569.43,5795.43,7225175.429,837.629
25-05-2020 20:30,bvBOhCH3iADSZry,0,8124,6392336.000,0
11-06-2020 13:45,uHbuxQJl8lW7ozc,6726.12,3535.25,7244043.250,658.8
03-06-2020 13:00,z9Y9gH1T5YWrNuG,11741.2,4360.12,7151634.125,1146.06
28-05-2020 07:15,ZnxXDlPa8U1GXgE,2743.57,148,6619524.000,269.171
18-05-2020 04:00,zVJPv84UY57bAof,0,0,7136015.000,0
21-05-2020 10:30,z9Y9gH1T5YWrNuG,9810,2218.43,7051479.429,957.743
29-05-2020 10:00,ZoEaEvLYb1n2sOq,7667,1540,7203078.000,750.517
24-05-2020 04:45,ih0vzX44oOqAx2f,0,0,6248938.000,0
08-06-2020 06:15,bvBOhCH3iADSZry,423.857,6.57143,6478299.571,40.9714
28-05-2020 07:45,wCURE6d3bPkepu2,4144.14,298,6879493.000,407.129
06-06-2020 04:30,1IF53ai7Xc0U56Y,0,0,6348557.000,0
16-06-2020 16:00,WRmjgnKYAwPKWDb,5104.29,5824.86,7267139.857,500.5
25-05-2020 19:00,adLQvlD726eNBSB,0,9163,6355294.000,0
25-05-2020 11:00,McdE0feGgRqW7Ca,12196,3066.5,7235757.500,1189.1
30-05-2020 17:00,1BY6WEcLGh8j5v7,3089,6571.25,6371945.250,303.488
01-06-2020 07:30,VHMLBKoKgIrUVDU,4402.12,260.25,7334665.250,432.125
02-06-2020 19:15,zVJPv84UY57bAof,0,7451,7255217.000,0
02-06-2020 00:00,3PZuoBAID5Wc2HD,0,0,7121269.000,0
30-05-2020 08:00,zBIq5rxdHJRwDNY,3167,293.75,6450198.750,311.025
26-05-2020 21:45,ih0vzX44oOqAx2f,0,0,6272291.000,0
25-05-2020 14:45,pkci93gMrogZuBj,10702.3,7310.86,7249017.857,1046.09
18-05-2020 18:30,YxYtjZvoooNbGkE,0,5369,7205598.000,0
08-06-2020 17:45,1IF53ai7Xc0U56Y,1194.5,8449,6371787.000,116.287
26-05-2020 04:30,ZnxXDlPa8U1GXgE,0,0,6604666.000,0
27-05-2020 12:15,ZnxXDlPa8U1GXgE,8220.86,3952.43,6616601.429,804
23-05-2020 07:15,zVJPv84UY57bAof,2138,80.375,7172374.375,209.488
26-05-2020 22:45,1BY6WEcLGh8j5v7,0,0,6343669.000,0
22-05-2020 03:45,VHMLBKoKgIrUVDU,0,0,7256361.000,0
11-06-2020 19:15,rGa61gmuvPhdLxV,0,5663,7316432.000,0
30-05-2020 09:00,rGa61gmuvPhdLxV,3837.29,657.571,7223731.571,377.086
25-05-2020 19:45,wCURE6d3bPkepu2,0,8859,6864650.000,0
02-06-2020 10:00,uHbuxQJl8lW7ozc,9773,1946.29,7172888.286,955.629
11-06-2020 22:45,sjndEbLyjtCKgGv,0,5654,7221254.000,0
28-05-2020 18:45,adLQvlD726eNBSB,0,8636,6379009.000,0
09-06-2020 09:15,adLQvlD726eNBSB,7438.62,1373.5,6463377.500,728.05
25-05-2020 05:15,ZoEaEvLYb1n2sOq,0,0,7170169.000,0
30-05-2020 06:45,iCRJl6heRkivqQ3,1205.86,39,7291292.000,117.257
16-06-2020 12:30,1BY6WEcLGh8j5v7,6979.29,3423.86,6477373.857,683.429
01-06-2020 05:00,ih0vzX44oOqAx2f,0,0,6308232.000,0
03-06-2020 21:45,3PZuoBAID5Wc2HD,0,7874,7136488.000,0
09-06-2020 01:45,zBIq5rxdHJRwDNY,0,0,6523269.000,0
02-06-2020 11:45,wCURE6d3bPkepu2,6220.43,3262.14,6918606.143,609.457
31-05-2020 17:30,z9Y9gH1T5YWrNuG,1392.12,6236,7133833.000,135.85
29-05-2020 13:15,zBIq5rxdHJRwDNY,11179.2,5035.75,6447029.750,1091.1
13-06-2020 03:15,7JYdWkrLSPkdwr4,0,0,7812417.000,0
20-05-2020 20:45,rGa61gmuvPhdLxV,0,8821,7152633.000,0
16-06-2020 14:30,sjndEbLyjtCKgGv,9997.38,4918.88,7254457.875,976.212
15-05-2020 16:00,1BY6WEcLGh8j5v7,4551.14,5275.29,6264834.286,446.571
17-05-2020 04:15,7JYdWkrLSPkdwr4,0,0,7615537.000,0
13-06-2020 14:00,adLQvlD726eNBSB,12059.5,6473,6495195.000,1177.09
07-06-2020 01:30,adLQvlD726eNBSB,0,0,6445031.000,0
12-06-2020 21:15,7JYdWkrLSPkdwr4,0,5753,7812417.000,0
08-06-2020 02:15,z9Y9gH1T5YWrNuG,0,0,7183631.000,0
21-05-2020 14:15,sjndEbLyjtCKgGv,7306,6211.29,7064272.286,714.5
04-06-2020 18:00,rGa61gmuvPhdLxV,930.75,8193.88,7265330.875,90.3875
03-06-2020 21:45,ih0vzX44oOqAx2f,0,7699,6329010.000,0
13-06-2020 22:15,rGa61gmuvPhdLxV,0,8389,7330670.000,0
28-05-2020 15:15,pkci93gMrogZuBj,8832.57,7196.29,7272181.286,864.143
23-05-2020 15:15,McdE0feGgRqW7Ca,8122.57,7314.71,7223266.714,794.857
19-05-2020 17:00,bvBOhCH3iADSZry,2459.5,6257.75,6346795.750,241.175
17-06-2020 09:15,rGa61gmuvPhdLxV,5461.25,811.625,7351758.625,535.275
08-06-2020 21:15,VHMLBKoKgIrUVDU,0,8488,7394696.000,0
11-06-2020 06:15,wCURE6d3bPkepu2,148.429,1.28571,6982404.286,14.3
04-06-2020 16:30,1IF53ai7Xc0U56Y,5757.25,7705.5,6340364.500,564.2
17-05-2020 06:30,1IF53ai7Xc0U56Y,475.25,8.25,6196602.250,45.975
13-06-2020 14:15,YxYtjZvoooNbGkE,11478.1,6392.25,7397451.250,1120.25
13-06-2020 12:00,sjndEbLyjtCKgGv,12266.9,4096.12,7231197.125,1196.71
05-06-2020 05:30,adLQvlD726eNBSB,0,0,6430581.000,0
30-05-2020 23:00,VHMLBKoKgIrUVDU,0,7270,7328329.000,0
09-06-2020 14:30,pkci93gMrogZuBj,9720.25,6283.5,7360759.500,949.513
20-05-2020 10:30,3PZuoBAID5Wc2HD,11242.3,2563.71,7023075.714,1098.04
05-06-2020 06:15,iCRJl6heRkivqQ3,301.714,4.57143,7334004.571,29.1714
19-05-2020 10:30,ih0vzX44oOqAx2f,7039.71,1684.43,6212171.429,688.886
04-06-2020 21:45,wCURE6d3bPkepu2,0,0,6939021.000,0
08-06-2020 05:15,1IF53ai7Xc0U56Y,0,0,6363338.000,0
14-06-2020 10:45,wCURE6d3bPkepu2,11289.6,2293,7004662.000,1102.42
10-06-2020 07:00,WRmjgnKYAwPKWDb,2140.38,95.25,7221073.250,209.825
01-06-2020 16:00,wCURE6d3bPkepu2,1685.86,5678.71,6915083.714,164.986
14-06-2020 16:45,YxYtjZvoooNbGkE,2170.38,7098.62,7406537.625,212.775
07-06-2020 15:00,pkci93gMrogZuBj,10063.7,6713.71,7344631.714,982.629
24-05-2020 18:30,ZoEaEvLYb1n2sOq,142.714,7984,7170168.000,13.7857
11-06-2020 15:00,7JYdWkrLSPkdwr4,7548.38,4421.38,7805512.375,738.888
31-05-2020 15:00,iCRJl6heRkivqQ3,2116.57,5344.57,7303942.571,207.486
11-06-2020 18:30,rGa61gmuvPhdLxV,48.625,5662.75,7316431.750,4.6875
26-05-2020 11:15,VHMLBKoKgIrUVDU,7590.29,3418.57,7292943.571,742.1
04-06-2020 00:00,1BY6WEcLGh8j5v7,0,1048.71,6397809.000,0
07-06-2020 16:15,zBIq5rxdHJRwDNY,6561.38,7602.25,6514330.250,642.712
16-05-2020 13:15,rGa61gmuvPhdLxV,10191.4,4065.12,7121931.125,996.138
21-05-2020 13:00,zVJPv84UY57bAof,11985.7,4983.14,7162162.143,1169.39
11-06-2020 04:15,ZoEaEvLYb1n2sOq,0,0,7296071.000,0
11-06-2020 04:45,3PZuoBAID5Wc2HD,0,0,7190469.000,0
16-06-2020 06:30,z9Y9gH1T5YWrNuG,697.25,12.25,7239196.250,67.5875
01-06-2020 04:00,z9Y9gH1T5YWrNuG,0,0,7133897.000,0
04-06-2020 04:00,z9Y9gH1T5YWrNuG,0,0,7155113.000,0
02-06-2020 06:30,YxYtjZvoooNbGkE,477.571,18.2857,7311534.286,46.1714
05-06-2020 04:30,ih0vzX44oOqAx2f,0,0,6337019.000,0
12-06-2020 20:00,rGa61gmuvPhdLxV,0,5849,7322281.000,0
24-05-2020 04:45,ZoEaEvLYb1n2sOq,0,0,7162184.000,0
27-05-2020 06:45,adLQvlD726eNBSB,1651.14,51.8571,6363567.857,161.571
08-06-2020 21:00,ZnxXDlPa8U1GXgE,0,8435,6709698.000,0
16-05-2020 22:45,1BY6WEcLGh8j5v7,0,6292,6271605.000,0
31-05-2020 13:15,pkci93gMrogZuBj,7690.43,4419,7293295.000,751.9
17-05-2020 08:15,McdE0feGgRqW7Ca,5240,490.429,7172511.429,513.657
28-05-2020 10:30,ZnxXDlPa8U1GXgE,10974.9,2556.86,6621932.857,1071.61
15-06-2020 09:30,zBIq5rxdHJRwDNY,8531.43,1510,6566647.000,834.657
23-05-2020 04:45,pkci93gMrogZuBj,0,0,7225200.000,0
24-05-2020 10:45,zBIq5rxdHJRwDNY,10781.9,2185.75,6406666.750,1052.42
09-06-2020 15:00,YxYtjZvoooNbGkE,8245.14,6481,7371791.000,806.914
16-05-2020 07:15,7JYdWkrLSPkdwr4,1965.29,112.286,7609188.286,192.643
21-05-2020 15:45,zBIq5rxdHJRwDNY,5311.86,7237.86,6388099.857,520.843
27-05-2020 07:45,pkci93gMrogZuBj,3939.38,281.75,7258575.750,386.962
27-05-2020 11:15,pkci93gMrogZuBj,10730.4,2658.12,7260952.125,1047.28
02-06-2020 23:00,WRmjgnKYAwPKWDb,0,0,7166917.000,0
12-06-2020 22:30,3PZuoBAID5Wc2HD,0,5900,7202086.000,0
30-05-2020 21:30,ih0vzX44oOqAx2f,0,7146,6302267.000,0
25-05-2020 19:15,YxYtjZvoooNbGkE,0,8813,7261464.000,0
04-06-2020 15:30,z9Y9gH1T5YWrNuG,8867.5,6884.5,7161997.500,867.462
22-05-2020 05:00,bvBOhCH3iADSZry,0,0,6362148.000,0
15-05-2020 13:45,McdE0feGgRqW7Ca,7763.14,4254.86,7163218.857,759.957
11-06-2020 07:45,zVJPv84UY57bAof,2032,132.143,7317148.143,199.186
03-06-2020 14:30,ih0vzX44oOqAx2f,9881.43,5790.86,6327101.857,965.857
19-05-2020 10:45,YxYtjZvoooNbGkE,8150.12,1894.62,7207492.625,797.05
21-05-2020 21:00,zVJPv84UY57bAof,0,7944,7165123.000,0
29-05-2020 19:45,1BY6WEcLGh8j5v7,0,7564,6365374.000,0
16-05-2020 18:15,bvBOhCH3iADSZry,120.714,6137.29,6328647.286,11.6429
06-06-2020 19:15,1IF53ai7Xc0U56Y,0,6542,6355099.000,0
01-06-2020 12:00,WRmjgnKYAwPKWDb,5464.14,3723.57,7157589.571,535.514
02-06-2020 10:30,1IF53ai7Xc0U56Y,7200.71,2212.29,6319656.286,705
02-06-2020 13:00,McdE0feGgRqW7Ca,12320,4517.5,7297269.500,1201.56
25-05-2020 18:45,WRmjgnKYAwPKWDb,0,8879,7109996.000,0
10-06-2020 14:30,1IF53ai7Xc0U56Y,5842.71,5580,6385602.000,572.229
30-05-2020 02:15,pkci93gMrogZuBj,0,0,7281535.000,0
31-05-2020 00:15,ZoEaEvLYb1n2sOq,0,0,7216848.000,0
17-06-2020 14:00,VHMLBKoKgIrUVDU,6125.5,4764.25,7454965.250,600.138
04-06-2020 07:45,wCURE6d3bPkepu2,3460,255.571,6931031.571,339.5
09-06-2020 06:00,ZnxXDlPa8U1GXgE,174.143,1,6709699.000,16.8
20-05-2020 22:30,pkci93gMrogZuBj,0,8849,7210198.000,0
14-06-2020 21:45,bvBOhCH3iADSZry,0,3958,6521600.000,0
07-06-2020 18:30,zBIq5rxdHJRwDNY,66,8182.88,6514910.875,6.375
08-06-2020 15:00,1IF53ai7Xc0U56Y,10248,7103.86,6370441.857,1001.91
17-06-2020 05:45,ZoEaEvLYb1n2sOq,0,0,7335882.000,0
13-06-2020 09:00,bvBOhCH3iADSZry,8345.86,1004,6510783.000,816.729
01-06-2020 15:45,adLQvlD726eNBSB,1509.62,5816.25,6406520.250,147.525
10-06-2020 04:30,rGa61gmuvPhdLxV,0,0,7304204.000,0
23-05-2020 14:15,ZnxXDlPa8U1GXgE,8185.12,6522,6585661.000,801.1
30-05-2020 13:30,1BY6WEcLGh8j5v7,9501.57,3913.57,6369287.571,929.257
11-06-2020 22:45,iCRJl6heRkivqQ3,0,5692,7385471.000,0
30-05-2020 19:45,rGa61gmuvPhdLxV,0,7364,7230438.000,0
26-05-2020 04:00,McdE0feGgRqW7Ca,0,0,7241649.000,0
09-06-2020 04:45,ih0vzX44oOqAx2f,0,0,6366909.000,0
29-05-2020 12:45,zBIq5rxdHJRwDNY,11860.9,4451.88,6446445.875,1156.45
15-05-2020 14:30,VHMLBKoKgIrUVDU,6612.14,4800,7211208.000,647.257
06-06-2020 15:00,7JYdWkrLSPkdwr4,4010,5721.88,7769861.875,393.812
10-06-2020 18:45,ZnxXDlPa8U1GXgE,0,6438,6724210.000,0
27-05-2020 19:30,uHbuxQJl8lW7ozc,0,0,7135258.000,0
06-06-2020 02:30,1IF53ai7Xc0U56Y,0,0,6348557.000,0
20-05-2020 12:45,rGa61gmuvPhdLxV,12802.4,5083.14,7148895.143,1248.26
08-06-2020 22:30,sjndEbLyjtCKgGv,0,8371,7200925.000,0
25-05-2020 12:00,uHbuxQJl8lW7ozc,12545.4,4204.75,7116056.750,1223.15
17-06-2020 01:45,ZoEaEvLYb1n2sOq,0,0,7335882.000,0
27-05-2020 11:30,YxYtjZvoooNbGkE,12828.9,3115.86,7272448.857,1250.81
26-05-2020 02:15,WRmjgnKYAwPKWDb,0,0,7109996.000,0
13-06-2020 08:30,bvBOhCH3iADSZry,6447.14,656.714,6510435.714,631.557
16-06-2020 14:00,sjndEbLyjtCKgGv,6738.88,4623.62,7254162.625,659.975
07-06-2020 22:30,iCRJl6heRkivqQ3,0,8277,7356511.000,0
13-06-2020 04:30,adLQvlD726eNBSB,0,0,6488722.000,0
10-06-2020 12:45,zBIq5rxdHJRwDNY,11431.8,3878.25,6535283.250,1115.33
15-06-2020 19:15,ZnxXDlPa8U1GXgE,0,6757,6758504.000,0
17-06-2020 14:15,sjndEbLyjtCKgGv,6164.57,4800.86,7260594.857,603.957
07-06-2020 02:45,iCRJl6heRkivqQ3,0,0,7348234.000,0
18-05-2020 19:45,pkci93gMrogZuBj,0,5364,7194411.000,0
30-05-2020 10:30,1BY6WEcLGh8j5v7,5001.75,1306.25,6366680.250,490.363
11-06-2020 23:00,bvBOhCH3iADSZry,0,5197,6504407.000,0
28-05-2020 13:15,z9Y9gH1T5YWrNuG,11709.1,5716.29,7109601.286,1142.44
23-05-2020 16:30,YxYtjZvoooNbGkE,5492,8093.75,7244214.750,538.312
10-06-2020 19:00,ZnxXDlPa8U1GXgE,0,6438,6724210.000,0
22-05-2020 16:00,iCRJl6heRkivqQ3,3202.75,6828.12,7234270.125,314.95
04-06-2020 12:00,VHMLBKoKgIrUVDU,11685.8,3621.88,7359282.875,1140.5
06-06-2020 02:15,ih0vzX44oOqAx2f,0,0,6344476.000,0
15-05-2020 19:15,1BY6WEcLGh8j5v7,0,5754,6265313.000,0
15-05-2020 13:30,1IF53ai7Xc0U56Y,8212,3935.88,6187580.875,803.725
16-05-2020 11:15,iCRJl6heRkivqQ3,7477.29,2467.29,7186877.286,732.071
19-05-2020 01:30,ih0vzX44oOqAx2f,0,0,6210487.000,0
03-06-2020 13:30,adLQvlD726eNBSB,10372.2,5006.5,6419282.500,1013.7
10-06-2020 22:15,1IF53ai7Xc0U56Y,0,6598,6386620.000,0
18-05-2020 20:30,McdE0feGgRqW7Ca,0,5464,7185091.000,0
17-06-2020 12:15,1IF53ai7Xc0U56Y,13797.1,3182.57,6430714.571,1345.24
16-05-2020 13:45,adLQvlD726eNBSB,6833.29,4902.43,6282640.429,669.229
28-05-2020 00:15,ZoEaEvLYb1n2sOq,0,0,7193291.000,0
17-05-2020 14:15,uHbuxQJl8lW7ozc,6028,5716.12,7057055.125,590.525
26-05-2020 11:45,VHMLBKoKgIrUVDU,12073.7,3924.14,7293449.143,1177.99
17-05-2020 21:15,pkci93gMrogZuBj,0,7397,7189047.000,0
16-05-2020 09:45,1IF53ai7Xc0U56Y,8083,1397.88,6191399.875,791.075
23-05-2020 12:15,ih0vzX44oOqAx2f,13004.2,4239.12,6244782.125,1267.95
17-06-2020 05:45,iCRJl6heRkivqQ3,0,0,7420306.000,0
24-05-2020 09:00,ih0vzX44oOqAx2f,7957.12,949.5,6249887.500,778.8
02-06-2020 21:15,sjndEbLyjtCKgGv,0,7439,7155447.000,0
05-06-2020 23:45,rGa61gmuvPhdLxV,0,7741,7273090.000,0
08-06-2020 00:45,sjndEbLyjtCKgGv,0,0,7192554.000,0
26-05-2020 19:30,1IF53ai7Xc0U56Y,0,0,6274638.000,0
28-05-2020 11:30,sjndEbLyjtCKgGv,12926.7,3508.43,7116073.429,1260.33
29-05-2020 14:00,adLQvlD726eNBSB,6827.71,6133.43,6385142.429,668.7
14-06-2020 20:30,zBIq5rxdHJRwDNY,0,7315,6565137.000,0
08-06-2020 19:15,uHbuxQJl8lW7ozc,0,8405,7225554.000,0
25-05-2020 00:00,1IF53ai7Xc0U56Y,0,0,6257480.000,0
18-05-2020 16:45,ih0vzX44oOqAx2f,2910.25,5097,6210298.000,285.65
12-06-2020 22:30,ih0vzX44oOqAx2f,0,5710,6392263.000,0
25-05-2020 04:30,sjndEbLyjtCKgGv,0,0,7089351.000,0
18-05-2020 04:00,ZoEaEvLYb1n2sOq,0,0,7118208.000,0
29-05-2020 09:45,wCURE6d3bPkepu2,8460.71,1372.14,6889081.143,827.743
23-05-2020 11:15,3PZuoBAID5Wc2HD,12275,3161,7047777.000,1197.41
17-05-2020 11:00,zVJPv84UY57bAof,9471.88,2772.12,7131307.125,924.925
27-05-2020 10:45,1IF53ai7Xc0U56Y,9012.29,2436,6277074.000,881.029
18-05-2020 22:30,1IF53ai7Xc0U56Y,0,5453,6209806.000,0
11-06-2020 00:15,rGa61gmuvPhdLxV,0,0,7310769.000,0
05-06-2020 21:30,3PZuoBAID5Wc2HD,0,0,7152486.000,0
31-05-2020 22:15,ih0vzX44oOqAx2f,0,5965,6308232.000,0
11-06-2020 21:15,1IF53ai7Xc0U56Y,0,5704,6392324.000,0
20-05-2020 12:00,adLQvlD726eNBSB,12996.6,4377,6308890.000,1267.51
12-06-2020 18:00,rGa61gmuvPhdLxV,828.143,5829.29,7322261.286,80.3571
07-06-2020 19:45,1IF53ai7Xc0U56Y,0,8239,6363338.000,0
29-05-2020 14:15,ZoEaEvLYb1n2sOq,9511.12,6082.38,7207620.375,929.862
13-06-2020 10:15,zVJPv84UY57bAof,10050,2009.62,7330559.625,981.163
17-06-2020 09:45,adLQvlD726eNBSB,5954.75,1170,6519568.000,583.475
03-06-2020 03:45,1BY6WEcLGh8j5v7,0,0,6390468.000,0
07-06-2020 07:00,sjndEbLyjtCKgGv,1759.43,88,7185744.000,172.429
15-06-2020 14:30,1BY6WEcLGh8j5v7,8455.57,4988.71,6472663.714,827.271
01-06-2020 02:15,1BY6WEcLGh8j5v7,0,0,6377931.000,0
19-05-2020 16:15,ZoEaEvLYb1n2sOq,5311.57,6380.29,7129907.286,520.743
01-06-2020 20:00,3PZuoBAID5Wc2HD,0,5965,7121269.000,0
27-05-2020 22:00,z9Y9gH1T5YWrNuG,0,0,7103885.000,0
06-06-2020 18:00,McdE0feGgRqW7Ca,276,6479,7331160.000,26.6
14-06-2020 20:15,1BY6WEcLGh8j5v7,0,4012,6467675.000,0
23-05-2020 12:30,pkci93gMrogZuBj,12225.4,4606.29,7229806.286,1193.04
31-05-2020 17:45,McdE0feGgRqW7Ca,1061,6158.62,7286723.625,103.125
22-05-2020 13:00,adLQvlD726eNBSB,11439.5,4435,6326008.000,1093.77
15-05-2020 13:00,pkci93gMrogZuBj,5131.86,3674.14,7172776.143,503.129
26-05-2020 10:00,zVJPv84UY57bAof,10542.7,1974.86,7199583.857,1030.51
29-05-2020 10:45,pkci93gMrogZuBj,11443.4,2457.88,7275715.875,1117.09
06-06-2020 03:45,zVJPv84UY57bAof,0,0,7279090.000,0
04-06-2020 17:15,1BY6WEcLGh8j5v7,3499.12,7390.75,6405199.750,343.975
04-06-2020 06:15,WRmjgnKYAwPKWDb,394,5.42857,7174632.429,38.0714
15-05-2020 03:45,WRmjgnKYAwPKWDb,0,0,7028673.000,0
10-06-2020 09:00,z9Y9gH1T5YWrNuG,7211,865.375,7199918.375,706.1
09-06-2020 09:30,sjndEbLyjtCKgGv,8967.43,1485.57,7202410.571,876.329
16-06-2020 21:00,pkci93gMrogZuBj,0,6261,7409478.000,0
18-05-2020 09:45,ih0vzX44oOqAx2f,1537.5,583.875,6205784.875,150.238
05-06-2020 01:15,pkci93gMrogZuBj,0,0,7323691.000,0
19-05-2020 07:00,ih0vzX44oOqAx2f,2423.75,52.5,6210539.500,237.7
05-06-2020 12:30,z9Y9gH1T5YWrNuG,3578.14,3881.14,7167143.143,351.7
04-06-2020 02:00,YxYtjZvoooNbGkE,0,0,7326756.000,0
22-05-2020 22:45,YxYtjZvoooNbGkE,0,0,7236121.000,0
30-05-2020 00:30,zVJPv84UY57bAof,0,0,7228687.000,0
18-05-2020 13:45,VHMLBKoKgIrUVDU,13382.8,3285.88,7230382.875,1304.83
02-06-2020 22:00,ZnxXDlPa8U1GXgE,0,0,6662968.000,0
10-06-2020 15:45,ih0vzX44oOqAx2f,3712.88,5650.25,6380405.250,364.913
14-06-2020 05:30,uHbuxQJl8lW7ozc,0,0,7260531.000,0
13-06-2020 22:30,uHbuxQJl8lW7ozc,0,8437,7260531.000,0
19-05-2020 22:15,7JYdWkrLSPkdwr4,0,6836,7635208.000,0
10-06-2020 06:30,VHMLBKoKgIrUVDU,935.25,22.75,7402838.750,90.8125
20-05-2020 07:45,z9Y9gH1T5YWrNuG,4241.86,279.857,7040744.857,416.671
04-06-2020 09:15,uHbuxQJl8lW7ozc,7413.57,1077.14,7187332.143,725.729
09-06-2020 10:45,McdE0feGgRqW7Ca,12434.8,2752.12,7349534.125,1212.72
03-06-2020 05:45,rGa61gmuvPhdLxV,0,0,7249330.000,0
31-05-2020 19:45,wCURE6d3bPkepu2,0,6247,6909405.000,0
30-05-2020 13:00,iCRJl6heRkivqQ3,9011.57,3662.57,7294915.571,881.129
11-06-2020 22:15,rGa61gmuvPhdLxV,0,5663,7316432.000,0
10-06-2020 03:15,z9Y9gH1T5YWrNuG,0,0,7199053.000,0
05-06-2020 20:30,WRmjgnKYAwPKWDb,0,0,7190270.000,0
17-05-2020 22:15,iCRJl6heRkivqQ3,0,7519,7198367.000,0
15-05-2020 11:00,ZoEaEvLYb1n2sOq,7970.88,1983.38,7100082.375,779.337
31-05-2020 21:00,uHbuxQJl8lW7ozc,0,6081,7165353.000,0
03-06-2020 17:00,uHbuxQJl8lW7ozc,5765.25,7601.12,7186006.125,565
15-05-2020 14:45,7JYdWkrLSPkdwr4,6871.71,4843.29,7607803.286,672.271
16-06-2020 02:45,rGa61gmuvPhdLxV,0,0,7344704.000,0
06-06-2020 08:15,adLQvlD726eNBSB,5444.14,670.714,6439098.714,533.686
17-05-2020 10:00,uHbuxQJl8lW7ozc,9375.38,1811.75,7053150.750,916.938
13-06-2020 15:45,YxYtjZvoooNbGkE,6113.71,7763,7398822.000,599.071
05-06-2020 15:30,YxYtjZvoooNbGkE,3612,6312.29,7341198.286,354.029
06-06-2020 07:00,uHbuxQJl8lW7ozc,2634.62,92.875,7202465.875,258.475
16-05-2020 20:15,iCRJl6heRkivqQ3,0,6438,7190848.000,0
12-06-2020 14:30,rGa61gmuvPhdLxV,6369,4613.38,7321045.375,623.925
15-05-2020 19:45,bvBOhCH3iADSZry,0,5707,6322510.000,0
06-06-2020 11:15,adLQvlD726eNBSB,11898.6,3069.14,6441497.143,1160.94
29-05-2020 10:15,bvBOhCH3iADSZry,11125.4,1676,6415261.000,1085.49
26-05-2020 06:00,ZoEaEvLYb1n2sOq,121.125,0.75,7178914.750,11.675
07-06-2020 11:30,sjndEbLyjtCKgGv,11601.9,3078,7188734.000,1132.42
05-06-2020 12:30,McdE0feGgRqW7Ca,3674.29,3961,7320722.000,361.157
06-06-2020 12:45,zBIq5rxdHJRwDNY,10009.6,4115.62,6504417.625,977.612
08-06-2020 22:30,wCURE6d3bPkepu2,0,8443,6967970.000,0
06-06-2020 14:45,z9Y9gH1T5YWrNuG,2411.86,5630,7176631.000,236.5
03-06-2020 23:00,WRmjgnKYAwPKWDb,0,7710,7174627.000,0
26-05-2020 06:45,iCRJl6heRkivqQ3,1164.71,42.7143,7260172.714,113.257
06-06-2020 22:30,McdE0feGgRqW7Ca,0,0,7331160.000,0
16-06-2020 10:30,ih0vzX44oOqAx2f,8404.57,2099.29,6416346.286,822.457
04-06-2020 06:30,WRmjgnKYAwPKWDb,766.25,19.25,7174646.250,74.3375
21-05-2020 19:45,bvBOhCH3iADSZry,0,7110,6362148.000,0
18-05-2020 04:30,z9Y9gH1T5YWrNuG,0,0,7028226.000,0
24-05-2020 21:15,wCURE6d3bPkepu2,0,7961,6855791.000,0
17-05-2020 03:45,1IF53ai7Xc0U56Y,0,0,6196594.000,0
08-06-2020 17:00,zBIq5rxdHJRwDNY,3351.29,8146.86,6523057.857,328.886
09-06-2020 13:00,ZoEaEvLYb1n2sOq,10233,4843,7286567.000,999.314
02-06-2020 00:45,z9Y9gH1T5YWrNuG,0,0,7139828.000,0
10-06-2020 14:15,zBIq5rxdHJRwDNY,9813.38,5262.38,6536667.375,959.612
18-05-2020 19:45,z9Y9gH1T5YWrNuG,0,5347,7033573.000,0
30-05-2020 12:15,zVJPv84UY57bAof,9276.71,2866.29,7231553.286,906.6
12-06-2020 05:45,7JYdWkrLSPkdwr4,0,0,7806664.000,0
29-05-2020 11:45,iCRJl6heRkivqQ3,12758.6,3538.5,7286575.500,1244.49
17-06-2020 19:00,pkci93gMrogZuBj,0,5952,7415430.000,0
21-05-2020 09:30,z9Y9gH1T5YWrNuG,9803.62,1428.25,7050689.250,958.675
24-05-2020 17:00,VHMLBKoKgIrUVDU,3949.43,7977.57,7280309.571,388.071
28-05-2020 21:00,bvBOhCH3iADSZry,0,7752,6413585.000,0
14-06-2020 14:45,sjndEbLyjtCKgGv,6511.86,5944,7241448.000,637.871
20-05-2020 20:15,rGa61gmuvPhdLxV,0,8821,7152633.000,0
22-05-2020 09:00,uHbuxQJl8lW7ozc,4876.5,860.875,7088836.875,478.312
11-06-2020 13:45,bvBOhCH3iADSZry,5750.62,3238.5,6502448.500,563.575
27-05-2020 07:15,7JYdWkrLSPkdwr4,2063.71,141.714,7692053.714,202.186
10-06-2020 00:15,WRmjgnKYAwPKWDb,0,0,7220978.000,0
30-05-2020 16:00,1IF53ai7Xc0U56Y,6679,6679.57,6304890.571,654.214
16-06-2020 22:30,1BY6WEcLGh8j5v7,0,5848,6479798.000,0
06-06-2020 02:15,iCRJl6heRkivqQ3,0,0,7341803.000,0
15-05-2020 05:30,VHMLBKoKgIrUVDU,0,0,7206408.000,0
29-05-2020 14:00,zVJPv84UY57bAof,6599.14,6010.43,7226483.429,646.414
22-05-2020 23:45,uHbuxQJl8lW7ozc,0,0,7095253.000,0
03-06-2020 05:45,ih0vzX44oOqAx2f,0,0,6321311.000,0
28-05-2020 14:15,ZoEaEvLYb1n2sOq,5491.14,6386.86,7199677.857,538.314
18-05-2020 11:00,WRmjgnKYAwPKWDb,6419.57,1007,7050111.000,628.886
15-06-2020 02:45,pkci93gMrogZuBj,0,0,7396422.000,0
19-05-2020 04:00,adLQvlD726eNBSB,0,0,6297816.000,0
16-05-2020 22:45,3PZuoBAID5Wc2HD,0,6656,7000689.000,0
30-05-2020 08:15,sjndEbLyjtCKgGv,4170,377.429,7129406.429,409.571
26-05-2020 22:30,adLQvlD726eNBSB,0,0,6363516.000,0
09-06-2020 20:45,VHMLBKoKgIrUVDU,0,8120,7402816.000,0
14-06-2020 10:00,adLQvlD726eNBSB,8624.88,1744.62,6499240.625,843.862
26-05-2020 17:00,z9Y9gH1T5YWrNuG,4339,7636.14,7097076.143,425.486
03-06-2020 08:15,sjndEbLyjtCKgGv,4480.25,440.25,7155887.250,439.875
17-05-2020 09:00,ZoEaEvLYb1n2sOq,7602.25,953,7111697.000,744.25
02-06-2020 11:45,uHbuxQJl8lW7ozc,6346.71,3269.86,7174211.857,621.8
07-06-2020 07:45,bvBOhCH3iADSZry,2289.88,216,6473340.000,224.512
19-05-2020 00:45,3PZuoBAID5Wc2HD,0,0,7013918.000,0
02-06-2020 03:00,ih0vzX44oOqAx2f,0,0,6313983.000,0
31-05-2020 14:30,zBIq5rxdHJRwDNY,2301.14,5182,6462483.000,225.614
19-05-2020 02:45,zVJPv84UY57bAof,0,0,7141405.000,0
11-06-2020 23:30,1IF53ai7Xc0U56Y,0,5704,6392324.000,0
16-06-2020 16:15,z9Y9gH1T5YWrNuG,3479.25,5860.25,7245044.250,341.8
15-05-2020 06:15,bvBOhCH3iADSZry,279.625,3,6316806.000,27.0125
10-06-2020 00:30,WRmjgnKYAwPKWDb,0,0,7220978.000,0
04-06-2020 15:45,z9Y9gH1T5YWrNuG,8456.57,7100.57,7162213.571,827.443
31-05-2020 06:15,zVJPv84UY57bAof,458.571,6.71429,7235983.714,44.3571
20-05-2020 09:15,ZoEaEvLYb1n2sOq,8286.29,1212.71,7131544.714,810.886
17-05-2020 14:45,rGa61gmuvPhdLxV,8505.38,5964.38,7130063.375,831.438
19-05-2020 09:15,ZoEaEvLYb1n2sOq,6607.5,795.625,7124322.625,647.225
19-05-2020 01:15,uHbuxQJl8lW7ozc,0,0,7064201.000,0
04-06-2020 15:45,VHMLBKoKgIrUVDU,7417.62,7146.5,7362807.500,726.237
15-05-2020 10:30,ZoEaEvLYb1n2sOq,6197.88,1692.62,7099791.625,606.788
29-05-2020 10:45,ZoEaEvLYb1n2sOq,11282.5,2395.75,7203933.750,1101.89
14-06-2020 02:30,adLQvlD726eNBSB,0,0,6497496.000,0
16-05-2020 09:30,adLQvlD726eNBSB,6174.43,1242,6278980.000,604.943
16-06-2020 04:30,WRmjgnKYAwPKWDb,0,0,7261315.000,0
03-06-2020 02:00,ZoEaEvLYb1n2sOq,0,0,7235727.000,0
13-06-2020 01:15,sjndEbLyjtCKgGv,0,0,7227101.000,0
30-05-2020 22:45,wCURE6d3bPkepu2,0,7278,6903158.000,0
23-05-2020 15:15,z9Y9gH1T5YWrNuG,8575.29,7210.29,7071429.286,839.1
04-06-2020 02:30,3PZuoBAID5Wc2HD,0,0,7136488.000,0
20-05-2020 22:30,z9Y9gH1T5YWrNuG,0,8796,7049261.000,0
27-05-2020 18:00,1IF53ai7Xc0U56Y,307.875,6816.38,6281454.375,29.7375
29-05-2020 15:30,wCURE6d3bPkepu2,6817.71,7183.86,6894892.857,667.771
30-05-2020 19:45,wCURE6d3bPkepu2,0,7278,6903158.000,0
03-06-2020 23:45,ZnxXDlPa8U1GXgE,0,7916,6670884.000,0
12-06-2020 11:15,wCURE6d3bPkepu2,8174.38,1907.12,6989961.125,800.038
18-05-2020 16:15,bvBOhCH3iADSZry,3827.71,4629.29,6340205.286,376.157
10-06-2020 07:00,iCRJl6heRkivqQ3,1982.29,88.1429,7373308.143,194.343
16-06-2020 04:30,1BY6WEcLGh8j5v7,0,0,6473950.000,0
27-05-2020 11:00,McdE0feGgRqW7Ca,8128.62,2616.5,7252176.500,795.413
14-06-2020 01:30,7JYdWkrLSPkdwr4,0,0,7820852.000,0
12-06-2020 22:15,WRmjgnKYAwPKWDb,0,5794,7238780.000,0
02-06-2020 11:45,zBIq5rxdHJRwDNY,6241.43,3214.43,6472247.429,611.514
24-05-2020 16:30,bvBOhCH3iADSZry,3356,7068.86,6383840.857,329.129
18-05-2020 03:30,VHMLBKoKgIrUVDU,0,0,7227097.000,0
16-05-2020 12:00,McdE0feGgRqW7Ca,8935.86,3107.86,7168542.857,874.086
08-06-2020 13:00,VHMLBKoKgIrUVDU,8871.43,5106.71,7391314.714,866.971
01-06-2020 10:00,7JYdWkrLSPkdwr4,8032.62,1795.88,7729616.875,785.837
27-05-2020 22:30,McdE0feGgRqW7Ca,0,0,7256389.000,0
23-05-2020 04:15,zBIq5rxdHJRwDNY,0,0,6395807.000,0
21-05-2020 08:00,7JYdWkrLSPkdwr4,5006.8,316.8,7644368.200,490.86
08-06-2020 00:00,ZoEaEvLYb1n2sOq,0,0,7273453.000,0
16-05-2020 14:45,WRmjgnKYAwPKWDb,7123.43,5576,7040391.000,697.543
12-06-2020 10:00,sjndEbLyjtCKgGv,5867.12,1056.88,7222310.875,574.913
26-05-2020 17:15,pkci93gMrogZuBj,1071.5,7727.12,7258246.125,104.287
30-05-2020 01:00,pkci93gMrogZuBj,0,0,7281535.000,0
02-06-2020 12:30,zBIq5rxdHJRwDNY,8787.38,3825.12,6472858.125,859.3
03-06-2020 21:00,pkci93gMrogZuBj,0,7786,7315436.000,0
02-06-2020 00:15,WRmjgnKYAwPKWDb,0,0,7159700.000,0
13-06-2020 05:45,zVJPv84UY57bAof,0,0,7328550.000,0
01-06-2020 10:45,ZnxXDlPa8U1GXgE,11202.1,2525.57,6652050.571,1093.5
15-06-2020 00:45,McdE0feGgRqW7Ca,0,0,7389358.000,0
04-06-2020 23:00,zVJPv84UY57bAof,0,0,7271273.000,0
14-06-2020 08:15,wCURE6d3bPkepu2,3557.71,512.143,7002881.143,349.529
08-06-2020 06:00,zVJPv84UY57bAof,96.75,0.25,7293790.250,9.3375
24-05-2020 19:30,sjndEbLyjtCKgGv,0,7902,7089351.000,0
01-06-2020 12:00,YxYtjZvoooNbGkE,4894.88,3640.62,7309379.625,480.087
13-06-2020 22:45,iCRJl6heRkivqQ3,0,8496,7399855.000,0
07-06-2020 13:15,sjndEbLyjtCKgGv,0,4526,7190182.000,0
29-05-2020 06:45,uHbuxQJl8lW7ozc,1541.29,48.8571,7143680.857,150.6
31-05-2020 22:15,1BY6WEcLGh8j5v7,0,5803,6377931.000,0
18-05-2020 10:00,YxYtjZvoooNbGkE,1750,625.125,7200854.125,171.537
30-05-2020 21:30,pkci93gMrogZuBj,0,7341,7288876.000,0
26-05-2020 01:45,1BY6WEcLGh8j5v7,0,0,6336208.000,0
27-05-2020 02:45,7JYdWkrLSPkdwr4,0,0,7691912.000,0
29-05-2020 17:15,3PZuoBAID5Wc2HD,2335.29,8116.43,7102095.429,228.971
28-05-2020 11:15,3PZuoBAID5Wc2HD,12856,3427.88,7088878.875,1253.47
21-05-2020 15:00,3PZuoBAID5Wc2HD,9430.86,6821.71,7036315.714,922.029
16-06-2020 14:45,3PZuoBAID5Wc2HD,7340.75,5251.5,7230293.500,718.45
03-06-2020 07:30,YxYtjZvoooNbGkE,2788.38,168.75,7319097.750,273.5
12-06-2020 00:00,sjndEbLyjtCKgGv,0,0,7221254.000,0
05-06-2020 04:00,ZnxXDlPa8U1GXgE,0,0,6679062.000,0
11-06-2020 09:30,YxYtjZvoooNbGkE,4421.75,695.5,7380382.500,434.25
31-05-2020 14:30,1BY6WEcLGh8j5v7,1868.14,5109,6377237.000,182.857
11-06-2020 16:45,iCRJl6heRkivqQ3,3187.57,5460.86,7385239.857,313.329
30-05-2020 01:15,ih0vzX44oOqAx2f,0,0,6295121.000,0
07-06-2020 12:15,iCRJl6heRkivqQ3,13305.1,3980.71,7352214.714,1297.24
17-05-2020 21:00,7JYdWkrLSPkdwr4,0,7526,7623063.000,0
13-06-2020 22:30,sjndEbLyjtCKgGv,0,8403,7235504.000,0
11-06-2020 01:45,3PZuoBAID5Wc2HD,0,0,7190469.000,0
11-06-2020 05:30,sjndEbLyjtCKgGv,0,0,7215600.000,0
04-06-2020 10:45,7JYdWkrLSPkdwr4,11254.6,2319.25,7750941.250,1098.11
15-05-2020 19:00,uHbuxQJl8lW7ozc,0,6387,7045068.000,0
03-06-2020 14:15,3PZuoBAID5Wc2HD,9945.25,5726.12,7134340.125,972.087
04-06-2020 19:45,7JYdWkrLSPkdwr4,0,7999,7756621.000,0
24-05-2020 20:00,VHMLBKoKgIrUVDU,0,8180,7280512.000,0
02-06-2020 09:45,1IF53ai7Xc0U56Y,10530.5,1597.88,6319041.875,1028.42
23-05-2020 01:00,sjndEbLyjtCKgGv,0,0,7072962.000,0
16-06-2020 21:45,uHbuxQJl8lW7ozc,0,6292,7281035.000,0
08-06-2020 01:30,rGa61gmuvPhdLxV,0,0,7287673.000,0
28-05-2020 06:15,sjndEbLyjtCKgGv,410,6.57143,7112571.571,39.6429
03-06-2020 01:30,YxYtjZvoooNbGkE,0,0,7318929.000,0
13-06-2020 06:00,McdE0feGgRqW7Ca,84.1429,0.285714,7373328.286,8.12857
07-06-2020 01:45,wCURE6d3bPkepu2,0,0,6953094.000,0
16-06-2020 14:30,zBIq5rxdHJRwDNY,9366.38,4409.5,6576242.500,915.55
22-05-2020 10:15,1BY6WEcLGh8j5v7,11312.3,1563.86,6307152.857,1103.53
04-06-2020 14:45,iCRJl6heRkivqQ3,11287.4,6279.25,7331975.250,1101.56
07-06-2020 15:45,McdE0feGgRqW7Ca,6425.75,6134.12,7337294.125,629.2
30-05-2020 22:45,pkci93gMrogZuBj,0,7341,7288876.000,0
06-06-2020 11:00,VHMLBKoKgIrUVDU,9878.86,2708,7374262.000,964.814
15-05-2020 07:45,3PZuoBAID5Wc2HD,2122.86,231.286,6987990.286,208.114
15-06-2020 14:45,1BY6WEcLGh8j5v7,6677.75,5179.75,6472854.750,653.9
25-05-2020 23:15,zVJPv84UY57bAof,0,8813,7197609.000,0
05-06-2020 14:30,7JYdWkrLSPkdwr4,10992.8,5494,7762115.000,1073.58
12-06-2020 20:15,iCRJl6heRkivqQ3,0,5888,7391359.000,0
29-05-2020 10:45,zBIq5rxdHJRwDNY,10876.4,2309.5,6444303.500,1062.99
02-06-2020 14:00,rGa61gmuvPhdLxV,6812.5,5420.12,7247389.125,667.212
16-05-2020 08:15,iCRJl6heRkivqQ3,4719.57,436.143,7184846.143,462.857
03-06-2020 10:00,ZoEaEvLYb1n2sOq,5817.57,1381,7237108.000,570.086
03-06-2020 08:15,iCRJl6heRkivqQ3,4457.86,446.571,7318259.571,437.714
29-05-2020 17:30,VHMLBKoKgIrUVDU,1262.25,8121,7321008.000,122.9
22-05-2020 09:30,pkci93gMrogZuBj,6679.5,1129,7219105.000,654.237
04-06-2020 07:45,z9Y9gH1T5YWrNuG,3430.43,256.429,7155369.429,336.443
31-05-2020 05:00,McdE0feGgRqW7Ca,0,0,7280565.000,0
19-05-2020 15:45,z9Y9gH1T5YWrNuG,5458.29,6163.14,7039736.143,535.086
20-05-2020 19:30,uHbuxQJl8lW7ozc,0,8913,7080111.000,0
05-06-2020 01:15,bvBOhCH3iADSZry,0,0,6460186.000,0
02-06-2020 17:15,adLQvlD726eNBSB,1594.75,7382,6414213.000,155.863
08-06-2020 01:45,WRmjgnKYAwPKWDb,0,0,7204682.000,0
06-06-2020 00:45,ZoEaEvLYb1n2sOq,0,0,7259075.000,0
19-05-2020 23:00,zBIq5rxdHJRwDNY,0,6924,6371971.000,0
05-06-2020 11:30,z9Y9gH1T5YWrNuG,11552.4,3110.38,7166372.375,1127.41
05-06-2020 08:15,sjndEbLyjtCKgGv,3954.71,375.429,7171893.429,387.5
08-06-2020 12:15,z9Y9gH1T5YWrNuG,7321,4180.57,7187811.571,716.743
12-06-2020 16:15,rGa61gmuvPhdLxV,2729.5,5459.38,7321891.375,267.725
15-06-2020 03:00,WRmjgnKYAwPKWDb,0,0,7254584.000,0
23-05-2020 11:30,1BY6WEcLGh8j5v7,12360,3119.43,6315556.429,1205.1
11-06-2020 19:30,bvBOhCH3iADSZry,0,5197,6504407.000,0
02-06-2020 17:30,zVJPv84UY57bAof,944.286,7407,7255173.000,91.7143
23-05-2020 23:45,ZoEaEvLYb1n2sOq,0,8471,7162184.000,0
17-05-2020 21:00,rGa61gmuvPhdLxV,0,7438,7131537.000,0
27-05-2020 09:15,z9Y9gH1T5YWrNuG,9430.25,1236.75,7098419.750,922.337
20-05-2020 12:15,1IF53ai7Xc0U56Y,13076.9,4638.14,6221068.143,1274.99
10-06-2020 02:30,ih0vzX44oOqAx2f,0,0,6374755.000,0
17-06-2020 04:15,3PZuoBAID5Wc2HD,0,0,7231373.000,0
23-05-2020 08:15,3PZuoBAID5Wc2HD,6992.75,483.375,7045099.375,684.7
25-05-2020 17:30,YxYtjZvoooNbGkE,704.571,8776.43,7261427.429,68.2857
04-06-2020 01:45,3PZuoBAID5Wc2HD,0,0,7136488.000,0
16-05-2020 20:45,wCURE6d3bPkepu2,0,6543,6795470.000,0
30-05-2020 06:45,3PZuoBAID5Wc2HD,1228,41,7102230.000,119.45
01-06-2020 06:00,YxYtjZvoooNbGkE,87.75,0.125,7305739.125,8.475
30-05-2020 02:30,ih0vzX44oOqAx2f,0,0,6295121.000,0
01-06-2020 09:45,WRmjgnKYAwPKWDb,8453.71,1634.86,7155500.857,826.314
15-06-2020 15:45,pkci93gMrogZuBj,5901.14,6226.86,7402648.857,578
13-06-2020 22:30,bvBOhCH3iADSZry,0,7863,6517642.000,0
28-05-2020 18:00,rGa61gmuvPhdLxV,488,8250.75,7214799.750,47.1875
12-06-2020 08:30,YxYtjZvoooNbGkE,3137.71,280.143,7385559.143,308.457
15-05-2020 03:15,wCURE6d3bPkepu2,0,0,6782598.000,0
15-06-2020 09:00,uHbuxQJl8lW7ozc,7090,1100.29,7268937.286,694.114
07-06-2020 02:30,7JYdWkrLSPkdwr4,0,0,7770457.000,0
29-05-2020 21:30,McdE0feGgRqW7Ca,0,0,7273213.000,0
27-05-2020 23:15,WRmjgnKYAwPKWDb,0,6658,7124538.000,0
22-05-2020 15:45,rGa61gmuvPhdLxV,3850.71,6380.86,7166779.857,377.914
29-05-2020 11:00,sjndEbLyjtCKgGv,11704.7,2691.14,7123594.143,1141.63
17-06-2020 08:00,1IF53ai7Xc0U56Y,3535.86,311.429,6427843.429,347.586
12-06-2020 00:30,WRmjgnKYAwPKWDb,0,0,7232986.000,0
25-05-2020 00:45,rGa61gmuvPhdLxV,0,0,7183295.000,0
18-05-2020 11:00,wCURE6d3bPkepu2,6426,1003.75,6804003.750,629.525
24-05-2020 01:45,uHbuxQJl8lW7ozc,0,0,7103746.000,0
15-05-2020 16:30,WRmjgnKYAwPKWDb,4358.88,5862.62,7034535.625,428.038
01-06-2020 14:15,wCURE6d3bPkepu2,3200.38,5231.38,6914636.375,313.738
14-06-2020 06:45,pkci93gMrogZuBj,1060.88,37.75,7389198.750,103.1
08-06-2020 00:30,3PZuoBAID5Wc2HD,0,0,7167224.000,0
10-06-2020 08:45,pkci93gMrogZuBj,6544.86,681.571,7363397.571,641.171
01-06-2020 11:00,z9Y9gH1T5YWrNuG,9428.25,2748.12,7136645.125,920.725
31-05-2020 15:15,uHbuxQJl8lW7ozc,2150,5500.12,7164772.125,210.775
19-05-2020 20:45,zBIq5rxdHJRwDNY,0,6924,6371971.000,0
31-05-2020 05:15,1IF53ai7Xc0U56Y,0,0,6305543.000,0
06-06-2020 04:45,VHMLBKoKgIrUVDU,0,0,7371554.000,0
09-06-2020 16:45,1IF53ai7Xc0U56Y,4098,7878.14,6379711.143,402.629
21-05-2020 16:45,McdE0feGgRqW7Ca,2442.57,7887.14,7208949.143,239.614
01-06-2020 00:15,7JYdWkrLSPkdwr4,0,0,7727821.000,0
18-05-2020 10:00,7JYdWkrLSPkdwr4,1747.62,626.75,7623689.750,171.287
10-06-2020 05:30,ZoEaEvLYb1n2sOq,0,0,7289679.000,0
07-06-2020 23:00,zVJPv84UY57bAof,0,8260,7293790.000,0
03-06-2020 07:45,pkci93gMrogZuBj,3303,242,7307892.000,324.757
16-06-2020 18:30,pkci93gMrogZuBj,65.125,6260.5,7409477.500,6.2875
06-06-2020 16:00,7JYdWkrLSPkdwr4,2647.88,6118.5,7770258.500,259.75
03-06-2020 12:00,YxYtjZvoooNbGkE,9355.71,3261.14,7322190.143,915.057
27-05-2020 03:00,wCURE6d3bPkepu2,0,0,6872485.000,0
21-05-2020 17:45,pkci93gMrogZuBj,438.857,7762.43,7217960.429,42.4286
31-05-2020 21:30,adLQvlD726eNBSB,0,5933,6400704.000,0
04-06-2020 13:45,ZnxXDlPa8U1GXgE,11179.3,5387.57,6676271.571,1091.19
17-06-2020 08:15,sjndEbLyjtCKgGv,3788.88,384.5,7256178.500,372.363
14-06-2020 11:15,3PZuoBAID5Wc2HD,9893,2941.29,7213660.286,966.971
05-06-2020 15:15,YxYtjZvoooNbGkE,8163,6195.5,7341081.500,797.987
12-06-2020 11:30,3PZuoBAID5Wc2HD,9749.57,2208.14,7198394.143,953.057
06-06-2020 09:00,3PZuoBAID5Wc2HD,3819.29,1104.29,7153590.286,375.186
14-06-2020 11:00,YxYtjZvoooNbGkE,9039.62,2561.88,7402000.875,883.663
21-05-2020 12:00,zVJPv84UY57bAof,11076.4,3893.29,7161072.286,1081.2
11-06-2020 17:30,rGa61gmuvPhdLxV,1445.25,5596.62,7316365.625,140.938
07-06-2020 03:30,zVJPv84UY57bAof,0,0,7285530.000,0
17-06-2020 21:45,1BY6WEcLGh8j5v7,0,5521,6485319.000,0
15-05-2020 12:30,sjndEbLyjtCKgGv,8004.71,3254.29,7020086.286,782.557
16-05-2020 10:45,zBIq5rxdHJRwDNY,8408.14,2075.29,6347851.286,822.686
02-06-2020 00:15,pkci93gMrogZuBj,0,0,7300300.000,0
28-05-2020 01:15,ZoEaEvLYb1n2sOq,0,0,7193291.000,0
27-05-2020 03:30,adLQvlD726eNBSB,0,0,6363516.000,0
25-05-2020 23:00,1BY6WEcLGh8j5v7,0,8268,6336208.000,0
01-06-2020 15:30,rGa61gmuvPhdLxV,1796.86,5292.71,7241624.714,176.114
11-06-2020 01:00,uHbuxQJl8lW7ozc,0,0,7240508.000,0
14-06-2020 01:45,ih0vzX44oOqAx2f,0,0,6400518.000,0
15-06-2020 07:45,pkci93gMrogZuBj,3723,267.714,7396689.714,365.657
22-05-2020 01:30,VHMLBKoKgIrUVDU,0,0,7256361.000,0
09-06-2020 19:45,bvBOhCH3iADSZry,0,7361,6493347.000,0
21-05-2020 14:30,7JYdWkrLSPkdwr4,6727.88,6290.38,7650270.375,658.725
16-06-2020 10:45,wCURE6d3bPkepu2,9721.75,2348.62,7018792.625,950.138
09-06-2020 17:45,WRmjgnKYAwPKWDb,1373,7928.12,7220929.125,133.863
14-06-2020 11:30,zVJPv84UY57bAof,9458.75,3055,7340015.000,924.663
17-06-2020 08:45,pkci93gMrogZuBj,3929.25,572.75,7410050.750,386.087
22-05-2020 11:00,7JYdWkrLSPkdwr4,7267.62,2200.62,7653835.625,711.075
29-05-2020 12:00,YxYtjZvoooNbGkE,12069.4,3753,7288157.000,1177.56
19-05-2020 07:00,bvBOhCH3iADSZry,2285.25,45.875,6340583.875,224.075
07-06-2020 20:00,1IF53ai7Xc0U56Y,0,8239,6363338.000,0
30-05-2020 06:00,wCURE6d3bPkepu2,81.625,0,6895880.000,7.8875
28-05-2020 00:45,3PZuoBAID5Wc2HD,0,0,7085451.000,0
16-06-2020 09:00,rGa61gmuvPhdLxV,5834.62,875.625,7345579.625,571.763
11-06-2020 22:00,WRmjgnKYAwPKWDb,0,5619,7232986.000,0
05-06-2020 14:45,adLQvlD726eNBSB,10955.2,6059.25,6436640.250,1070.61
16-06-2020 12:15,rGa61gmuvPhdLxV,6401.38,3417.25,7348121.250,627.112
06-06-2020 20:30,wCURE6d3bPkepu2,0,0,6953094.000,0
10-06-2020 22:15,McdE0feGgRqW7Ca,0,6606,7361623.000,0
09-06-2020 14:15,pkci93gMrogZuBj,6983.29,6060.86,7360536.857,683.843
05-06-2020 06:00,iCRJl6heRkivqQ3,95,0.125,7334000.125,9.1625
10-06-2020 02:00,1IF53ai7Xc0U56Y,0,0,6380022.000,0
30-05-2020 21:45,ZoEaEvLYb1n2sOq,0,7248,7216848.000,0
29-05-2020 07:45,iCRJl6heRkivqQ3,2719.86,253.286,7283290.286,266.786
05-06-2020 19:45,3PZuoBAID5Wc2HD,0,0,7152486.000,0
07-06-2020 01:45,3PZuoBAID5Wc2HD,0,0,7158982.000,0
02-06-2020 00:00,ZnxXDlPa8U1GXgE,0,0,6655443.000,0
11-06-2020 07:00,zBIq5rxdHJRwDNY,786,33,6537936.000,76.25
14-06-2020 22:00,1BY6WEcLGh8j5v7,0,4012,6467675.000,0
15-05-2020 09:15,wCURE6d3bPkepu2,5680,909.625,6783507.625,556.675
24-05-2020 06:45,zBIq5rxdHJRwDNY,1138.29,42.4286,6404523.429,110.657
10-06-2020 23:00,ZoEaEvLYb1n2sOq,0,6392,7296071.000,0
11-06-2020 01:00,bvBOhCH3iADSZry,0,0,6499210.000,0
11-06-2020 11:15,zVJPv84UY57bAof,7905.29,1711.86,7318727.857,773.843
26-05-2020 01:30,McdE0feGgRqW7Ca,0,0,7241649.000,0
03-06-2020 07:30,zBIq5rxdHJRwDNY,2788.25,168.875,6476622.875,273.475
12-06-2020 00:45,pkci93gMrogZuBj,0,0,7374956.000,0
18-05-2020 22:00,VHMLBKoKgIrUVDU,0,5457,7232554.000,0
20-05-2020 03:45,ZoEaEvLYb1n2sOq,0,0,7130332.000,0
15-06-2020 04:45,bvBOhCH3iADSZry,0,0,6521600.000,0
06-06-2020 22:30,iCRJl6heRkivqQ3,0,0,7348234.000,0
28-05-2020 10:15,ZoEaEvLYb1n2sOq,10847.4,2204.86,7195495.857,1059.63
13-06-2020 12:30,adLQvlD726eNBSB,13579.1,5002.71,6493724.714,1324.31
17-05-2020 10:45,3PZuoBAID5Wc2HD,11162.1,2691.88,7003380.875,1088.99
11-06-2020 01:00,sjndEbLyjtCKgGv,0,0,7215600.000,0
29-05-2020 20:15,rGa61gmuvPhdLxV,0,0,7223074.000,0
14-06-2020 06:45,3PZuoBAID5Wc2HD,1106.86,38.7143,7210757.714,107.614
24-05-2020 19:45,VHMLBKoKgIrUVDU,0,8180,7280512.000,0
15-05-2020 14:30,sjndEbLyjtCKgGv,6043.12,4907.75,7021739.750,591.788
15-06-2020 05:00,adLQvlD726eNBSB,0,0,6505086.000,0
25-05-2020 13:00,z9Y9gH1T5YWrNuG,12353,5460.5,7086098.500,1204.42
19-05-2020 23:45,iCRJl6heRkivqQ3,0,6951,7210718.000,0
05-06-2020 20:30,pkci93gMrogZuBj,0,7796,7331487.000,0
23-05-2020 16:45,3PZuoBAID5Wc2HD,3866.25,8331.75,7052947.750,379.938
15-05-2020 17:00,ih0vzX44oOqAx2f,2350.12,6047,6191232.429,230.525
12-06-2020 11:30,McdE0feGgRqW7Ca,10813.1,2180,7369553.000,1056.27
16-06-2020 14:30,ZnxXDlPa8U1GXgE,9586.5,4973.5,6763477.500,936.425
07-06-2020 21:45,zVJPv84UY57bAof,0,8260,7293790.000,0
12-06-2020 21:30,7JYdWkrLSPkdwr4,0,5753,7812417.000,0
12-06-2020 06:45,zBIq5rxdHJRwDNY,696.5,20.625,6543570.625,67.5
09-06-2020 02:30,1BY6WEcLGh8j5v7,0,0,6431614.000,0
07-06-2020 17:15,ih0vzX44oOqAx2f,3350,7870.88,6358543.875,329.15
03-06-2020 19:30,1BY6WEcLGh8j5v7,0,7341,6397809.000,0
25-05-2020 07:45,zBIq5rxdHJRwDNY,3552.62,251.25,6412009.250,348.75
16-06-2020 03:45,1BY6WEcLGh8j5v7,0,0,6473950.000,0
26-05-2020 18:15,VHMLBKoKgIrUVDU,305,8090,7297615.000,29.5
11-06-2020 05:30,pkci93gMrogZuBj,0,0,7369294.000,0
25-05-2020 11:15,zBIq5rxdHJRwDNY,11520.5,3152.88,6414910.875,1124.42
05-06-2020 01:45,1IF53ai7Xc0U56Y,0,0,6340855.000,0
12-06-2020 06:15,wCURE6d3bPkepu2,168.5,1.5,6988055.500,16.2625
21-05-2020 20:30,ih0vzX44oOqAx2f,0,0,6233543.000,0
16-06-2020 10:45,McdE0feGgRqW7Ca,9733.38,2393.75,7398623.750,951.25
03-06-2020 08:00,McdE0feGgRqW7Ca,4398.29,337,7300696.000,431.671
17-05-2020 17:00,bvBOhCH3iADSZry,1873.86,6807.14,6335455.143,183.7
16-05-2020 03:15,YxYtjZvoooNbGkE,0,0,7186257.000,0
17-06-2020 00:00,7JYdWkrLSPkdwr4,0,770.75,7840965.000,0
21-05-2020 15:45,7JYdWkrLSPkdwr4,5273.29,7173.71,7651153.714,517
04-06-2020 15:30,WRmjgnKYAwPKWDb,8118.12,6890.38,7181517.375,794.362
06-06-2020 07:00,1IF53ai7Xc0U56Y,2951,111.143,6348668.143,289.814
15-06-2020 07:00,uHbuxQJl8lW7ozc,2091.25,96,7267933.000,205.012
30-05-2020 08:45,z9Y9gH1T5YWrNuG,3384.5,561.375,7121016.375,332.762
10-06-2020 12:45,iCRJl6heRkivqQ3,11520.2,3913.62,7377133.625,1123.97
23-05-2020 02:00,wCURE6d3bPkepu2,0,0,6839225.000,0
12-06-2020 04:30,WRmjgnKYAwPKWDb,0,0,7232986.000,0
14-06-2020 08:15,WRmjgnKYAwPKWDb,3470.25,520.875,7247699.875,340.95
31-05-2020 15:45,wCURE6d3bPkepu2,3060.71,5816.43,6908974.429,300.714
17-05-2020 23:45,7JYdWkrLSPkdwr4,0,7526,7623063.000,0
06-06-2020 07:15,YxYtjZvoooNbGkE,3406.57,169.286,7342658.286,334.643
06-06-2020 19:00,3PZuoBAID5Wc2HD,0,6496,7158982.000,0
24-05-2020 19:45,ZoEaEvLYb1n2sOq,0,7985,7170169.000,0
13-06-2020 23:45,z9Y9gH1T5YWrNuG,0,8363,7225230.000,0
25-05-2020 02:30,ZoEaEvLYb1n2sOq,0,0,7170169.000,0
03-06-2020 23:00,bvBOhCH3iADSZry,0,7237,6452724.000,0
01-06-2020 09:30,YxYtjZvoooNbGkE,6267.86,1400.43,7307139.429,614.071
09-06-2020 22:15,uHbuxQJl8lW7ozc,0,8309,7233863.000,0
17-06-2020 06:45,YxYtjZvoooNbGkE,462.5,0,7419557.000,44.95
12-06-2020 08:30,1BY6WEcLGh8j5v7,3008,263.714,6450501.714,295.243
18-05-2020 10:45,ZnxXDlPa8U1GXgE,5742.25,862.125,6543600.125,562.812
31-05-2020 15:15,sjndEbLyjtCKgGv,2030.12,5409.88,7141664.875,198.863
08-06-2020 08:00,wCURE6d3bPkepu2,4072.71,347.714,6959874.714,400.043
12-06-2020 10:00,McdE0feGgRqW7Ca,5961.38,1073,7368446.000,584.112
23-05-2020 22:45,ZnxXDlPa8U1GXgE,0,8589,6587728.000,0
17-05-2020 15:45,adLQvlD726eNBSB,4160.43,7161.29,6291604.286,408.5
17-06-2020 04:00,1BY6WEcLGh8j5v7,0,0,6479798.000,0
08-06-2020 13:30,WRmjgnKYAwPKWDb,8676,5455.71,7210137.714,847.514
23-05-2020 20:15,zBIq5rxdHJRwDNY,0,8674,6404481.000,0
23-05-2020 20:30,bvBOhCH3iADSZry,0,7864,6376772.000,0
30-05-2020 20:30,3PZuoBAID5Wc2HD,0,7299,7109488.000,0
18-05-2020 20:15,YxYtjZvoooNbGkE,0,5369,7205598.000,0
16-06-2020 05:00,YxYtjZvoooNbGkE,0,0,7413335.000,0
14-06-2020 12:15,1IF53ai7Xc0U56Y,7192.88,3720.5,6410601.500,704.35
13-06-2020 01:45,1IF53ai7Xc0U56Y,0,0,6398227.000,0
26-05-2020 10:30,7JYdWkrLSPkdwr4,12040.7,2518.14,7686538.143,1174.39
21-05-2020 18:00,3PZuoBAID5Wc2HD,282.75,7804.5,7037298.500,27.3125
08-06-2020 13:00,sjndEbLyjtCKgGv,9457.5,4987.38,7197541.375,923.525
17-06-2020 16:45,YxYtjZvoooNbGkE,1134.25,5722.38,7425278.375,110.275
31-05-2020 04:45,1BY6WEcLGh8j5v7,0,0,6372128.000,0
06-06-2020 23:45,1IF53ai7Xc0U56Y,0,5724.25,6355099.000,0
04-06-2020 02:45,bvBOhCH3iADSZry,0,0,6452724.000,0
24-05-2020 07:00,3PZuoBAID5Wc2HD,1942.5,86.75,7053354.750,190.425
07-06-2020 17:00,wCURE6d3bPkepu2,3283.86,6202,6959296.000,322.286
13-06-2020 00:15,uHbuxQJl8lW7ozc,0,0,7252094.000,0
16-06-2020 00:30,1IF53ai7Xc0U56Y,0,0,6421214.000,0
03-06-2020 09:00,zBIq5rxdHJRwDNY,6370.14,809.286,6477263.286,624.029
26-05-2020 14:30,pkci93gMrogZuBj,5738.38,6222.62,7256741.625,562.375
16-06-2020 08:15,z9Y9gH1T5YWrNuG,4753.38,468.75,7239652.750,466.45
09-06-2020 06:00,uHbuxQJl8lW7ozc,171.75,0.875,7225554.875,16.5875
20-05-2020 20:45,wCURE6d3bPkepu2,0,8895,6824244.000,0
06-06-2020 08:45,1IF53ai7Xc0U56Y,6217.14,987.286,6349544.286,609.086
06-06-2020 14:00,adLQvlD726eNBSB,8882.57,5375.57,6443803.571,867.743
19-05-2020 14:00,WRmjgnKYAwPKWDb,8160,4758.71,7059210.714,798.6
06-06-2020 16:00,ZoEaEvLYb1n2sOq,2638.5,6102.5,7265177.500,258.837
16-06-2020 13:45,1IF53ai7Xc0U56Y,6151.88,4529,6425743.000,602.625
10-06-2020 02:00,wCURE6d3bPkepu2,0,0,6975980.000,0
21-05-2020 09:15,ih0vzX44oOqAx2f,8703.75,1167.38,6227108.375,851.55
24-05-2020 08:15,WRmjgnKYAwPKWDb,6082.43,538.857,7093564.857,596.014
19-05-2020 21:30,adLQvlD726eNBSB,0,0,6304513.000,0
06-06-2020 08:00,WRmjgnKYAwPKWDb,5545.5,512.25,7190782.250,543.5
26-05-2020 09:45,iCRJl6heRkivqQ3,10201.1,1729.86,7261859.857,997.343
27-05-2020 05:30,ZnxXDlPa8U1GXgE,0,0,6612649.000,0
06-06-2020 03:00,uHbuxQJl8lW7ozc,0,0,7202373.000,0
10-06-2020 06:30,adLQvlD726eNBSB,991.714,26.2857,6470303.286,96.3571
13-06-2020 01:45,wCURE6d3bPkepu2,0,0,6993908.000,0
05-06-2020 19:30,zVJPv84UY57bAof,0,7817,7279090.000,0
11-06-2020 01:15,ZoEaEvLYb1n2sOq,0,0,7296071.000,0
26-05-2020 12:30,ZnxXDlPa8U1GXgE,8254.88,4575.62,6609241.625,806.763
21-05-2020 22:30,ZoEaEvLYb1n2sOq,0,7617,7146685.000,0
07-06-2020 17:00,WRmjgnKYAwPKWDb,3297.12,7855.25,7204466.250,323.413
06-06-2020 13:00,bvBOhCH3iADSZry,12267.9,4010.71,6471261.714,1196.54
22-05-2020 15:45,sjndEbLyjtCKgGv,4638.14,6668.43,7072554.429,455.171
09-06-2020 16:00,adLQvlD726eNBSB,6413,7566.38,6469570.375,628.237
02-06-2020 23:00,ih0vzX44oOqAx2f,0,0,6321311.000,0
14-06-2020 12:00,ZoEaEvLYb1n2sOq,7185.5,3404.38,7319167.375,703.625
02-06-2020 13:00,bvBOhCH3iADSZry,11663.6,4042.43,6442687.429,1138.33
16-06-2020 03:15,wCURE6d3bPkepu2,0,0,7016444.000,0
31-05-2020 19:30,rGa61gmuvPhdLxV,0,5894,7236332.000,0
09-06-2020 07:15,ih0vzX44oOqAx2f,2614.57,152.857,6367061.857,256.429
16-06-2020 18:45,McdE0feGgRqW7Ca,0,6365,7402595.000,0
30-05-2020 08:15,1BY6WEcLGh8j5v7,4076.86,360,6365734.000,400.443
23-05-2020 14:00,1IF53ai7Xc0U56Y,10630.9,6445.29,6246979.286,1038.14
02-06-2020 00:45,7JYdWkrLSPkdwr4,0,0,7733624.000,0
17-06-2020 05:30,uHbuxQJl8lW7ozc,0,0,7281035.000,0
01-06-2020 16:15,iCRJl6heRkivqQ3,1966.25,5563.75,7310130.750,192.725
09-06-2020 03:45,1IF53ai7Xc0U56Y,0,0,6371833.000,0
12-06-2020 03:15,7JYdWkrLSPkdwr4,0,0,7806664.000,0
18-05-2020 06:45,YxYtjZvoooNbGkE,1139.62,41.75,7200270.750,110.8
07-06-2020 10:45,zVJPv84UY57bAof,13080.7,2141.86,7287671.857,1275.37
09-06-2020 15:30,pkci93gMrogZuBj,8679.57,7116.29,7361592.286,849.257
17-05-2020 14:45,1BY6WEcLGh8j5v7,9126.62,5698.38,6277303.375,892.575
28-05-2020 11:00,McdE0feGgRqW7Ca,9225.57,2996.71,7259385.714,900.529
29-05-2020 11:30,adLQvlD726eNBSB,9583.5,3343.5,6382352.500,936.413
21-05-2020 13:45,zBIq5rxdHJRwDNY,11344,5650,6386512.000,1107.11
14-06-2020 00:30,wCURE6d3bPkepu2,0,0,7002369.000,0
17-06-2020 15:15,iCRJl6heRkivqQ3,1587,5493.14,7425799.143,155.214
27-05-2020 16:30,McdE0feGgRqW7Ca,5048.57,6540.14,7256100.143,494.986
12-06-2020 22:00,adLQvlD726eNBSB,0,5988,6488722.000,0
10-06-2020 06:45,1IF53ai7Xc0U56Y,1358.12,54,6380076.000,132.412
11-06-2020 15:15,YxYtjZvoooNbGkE,6284.88,4613.38,7384300.375,615.788
02-06-2020 06:15,McdE0feGgRqW7Ca,415.5,6.25,7292758.250,40.15
22-05-2020 06:45,zVJPv84UY57bAof,1171.12,54.25,7165177.250,113.85
03-06-2020 17:15,ZoEaEvLYb1n2sOq,2967.25,7630,7243357.000,291.325
26-05-2020 07:15,rGa61gmuvPhdLxV,2434.5,126.875,7192228.875,238.725
11-06-2020 14:30,WRmjgnKYAwPKWDb,11141,4119.29,7231486.286,1087.76
28-05-2020 13:00,wCURE6d3bPkepu2,12926.1,5428.62,6884623.625,1260.33
02-06-2020 09:15,zBIq5rxdHJRwDNY,8364,1170.5,6470203.500,818.125
28-05-2020 14:30,ih0vzX44oOqAx2f,7861.43,6624.43,6285479.429,769.314
17-05-2020 11:45,uHbuxQJl8lW7ozc,8649.57,3640.57,7054979.571,845.714
08-06-2020 10:30,1BY6WEcLGh8j5v7,10967.9,2297,6426047.000,1070.31
16-05-2020 09:15,7JYdWkrLSPkdwr4,5668,1033.86,7610109.857,555.486
31-05-2020 05:15,1BY6WEcLGh8j5v7,0,0,6372128.000,0
10-06-2020 11:00,ZoEaEvLYb1n2sOq,4771.88,2116.88,7291795.875,468.113
07-06-2020 19:00,bvBOhCH3iADSZry,0,5169,6478293.000,0
16-06-2020 20:00,VHMLBKoKgIrUVDU,0,6332,7450201.000,0
16-05-2020 14:00,rGa61gmuvPhdLxV,6230.71,4611.86,7122477.857,610.414
07-06-2020 00:30,z9Y9gH1T5YWrNuG,0,0,7177289.000,0
24-05-2020 16:15,wCURE6d3bPkepu2,3984.86,7470.29,6855300.286,390.614
30-05-2020 11:00,YxYtjZvoooNbGkE,6267.14,1650.14,7294153.143,613.986
19-05-2020 16:00,ZoEaEvLYb1n2sOq,6496.88,6229.12,7129756.125,636.425
24-05-2020 08:00,pkci93gMrogZuBj,4940.14,377.143,7234052.143,484.414
16-06-2020 08:15,3PZuoBAID5Wc2HD,4671.38,490.375,7225532.375,458.475
28-05-2020 02:15,zVJPv84UY57bAof,0,0,7212082.000,0
07-06-2020 01:15,z9Y9gH1T5YWrNuG,0,0,7177289.000,0
15-06-2020 02:45,zVJPv84UY57bAof,0,0,7344280.000,0
31-05-2020 01:15,McdE0feGgRqW7Ca,0,0,7280565.000,0
24-05-2020 16:00,pkci93gMrogZuBj,4118.14,7442.29,7241117.286,403.8
17-06-2020 12:30,1IF53ai7Xc0U56Y,10214.4,3491.75,6431023.750,998.05
17-06-2020 10:15,pkci93gMrogZuBj,6713.12,1426.75,7410904.750,657.538
16-05-2020 14:00,uHbuxQJl8lW7ozc,6783.14,4635.71,7049703.714,664.343
04-06-2020 05:00,ZoEaEvLYb1n2sOq,0,0,7243501.000,0
15-05-2020 02:15,7JYdWkrLSPkdwr4,0,0,7602960.000,0
16-05-2020 19:30,sjndEbLyjtCKgGv,0,6431,7029613.000,0
23-05-2020 12:45,McdE0feGgRqW7Ca,9047.5,4962.62,7220914.625,885.075
16-05-2020 08:30,ZnxXDlPa8U1GXgE,5857.43,575.857,6529051.857,573.971
16-05-2020 10:30,WRmjgnKYAwPKWDb,10567.1,1979.29,7036794.286,1032.91
15-06-2020 23:15,YxYtjZvoooNbGkE,0,6633,7413335.000,0
27-05-2020 00:00,ZoEaEvLYb1n2sOq,0,0,7186690.000,0
04-06-2020 14:15,wCURE6d3bPkepu2,8073.43,5834.71,6936610.714,789.186
01-06-2020 12:15,z9Y9gH1T5YWrNuG,7442.71,3859,7137756.000,728.171
12-06-2020 20:15,uHbuxQJl8lW7ozc,0,5888,7252094.000,0
17-06-2020 21:45,ZoEaEvLYb1n2sOq,0,5871,7341753.000,0
28-05-2020 20:45,uHbuxQJl8lW7ozc,0,8374,7143632.000,0
02-06-2020 19:45,wCURE6d3bPkepu2,0,7525,6922869.000,0
15-05-2020 22:15,bvBOhCH3iADSZry,0,5707,6322510.000,0
04-06-2020 18:45,1BY6WEcLGh8j5v7,0,7571,6405380.000,0
06-06-2020 12:45,VHMLBKoKgIrUVDU,7388.75,4181.75,7375735.750,722.538
31-05-2020 18:00,rGa61gmuvPhdLxV,685.857,5878.71,7236316.714,66.4571
05-06-2020 02:45,WRmjgnKYAwPKWDb,0,0,7182665.000,0
26-05-2020 05:45,3PZuoBAID5Wc2HD,0,0,7070636.000,0
01-06-2020 09:00,7JYdWkrLSPkdwr4,7068.38,1127,7728948.000,692.163
11-06-2020 12:45,iCRJl6heRkivqQ3,5790,2906.88,7382685.875,567.337
17-05-2020 07:45,7JYdWkrLSPkdwr4,4335.29,249.143,7615786.143,425.557
17-06-2020 15:30,1IF53ai7Xc0U56Y,952.571,5579,6433111.000,92.4857
31-05-2020 20:30,WRmjgnKYAwPKWDb,0,5837,7153866.000,0
19-05-2020 21:45,zBIq5rxdHJRwDNY,0,6924,6371971.000,0
15-06-2020 02:15,ZnxXDlPa8U1GXgE,0,0,6751747.000,0
16-06-2020 05:30,YxYtjZvoooNbGkE,0,0,7413335.000,0
17-06-2020 00:45,bvBOhCH3iADSZry,0,0,6533549.000,0
01-06-2020 09:30,uHbuxQJl8lW7ozc,6088.43,1409.43,7166762.429,596.557
22-05-2020 21:00,zBIq5rxdHJRwDNY,0,0,6395807.000,0
03-06-2020 04:00,sjndEbLyjtCKgGv,0,0,7155447.000,0
05-06-2020 01:15,zBIq5rxdHJRwDNY,0,0,6492579.000,0
25-05-2020 02:00,iCRJl6heRkivqQ3,0,0,7251261.000,0
10-06-2020 05:30,McdE0feGgRqW7Ca,0,0,7355017.000,0
13-06-2020 14:45,YxYtjZvoooNbGkE,10878.4,6868.14,7397927.143,1063.17
14-06-2020 15:45,1BY6WEcLGh8j5v7,5337.29,3470.14,6467133.143,523.171
31-05-2020 11:00,McdE0feGgRqW7Ca,5413.88,2435.38,7283000.375,530.55
16-06-2020 20:45,uHbuxQJl8lW7ozc,0,6292,7281035.000,0
06-06-2020 15:45,ih0vzX44oOqAx2f,3208.5,5925.75,6350401.750,315.175
22-05-2020 01:00,uHbuxQJl8lW7ozc,0,0,7087976.000,0
14-06-2020 14:45,McdE0feGgRqW7Ca,6618.71,6043.29,7387966.286,648.314
12-06-2020 15:15,wCURE6d3bPkepu2,4967,5056.62,6993110.625,487.025
09-06-2020 11:45,McdE0feGgRqW7Ca,12892.1,3820.14,7350602.143,1257.4
27-05-2020 09:15,sjndEbLyjtCKgGv,8525.25,1204.25,7107093.250,834.112
26-05-2020 18:15,3PZuoBAID5Wc2HD,153,8074.5,7078710.500,14.8
12-06-2020 00:00,uHbuxQJl8lW7ozc,0,0,7246206.000,0
25-05-2020 03:15,adLQvlD726eNBSB,0,0,6346131.000,0
10-06-2020 11:00,YxYtjZvoooNbGkE,4609,2137.25,7375405.250,452.238
20-05-2020 21:30,sjndEbLyjtCKgGv,0,8777,7058061.000,0
17-05-2020 11:45,wCURE6d3bPkepu2,11546.6,3739,6799209.000,1126.61
23-05-2020 03:30,VHMLBKoKgIrUVDU,0,0,7263721.000,0
10-06-2020 14:00,1BY6WEcLGh8j5v7,6583.29,4626.86,6443696.857,644.714
17-05-2020 18:30,WRmjgnKYAwPKWDb,0,7674,7049104.000,0
13-06-2020 10:00,YxYtjZvoooNbGkE,7574,1865.38,7392924.375,740.688
24-05-2020 22:45,3PZuoBAID5Wc2HD,0,8300,7061568.000,0
03-06-2020 05:15,iCRJl6heRkivqQ3,0,0,7317813.000,0
22-05-2020 00:30,uHbuxQJl8lW7ozc,0,0,7087976.000,0
22-05-2020 22:45,pkci93gMrogZuBj,0,0,7225200.000,0
29-05-2020 22:15,McdE0feGgRqW7Ca,0,0,7273213.000,0
06-06-2020 08:15,WRmjgnKYAwPKWDb,5625.14,647.857,7190917.857,551.329
15-06-2020 06:45,1BY6WEcLGh8j5v7,1375.12,48.875,6467723.875,134.088
07-06-2020 22:00,ZoEaEvLYb1n2sOq,0,8085,7273453.000,0
11-06-2020 16:15,VHMLBKoKgIrUVDU,4508.57,5302.29,7414597.286,442.514
26-05-2020 01:15,zBIq5rxdHJRwDNY,0,0,6420201.000,0
16-06-2020 17:15,zVJPv84UY57bAof,1749.43,6152.57,7357252.571,171.486
20-05-2020 08:45,bvBOhCH3iADSZry,6509.71,802.857,6347709.857,637.686
14-06-2020 04:15,bvBOhCH3iADSZry,0,0,6517642.000,0
18-05-2020 04:30,McdE0feGgRqW7Ca,0,0,7179627.000,0
10-06-2020 23:30,ih0vzX44oOqAx2f,0,6277,6381032.000,0
17-05-2020 09:30,zVJPv84UY57bAof,8334.12,1317.5,7129852.500,815.562
16-06-2020 06:45,zVJPv84UY57bAof,994.429,30.1429,7351130.143,96.5857
21-05-2020 12:00,pkci93gMrogZuBj,10327.7,3798.57,7213996.571,1008.21
24-05-2020 23:30,rGa61gmuvPhdLxV,0,8002,7183295.000,0
07-06-2020 01:15,sjndEbLyjtCKgGv,0,0,7185656.000,0
16-05-2020 03:15,7JYdWkrLSPkdwr4,0,0,7609076.000,0
09-06-2020 03:45,uHbuxQJl8lW7ozc,0,0,7225554.000,0
16-06-2020 09:00,WRmjgnKYAwPKWDb,5982.14,909.857,7262224.857,586.143
04-06-2020 23:30,z9Y9gH1T5YWrNuG,0,0,7163262.000,0
10-06-2020 18:45,zVJPv84UY57bAof,0,6560,7317016.000,0
18-05-2020 04:45,1BY6WEcLGh8j5v7,0,0,6278650.000,0
29-05-2020 07:30,zBIq5rxdHJRwDNY,2110.12,182.125,6442176.125,206.875
15-05-2020 22:00,3PZuoBAID5Wc2HD,0,0,6994033.000,0
17-06-2020 04:30,zVJPv84UY57bAof,0,0,7357362.000,0
26-05-2020 20:15,sjndEbLyjtCKgGv,0,0,7105889.000,0
25-05-2020 05:00,3PZuoBAID5Wc2HD,0,0,7061568.000,0
28-05-2020 16:45,adLQvlD726eNBSB,4158.43,8375.43,6378748.429,408.529
19-05-2020 23:15,ih0vzX44oOqAx2f,0,6790,6217277.000,0
14-06-2020 02:00,zBIq5rxdHJRwDNY,0,0,6557822.000,0
16-06-2020 16:00,adLQvlD726eNBSB,5095.38,5940.12,6517942.125,499.6
18-05-2020 08:00,7JYdWkrLSPkdwr4,1264.75,306.125,7623369.125,123.037
24-05-2020 21:15,zBIq5rxdHJRwDNY,0,7277,6411758.000,0
28-05-2020 06:30,VHMLBKoKgIrUVDU,861.571,24.1429,7304402.143,83.6
21-05-2020 09:30,VHMLBKoKgIrUVDU,10063.4,1491.12,7250015.125,983.962
23-05-2020 22:15,ih0vzX44oOqAx2f,0,8395,6248938.000,0
19-05-2020 10:15,bvBOhCH3iADSZry,6982.43,1368.43,6341906.429,683.643
02-06-2020 15:45,adLQvlD726eNBSB,5968.86,6748.29,6413579.286,584.786
17-06-2020 22:45,pkci93gMrogZuBj,0,5952,7415430.000,0
11-06-2020 23:45,ih0vzX44oOqAx2f,0,5521,6386553.000,0
31-05-2020 12:30,VHMLBKoKgIrUVDU,7738.57,3694.43,7332023.429,756.486
28-05-2020 05:15,ZoEaEvLYb1n2sOq,0,0,7193291.000,0
18-05-2020 10:45,adLQvlD726eNBSB,5857.5,880.875,6293190.875,574.05
15-05-2020 21:15,rGa61gmuvPhdLxV,0,6373,7117866.000,0
22-05-2020 16:30,zVJPv84UY57bAof,2250.88,6985.5,7172108.500,220.7
13-06-2020 19:30,WRmjgnKYAwPKWDb,0,8399,7247179.000,0
12-06-2020 23:45,ZnxXDlPa8U1GXgE,0,5883,6735785.000,0
21-05-2020 17:30,ZnxXDlPa8U1GXgE,593.571,7794.71,6571839.714,57.4429
19-05-2020 15:30,zBIq5rxdHJRwDNY,6591.57,6045.57,6371092.571,645.686
04-06-2020 23:00,sjndEbLyjtCKgGv,0,0,7171518.000,0
19-05-2020 02:00,ZnxXDlPa8U1GXgE,0,0,6548162.000,0
13-06-2020 00:45,ZnxXDlPa8U1GXgE,0,0,6735785.000,0
25-05-2020 10:00,YxYtjZvoooNbGkE,10624.7,1918.14,7254569.143,1038.56
08-06-2020 21:15,1BY6WEcLGh8j5v7,0,7864,6431614.000,0
08-06-2020 00:00,bvBOhCH3iADSZry,0,0,6478293.000,0
15-06-2020 05:30,ZoEaEvLYb1n2sOq,0,0,7323052.000,0
14-06-2020 23:15,bvBOhCH3iADSZry,0,3958,6521600.000,0
22-05-2020 04:30,z9Y9gH1T5YWrNuG,0,0,7057147.000,0
03-06-2020 04:30,bvBOhCH3iADSZry,0,0,6445487.000,0
31-05-2020 08:15,1BY6WEcLGh8j5v7,3402.38,312.375,6372440.375,334.212
11-06-2020 23:30,3PZuoBAID5Wc2HD,0,5717,7196186.000,0
23-05-2020 01:00,ZoEaEvLYb1n2sOq,0,0,7153713.000,0
30-05-2020 06:15,sjndEbLyjtCKgGv,315.125,3.625,7129032.625,30.425
10-06-2020 21:00,McdE0feGgRqW7Ca,0,6606,7361623.000,0
17-05-2020 19:15,1BY6WEcLGh8j5v7,0,7045,6278650.000,0
26-05-2020 11:00,bvBOhCH3iADSZry,11895.1,2815.12,6395151.125,1160.1
31-05-2020 14:30,rGa61gmuvPhdLxV,2417.62,5138.5,7235576.500,237.125
23-05-2020 03:30,iCRJl6heRkivqQ3,0,0,7234593.000,0
02-06-2020 14:30,WRmjgnKYAwPKWDb,8317.75,5719.88,7165419.875,813.413
16-05-2020 07:30,McdE0feGgRqW7Ca,2504.88,169.5,7165604.500,245.625
23-05-2020 21:00,1BY6WEcLGh8j5v7,0,7966,6320403.000,0
15-06-2020 09:45,adLQvlD726eNBSB,8821.12,1844.25,6506930.250,862.675
27-05-2020 22:45,1IF53ai7Xc0U56Y,0,6824,6281462.000,0
01-06-2020 11:00,ZoEaEvLYb1n2sOq,13059.9,2809.71,7225453.714,1273.33
31-05-2020 11:30,bvBOhCH3iADSZry,12579.5,2639,6430320.000,1226.49
11-06-2020 14:45,wCURE6d3bPkepu2,6005.43,4316.57,6986719.571,588.5
17-05-2020 22:00,7JYdWkrLSPkdwr4,0,7526,7623063.000,0
08-06-2020 11:15,adLQvlD726eNBSB,11218,3442.29,6456826.286,1094.64
29-05-2020 21:00,zBIq5rxdHJRwDNY,0,0,6449905.000,0
26-05-2020 05:15,zVJPv84UY57bAof,0,0,7197609.000,0
31-05-2020 09:00,1BY6WEcLGh8j5v7,5717.57,686.857,6372814.857,560.329
18-05-2020 19:00,rGa61gmuvPhdLxV,0,5365,7136902.000,0
04-06-2020 09:00,ZnxXDlPa8U1GXgE,7724,946.714,6671830.714,755.957
12-06-2020 08:00,wCURE6d3bPkepu2,1818.25,151.75,6988205.750,178.012
20-05-2020 09:00,zVJPv84UY57bAof,7908.57,1032.57,7149369.571,774.129
03-06-2020 16:30,YxYtjZvoooNbGkE,2602.75,7374.25,7326303.250,255.238
25-05-2020 12:30,3PZuoBAID5Wc2HD,12819.5,5025.75,7066593.750,1249.91
26-05-2020 22:45,zBIq5rxdHJRwDNY,0,0,6427702.000,0
09-06-2020 10:30,z9Y9gH1T5YWrNuG,12449.1,1982.14,7193406.143,1214.13
09-06-2020 13:30,zBIq5rxdHJRwDNY,9273.62,5458.25,6528727.250,905.987
17-06-2020 08:15,VHMLBKoKgIrUVDU,3922.75,397.125,7450598.125,385.438
03-06-2020 16:00,VHMLBKoKgIrUVDU,5757,7305,7355049.000,564.114
20-05-2020 21:00,iCRJl6heRkivqQ3,0,8887,7219605.000,0
01-06-2020 09:30,z9Y9gH1T5YWrNuG,6027.38,1372.88,7135269.875,590.562
19-05-2020 01:45,adLQvlD726eNBSB,0,0,6297816.000,0
28-05-2020 20:45,3PZuoBAID5Wc2HD,0,8528,7093979.000,0
11-06-2020 18:00,zBIq5rxdHJRwDNY,627.625,5632,6543535.000,60.775
27-05-2020 10:00,rGa61gmuvPhdLxV,6072.6,1760,7201629.000,595.04
28-05-2020 19:45,zVJPv84UY57bAof,0,8391,7220473.000,0
12-06-2020 02:00,ih0vzX44oOqAx2f,0,0,6386553.000,0
04-06-2020 05:00,adLQvlD726eNBSB,0,0,6422267.000,0
29-05-2020 17:15,7JYdWkrLSPkdwr4,2327.43,7914.71,7714742.714,228.2
15-06-2020 02:15,rGa61gmuvPhdLxV,0,0,7337972.000,0
21-05-2020 09:30,zBIq5rxdHJRwDNY,9872.12,1414.5,6382276.500,965.35
05-06-2020 17:30,z9Y9gH1T5YWrNuG,3745.62,7591.5,7170853.500,368.125
28-05-2020 02:30,sjndEbLyjtCKgGv,0,0,7112565.000,0
07-06-2020 14:00,ZoEaEvLYb1n2sOq,8678,5854.88,7271222.875,848.55
09-06-2020 22:15,ih0vzX44oOqAx2f,0,7846,6374755.000,0
15-06-2020 01:30,7JYdWkrLSPkdwr4,0,0,7828158.000,0
09-06-2020 01:00,7JYdWkrLSPkdwr4,0,0,7786793.000,0
12-06-2020 04:30,YxYtjZvoooNbGkE,0,0,7385279.000,0
10-06-2020 21:15,z9Y9gH1T5YWrNuG,0,6412,7205465.000,0
22-05-2020 09:15,ih0vzX44oOqAx2f,5108.14,984.429,6234527.429,500.743
17-06-2020 14:15,3PZuoBAID5Wc2HD,6049.14,4940.29,7236313.286,592.714
24-05-2020 03:45,uHbuxQJl8lW7ozc,0,0,7103746.000,0
15-05-2020 11:45,wCURE6d3bPkepu2,8761.43,2567.14,6785165.143,855.9
16-05-2020 19:00,z9Y9gH1T5YWrNuG,0,6488,7020740.000,0
18-05-2020 03:30,ZoEaEvLYb1n2sOq,0,0,7118208.000,0
05-06-2020 02:30,zBIq5rxdHJRwDNY,0,0,6492579.000,0
17-05-2020 00:30,zVJPv84UY57bAof,0,0,7128535.000,0
26-05-2020 03:45,3PZuoBAID5Wc2HD,0,0,7070636.000,0
24-05-2020 03:30,1BY6WEcLGh8j5v7,0,0,6320403.000,0
01-06-2020 08:15,ZoEaEvLYb1n2sOq,5704.12,626,7223270.000,559.087
05-06-2020 01:30,VHMLBKoKgIrUVDU,0,0,7363821.000,0
27-05-2020 22:30,z9Y9gH1T5YWrNuG,0,0,7103885.000,0
24-05-2020 09:30,7JYdWkrLSPkdwr4,8625.62,1362.75,7668582.750,843.825
01-06-2020 08:30,rGa61gmuvPhdLxV,5529.88,771.875,7237103.875,542.163
19-05-2020 08:15,sjndEbLyjtCKgGv,2819.38,370.875,7042775.875,276.613
29-05-2020 08:15,1BY6WEcLGh8j5v7,4160.57,397.714,6358207.714,408.643
27-05-2020 16:45,VHMLBKoKgIrUVDU,2892.29,6570.29,7304185.286,283.8
19-05-2020 04:30,adLQvlD726eNBSB,0,0,6297816.000,0
31-05-2020 18:00,3PZuoBAID5Wc2HD,674.286,5801.71,7115289.714,65.3429
05-06-2020 19:15,rGa61gmuvPhdLxV,0,7741,7273090.000,0
17-06-2020 09:30,zVJPv84UY57bAof,7105.86,969.571,7358331.571,695.814
24-05-2020 20:45,ZoEaEvLYb1n2sOq,0,7985,7170169.000,0
24-05-2020 13:15,sjndEbLyjtCKgGv,12059.1,5126.14,7086575.143,1175.76
20-05-2020 07:15,wCURE6d3bPkepu2,2439.12,118.75,6815467.750,239.175
11-06-2020 17:45,VHMLBKoKgIrUVDU,993.143,5680.86,7414975.857,96.4714
28-05-2020 20:30,7JYdWkrLSPkdwr4,0,8278,7706828.000,0
05-06-2020 02:30,z9Y9gH1T5YWrNuG,0,0,7163262.000,0
17-06-2020 16:00,VHMLBKoKgIrUVDU,3239.86,5639.86,7455840.857,318.3
31-05-2020 04:15,sjndEbLyjtCKgGv,0,0,7136255.000,0
16-06-2020 08:45,3PZuoBAID5Wc2HD,6075,774.375,7225816.375,595.237
07-06-2020 03:30,bvBOhCH3iADSZry,0,0,6473124.000,0
05-06-2020 17:00,7JYdWkrLSPkdwr4,4102.14,7196.14,7763817.143,402.729
17-05-2020 21:00,bvBOhCH3iADSZry,0,6928,6335576.000,0
08-06-2020 16:15,rGa61gmuvPhdLxV,3431.5,7716,7295389.000,336.7
25-05-2020 03:45,uHbuxQJl8lW7ozc,0,0,7111852.000,0
07-06-2020 22:45,iCRJl6heRkivqQ3,0,8277,7356511.000,0
07-06-2020 01:45,YxYtjZvoooNbGkE,0,0,7348812.000,0
11-06-2020 10:00,VHMLBKoKgIrUVDU,5214.14,945.714,7410240.714,511.129
24-05-2020 08:45,McdE0feGgRqW7Ca,4980.62,826.625,7225462.625,488.475
09-06-2020 16:15,wCURE6d3bPkepu2,5691.29,7439.43,6975409.429,557.771
27-05-2020 05:30,pkci93gMrogZuBj,0,0,7258294.000,0
22-05-2020 09:15,ZnxXDlPa8U1GXgE,5327.71,1019.86,6572883.857,522.229
24-05-2020 00:15,ih0vzX44oOqAx2f,0,0,6248938.000,0
17-05-2020 08:00,zVJPv84UY57bAof,4855.57,361.429,7128896.429,476.2
30-05-2020 17:30,wCURE6d3bPkepu2,1864,7205.43,6903085.429,182.7
30-05-2020 00:45,WRmjgnKYAwPKWDb,0,0,7140899.000,0
03-06-2020 00:45,zVJPv84UY57bAof,0,0,7255217.000,0
06-06-2020 10:00,ZnxXDlPa8U1GXgE,9947.38,1755.25,6688454.250,971.487
08-06-2020 10:00,7JYdWkrLSPkdwr4,12046.8,1882.62,7780392.625,1174.88
07-06-2020 17:00,uHbuxQJl8lW7ozc,3510.14,8053.43,7216908.429,344.814
10-06-2020 18:45,WRmjgnKYAwPKWDb,0,6389,7227367.000,0
17-05-2020 08:30,uHbuxQJl8lW7ozc,5774.29,608.286,7051947.286,565.871
17-05-2020 04:00,McdE0feGgRqW7Ca,0,0,7172021.000,0
13-06-2020 11:45,3PZuoBAID5Wc2HD,11505.7,4026.43,7206112.429,1122.84
31-05-2020 13:30,7JYdWkrLSPkdwr4,5272,4362.75,7726340.750,515.938
10-06-2020 03:00,zVJPv84UY57bAof,0,0,7310456.000,0
02-06-2020 19:00,1BY6WEcLGh8j5v7,0,7029,6390468.000,0
14-06-2020 15:15,ZoEaEvLYb1n2sOq,9886.75,6362.5,7322125.500,965.688
24-05-2020 16:15,rGa61gmuvPhdLxV,3143.5,7503.88,7182796.875,308.587
20-05-2020 10:45,McdE0feGgRqW7Ca,11256.7,2750.71,7194848.714,1099.27
26-05-2020 18:15,iCRJl6heRkivqQ3,0,7866,7267996.000,0
07-06-2020 02:45,uHbuxQJl8lW7ozc,0,0,7208855.000,0
31-05-2020 19:15,pkci93gMrogZuBj,0,5915,7294791.000,0
16-06-2020 23:00,1IF53ai7Xc0U56Y,0,6318,6427532.000,0
06-06-2020 19:30,bvBOhCH3iADSZry,0,5873,6473124.000,0
23-05-2020 13:45,1BY6WEcLGh8j5v7,12066.9,5567.86,6318004.857,1176.53
17-06-2020 07:30,z9Y9gH1T5YWrNuG,3185.57,119,7245504.000,313.014
21-05-2020 13:00,iCRJl6heRkivqQ3,10816,4907.29,7224512.286,1055.8
20-05-2020 00:00,7JYdWkrLSPkdwr4,0,1709,7635208.000,0
31-05-2020 21:00,7JYdWkrLSPkdwr4,0,5843,7727821.000,0
08-06-2020 05:00,adLQvlD726eNBSB,0,0,6453384.000,0
19-05-2020 06:45,uHbuxQJl8lW7ozc,674.857,11,7064212.000,65.5286
23-05-2020 21:30,7JYdWkrLSPkdwr4,0,8450,7667220.000,0
25-05-2020 10:45,1IF53ai7Xc0U56Y,12007.5,2875.62,6260355.625,1170.74
16-06-2020 04:15,zBIq5rxdHJRwDNY,0,0,6571833.000,0
14-06-2020 20:45,7JYdWkrLSPkdwr4,0,7306,7828158.000,0
15-06-2020 15:30,uHbuxQJl8lW7ozc,5846.25,6164.25,7274001.250,572.8
10-06-2020 04:00,zVJPv84UY57bAof,0,0,7310456.000,0
15-05-2020 06:15,ih0vzX44oOqAx2f,300,3.14286,6185187.667,28.9571
03-06-2020 04:00,pkci93gMrogZuBj,0,0,7307650.000,0
27-05-2020 00:15,zVJPv84UY57bAof,0,0,7205383.000,0
17-05-2020 17:15,zBIq5rxdHJRwDNY,1697.43,7420,6359570.000,166.343
26-05-2020 13:15,WRmjgnKYAwPKWDb,9619.71,5247.29,7115243.286,939.129
04-06-2020 03:15,rGa61gmuvPhdLxV,0,0,7257137.000,0
11-06-2020 06:15,adLQvlD726eNBSB,172.286,2,6476946.000,16.6286
31-05-2020 04:00,VHMLBKoKgIrUVDU,0,0,7328329.000,0
11-06-2020 00:45,McdE0feGgRqW7Ca,0,0,7361623.000,0
03-06-2020 01:30,ZoEaEvLYb1n2sOq,0,0,7235727.000,0
02-06-2020 11:00,uHbuxQJl8lW7ozc,9293.5,2739.12,7173681.125,908.712
29-05-2020 11:30,wCURE6d3bPkepu2,7886.88,3227.75,6890936.750,771.513
03-06-2020 15:00,1IF53ai7Xc0U56Y,11352.7,6468.71,6331252.714,1108.09
01-06-2020 03:15,zVJPv84UY57bAof,0,0,7242024.000,0
12-06-2020 12:45,uHbuxQJl8lW7ozc,8174.14,3224.29,7249430.286,800.043
17-06-2020 00:00,1IF53ai7Xc0U56Y,0,0,6427532.000,0
29-05-2020 16:15,sjndEbLyjtCKgGv,6464.86,7647.43,7128550.429,633.314
09-06-2020 17:45,iCRJl6heRkivqQ3,1443.43,8215.86,7373170.857,140.843
18-05-2020 04:45,sjndEbLyjtCKgGv,0,0,7037054.000,0
11-06-2020 02:45,z9Y9gH1T5YWrNuG,0,0,7205465.000,0
20-05-2020 00:45,7JYdWkrLSPkdwr4,0,0,7635208.000,0
14-06-2020 15:00,ZoEaEvLYb1n2sOq,8571.14,6113.86,7321876.857,838.243
27-05-2020 00:00,sjndEbLyjtCKgGv,0,0,7105889.000,0
16-05-2020 17:45,adLQvlD726eNBSB,777.5,6683,6284421.000,75.4125
18-05-2020 07:30,3PZuoBAID5Wc2HD,3508.75,212.375,7008695.375,344.688
12-06-2020 21:30,z9Y9gH1T5YWrNuG,0,5803,7216867.000,0
21-05-2020 12:30,bvBOhCH3iADSZry,6214.86,4037.43,6359075.429,608.886
04-06-2020 17:00,7JYdWkrLSPkdwr4,3909.86,7713.57,7756335.571,384.186
05-06-2020 02:00,zBIq5rxdHJRwDNY,0,0,6492579.000,0
17-06-2020 11:00,1BY6WEcLGh8j5v7,6260.57,1787.86,6481585.857,613.086
16-06-2020 09:45,adLQvlD726eNBSB,9107.71,1475.71,6513477.714,890.9
01-06-2020 14:45,1BY6WEcLGh8j5v7,2753.5,5030.75,6382961.750,270.262
24-05-2020 08:00,7JYdWkrLSPkdwr4,4748.57,410.714,7667630.714,465.529
17-06-2020 07:15,pkci93gMrogZuBj,2108.43,57.8571,7409535.857,206.829
02-06-2020 14:30,McdE0feGgRqW7Ca,8948.71,5938.14,7298690.143,874.629
29-05-2020 23:45,VHMLBKoKgIrUVDU,0,8172,7321059.000,0
03-06-2020 13:15,iCRJl6heRkivqQ3,10422.5,4613.75,7322426.750,1018.15
04-06-2020 10:45,rGa61gmuvPhdLxV,13270.1,2306.86,7259443.857,1293.84
24-05-2020 15:15,7JYdWkrLSPkdwr4,6725.62,7117.38,7674337.375,658.562
20-05-2020 02:30,ZoEaEvLYb1n2sOq,0,0,7130332.000,0
15-06-2020 11:00,adLQvlD726eNBSB,12283,3082.25,6508168.250,1198.29
22-05-2020 18:15,zVJPv84UY57bAof,107.857,7170.43,7172293.429,10.4
20-05-2020 07:45,ZnxXDlPa8U1GXgE,4365.88,281.5,6555417.500,428.587
15-06-2020 23:45,McdE0feGgRqW7Ca,0,6872,7396230.000,0
01-06-2020 06:30,zBIq5rxdHJRwDNY,976.375,23.125,6463262.125,94.825
16-06-2020 14:30,WRmjgnKYAwPKWDb,9260.29,4953.57,7266268.571,904.657
23-05-2020 22:30,zVJPv84UY57bAof,0,8544,7180838.000,0
19-05-2020 12:45,rGa61gmuvPhdLxV,11380.5,3726.75,7140628.750,1110.95
22-05-2020 16:30,VHMLBKoKgIrUVDU,2272.43,7169.86,7263530.857,222.814
12-06-2020 08:45,pkci93gMrogZuBj,4149.5,371.75,7375327.750,407.562
24-05-2020 06:30,7JYdWkrLSPkdwr4,774.714,21.5714,7667241.571,75.1429
02-06-2020 14:00,1IF53ai7Xc0U56Y,6817.62,5449.62,6322893.625,667.737
13-06-2020 22:00,uHbuxQJl8lW7ozc,0,8437,7260531.000,0
15-05-2020 14:45,1BY6WEcLGh8j5v7,6742.25,4528.5,6264087.500,659.875
25-05-2020 21:00,adLQvlD726eNBSB,0,9163,6355294.000,0
21-05-2020 11:15,ZnxXDlPa8U1GXgE,13596.3,3070,6567115.000,1325.61
14-06-2020 23:30,ih0vzX44oOqAx2f,0,7165,6407683.000,0
12-06-2020 07:00,WRmjgnKYAwPKWDb,913.125,41.125,7233027.125,88.6875
14-06-2020 14:45,adLQvlD726eNBSB,6492.88,6220.88,6503716.875,636.025
14-06-2020 23:45,1IF53ai7Xc0U56Y,0,7487,6414368.000,0
21-05-2020 18:15,VHMLBKoKgIrUVDU,0,7837,7256361.000,0
03-06-2020 14:45,zBIq5rxdHJRwDNY,9913.14,6138.71,6482592.714,968.657
31-05-2020 17:45,1IF53ai7Xc0U56Y,1062.88,5852.25,6311395.250,103.325
30-05-2020 01:15,1IF53ai7Xc0U56Y,0,0,6298211.000,0
23-05-2020 08:45,pkci93gMrogZuBj,7537.43,812.857,7226012.857,737.986
13-06-2020 08:00,z9Y9gH1T5YWrNuG,5110.43,399.857,7217266.857,501
20-05-2020 04:00,WRmjgnKYAwPKWDb,0,0,7060932.000,0
11-06-2020 02:15,rGa61gmuvPhdLxV,0,0,7310769.000,0
03-06-2020 03:15,zBIq5rxdHJRwDNY,0,0,6476454.000,0
12-06-2020 20:30,1BY6WEcLGh8j5v7,0,5441,6455679.000,0
20-05-2020 04:00,1BY6WEcLGh8j5v7,0,0,6290097.000,0
05-06-2020 06:15,z9Y9gH1T5YWrNuG,303.25,4.75,7163266.750,29.2875
06-06-2020 12:15,7JYdWkrLSPkdwr4,7898.88,3705.25,7767845.250,771.862
10-06-2020 09:45,3PZuoBAID5Wc2HD,5948,1504.88,7185423.875,582.825
05-06-2020 23:45,zBIq5rxdHJRwDNY,0,7723,6500302.000,0
11-06-2020 19:45,7JYdWkrLSPkdwr4,0,5573,7806664.000,0
14-06-2020 17:15,iCRJl6heRkivqQ3,1687.57,7290.71,7407145.714,165.329
09-06-2020 15:15,z9Y9gH1T5YWrNuG,8089.29,6345,7197769.000,791.743
23-05-2020 02:00,uHbuxQJl8lW7ozc,0,0,7095253.000,0
27-05-2020 09:15,pkci93gMrogZuBj,8905.5,1198.12,7259492.125,871.237
08-06-2020 17:15,McdE0feGgRqW7Ca,2337.62,8434.62,7346636.625,229.037
16-06-2020 22:30,McdE0feGgRqW7Ca,0,6365,7402595.000,0
10-06-2020 02:45,bvBOhCH3iADSZry,0,0,6493347.000,0
17-05-2020 16:45,ZoEaEvLYb1n2sOq,3618.62,7267.5,7118011.500,355.425
11-06-2020 21:00,3PZuoBAID5Wc2HD,0,5717,7196186.000,0
08-06-2020 07:00,ih0vzX44oOqAx2f,1546.38,77.5,6358769.500,151.012
15-06-2020 19:45,bvBOhCH3iADSZry,0,6192,6527792.000,0
16-05-2020 06:30,pkci93gMrogZuBj,692,16.5714,7175493.571,67.0571
22-05-2020 16:45,7JYdWkrLSPkdwr4,1933.62,7000,7658635.000,189.537
13-06-2020 01:15,VHMLBKoKgIrUVDU,0,0,7420914.000,0
30-05-2020 22:30,McdE0feGgRqW7Ca,0,7352,7280565.000,0
16-05-2020 17:30,wCURE6d3bPkepu2,1180.25,6498.75,6795425.750,114.775
16-06-2020 02:15,uHbuxQJl8lW7ozc,0,0,7274743.000,0
12-06-2020 03:45,3PZuoBAID5Wc2HD,0,0,7196186.000,0
28-05-2020 04:30,pkci93gMrogZuBj,0,0,7264985.000,0
17-06-2020 10:00,zVJPv84UY57bAof,6358.14,1272,7358634.000,622.871
05-06-2020 07:45,WRmjgnKYAwPKWDb,2467.86,226.714,7182891.714,241.986
07-06-2020 07:45,3PZuoBAID5Wc2HD,2508.29,237.429,7159219.429,245.971
15-06-2020 06:15,z9Y9gH1T5YWrNuG,463.375,6.75,7232474.750,44.825
14-06-2020 20:00,WRmjgnKYAwPKWDb,0,7405,7254584.000,0
15-05-2020 00:15,zVJPv84UY57bAof,0,0,7116151.000,0
09-06-2020 15:15,1BY6WEcLGh8j5v7,7637,6272.14,6437886.143,747.643
31-05-2020 20:30,ZoEaEvLYb1n2sOq,0,5796,7222644.000,0
24-05-2020 18:00,uHbuxQJl8lW7ozc,629.571,8086.29,7111832.286,60.9571
25-05-2020 00:15,ZnxXDlPa8U1GXgE,0,0,6595756.000,0
30-05-2020 04:45,3PZuoBAID5Wc2HD,0,0,7102189.000,0
27-05-2020 11:45,sjndEbLyjtCKgGv,11029.7,3345.86,7109234.857,1076.19
11-06-2020 11:45,3PZuoBAID5Wc2HD,8476.86,2107,7192576.000,829.529
11-06-2020 00:15,bvBOhCH3iADSZry,0,0,6499210.000,0
16-05-2020 06:30,WRmjgnKYAwPKWDb,720.875,15.75,7034830.750,69.875
31-05-2020 06:45,adLQvlD726eNBSB,1076.43,48,6394819.000,104.6
15-06-2020 02:45,WRmjgnKYAwPKWDb,0,0,7254584.000,0
08-06-2020 11:30,adLQvlD726eNBSB,10991,3719,6457103.000,1072.39
03-06-2020 17:15,1IF53ai7Xc0U56Y,2745.25,7747,6332531.000,269.5
11-06-2020 12:30,1BY6WEcLGh8j5v7,7434.86,2538.71,6447519.714,727.943
05-06-2020 05:45,3PZuoBAID5Wc2HD,0,0,7144703.000,0
16-06-2020 02:30,uHbuxQJl8lW7ozc,0,0,7274743.000,0
23-05-2020 09:30,1IF53ai7Xc0U56Y,9079.75,1527.38,6242061.375,888.175
23-05-2020 00:15,ZnxXDlPa8U1GXgE,0,0,6579139.000,0
06-06-2020 20:45,uHbuxQJl8lW7ozc,0,0,7208855.000,0
14-06-2020 16:15,McdE0feGgRqW7Ca,4331.86,7115.14,7389038.143,425.3
02-06-2020 15:15,adLQvlD726eNBSB,5436.86,6461.86,6413292.857,532.914
11-06-2020 21:45,adLQvlD726eNBSB,0,5790,6482734.000,0
06-06-2020 03:15,1IF53ai7Xc0U56Y,0,0,6348557.000,0
16-05-2020 23:15,iCRJl6heRkivqQ3,0,6438,7190848.000,0
11-06-2020 15:45,7JYdWkrLSPkdwr4,6119.29,4923.14,7806014.143,599.514
27-05-2020 22:45,rGa61gmuvPhdLxV,0,0,7206549.000,0
28-05-2020 14:15,WRmjgnKYAwPKWDb,4649.43,6560.86,7131098.857,456.257
17-05-2020 23:15,zVJPv84UY57bAof,0,7480,7136015.000,0
30-05-2020 04:30,ZnxXDlPa8U1GXgE,0,0,6636066.000,0
20-05-2020 13:15,3PZuoBAID5Wc2HD,12424.2,5837.6,7026349.600,1211.38
26-05-2020 07:30,ZnxXDlPa8U1GXgE,3370.71,193,6604859.000,331.286
26-05-2020 18:15,adLQvlD726eNBSB,164.5,8222,6363516.000,15.9
26-05-2020 21:45,ZnxXDlPa8U1GXgE,0,0,6612649.000,0
27-05-2020 10:15,zBIq5rxdHJRwDNY,5369.29,1857,6429559.000,526.243
11-06-2020 17:45,pkci93gMrogZuBj,1003.71,5625.43,7374919.429,97.5429
16-05-2020 08:00,adLQvlD726eNBSB,4440.14,348.143,6278086.143,436
01-06-2020 12:00,iCRJl6heRkivqQ3,5567.62,3572.25,7308139.250,545.65
24-05-2020 13:00,uHbuxQJl8lW7ozc,12129.4,4819.25,7108565.250,1182.94
14-06-2020 01:30,iCRJl6heRkivqQ3,0,0,7399855.000,0
16-06-2020 18:00,YxYtjZvoooNbGkE,694.875,6202.62,7419537.625,67.35
08-06-2020 04:30,wCURE6d3bPkepu2,0,0,6959527.000,0
03-06-2020 06:30,ih0vzX44oOqAx2f,602.714,15.4286,6321326.429,58.3429
14-06-2020 13:00,rGa61gmuvPhdLxV,8760.71,4118.43,7334788.429,857.143
10-06-2020 04:15,7JYdWkrLSPkdwr4,0,0,7794729.000,0
17-05-2020 04:15,YxYtjZvoooNbGkE,0,0,7192732.000,0
18-05-2020 16:45,adLQvlD726eNBSB,2916.71,5309.86,6297619.857,286.2
15-05-2020 15:15,McdE0feGgRqW7Ca,5285.29,5483,7164447.000,518.086
01-06-2020 11:30,uHbuxQJl8lW7ozc,8479.43,3097.14,7168450.143,828.7
24-05-2020 14:45,WRmjgnKYAwPKWDb,8671.43,6775.14,7099801.143,848.129
26-05-2020 21:00,WRmjgnKYAwPKWDb,0,0,7117880.000,0
28-05-2020 02:15,adLQvlD726eNBSB,0,0,6370373.000,0
11-06-2020 23:15,adLQvlD726eNBSB,0,5790,6482734.000,0
15-06-2020 00:15,zBIq5rxdHJRwDNY,0,0,6565137.000,0
15-05-2020 15:00,3PZuoBAID5Wc2HD,5306,5119.5,6992878.500,520.2
25-05-2020 08:15,7JYdWkrLSPkdwr4,6099,485,7675726.000,597.575
01-06-2020 18:15,1BY6WEcLGh8j5v7,240.714,5505.14,6383436.143,23.2571
05-06-2020 17:00,3PZuoBAID5Wc2HD,4363.86,7461.86,7152164.857,428.543
27-05-2020 20:45,7JYdWkrLSPkdwr4,0,6638,7698550.000,0
09-06-2020 20:30,bvBOhCH3iADSZry,0,7361,6493347.000,0
18-05-2020 13:00,1BY6WEcLGh8j5v7,7234,2270.38,6280920.375,708.325
13-06-2020 18:00,VHMLBKoKgIrUVDU,591.429,8636.86,7429550.857,57.2429
12-06-2020 17:15,z9Y9gH1T5YWrNuG,1794.71,5660,7216724.000,175.871
27-05-2020 02:30,WRmjgnKYAwPKWDb,0,0,7117880.000,0
07-06-2020 01:30,zVJPv84UY57bAof,0,0,7285530.000,0
16-05-2020 23:15,pkci93gMrogZuBj,0,6173,7181650.000,0
14-06-2020 08:45,ih0vzX44oOqAx2f,5102.29,713.714,6401231.714,500.3
08-06-2020 23:00,ih0vzX44oOqAx2f,0,8217,6366909.000,0
14-06-2020 06:00,uHbuxQJl8lW7ozc,40,0.285714,7260531.286,3.87143
09-06-2020 16:30,z9Y9gH1T5YWrNuG,5196.86,7189.86,7198613.857,509.429
07-06-2020 00:45,7JYdWkrLSPkdwr4,0,0,7770457.000,0
15-05-2020 01:30,zVJPv84UY57bAof,0,0,7116151.000,0
27-05-2020 20:00,ih0vzX44oOqAx2f,0,6564,6278855.000,0
02-06-2020 11:45,sjndEbLyjtCKgGv,6209.14,3252.57,7151260.571,608.329
29-05-2020 22:45,1BY6WEcLGh8j5v7,0,7564,6365374.000,0
31-05-2020 19:45,pkci93gMrogZuBj,0,5915,7294791.000,0
27-05-2020 19:45,YxYtjZvoooNbGkE,0,0,7276029.000,0
03-06-2020 03:15,ZoEaEvLYb1n2sOq,0,0,7235727.000,0
06-06-2020 06:00,bvBOhCH3iADSZry,134.286,0.714286,6467251.714,12.9571
23-05-2020 17:15,zVJPv84UY57bAof,2921.57,8371.71,7180665.714,286.729
16-06-2020 14:15,zBIq5rxdHJRwDNY,4099.14,4255.86,6576088.857,402.614
15-06-2020 02:30,bvBOhCH3iADSZry,0,0,6521600.000,0
09-06-2020 18:30,bvBOhCH3iADSZry,82.4286,7360,6493346.000,7.94286
16-06-2020 06:45,adLQvlD726eNBSB,1043.86,34.8571,6512036.857,101.443
08-06-2020 18:45,wCURE6d3bPkepu2,0,8443,6967970.000,0
04-06-2020 20:45,ZoEaEvLYb1n2sOq,0,0,7251540.000,0
01-06-2020 17:15,YxYtjZvoooNbGkE,988.286,5711,7311450.000,96.0143
21-05-2020 12:00,iCRJl6heRkivqQ3,10861,3870.71,7223475.714,1060.53
28-05-2020 10:30,pkci93gMrogZuBj,8602.86,2422,7267407.000,840.443
13-06-2020 11:45,uHbuxQJl8lW7ozc,13295.4,3796.25,7255890.250,1296.29
05-06-2020 09:30,7JYdWkrLSPkdwr4,9656,1292.71,7757913.714,943.643
15-06-2020 16:45,1IF53ai7Xc0U56Y,3999.25,6579.88,6420947.875,392.962
23-05-2020 19:00,zVJPv84UY57bAof,0,8544,7180838.000,0
18-05-2020 12:15,1IF53ai7Xc0U56Y,8893.5,1881.38,6206234.375,870.062
05-06-2020 02:30,YxYtjZvoooNbGkE,0,0,7334886.000,0
31-05-2020 22:00,adLQvlD726eNBSB,0,5933,6400704.000,0
22-05-2020 13:15,ih0vzX44oOqAx2f,11148.1,4505,6238048.000,1088.05
07-06-2020 19:45,ZnxXDlPa8U1GXgE,0,8209,6701263.000,0
16-06-2020 10:00,zBIq5rxdHJRwDNY,11644.3,1635.86,6573468.857,1136.41
23-05-2020 12:45,iCRJl6heRkivqQ3,9029.75,4952.25,7239545.250,883.375
09-06-2020 11:00,1IF53ai7Xc0U56Y,11558,3060.71,6374893.714,1127.63
25-05-2020 17:30,rGa61gmuvPhdLxV,686.429,8771.43,7192066.429,66.5143
31-05-2020 23:45,rGa61gmuvPhdLxV,0,5894,7236332.000,0
01-06-2020 00:15,1BY6WEcLGh8j5v7,0,0,6377931.000,0
03-06-2020 20:00,YxYtjZvoooNbGkE,0,7827,7326756.000,0
15-06-2020 19:00,pkci93gMrogZuBj,0,6795,7403217.000,0
03-06-2020 10:15,rGa61gmuvPhdLxV,6084.88,1530.38,7250860.375,596.163
30-05-2020 18:15,zBIq5rxdHJRwDNY,274.857,7392.71,6457297.714,26.5571
08-06-2020 19:00,YxYtjZvoooNbGkE,0,8343,7365310.000,0
08-06-2020 18:00,zVJPv84UY57bAof,841.143,8353.29,7302143.286,81.6143
11-06-2020 19:45,bvBOhCH3iADSZry,0,5197,6504407.000,0
01-06-2020 21:30,adLQvlD726eNBSB,0,6127,6406831.000,0
19-05-2020 15:30,adLQvlD726eNBSB,6836.86,6195.14,6304011.143,669.614
10-06-2020 18:00,WRmjgnKYAwPKWDb,558.571,6380.14,7227358.143,54.0714
14-06-2020 09:45,McdE0feGgRqW7Ca,8413.88,1463,7383386.000,823.375
28-05-2020 17:30,YxYtjZvoooNbGkE,1132.57,8326.57,7284355.571,110.143
15-06-2020 17:30,WRmjgnKYAwPKWDb,1464.62,6664,7261248.000,142.838
09-06-2020 11:30,ZnxXDlPa8U1GXgE,8777,3409,6713107.000,858.229
17-06-2020 23:30,zVJPv84UY57bAof,0,5910,7363272.000,0
20-05-2020 19:00,ih0vzX44oOqAx2f,0,8664,6225941.000,0
04-06-2020 13:15,7JYdWkrLSPkdwr4,13412.1,4839.71,7753461.714,1307.67
06-06-2020 14:15,McdE0feGgRqW7Ca,12369.7,5516.43,7330197.429,1206.81
08-06-2020 13:00,ih0vzX44oOqAx2f,9358,4914.5,6363606.500,914.263
31-05-2020 20:00,bvBOhCH3iADSZry,0,5586,6433267.000,0
31-05-2020 12:30,1BY6WEcLGh8j5v7,6080.62,3781.75,6375909.750,595.737
18-05-2020 00:45,WRmjgnKYAwPKWDb,0,0,7049104.000,0
19-05-2020 16:15,McdE0feGgRqW7Ca,5537.86,6571.14,7191662.143,542.814
29-05-2020 07:30,1BY6WEcLGh8j5v7,2100.75,180.25,6357990.250,205.975
12-06-2020 16:00,ih0vzX44oOqAx2f,2832.86,5270.14,6391823.143,278.057
01-06-2020 05:45,ZoEaEvLYb1n2sOq,0,0,7222644.000,0
25-05-2020 11:45,McdE0feGgRqW7Ca,12837.3,3985.71,7236676.714,1251.61
08-06-2020 00:15,bvBOhCH3iADSZry,0,0,6478293.000,0
01-06-2020 13:15,1IF53ai7Xc0U56Y,9464.75,4653.75,6316085.750,924.663
02-06-2020 04:15,7JYdWkrLSPkdwr4,0,0,7733624.000,0
27-05-2020 20:00,1IF53ai7Xc0U56Y,0,6824,6281462.000,0
25-05-2020 07:00,uHbuxQJl8lW7ozc,1670,71,7111923.000,163.414
05-06-2020 23:45,ZnxXDlPa8U1GXgE,0,0,6686699.000,0
13-06-2020 11:15,rGa61gmuvPhdLxV,12840.9,3137.25,7325418.250,1251.99
11-06-2020 03:30,1BY6WEcLGh8j5v7,0,0,6444981.000,0
17-06-2020 17:15,rGa61gmuvPhdLxV,1579.25,5847.75,7356794.750,154.55
20-05-2020 22:30,zVJPv84UY57bAof,0,8842,7157179.000,0
25-05-2020 09:15,pkci93gMrogZuBj,8834.12,1166,7242873.000,864.35
08-06-2020 04:15,zBIq5rxdHJRwDNY,0,0,6514911.000,0
13-06-2020 11:15,VHMLBKoKgIrUVDU,13252.1,3373.29,7424287.286,1292.09
24-05-2020 00:45,sjndEbLyjtCKgGv,0,0,7081449.000,0
30-05-2020 12:15,1IF53ai7Xc0U56Y,10570.1,2943.86,6301154.857,1031.89
04-06-2020 02:30,YxYtjZvoooNbGkE,0,0,7326756.000,0
30-05-2020 16:30,1IF53ai7Xc0U56Y,4266.43,6954.43,6305165.429,418.686
12-06-2020 13:15,ZnxXDlPa8U1GXgE,8004.12,3617,6733519.000,783.462
06-06-2020 01:15,McdE0feGgRqW7Ca,0,0,7324681.000,0
12-06-2020 09:45,WRmjgnKYAwPKWDb,6468.25,903.375,7233889.375,633.625
31-05-2020 04:00,ZnxXDlPa8U1GXgE,0,0,6643383.000,0
04-06-2020 15:00,sjndEbLyjtCKgGv,11256.6,6486.5,7169779.500,1098.17
20-05-2020 22:15,1BY6WEcLGh8j5v7,0,8249,6298346.000,0
02-06-2020 17:30,z9Y9gH1T5YWrNuG,950.625,7402.62,7147230.625,92.3
15-06-2020 15:00,sjndEbLyjtCKgGv,6612.29,5704.86,7248515.857,647.643
31-05-2020 06:00,ZnxXDlPa8U1GXgE,104.125,0.75,6643383.750,10.0375
13-06-2020 03:30,3PZuoBAID5Wc2HD,0,0,7202086.000,0
17-06-2020 21:30,iCRJl6heRkivqQ3,0,5957,7426263.000,0
27-05-2020 08:45,WRmjgnKYAwPKWDb,7581.86,865.857,7118745.857,742.3
18-05-2020 20:00,iCRJl6heRkivqQ3,0,5400,7203767.000,0
15-06-2020 04:15,zBIq5rxdHJRwDNY,0,0,6565137.000,0
17-05-2020 15:00,7JYdWkrLSPkdwr4,9075.88,6332.5,7621869.500,887.737
18-05-2020 04:00,VHMLBKoKgIrUVDU,0,0,7227097.000,0
17-05-2020 16:45,bvBOhCH3iADSZry,3442.38,6741.62,6335389.625,338.2
19-05-2020 04:00,rGa61gmuvPhdLxV,0,0,7136902.000,0
26-05-2020 03:30,3PZuoBAID5Wc2HD,0,0,7070636.000,0
22-05-2020 08:15,ZnxXDlPa8U1GXgE,4780.86,606.714,6572470.714,468.786
14-06-2020 06:45,McdE0feGgRqW7Ca,1095.29,37.8571,7381960.857,106.443
14-06-2020 00:00,YxYtjZvoooNbGkE,0,1047.5,7399439.000,0
12-06-2020 11:15,pkci93gMrogZuBj,7939.57,1909.29,7376865.286,777.157
21-05-2020 16:30,1IF53ai7Xc0U56Y,4351.75,7619.62,6233046.625,427.262
14-06-2020 20:00,ZnxXDlPa8U1GXgE,0,7404,6751747.000,0
12-06-2020 19:00,7JYdWkrLSPkdwr4,0,5753,7812417.000,0
01-06-2020 07:00,YxYtjZvoooNbGkE,2060.29,95.7143,7305834.714,201.971
30-05-2020 22:00,1BY6WEcLGh8j5v7,0,6754,6372128.000,0
17-05-2020 04:00,7JYdWkrLSPkdwr4,0,0,7615537.000,0
12-06-2020 12:00,McdE0feGgRqW7Ca,10693.4,2679.43,7370052.429,1044.21
15-05-2020 07:30,1BY6WEcLGh8j5v7,1842.29,162.429,6259721.429,180.586
10-06-2020 00:45,pkci93gMrogZuBj,0,0,7362716.000,0
31-05-2020 05:00,z9Y9gH1T5YWrNuG,0,0,7127597.000,0
11-06-2020 02:30,z9Y9gH1T5YWrNuG,0,0,7205465.000,0
05-06-2020 08:30,1BY6WEcLGh8j5v7,6095.38,499.25,6405879.250,597.025
19-05-2020 03:45,ih0vzX44oOqAx2f,0,0,6210487.000,0
19-05-2020 09:00,McdE0feGgRqW7Ca,5265.43,679.714,7185770.714,516.157
04-06-2020 18:00,ZoEaEvLYb1n2sOq,875.75,8021,7251522.000,85.025
16-05-2020 19:30,1IF53ai7Xc0U56Y,0,6592,6196594.000,0
18-05-2020 17:00,zVJPv84UY57bAof,2228.71,5261.86,7141276.857,218.514
30-05-2020 08:30,1BY6WEcLGh8j5v7,3374.88,452,6365826.000,331.812
04-06-2020 01:15,z9Y9gH1T5YWrNuG,0,0,7155113.000,0
17-06-2020 11:30,bvBOhCH3iADSZry,6996.43,2135.57,6535684.571,685.186
07-06-2020 11:15,pkci93gMrogZuBj,13720,2723.86,7340641.857,1337.71
04-06-2020 11:45,adLQvlD726eNBSB,10971.9,3442.75,6425709.750,1071.55
17-06-2020 13:15,ZoEaEvLYb1n2sOq,8219.86,4034.71,7339916.714,804.443
01-06-2020 00:45,YxYtjZvoooNbGkE,0,0,7305739.000,0
17-06-2020 04:15,ZnxXDlPa8U1GXgE,0,0,6764808.000,0
10-06-2020 05:30,pkci93gMrogZuBj,0,0,7362716.000,0
29-05-2020 15:15,1BY6WEcLGh8j5v7,7373.86,6476.71,6364286.714,722
01-06-2020 15:45,rGa61gmuvPhdLxV,1476.62,5332.5,7241664.500,144.088
28-05-2020 08:00,sjndEbLyjtCKgGv,4920.25,410.875,7112975.875,482.475
16-05-2020 03:30,VHMLBKoKgIrUVDU,0,0,7212666.000,0
03-06-2020 15:30,iCRJl6heRkivqQ3,7209.12,6924.5,7324737.500,705.763
11-06-2020 23:15,zVJPv84UY57bAof,0,5671,7322687.000,0
03-06-2020 07:45,rGa61gmuvPhdLxV,3302.86,241.286,7249571.286,324.743
17-06-2020 23:30,bvBOhCH3iADSZry,0,5460,6539009.000,0
15-05-2020 00:00,WRmjgnKYAwPKWDb,0,0,7028673.000,0
08-06-2020 16:00,McdE0feGgRqW7Ca,5062,7924.14,7346126.143,495.357
15-06-2020 05:00,z9Y9gH1T5YWrNuG,0,0,7232468.000,0
07-06-2020 10:00,ih0vzX44oOqAx2f,6484.57,1475.29,6352148.286,635.243
23-05-2020 12:45,bvBOhCH3iADSZry,8297.88,4509.88,6373417.875,812.062
23-05-2020 13:30,ZnxXDlPa8U1GXgE,11632.4,5697.57,6584836.571,1134.59
12-06-2020 17:45,z9Y9gH1T5YWrNuG,1539.14,5754.71,7216818.714,150.2
16-05-2020 04:15,1BY6WEcLGh8j5v7,0,0,6265313.000,0
17-05-2020 13:30,pkci93gMrogZuBj,12090.4,5047.86,7186697.857,1179.4
03-06-2020 07:00,pkci93gMrogZuBj,1433.88,60.875,7307710.875,139.838
12-06-2020 20:15,sjndEbLyjtCKgGv,0,5847,7227101.000,0
15-06-2020 05:45,z9Y9gH1T5YWrNuG,0,0,7232468.000,0
10-06-2020 04:15,VHMLBKoKgIrUVDU,0,0,7402816.000,0
07-06-2020 22:00,McdE0feGgRqW7Ca,0,7042,7338202.000,0
09-06-2020 23:00,ZoEaEvLYb1n2sOq,0,7955,7289679.000,0
03-06-2020 05:00,1BY6WEcLGh8j5v7,0,0,6390468.000,0
11-06-2020 11:00,ZnxXDlPa8U1GXgE,7253.29,1509.14,6725719.143,710.229
13-06-2020 17:30,McdE0feGgRqW7Ca,1252.14,8534.14,7381862.143,122.1
17-06-2020 08:30,VHMLBKoKgIrUVDU,4175.29,499.286,7450700.286,410.171
11-06-2020 02:00,z9Y9gH1T5YWrNuG,0,0,7205465.000,0
26-05-2020 15:15,VHMLBKoKgIrUVDU,4107,6901,7296426.000,403.171
20-05-2020 08:30,McdE0feGgRqW7Ca,6830.38,696.125,7192794.125,668.987
18-05-2020 06:15,ZnxXDlPa8U1GXgE,402,6.28571,6542744.286,38.8714
04-06-2020 23:45,iCRJl6heRkivqQ3,0,0,7334000.000,0
13-06-2020 03:45,zVJPv84UY57bAof,0,0,7328550.000,0
08-06-2020 16:00,iCRJl6heRkivqQ3,5006.86,7779.14,7364290.143,489.957
04-06-2020 21:15,zVJPv84UY57bAof,0,0,7271273.000,0
11-06-2020 16:15,zBIq5rxdHJRwDNY,4516.14,5236.29,6543139.286,443.243
28-05-2020 13:15,1BY6WEcLGh8j5v7,9341.88,5487.38,6355320.375,911.9
11-06-2020 04:15,VHMLBKoKgIrUVDU,0,0,7409295.000,0
23-05-2020 11:45,uHbuxQJl8lW7ozc,12081.7,3715,7098968.000,1178.41
30-05-2020 02:30,3PZuoBAID5Wc2HD,0,0,7102189.000,0
19-05-2020 15:00,1BY6WEcLGh8j5v7,6554,5354.75,6289002.750,641.913
17-06-2020 01:00,WRmjgnKYAwPKWDb,0,0,7267579.000,0
30-05-2020 16:00,VHMLBKoKgIrUVDU,6691.43,6633.57,7327692.571,655.4
11-06-2020 15:45,1BY6WEcLGh8j5v7,5787.43,4650.14,6449631.143,567.229
03-06-2020 04:00,YxYtjZvoooNbGkE,0,0,7318929.000,0
16-05-2020 10:30,zVJPv84UY57bAof,8549.12,1855,7123971.000,836.413
16-05-2020 22:15,WRmjgnKYAwPKWDb,0,6615,7041430.000,0
18-05-2020 02:30,bvBOhCH3iADSZry,0,0,6335576.000,0
03-06-2020 07:00,VHMLBKoKgIrUVDU,1477,63,7347807.000,144.086
22-05-2020 12:00,zBIq5rxdHJRwDNY,12931,3250.57,6391849.571,1261.14
03-06-2020 05:15,uHbuxQJl8lW7ozc,0,0,7178405.000,0
01-06-2020 09:15,iCRJl6heRkivqQ3,5820.62,1250.62,7305817.625,570.5
22-05-2020 07:30,z9Y9gH1T5YWrNuG,4389.38,248.5,7057395.500,431.15
13-06-2020 21:45,McdE0feGgRqW7Ca,0,8595,7381923.000,0
22-05-2020 14:15,WRmjgnKYAwPKWDb,9954.14,5630.86,7082988.857,971.371
15-05-2020 07:00,ZnxXDlPa8U1GXgE,1904.57,81,6522253.000,186.7
26-05-2020 21:00,z9Y9gH1T5YWrNuG,0,0,7097183.000,0
26-05-2020 10:00,pkci93gMrogZuBj,10639.3,1939.86,7252458.857,1039.94
15-05-2020 13:30,ih0vzX44oOqAx2f,7921.5,3882.5,6189058.857,775.375
01-06-2020 17:00,YxYtjZvoooNbGkE,1311.43,5684.29,7311423.286,127.586
06-06-2020 18:30,ZnxXDlPa8U1GXgE,0,6355,6693054.000,0
13-06-2020 22:30,ih0vzX44oOqAx2f,0,8255,6400518.000,0
25-05-2020 11:45,sjndEbLyjtCKgGv,12518.6,3881.57,7093232.571,1220.56
01-06-2020 17:00,z9Y9gH1T5YWrNuG,1293.57,5840,7139737.000,125.857
22-05-2020 12:00,WRmjgnKYAwPKWDb,12776.5,3342.38,7080700.375,1246.01
05-06-2020 00:30,sjndEbLyjtCKgGv,0,0,7171518.000,0
15-06-2020 14:15,WRmjgnKYAwPKWDb,6278.62,5125.75,7259709.750,614.625
17-05-2020 10:00,iCRJl6heRkivqQ3,9923.5,1795.38,7192643.375,970.275
21-05-2020 17:15,ZoEaEvLYb1n2sOq,752.625,7572.25,7146640.250,72.9875
10-06-2020 21:45,iCRJl6heRkivqQ3,0,6559,7379779.000,0
28-05-2020 18:30,1IF53ai7Xc0U56Y,74.5,8495.5,6289957.500,7.1875
15-06-2020 08:00,zBIq5rxdHJRwDNY,6383,378.571,6565515.571,625.329
24-05-2020 09:30,VHMLBKoKgIrUVDU,9140.38,1415,7273747.000,893.938
09-06-2020 01:45,z9Y9gH1T5YWrNuG,0,0,7191424.000,0
21-05-2020 17:30,zVJPv84UY57bAof,593.143,7915,7165094.000,57.4
06-06-2020 21:45,1IF53ai7Xc0U56Y,0,6542,6355099.000,0
23-05-2020 04:45,adLQvlD726eNBSB,0,0,6328951.000,0
02-06-2020 12:45,uHbuxQJl8lW7ozc,11014.6,4156,7175098.000,1075.83
25-05-2020 19:30,YxYtjZvoooNbGkE,0,8813,7261464.000,0
19-05-2020 07:30,iCRJl6heRkivqQ3,2732.86,177.429,7203944.429,268.157
03-06-2020 19:15,1BY6WEcLGh8j5v7,0,7341,6397809.000,0
10-06-2020 03:45,YxYtjZvoooNbGkE,0,0,7373268.000,0
08-06-2020 08:15,ZnxXDlPa8U1GXgE,3355.86,454.429,6701717.429,329.929
27-05-2020 16:00,ZnxXDlPa8U1GXgE,6815.29,6163.86,6618812.857,667.514
22-05-2020 03:45,3PZuoBAID5Wc2HD,0,0,7037301.000,0
08-06-2020 11:30,VHMLBKoKgIrUVDU,10768.1,3644.5,7389852.500,1051.24
22-05-2020 13:30,ZoEaEvLYb1n2sOq,10354.6,4759.25,7151444.250,1010.61
09-06-2020 06:30,WRmjgnKYAwPKWDb,895.286,24.8571,7213025.857,86.9429
07-06-2020 08:30,adLQvlD726eNBSB,3756.57,500.714,6445531.714,369.171
09-06-2020 05:45,iCRJl6heRkivqQ3,0,0,7364955.000,0
16-06-2020 21:30,WRmjgnKYAwPKWDb,0,6264,7267579.000,0
15-06-2020 18:15,WRmjgnKYAwPKWDb,231.143,6727.86,7261311.857,22.3286
08-06-2020 15:30,uHbuxQJl8lW7ozc,5998.29,7456.29,7224605.286,587.514
18-05-2020 02:30,z9Y9gH1T5YWrNuG,0,0,7028226.000,0
08-06-2020 10:15,WRmjgnKYAwPKWDb,10232.6,2199.57,7206881.571,998.457
10-06-2020 03:45,bvBOhCH3iADSZry,0,0,6493347.000,0
28-05-2020 14:15,zBIq5rxdHJRwDNY,6235.29,6122.14,6440205.143,610.414
06-06-2020 04:45,wCURE6d3bPkepu2,0,0,6946769.000,0
15-05-2020 01:45,McdE0feGgRqW7Ca,0,0,7158964.000,0
06-06-2020 10:15,zVJPv84UY57bAof,9142.5,2022.62,7281112.625,892.95
10-06-2020 16:45,z9Y9gH1T5YWrNuG,2812.71,6178,7205231.000,276.014
12-06-2020 08:15,VHMLBKoKgIrUVDU,2843.57,210.286,7415221.286,278.9
20-05-2020 05:30,WRmjgnKYAwPKWDb,0,0,7060932.000,0
23-05-2020 04:00,rGa61gmuvPhdLxV,0,0,7167141.000,0
20-05-2020 02:15,bvBOhCH3iADSZry,0,0,6346907.000,0
09-06-2020 10:15,ZoEaEvLYb1n2sOq,10480.7,2043.43,7283767.429,1023.01
04-06-2020 05:15,ZoEaEvLYb1n2sOq,0,0,7243501.000,0
04-06-2020 20:30,rGa61gmuvPhdLxV,0,0,7265349.000,0
28-05-2020 15:30,uHbuxQJl8lW7ozc,8506.75,7509.62,7142767.625,832.438
16-05-2020 14:15,VHMLBKoKgIrUVDU,8806.29,5246.57,7217912.571,861.557
21-05-2020 20:45,rGa61gmuvPhdLxV,0,7766,7160399.000,0
22-05-2020 00:00,ZnxXDlPa8U1GXgE,0,0,6571864.000,0
15-05-2020 14:30,1BY6WEcLGh8j5v7,5429.86,4398.14,6263957.143,532.229
03-06-2020 11:30,uHbuxQJl8lW7ozc,10980.9,2709.29,7181114.286,1072.64
10-06-2020 17:00,WRmjgnKYAwPKWDb,2358.29,6217.57,7227195.571,231.229
27-05-2020 12:00,bvBOhCH3iADSZry,9487.62,3386.88,6403086.875,926.825
22-05-2020 04:15,ZnxXDlPa8U1GXgE,0,0,6571864.000,0
02-06-2020 13:15,z9Y9gH1T5YWrNuG,11597,4661.25,7144489.250,1131.78
01-06-2020 01:00,WRmjgnKYAwPKWDb,0,0,7153866.000,0
07-06-2020 13:30,1IF53ai7Xc0U56Y,10051.5,5576.25,6360675.250,981.15
24-05-2020 14:00,VHMLBKoKgIrUVDU,7146.14,6230.71,7278562.714,699.586
01-06-2020 13:45,7JYdWkrLSPkdwr4,5884,4884,7732705.000,576.55
02-06-2020 14:00,McdE0feGgRqW7Ca,6804.57,5582.86,7298334.857,666.443
14-06-2020 23:00,wCURE6d3bPkepu2,0,7329,7009698.000,0
11-06-2020 12:30,WRmjgnKYAwPKWDb,8017.88,2735.88,7230102.875,784.8
01-06-2020 11:45,wCURE6d3bPkepu2,7522.86,3608.86,6913013.857,735.657
08-06-2020 23:45,VHMLBKoKgIrUVDU,0,8488,7394696.000,0
08-06-2020 06:15,pkci93gMrogZuBj,446.75,6.5,7346138.500,43.225
03-06-2020 19:30,zVJPv84UY57bAof,0,7836,7263053.000,0
26-05-2020 01:15,3PZuoBAID5Wc2HD,0,0,7070636.000,0
24-05-2020 11:45,pkci93gMrogZuBj,10562.1,3304,7236979.000,1030.63
28-05-2020 12:15,zVJPv84UY57bAof,13075,4448.83,7216530.833,1275.25
02-06-2020 20:45,zBIq5rxdHJRwDNY,0,7421,6476454.000,0
10-06-2020 23:15,z9Y9gH1T5YWrNuG,0,6412,7205465.000,0
15-06-2020 09:00,pkci93gMrogZuBj,7296.86,1071.57,7397493.571,714.386
10-06-2020 17:15,iCRJl6heRkivqQ3,2532.86,6447.86,7379667.857,248.386
07-06-2020 23:00,rGa61gmuvPhdLxV,0,8172,7287673.000,0
17-05-2020 08:15,zBIq5rxdHJRwDNY,5089.29,478,6352628.000,498.929
05-06-2020 14:00,pkci93gMrogZuBj,10713.9,5207.75,7328898.750,1045.72
19-05-2020 01:15,sjndEbLyjtCKgGv,0,0,7042405.000,0
03-06-2020 07:30,7JYdWkrLSPkdwr4,2803.29,169.143,7741042.143,274.957
03-06-2020 00:30,adLQvlD726eNBSB,0,0,6414276.000,0
17-06-2020 05:45,wCURE6d3bPkepu2,0,0,7022718.000,0
23-05-2020 08:00,uHbuxQJl8lW7ozc,4528.86,328,7095581.000,444.529
08-06-2020 19:30,uHbuxQJl8lW7ozc,0,8405,7225554.000,0
18-05-2020 21:45,WRmjgnKYAwPKWDb,0,5348,7054452.000,0
26-05-2020 20:00,ZnxXDlPa8U1GXgE,0,0,6612649.000,0
06-06-2020 08:15,ZoEaEvLYb1n2sOq,5377.38,592,7259667.000,527.163
10-06-2020 18:30,ZnxXDlPa8U1GXgE,0,6438,6724210.000,0
20-05-2020 12:15,ZoEaEvLYb1n2sOq,12727.4,4433,7134765.000,1240.91
17-06-2020 08:30,adLQvlD726eNBSB,4253.14,512.857,6518910.857,417.786
03-06-2020 20:00,1IF53ai7Xc0U56Y,0,7875,6332659.000,0
08-06-2020 19:30,7JYdWkrLSPkdwr4,0,8283,7786793.000,0
09-06-2020 13:00,z9Y9gH1T5YWrNuG,10550.6,4521.25,7195945.250,1029.8
30-05-2020 19:15,3PZuoBAID5Wc2HD,0,7299,7109488.000,0
09-06-2020 17:30,VHMLBKoKgIrUVDU,2075.57,8026.71,7402722.714,203.471
23-05-2020 03:15,McdE0feGgRqW7Ca,0,0,7215952.000,0
17-06-2020 21:15,McdE0feGgRqW7Ca,0,5992,7408587.000,0
15-05-2020 00:15,pkci93gMrogZuBj,0,0,7169102.000,0
11-06-2020 15:00,zBIq5rxdHJRwDNY,7452.43,4468.57,6542371.571,729.529
17-06-2020 20:15,YxYtjZvoooNbGkE,0,5886,7425442.000,0
28-05-2020 11:45,1BY6WEcLGh8j5v7,12244.2,3740.38,6353573.375,1194.14
28-05-2020 07:45,zBIq5rxdHJRwDNY,3953.71,286.429,6434369.429,388.5
11-06-2020 16:45,ih0vzX44oOqAx2f,3077.57,5297.57,6386329.571,302.243
12-06-2020 15:30,wCURE6d3bPkepu2,5845.14,5188.14,6993242.143,572.786
10-06-2020 18:00,1BY6WEcLGh8j5v7,517.286,5902.57,6444972.571,50.0714
26-05-2020 15:15,zVJPv84UY57bAof,5041.75,6630.25,7204239.250,494.15
15-05-2020 08:45,WRmjgnKYAwPKWDb,5739.71,627.286,7029300.286,562.643
17-06-2020 10:00,bvBOhCH3iADSZry,5737.14,1171.29,6534720.286,562.243
26-05-2020 20:30,VHMLBKoKgIrUVDU,0,0,7297615.000,0
28-05-2020 12:00,bvBOhCH3iADSZry,11920.1,3925.29,6409758.286,1162.61
31-05-2020 06:00,adLQvlD726eNBSB,128.25,0.625,6394771.625,12.375
04-06-2020 11:15,McdE0feGgRqW7Ca,9468.5,2941.5,7311310.500,925.35
01-06-2020 06:00,ZnxXDlPa8U1GXgE,86.7143,0.714286,6649525.714,8.37143
27-05-2020 03:30,YxYtjZvoooNbGkE,0,0,7269333.000,0
23-05-2020 12:45,pkci93gMrogZuBj,9082.5,4861,7230061.000,888.487
04-06-2020 08:45,uHbuxQJl8lW7ozc,4740,737.571,7186992.571,464.7
11-06-2020 04:30,ZnxXDlPa8U1GXgE,0,0,6724210.000,0
06-06-2020 00:15,3PZuoBAID5Wc2HD,0,0,7152486.000,0
21-05-2020 15:00,pkci93gMrogZuBj,8042.43,6795.86,7216993.857,786.829
01-06-2020 19:30,3PZuoBAID5Wc2HD,0,5965,7121269.000,0
04-06-2020 23:15,sjndEbLyjtCKgGv,0,0,7171518.000,0
15-06-2020 04:45,1BY6WEcLGh8j5v7,0,0,6467675.000,0
19-05-2020 20:00,z9Y9gH1T5YWrNuG,0,6892,7040465.000,0
09-06-2020 06:15,rGa61gmuvPhdLxV,471.143,9.42857,7295973.429,45.5429
07-06-2020 07:30,sjndEbLyjtCKgGv,2081.57,180,7185836.000,204.057
16-06-2020 08:30,zVJPv84UY57bAof,5655.25,586.875,7351686.875,554.263
12-06-2020 08:00,rGa61gmuvPhdLxV,1844.86,151.857,7316583.857,180.614
01-06-2020 11:00,1IF53ai7Xc0U56Y,11808,2945.86,6314377.857,1152.11
20-05-2020 06:00,WRmjgnKYAwPKWDb,123.25,0.25,7060932.250,11.9125
07-06-2020 14:30,1IF53ai7Xc0U56Y,7881.43,6468.14,6361567.143,770.443
05-06-2020 23:00,ZnxXDlPa8U1GXgE,0,0,6686699.000,0
21-05-2020 15:30,ZoEaEvLYb1n2sOq,7732.88,6965.88,7146033.875,756.95
14-06-2020 22:15,sjndEbLyjtCKgGv,0,7307,7242811.000,0
10-06-2020 02:30,7JYdWkrLSPkdwr4,0,0,7794729.000,0
01-06-2020 20:30,3PZuoBAID5Wc2HD,0,5965,7121269.000,0
19-05-2020 14:15,ih0vzX44oOqAx2f,9786.12,4924.62,6215411.625,956.913
03-06-2020 20:45,WRmjgnKYAwPKWDb,0,7710,7174627.000,0
07-06-2020 00:45,VHMLBKoKgIrUVDU,0,0,7377989.000,0
18-05-2020 10:00,iCRJl6heRkivqQ3,1745.12,625.875,7198992.875,171.05
15-05-2020 01:30,pkci93gMrogZuBj,0,0,7169102.000,0
23-05-2020 15:00,1BY6WEcLGh8j5v7,5902.12,6562,6318999.000,578.4
22-05-2020 00:00,ZoEaEvLYb1n2sOq,0,0,7146685.000,0
02-06-2020 13:00,7JYdWkrLSPkdwr4,12426.4,4300.75,7737924.750,1211.94
16-05-2020 06:00,ZnxXDlPa8U1GXgE,67.125,0,6528476.000,6.4875
19-05-2020 04:45,YxYtjZvoooNbGkE,0,0,7205598.000,0
14-06-2020 22:30,1IF53ai7Xc0U56Y,0,7487,6414368.000,0
25-05-2020 20:15,3PZuoBAID5Wc2HD,0,9068,7070636.000,0
17-05-2020 06:45,3PZuoBAID5Wc2HD,942.857,24.2857,7000713.286,91.5714
09-06-2020 20:30,WRmjgnKYAwPKWDb,0,7977,7220978.000,0
16-05-2020 08:00,1IF53ai7Xc0U56Y,4387,342.857,6190344.857,430.786
14-06-2020 22:00,uHbuxQJl8lW7ozc,0,7306,7267837.000,0
12-06-2020 13:45,uHbuxQJl8lW7ozc,9472.43,4039.86,7250245.857,926.414
30-05-2020 12:45,3PZuoBAID5Wc2HD,10837,3511.14,7105700.143,1057.93
12-06-2020 13:15,YxYtjZvoooNbGkE,7790.29,3563.43,7388842.429,762.614
21-05-2020 17:00,VHMLBKoKgIrUVDU,1078,7774,7256298.000,104.787
17-06-2020 09:00,pkci93gMrogZuBj,5045.14,683,7410161.000,494.643
02-06-2020 11:00,WRmjgnKYAwPKWDb,9611.43,2627.43,7162327.429,939.643
23-05-2020 21:00,wCURE6d3bPkepu2,0,8605,6847830.000,0
05-06-2020 16:30,zBIq5rxdHJRwDNY,6549.43,7122.43,6499701.429,641.529
21-05-2020 10:15,bvBOhCH3iADSZry,5717.29,1846.43,6356884.429,560.014
14-06-2020 03:15,3PZuoBAID5Wc2HD,0,0,7210719.000,0
04-06-2020 12:30,ih0vzX44oOqAx2f,9128.62,4025.75,6333035.750,891.462
06-06-2020 13:00,pkci93gMrogZuBj,12199.7,4404.43,7335891.429,1189.9
06-06-2020 02:00,7JYdWkrLSPkdwr4,0,0,7764140.000,0
24-05-2020 16:00,wCURE6d3bPkepu2,3072.88,7367.12,6855197.125,301.5
11-06-2020 02:15,WRmjgnKYAwPKWDb,0,0,7227367.000,0
31-05-2020 04:30,bvBOhCH3iADSZry,0,0,6427681.000,0
15-06-2020 13:45,uHbuxQJl8lW7ozc,3809.43,5040.57,7272877.571,374.386
18-05-2020 00:30,rGa61gmuvPhdLxV,0,0,7131537.000,0
28-05-2020 20:30,zBIq5rxdHJRwDNY,0,7911,6441994.000,0
09-06-2020 03:15,VHMLBKoKgIrUVDU,0,0,7394696.000,0
31-05-2020 23:15,bvBOhCH3iADSZry,0,5586,6433267.000,0
11-06-2020 04:00,wCURE6d3bPkepu2,0,0,6982403.000,0
15-06-2020 23:15,VHMLBKoKgIrUVDU,0,6814,7443869.000,0
21-05-2020 08:45,VHMLBKoKgIrUVDU,7882.57,846.714,7249370.714,771.629
31-05-2020 18:15,3PZuoBAID5Wc2HD,261.625,5812.5,7115300.500,25.275
04-06-2020 15:30,iCRJl6heRkivqQ3,8758.29,6996.14,7332692.143,856.843
01-06-2020 20:15,wCURE6d3bPkepu2,0,5939,6915344.000,0
14-06-2020 14:00,adLQvlD726eNBSB,14416.1,5471.29,6502967.286,1405.59
08-06-2020 04:30,ZoEaEvLYb1n2sOq,0,0,7273453.000,0
10-06-2020 00:15,7JYdWkrLSPkdwr4,0,0,7794729.000,0
31-05-2020 01:15,WRmjgnKYAwPKWDb,0,0,7148029.000,0
03-06-2020 06:30,adLQvlD726eNBSB,638.571,16,6414292.000,61.8143
22-05-2020 09:30,3PZuoBAID5Wc2HD,6131.29,1211.57,7038512.571,600.786
22-05-2020 05:45,VHMLBKoKgIrUVDU,0,0,7256361.000,0
29-05-2020 18:15,ZnxXDlPa8U1GXgE,128.714,8149.14,6636065.143,12.4286
02-06-2020 20:30,VHMLBKoKgIrUVDU,0,0,7347744.000,0
04-06-2020 17:30,bvBOhCH3iADSZry,2786.43,7359.57,6460083.571,273.571
27-05-2020 06:15,WRmjgnKYAwPKWDb,387.375,7,7117887.000,37.4625
17-05-2020 23:45,ZnxXDlPa8U1GXgE,0,7586,6542738.000,0
18-05-2020 19:30,adLQvlD726eNBSB,0,5506,6297816.000,0
28-05-2020 03:45,uHbuxQJl8lW7ozc,0,0,7135258.000,0
16-06-2020 16:00,pkci93gMrogZuBj,5086.57,5808.29,7409025.286,498.757
10-06-2020 08:00,ZoEaEvLYb1n2sOq,4314.29,401.571,7290080.571,423.3
08-06-2020 02:00,1BY6WEcLGh8j5v7,0,0,6423750.000,0
10-06-2020 05:00,rGa61gmuvPhdLxV,0,0,7304204.000,0
07-06-2020 19:30,1BY6WEcLGh8j5v7,0,5268,6423750.000,0
09-06-2020 19:15,zBIq5rxdHJRwDNY,0,8136,6531405.000,0
16-06-2020 12:45,adLQvlD726eNBSB,8103.12,3936.75,6515938.750,792.175
28-05-2020 16:00,1IF53ai7Xc0U56Y,2989.5,7939,6289401.000,293.4
11-06-2020 20:30,McdE0feGgRqW7Ca,0,5750,7367373.000,0
26-05-2020 14:45,rGa61gmuvPhdLxV,4273.25,6337.75,7198439.750,419.613
01-06-2020 17:00,WRmjgnKYAwPKWDb,1324.71,5742.57,7159608.571,128.914
13-06-2020 01:15,wCURE6d3bPkepu2,0,0,6993908.000,0
07-06-2020 07:15,WRmjgnKYAwPKWDb,1860.75,135.625,7196746.625,182.412
05-06-2020 11:30,ZoEaEvLYb1n2sOq,13248.8,3030.12,7254570.125,1291.76
31-05-2020 21:30,zBIq5rxdHJRwDNY,0,0,6463239.000,0
16-05-2020 21:45,YxYtjZvoooNbGkE,0,6475,7192732.000,0
17-05-2020 06:00,VHMLBKoKgIrUVDU,0,0,7219380.000,0
04-06-2020 17:15,zVJPv84UY57bAof,3906.38,8016.12,7271069.125,383.85
11-06-2020 15:30,7JYdWkrLSPkdwr4,7061.5,4757.38,7805848.375,691.562
21-05-2020 23:15,1IF53ai7Xc0U56Y,0,0,6233247.000,0
09-06-2020 07:00,ZoEaEvLYb1n2sOq,2152.38,92.5,7281816.500,211
03-06-2020 07:00,ZnxXDlPa8U1GXgE,1452.86,61.5714,6663029.571,141.714
01-06-2020 11:45,z9Y9gH1T5YWrNuG,8061,3585,7137482.000,787.714
19-05-2020 06:45,YxYtjZvoooNbGkE,727.143,12.1429,7205610.143,70.6286
08-06-2020 04:00,ih0vzX44oOqAx2f,0,0,6358692.000,0
20-05-2020 09:15,adLQvlD726eNBSB,8803,1336.75,6305849.750,861.3
05-06-2020 01:00,iCRJl6heRkivqQ3,0,0,7334000.000,0
08-06-2020 01:45,ih0vzX44oOqAx2f,0,0,6358692.000,0
16-05-2020 11:45,rGa61gmuvPhdLxV,8220.29,2781,7120647.000,804.386
04-06-2020 09:00,VHMLBKoKgIrUVDU,7704.14,973.857,7356634.857,754.043
06-06-2020 01:30,zBIq5rxdHJRwDNY,0,0,6500302.000,0
23-05-2020 01:00,adLQvlD726eNBSB,0,0,6328951.000,0
13-06-2020 07:30,ZnxXDlPa8U1GXgE,3369.71,199.571,6735984.571,331.314
23-05-2020 15:15,3PZuoBAID5Wc2HD,7658.88,7365.88,7051981.875,749.763
12-06-2020 22:45,z9Y9gH1T5YWrNuG,0,5803,7216867.000,0
13-06-2020 06:15,7JYdWkrLSPkdwr4,379.429,6.57143,7812423.571,36.6429
11-06-2020 04:45,adLQvlD726eNBSB,0,0,6476944.000,0
07-06-2020 07:45,ZnxXDlPa8U1GXgE,2481.88,233.625,6693287.625,243.363
09-06-2020 02:45,ZoEaEvLYb1n2sOq,0,0,7281724.000,0
06-06-2020 06:45,pkci93gMrogZuBj,1329.29,43.8571,7331530.857,129.614
22-05-2020 12:00,3PZuoBAID5Wc2HD,13163.5,3360.88,7040661.875,1283.59
09-06-2020 20:00,bvBOhCH3iADSZry,0,7361,6493347.000,0
14-06-2020 14:30,ZnxXDlPa8U1GXgE,8068,5845.86,6750188.857,789.2
16-06-2020 22:45,ZoEaEvLYb1n2sOq,0,6191,7335882.000,0
04-06-2020 21:30,adLQvlD726eNBSB,0,8314,6430581.000,0
20-05-2020 00:15,WRmjgnKYAwPKWDb,0,0,7060932.000,0
20-05-2020 20:00,VHMLBKoKgIrUVDU,0,8982,7248524.000,0
30-05-2020 11:45,iCRJl6heRkivqQ3,8824.12,2305.75,7293558.750,862.962
14-06-2020 04:45,adLQvlD726eNBSB,0,0,6497496.000,0
09-06-2020 07:00,bvBOhCH3iADSZry,2077.12,90.25,6486076.250,203.637
08-06-2020 22:00,VHMLBKoKgIrUVDU,0,8488,7394696.000,0
21-05-2020 22:45,1BY6WEcLGh8j5v7,0,7243,6305589.000,0
26-05-2020 09:00,zBIq5rxdHJRwDNY,7787.25,1000.75,6421201.750,762.325
23-05-2020 04:00,uHbuxQJl8lW7ozc,0,0,7095253.000,0
05-06-2020 07:30,sjndEbLyjtCKgGv,2134.5,162,7171680.000,209.275
16-06-2020 00:30,7JYdWkrLSPkdwr4,0,0,7834799.000,0
12-06-2020 01:15,zBIq5rxdHJRwDNY,0,0,6543550.000,0
22-05-2020 11:15,pkci93gMrogZuBj,7581.88,2411.88,7220387.875,741.625
16-05-2020 19:30,z9Y9gH1T5YWrNuG,0,6488,7020740.000,0
02-06-2020 01:15,ih0vzX44oOqAx2f,0,0,6313983.000,0
21-05-2020 20:15,iCRJl6heRkivqQ3,0,7837,7227442.000,0
17-05-2020 23:00,ZoEaEvLYb1n2sOq,0,7464,7118208.000,0
17-06-2020 04:30,1BY6WEcLGh8j5v7,0,0,6479798.000,0
16-06-2020 23:30,adLQvlD726eNBSB,0,6396,6518398.000,0
04-06-2020 04:00,McdE0feGgRqW7Ca,0,0,7308369.000,0
08-06-2020 13:15,ih0vzX44oOqAx2f,9809.43,5168.43,6363860.429,957.586
04-06-2020 16:00,sjndEbLyjtCKgGv,7963.12,7353.38,7170646.375,779.438
28-05-2020 04:30,ZoEaEvLYb1n2sOq,0,0,7193291.000,0
10-06-2020 20:15,zBIq5rxdHJRwDNY,0,6498,6537903.000,0
17-06-2020 23:30,7JYdWkrLSPkdwr4,0,5856,7846821.000,0
25-05-2020 07:00,McdE0feGgRqW7Ca,1718,74,7232765.000,168.271
01-06-2020 09:45,iCRJl6heRkivqQ3,7641,1557.75,7306124.750,747.45
11-06-2020 13:30,pkci93gMrogZuBj,4921.43,3371.71,7372665.714,482.743
17-05-2020 22:00,ZnxXDlPa8U1GXgE,0,7586,6542738.000,0
22-05-2020 18:15,wCURE6d3bPkepu2,120.25,7168.5,6839223.500,11.6125
26-05-2020 22:15,adLQvlD726eNBSB,0,0,6363516.000,0
09-06-2020 05:30,1IF53ai7Xc0U56Y,0,0,6371833.000,0
01-06-2020 11:15,ZnxXDlPa8U1GXgE,12631.1,3078,6652603.000,1231.97
26-05-2020 20:30,ZnxXDlPa8U1GXgE,0,0,6612649.000,0
08-06-2020 17:45,rGa61gmuvPhdLxV,1304.12,8242.75,7295915.750,127.2
16-05-2020 08:15,WRmjgnKYAwPKWDb,4961.25,450,7035265.000,486.4
22-05-2020 10:45,z9Y9gH1T5YWrNuG,8654.5,1975.88,7059122.875,845.725
19-05-2020 16:30,7JYdWkrLSPkdwr4,4571.5,6538.5,7634910.500,448.6
22-05-2020 03:15,wCURE6d3bPkepu2,0,0,6832055.000,0
23-05-2020 03:30,adLQvlD726eNBSB,0,0,6328951.000,0
15-05-2020 01:00,1IF53ai7Xc0U56Y,0,0,6183645.000,0
17-06-2020 09:30,z9Y9gH1T5YWrNuG,6939.57,961.429,7246346.429,679.557
12-06-2020 14:00,bvBOhCH3iADSZry,8093.43,3898.43,6508305.429,792.143
01-06-2020 06:00,iCRJl6heRkivqQ3,72.625,0.625,7304567.625,7
28-05-2020 16:15,adLQvlD726eNBSB,4704.14,8172.86,6378545.857,460.971
02-06-2020 06:30,sjndEbLyjtCKgGv,475.857,17.2857,7148025.286,46
30-05-2020 18:30,McdE0feGgRqW7Ca,39,7351.75,7280564.750,3.7625
24-05-2020 04:00,bvBOhCH3iADSZry,0,0,6376772.000,0
27-05-2020 22:00,VHMLBKoKgIrUVDU,0,6763,7304378.000,0
08-06-2020 14:00,sjndEbLyjtCKgGv,8236.71,5927.14,7198481.143,805.214
16-06-2020 17:15,ZoEaEvLYb1n2sOq,1738.57,6081.43,7335772.429,170.4
17-05-2020 17:00,VHMLBKoKgIrUVDU,2049.88,7585,7226965.000,200.963
01-06-2020 21:00,sjndEbLyjtCKgGv,0,5766,7148008.000,0
13-06-2020 23:15,z9Y9gH1T5YWrNuG,0,8363,7225230.000,0
16-05-2020 03:30,pkci93gMrogZuBj,0,0,7175477.000,0
06-06-2020 07:30,z9Y9gH1T5YWrNuG,3751.86,250.571,7171251.571,368.757
30-05-2020 11:00,pkci93gMrogZuBj,6745.57,1659.86,7283194.857,660.7
30-05-2020 08:45,1BY6WEcLGh8j5v7,3208.86,533.286,6365907.286,315.3
05-06-2020 21:00,rGa61gmuvPhdLxV,0,7741,7273090.000,0
06-06-2020 06:00,WRmjgnKYAwPKWDb,144.75,0.5,7190270.500,13.975
28-05-2020 13:15,ZoEaEvLYb1n2sOq,10912.1,5554.14,7198845.143,1064.76
25-05-2020 13:30,z9Y9gH1T5YWrNuG,11493.6,6045.25,7086683.250,1122.11
17-06-2020 04:30,VHMLBKoKgIrUVDU,0,0,7450201.000,0
20-05-2020 12:30,WRmjgnKYAwPKWDb,12582.6,4859.12,7065791.125,1227.1
23-05-2020 13:30,7JYdWkrLSPkdwr4,11966.9,5674.29,7664444.286,1167.16
13-06-2020 01:00,uHbuxQJl8lW7ozc,0,0,7252094.000,0
08-06-2020 05:30,ZnxXDlPa8U1GXgE,0,0,6701263.000,0
09-06-2020 21:15,zVJPv84UY57bAof,0,8289,7310456.000,0
03-06-2020 14:30,McdE0feGgRqW7Ca,9602.75,6021.62,7306380.625,938.513
10-06-2020 04:45,ih0vzX44oOqAx2f,0,0,6374755.000,0
17-06-2020 07:15,sjndEbLyjtCKgGv,2074.5,54.125,7255848.125,203.488
15-05-2020 20:15,uHbuxQJl8lW7ozc,0,6387,7045068.000,0
09-06-2020 11:45,1IF53ai7Xc0U56Y,12066.6,3855.88,6375688.875,1177.58
19-05-2020 13:15,zBIq5rxdHJRwDNY,7647.5,4153.88,6369200.875,748.612
16-06-2020 02:15,YxYtjZvoooNbGkE,0,0,7413335.000,0
18-05-2020 11:15,uHbuxQJl8lW7ozc,7279.14,1165,7059958.000,712.743
18-05-2020 19:00,ZoEaEvLYb1n2sOq,0,5319,7123527.000,0
28-05-2020 06:00,7JYdWkrLSPkdwr4,146.429,0.857143,7698550.857,14.1571
28-05-2020 14:15,uHbuxQJl8lW7ozc,5081.57,6455.86,7141713.857,498.357
09-06-2020 17:45,adLQvlD726eNBSB,1459.12,8221.12,6470225.125,142.45
24-05-2020 16:30,wCURE6d3bPkepu2,3792,7557.57,6855387.571,371.843
06-06-2020 14:15,pkci93gMrogZuBj,12490.7,5442.57,7336929.571,1218.61
31-05-2020 20:45,iCRJl6heRkivqQ3,0,5969,7304567.000,0
04-06-2020 16:30,wCURE6d3bPkepu2,6016,7724.5,6938500.500,589.462
08-06-2020 02:30,zBIq5rxdHJRwDNY,0,0,6514911.000,0
15-05-2020 21:45,wCURE6d3bPkepu2,0,6329,6788927.000,0
27-05-2020 01:15,ZoEaEvLYb1n2sOq,0,0,7186690.000,0
10-06-2020 16:15,uHbuxQJl8lW7ozc,5291.71,6211.57,7240074.571,518.7
19-05-2020 14:45,WRmjgnKYAwPKWDb,9803.88,5469.62,7059921.625,958.675
31-05-2020 03:45,3PZuoBAID5Wc2HD,0,0,7109488.000,0
29-05-2020 08:00,YxYtjZvoooNbGkE,3329.62,323.375,7284727.375,327.15
09-06-2020 19:30,YxYtjZvoooNbGkE,0,7958,7373268.000,0
20-05-2020 05:45,ZoEaEvLYb1n2sOq,0,0,7130332.000,0
20-05-2020 10:30,rGa61gmuvPhdLxV,10900.4,2408,7146220.000,1065.31
01-06-2020 16:00,z9Y9gH1T5YWrNuG,1675.86,5671.71,7139568.714,163.986
30-05-2020 17:15,iCRJl6heRkivqQ3,2722.86,7217.29,7298470.286,267.057
15-05-2020 10:15,ih0vzX44oOqAx2f,8989,1529.5,6186695.250,878.55
13-06-2020 14:45,VHMLBKoKgIrUVDU,10534.9,7126.29,7428040.286,1029.77
07-06-2020 20:00,3PZuoBAID5Wc2HD,0,8242,7167224.000,0
26-05-2020 23:45,bvBOhCH3iADSZry,0,0,6399700.000,0
24-05-2020 02:30,1BY6WEcLGh8j5v7,0,0,6320403.000,0
13-06-2020 03:15,bvBOhCH3iADSZry,0,0,6509779.000,0
09-06-2020 17:45,sjndEbLyjtCKgGv,1463.88,8118.88,7209043.875,142.887
23-05-2020 22:00,3PZuoBAID5Wc2HD,0,8652,7053268.000,0
24-05-2020 00:30,YxYtjZvoooNbGkE,0,0,7244680.000,0
14-06-2020 16:30,uHbuxQJl8lW7ozc,2884,7075.86,7267606.857,283.086
30-05-2020 22:15,iCRJl6heRkivqQ3,0,7345,7298598.000,0
04-06-2020 17:00,zVJPv84UY57bAof,4209.86,7913.57,7270966.571,413.543
17-06-2020 23:00,ZnxXDlPa8U1GXgE,0,5929,6770737.000,0
17-05-2020 15:45,1IF53ai7Xc0U56Y,4531.14,7058.43,6203652.429,444.486
31-05-2020 01:45,3PZuoBAID5Wc2HD,0,0,7109488.000,0
14-06-2020 21:15,zVJPv84UY57bAof,0,7320,7344280.000,0
03-06-2020 00:00,McdE0feGgRqW7Ca,0,0,7300359.000,0
04-06-2020 10:15,pkci93gMrogZuBj,7956.43,1804.14,7317240.143,778.129
18-05-2020 08:15,ZoEaEvLYb1n2sOq,1364.75,334.5,7118542.500,133
24-05-2020 03:30,1IF53ai7Xc0U56Y,0,0,6249207.000,0
19-05-2020 03:45,ZoEaEvLYb1n2sOq,0,0,7123527.000,0
03-06-2020 09:30,iCRJl6heRkivqQ3,5756.29,1104.29,7318917.286,564.143
19-05-2020 09:30,iCRJl6heRkivqQ3,8663.29,1000,7204767.000,847.5
05-06-2020 00:15,YxYtjZvoooNbGkE,0,0,7334886.000,0
28-05-2020 16:15,McdE0feGgRqW7Ca,4482.43,8106,7264495.000,439.314
31-05-2020 15:00,VHMLBKoKgIrUVDU,2318.38,5445.75,7333774.750,227.312
30-05-2020 10:15,zVJPv84UY57bAof,4394.43,1264.57,7229951.571,431.443
01-06-2020 22:45,adLQvlD726eNBSB,0,6127,6406831.000,0
31-05-2020 11:45,zVJPv84UY57bAof,7815.5,3147.62,7239124.625,764.475
21-05-2020 11:00,WRmjgnKYAwPKWDb,12091.1,2748.14,7072473.143,1179.74
29-05-2020 22:30,1IF53ai7Xc0U56Y,0,8253,6298211.000,0
08-06-2020 17:30,bvBOhCH3iADSZry,1795.29,7609.86,6485902.857,175.857
10-06-2020 02:45,iCRJl6heRkivqQ3,0,0,7373220.000,0
19-05-2020 19:00,bvBOhCH3iADSZry,0,6369,6346907.000,0
11-06-2020 07:45,VHMLBKoKgIrUVDU,2051.43,135.286,7409430.286,201.086
22-05-2020 21:00,adLQvlD726eNBSB,0,7378,6328951.000,0
15-06-2020 13:30,3PZuoBAID5Wc2HD,3279.71,4911.43,7223134.429,321.971
17-05-2020 11:00,YxYtjZvoooNbGkE,11214.4,2765,7195497.000,1093.8
17-06-2020 10:30,zBIq5rxdHJRwDNY,7096.71,1565.71,6579117.714,694.986
05-06-2020 03:45,1BY6WEcLGh8j5v7,0,0,6405380.000,0
03-06-2020 04:00,z9Y9gH1T5YWrNuG,0,0,7147274.000,0
30-05-2020 20:00,zVJPv84UY57bAof,0,7290,7235977.000,0
03-06-2020 11:45,rGa61gmuvPhdLxV,12524.8,2998.62,7252328.625,1221.85
04-06-2020 12:00,WRmjgnKYAwPKWDb,12342.6,3634,7178261.000,1203.74
15-06-2020 23:30,WRmjgnKYAwPKWDb,0,6731,7261315.000,0
13-06-2020 14:00,bvBOhCH3iADSZry,10903.1,5741.88,6515520.875,1064.46
25-05-2020 17:30,7JYdWkrLSPkdwr4,708,8741.86,7683982.857,68.6286
05-06-2020 00:45,7JYdWkrLSPkdwr4,0,0,7756621.000,0
20-05-2020 04:00,zBIq5rxdHJRwDNY,0,0,6371971.000,0
17-05-2020 01:30,rGa61gmuvPhdLxV,0,0,7124099.000,0
08-06-2020 20:30,ih0vzX44oOqAx2f,0,8217,6366909.000,0
27-05-2020 13:45,1BY6WEcLGh8j5v7,4691.14,4478.86,6348147.857,460.186
06-06-2020 02:30,ZoEaEvLYb1n2sOq,0,0,7259075.000,0
17-05-2020 15:45,3PZuoBAID5Wc2HD,4026.86,7101.43,7007790.429,395.371
08-06-2020 06:45,ZoEaEvLYb1n2sOq,1097.57,46.2857,7273499.286,106.7
16-05-2020 16:30,zBIq5rxdHJRwDNY,2634,6138,6351914.000,258.3
15-05-2020 02:15,ZnxXDlPa8U1GXgE,0,0,6522172.000,0
03-06-2020 01:00,pkci93gMrogZuBj,0,0,7307650.000,0
11-06-2020 20:15,1IF53ai7Xc0U56Y,0,5704,6392324.000,0
31-05-2020 17:30,iCRJl6heRkivqQ3,1418.62,5904,7304502.000,138.512
31-05-2020 21:45,zVJPv84UY57bAof,0,6047,7242024.000,0
22-05-2020 16:00,pkci93gMrogZuBj,3174.62,6903.75,7224879.750,312.175
08-06-2020 01:45,iCRJl6heRkivqQ3,0,0,7356511.000,0
03-06-2020 05:00,z9Y9gH1T5YWrNuG,0,0,7147274.000,0
18-05-2020 14:15,adLQvlD726eNBSB,5077.29,3777.57,6296087.571,497.729
24-05-2020 02:45,z9Y9gH1T5YWrNuG,0,0,7072762.000,0
15-06-2020 15:15,ih0vzX44oOqAx2f,6085.25,5715.88,6413398.875,596.175
11-06-2020 06:00,pkci93gMrogZuBj,0,0,7369294.000,0
09-06-2020 13:15,uHbuxQJl8lW7ozc,11174,5316.71,7230870.714,1091.04
10-06-2020 04:15,z9Y9gH1T5YWrNuG,0,0,7199053.000,0
17-05-2020 09:15,McdE0feGgRqW7Ca,6657.14,1144.86,7173165.857,652.029
13-06-2020 11:45,zBIq5rxdHJRwDNY,13587.1,3782,6553169.000,1324.74
21-05-2020 16:15,z9Y9gH1T5YWrNuG,3439.29,7595.57,7056856.571,338.1
13-06-2020 19:30,sjndEbLyjtCKgGv,0,8403,7235504.000,0
13-06-2020 16:00,ZoEaEvLYb1n2sOq,7315.75,7915.12,7315300.125,716.175
25-05-2020 07:45,sjndEbLyjtCKgGv,3616.38,260.375,7089611.375,354.95
04-06-2020 03:15,1BY6WEcLGh8j5v7,0,0,6397809.000,0
16-05-2020 05:00,uHbuxQJl8lW7ozc,0,0,7045068.000,0
14-06-2020 04:00,uHbuxQJl8lW7ozc,0,0,7260531.000,0
31-05-2020 12:45,VHMLBKoKgIrUVDU,13596.9,3934,7332263.000,1325.7
26-05-2020 15:00,ZoEaEvLYb1n2sOq,4510.29,6493.86,7185407.857,442.7
01-06-2020 22:30,iCRJl6heRkivqQ3,0,5781,7310348.000,0
09-06-2020 22:15,zVJPv84UY57bAof,0,8289,7310456.000,0
27-05-2020 08:00,zVJPv84UY57bAof,4946.25,392.375,7205775.375,485
08-06-2020 15:15,VHMLBKoKgIrUVDU,9694.62,7282.62,7393490.625,948.038
15-06-2020 21:30,ih0vzX44oOqAx2f,0,6564,6414247.000,0
02-06-2020 23:30,VHMLBKoKgIrUVDU,0,0,7347744.000,0
27-05-2020 11:30,McdE0feGgRqW7Ca,12292.2,3142.38,7252702.375,1198.88
17-05-2020 11:30,pkci93gMrogZuBj,12708.1,3356.25,7185006.250,1239.34
05-06-2020 05:15,WRmjgnKYAwPKWDb,0,0,7182665.000,0
31-05-2020 10:00,rGa61gmuvPhdLxV,6256.14,1415.43,7231853.429,612.843
16-05-2020 11:45,McdE0feGgRqW7Ca,9172.88,2883.25,7168318.250,897.212
28-05-2020 15:45,1BY6WEcLGh8j5v7,7180.57,7346,6357179.000,703.157
26-05-2020 12:00,3PZuoBAID5Wc2HD,12036.1,4218.29,7074854.286,1173.97
12-06-2020 16:00,ZoEaEvLYb1n2sOq,2858.57,5307.29,7306939.286,280.629
25-05-2020 08:15,uHbuxQJl8lW7ozc,5903.88,457,7112309.000,578.513
06-06-2020 21:00,WRmjgnKYAwPKWDb,0,6341,7196611.000,0
10-06-2020 05:45,zVJPv84UY57bAof,0,0,7310456.000,0
19-05-2020 04:00,ih0vzX44oOqAx2f,0,0,6210487.000,0
07-06-2020 10:45,ZnxXDlPa8U1GXgE,13113.5,2178.38,6695232.375,1278.56
18-05-2020 11:45,WRmjgnKYAwPKWDb,6227,1459.75,7050563.750,610.062
25-05-2020 02:00,VHMLBKoKgIrUVDU,0,0,7280512.000,0
08-06-2020 01:30,zVJPv84UY57bAof,0,0,7293790.000,0
14-06-2020 19:15,z9Y9gH1T5YWrNuG,0,7238,7232468.000,0
05-06-2020 10:30,McdE0feGgRqW7Ca,10659.4,2143.25,7318904.250,1040.81
07-06-2020 15:00,rGa61gmuvPhdLxV,9642.14,6672.57,7286173.571,941.543
18-05-2020 19:15,3PZuoBAID5Wc2HD,0,5435,7013918.000,0
04-06-2020 09:45,z9Y9gH1T5YWrNuG,6938,1463.88,7156576.875,678.612
11-06-2020 03:30,wCURE6d3bPkepu2,0,0,6982403.000,0
17-05-2020 23:00,bvBOhCH3iADSZry,0,6928,6335576.000,0
03-06-2020 14:45,uHbuxQJl8lW7ozc,9719,6109,7184514.000,950.071
17-05-2020 23:00,ZnxXDlPa8U1GXgE,0,7586,6542738.000,0
22-05-2020 10:30,zVJPv84UY57bAof,5740,1827.57,7166950.571,562.529
08-06-2020 21:30,3PZuoBAID5Wc2HD,0,8509,7175733.000,0
01-06-2020 21:15,wCURE6d3bPkepu2,0,5939,6915344.000,0
14-06-2020 05:30,wCURE6d3bPkepu2,0,0,7002369.000,0
28-05-2020 01:00,1BY6WEcLGh8j5v7,0,0,6349833.000,0
05-06-2020 23:00,zBIq5rxdHJRwDNY,0,7723,6500302.000,0
24-05-2020 13:00,ih0vzX44oOqAx2f,12043.9,4826.71,6253764.714,1174.27
19-05-2020 22:30,wCURE6d3bPkepu2,0,6956,6815349.000,0
21-05-2020 21:00,VHMLBKoKgIrUVDU,0,0,7256361.000,0
11-06-2020 15:00,sjndEbLyjtCKgGv,7524.88,4468.88,7220068.875,736.575
30-05-2020 13:00,3PZuoBAID5Wc2HD,9342.14,3723.29,7105912.286,913.714
22-05-2020 09:15,pkci93gMrogZuBj,5902,971.714,7218947.714,578.257
16-06-2020 02:45,z9Y9gH1T5YWrNuG,0,0,7239184.000,0
03-06-2020 14:45,1BY6WEcLGh8j5v7,8804,5742.75,6396210.750,860.987
29-05-2020 20:30,adLQvlD726eNBSB,0,8343,6387352.000,0
24-05-2020 23:15,z9Y9gH1T5YWrNuG,0,7876,7080638.000,0
21-05-2020 09:45,adLQvlD726eNBSB,10644.4,1781.29,6315396.286,1040.1
27-05-2020 07:15,uHbuxQJl8lW7ozc,1904.88,133.625,7128671.625,186.463
15-05-2020 04:00,7JYdWkrLSPkdwr4,0,0,7602960.000,0
01-06-2020 16:00,pkci93gMrogZuBj,1675.71,5244.71,7300035.714,163.986
09-06-2020 18:30,uHbuxQJl8lW7ozc,88.1429,8308.43,7233862.429,8.51429
17-05-2020 16:15,WRmjgnKYAwPKWDb,4881.14,7263.29,7048693.286,478.757
16-06-2020 13:15,z9Y9gH1T5YWrNuG,7248.29,4065.29,7243249.286,709.729
30-05-2020 03:15,3PZuoBAID5Wc2HD,0,0,7102189.000,0
17-06-2020 10:15,bvBOhCH3iADSZry,6215,1318.75,6534867.750,608.938
22-05-2020 03:15,7JYdWkrLSPkdwr4,0,0,7651635.000,0
02-06-2020 16:15,rGa61gmuvPhdLxV,5059.38,6951.75,7248920.750,496.238
01-06-2020 11:15,pkci93gMrogZuBj,6662.38,2943.62,7297734.625,651.825
17-06-2020 23:45,bvBOhCH3iADSZry,0,5460,6539009.000,0
31-05-2020 06:15,YxYtjZvoooNbGkE,459.125,7,7299776.000,44.4125
16-05-2020 08:15,rGa61gmuvPhdLxV,4699.57,436.429,7118302.429,461.029
12-06-2020 11:15,iCRJl6heRkivqQ3,8165.14,1929.57,7387400.571,799.1
14-06-2020 03:30,3PZuoBAID5Wc2HD,0,0,7210719.000,0
29-05-2020 16:45,YxYtjZvoooNbGkE,3626.43,7855.29,7292259.286,356.414
22-05-2020 12:15,3PZuoBAID5Wc2HD,9636.14,3639.43,7040940.429,941.986
15-05-2020 22:00,YxYtjZvoooNbGkE,0,6291,7186257.000,0
03-06-2020 08:30,zVJPv84UY57bAof,4530.5,553.5,7255770.500,444.762
15-06-2020 15:15,7JYdWkrLSPkdwr4,5934.75,5790.88,7833948.875,581.475
12-06-2020 13:00,bvBOhCH3iADSZry,7366.12,3132.88,6507539.875,721.263
28-05-2020 17:45,wCURE6d3bPkepu2,699.25,8486.62,6887681.625,67.725
18-05-2020 15:00,rGa61gmuvPhdLxV,7950.71,4138.43,7135675.429,778.214
20-05-2020 10:45,1BY6WEcLGh8j5v7,10358.3,2560.14,6292657.143,1012.6
17-06-2020 13:00,3PZuoBAID5Wc2HD,7425,3932.75,7235305.750,726.987
10-06-2020 19:00,1BY6WEcLGh8j5v7,0,5911,6444981.000,0
17-06-2020 00:15,iCRJl6heRkivqQ3,0,0,7420306.000,0
12-06-2020 10:15,ZoEaEvLYb1n2sOq,7609.12,1197.75,7302829.750,744.9
17-06-2020 17:00,zVJPv84UY57bAof,1322.71,5770.71,7363132.714,128.843
22-05-2020 17:00,rGa61gmuvPhdLxV,1442,6662.5,7167061.500,140.562
12-06-2020 04:15,ih0vzX44oOqAx2f,0,0,6386553.000,0
17-06-2020 19:30,bvBOhCH3iADSZry,0,5460,6539009.000,0
19-05-2020 16:30,iCRJl6heRkivqQ3,4700.5,6643.25,7210410.250,461.262
02-06-2020 06:30,rGa61gmuvPhdLxV,497.875,16.875,7241985.875,48.1375
24-05-2020 20:30,uHbuxQJl8lW7ozc,0,8106,7111852.000,0
13-06-2020 18:15,ih0vzX44oOqAx2f,291.125,8250,6400513.000,28.125
13-06-2020 04:00,pkci93gMrogZuBj,0,0,7380807.000,0
02-06-2020 01:15,pkci93gMrogZuBj,0,0,7300300.000,0
26-05-2020 22:45,YxYtjZvoooNbGkE,0,0,7269333.000,0
22-05-2020 06:30,7JYdWkrLSPkdwr4,898.571,27.7143,7651662.714,87.2429
31-05-2020 14:30,ih0vzX44oOqAx2f,2246.62,5227.12,6307494.125,220.262
08-06-2020 06:45,iCRJl6heRkivqQ3,1102.5,45.5,7356556.500,107.175
29-05-2020 20:30,7JYdWkrLSPkdwr4,0,8007,7714835.000,0
26-05-2020 11:00,YxYtjZvoooNbGkE,11919.8,3076.38,7264540.375,1162.91
08-06-2020 00:15,rGa61gmuvPhdLxV,0,0,7287673.000,0
20-05-2020 22:30,sjndEbLyjtCKgGv,0,8777,7058061.000,0
12-06-2020 01:00,rGa61gmuvPhdLxV,0,0,7316432.000,0
07-06-2020 00:30,1BY6WEcLGh8j5v7,0,0,6418482.000,0
16-06-2020 21:45,pkci93gMrogZuBj,0,6261,7409478.000,0
14-06-2020 19:00,sjndEbLyjtCKgGv,0,7307,7242811.000,0
05-06-2020 23:00,zVJPv84UY57bAof,0,7817,7279090.000,0
28-05-2020 18:15,z9Y9gH1T5YWrNuG,264.714,8474,7112359.000,25.5857
14-06-2020 19:30,rGa61gmuvPhdLxV,0,7302,7337972.000,0
26-05-2020 11:00,rGa61gmuvPhdLxV,12278.8,3009.38,7195111.375,1197.88
16-06-2020 20:30,zBIq5rxdHJRwDNY,0,5719,6577552.000,0
06-06-2020 01:45,7JYdWkrLSPkdwr4,0,0,7764140.000,0
14-06-2020 13:45,zBIq5rxdHJRwDNY,11909.4,4896.62,6562718.625,1162.58
09-06-2020 00:00,McdE0feGgRqW7Ca,0,0,7346782.000,0
17-06-2020 15:00,wCURE6d3bPkepu2,5077.75,5343.75,7028061.750,497.8
09-06-2020 07:45,bvBOhCH3iADSZry,2368.86,262,6486248.000,232.4
22-05-2020 18:30,YxYtjZvoooNbGkE,0,7087,7236121.000,0
02-06-2020 06:00,wCURE6d3bPkepu2,92.7143,0.571429,6915344.571,8.94286
12-06-2020 19:30,ZoEaEvLYb1n2sOq,0,5753,7307385.000,0
09-06-2020 00:30,ZnxXDlPa8U1GXgE,0,0,6709698.000,0
12-06-2020 19:15,1BY6WEcLGh8j5v7,0,5441,6455679.000,0
03-06-2020 16:15,sjndEbLyjtCKgGv,4077.38,7303,7162750.000,399.925
09-06-2020 19:30,bvBOhCH3iADSZry,0,7361,6493347.000,0
25-05-2020 20:30,z9Y9gH1T5YWrNuG,0,8802,7089440.000,0
07-06-2020 04:00,3PZuoBAID5Wc2HD,0,0,7158982.000,0
15-06-2020 00:15,zVJPv84UY57bAof,0,0,7344280.000,0
25-05-2020 00:45,3PZuoBAID5Wc2HD,0,0,7061568.000,0
26-05-2020 17:45,ZoEaEvLYb1n2sOq,494.75,7760.75,7186674.750,47.8625
16-06-2020 15:30,adLQvlD726eNBSB,6467.86,5679.71,6517681.714,633.586
06-06-2020 23:45,zVJPv84UY57bAof,0,0,7285530.000,0
05-06-2020 23:45,wCURE6d3bPkepu2,0,3874,6946769.000,0
08-06-2020 10:45,WRmjgnKYAwPKWDb,11490.3,2761.14,7207443.143,1121.14
15-05-2020 12:30,adLQvlD726eNBSB,10091.7,3178.14,6274533.143,985.214
04-06-2020 04:00,sjndEbLyjtCKgGv,0,0,7163293.000,0
04-06-2020 18:45,7JYdWkrLSPkdwr4,0,7999,7756621.000,0
15-06-2020 07:15,YxYtjZvoooNbGkE,2106.57,151.286,7406853.286,206.429
17-05-2020 16:30,wCURE6d3bPkepu2,4061.75,7228.25,6802698.250,398.575
19-05-2020 01:30,zBIq5rxdHJRwDNY,0,0,6365047.000,0
24-05-2020 04:45,zVJPv84UY57bAof,0,0,7180838.000,0
07-06-2020 00:00,YxYtjZvoooNbGkE,0,0,7348812.000,0
29-05-2020 07:45,1IF53ai7Xc0U56Y,2811.86,256.286,6290214.286,275.9
02-06-2020 09:45,ih0vzX44oOqAx2f,9622.57,1686.71,6315669.714,941.014
17-05-2020 04:30,1IF53ai7Xc0U56Y,0,0,6196594.000,0
14-06-2020 07:00,ih0vzX44oOqAx2f,1861.38,69.25,6400587.250,182.238
13-06-2020 19:45,sjndEbLyjtCKgGv,0,8403,7235504.000,0
15-05-2020 17:00,YxYtjZvoooNbGkE,2377.62,6157.25,7186123.250,233.225
27-05-2020 08:30,bvBOhCH3iADSZry,4887,628.429,6400328.429,479.414
06-06-2020 02:00,bvBOhCH3iADSZry,0,0,6467251.000,0
27-05-2020 00:30,rGa61gmuvPhdLxV,0,0,7199869.000,0
12-06-2020 09:30,rGa61gmuvPhdLxV,5379.29,764.571,7317196.571,527.257
14-06-2020 18:45,3PZuoBAID5Wc2HD,0,7504,7218223.000,0
27-05-2020 01:30,wCURE6d3bPkepu2,0,0,6872485.000,0
12-06-2020 01:45,wCURE6d3bPkepu2,0,0,6988054.000,0
16-06-2020 10:00,ZoEaEvLYb1n2sOq,11288.4,1633.25,7331324.250,1102.09
05-06-2020 08:45,WRmjgnKYAwPKWDb,7819.86,773.714,7183438.714,765.143
31-05-2020 03:00,7JYdWkrLSPkdwr4,0,0,7721978.000,0
13-06-2020 01:45,ZoEaEvLYb1n2sOq,0,0,7307385.000,0
09-06-2020 19:45,zVJPv84UY57bAof,0,8289,7310456.000,0
22-05-2020 04:45,z9Y9gH1T5YWrNuG,0,0,7057147.000,0
22-05-2020 00:15,YxYtjZvoooNbGkE,0,0,7229034.000,0
05-06-2020 17:00,ZnxXDlPa8U1GXgE,4009.86,7299,6686361.000,393.4
19-05-2020 03:15,ZnxXDlPa8U1GXgE,0,0,6548162.000,0
23-05-2020 10:30,zVJPv84UY57bAof,9363.12,2320.25,7174614.250,915.325
19-05-2020 22:00,sjndEbLyjtCKgGv,0,6879,7049284.000,0
18-05-2020 17:15,3PZuoBAID5Wc2HD,1668,5354.14,7013837.143,163.214
31-05-2020 17:15,sjndEbLyjtCKgGv,1790.5,5881.75,7142136.750,175.5
25-05-2020 13:15,zBIq5rxdHJRwDNY,11526.8,5476.33,6417234.333,1124.63
17-06-2020 00:15,ZnxXDlPa8U1GXgE,0,0,6764808.000,0
03-06-2020 19:45,bvBOhCH3iADSZry,0,7237,6452724.000,0
08-06-2020 13:15,pkci93gMrogZuBj,8984.86,5249.86,7351381.857,877.686
05-06-2020 02:30,1BY6WEcLGh8j5v7,0,0,6405380.000,0
15-06-2020 16:30,uHbuxQJl8lW7ozc,3499.88,6549,7274386.000,344.038
22-05-2020 09:00,rGa61gmuvPhdLxV,4814.6,838,7161237.000,472.28
31-05-2020 15:30,wCURE6d3bPkepu2,3348.5,5740,6908898.000,328.988
17-05-2020 09:30,VHMLBKoKgIrUVDU,8633.25,1373.38,7220753.375,844.7
09-06-2020 01:45,3PZuoBAID5Wc2HD,0,0,7175733.000,0
22-05-2020 09:00,WRmjgnKYAwPKWDb,4839.29,903.429,7078261.429,474.557
27-05-2020 09:00,ZoEaEvLYb1n2sOq,7891.43,993.429,7187683.429,772.429
28-05-2020 02:00,zBIq5rxdHJRwDNY,0,0,6434083.000,0
08-06-2020 06:15,zVJPv84UY57bAof,454.429,6.14286,7293796.143,43.9286
13-06-2020 16:45,sjndEbLyjtCKgGv,2123.12,8217.75,7235318.750,208.025
02-06-2020 07:15,3PZuoBAID5Wc2HD,1727.57,106.714,7121375.714,169.043
20-05-2020 08:00,ZoEaEvLYb1n2sOq,5110.71,392.571,7130724.571,501.1
02-06-2020 12:30,ZoEaEvLYb1n2sOq,8711.5,3752.38,7232192.375,851.913
23-05-2020 19:15,wCURE6d3bPkepu2,0,8605,6847830.000,0
22-05-2020 21:45,adLQvlD726eNBSB,0,7378,6328951.000,0
14-06-2020 14:30,1BY6WEcLGh8j5v7,7387.14,2561.43,6466224.429,723.214
15-06-2020 21:15,7JYdWkrLSPkdwr4,0,6641,7834799.000,0
30-05-2020 20:00,McdE0feGgRqW7Ca,0,7352,7280565.000,0
03-06-2020 10:30,rGa61gmuvPhdLxV,9038.14,1708.71,7251038.714,884.129
01-06-2020 17:00,McdE0feGgRqW7Ca,1345.62,5895.5,7292655.500,130.963
15-05-2020 02:00,7JYdWkrLSPkdwr4,0,0,7602960.000,0
03-06-2020 19:30,bvBOhCH3iADSZry,0,7237,6452724.000,0
07-06-2020 10:00,uHbuxQJl8lW7ozc,6715.38,1475.25,7210330.250,657.775
12-06-2020 01:30,ZoEaEvLYb1n2sOq,0,0,7301632.000,0
12-06-2020 01:45,WRmjgnKYAwPKWDb,0,0,7232986.000,0
30-05-2020 18:15,3PZuoBAID5Wc2HD,290.571,7295.57,7109484.571,28.0857
20-05-2020 03:30,zBIq5rxdHJRwDNY,0,0,6371971.000,0
28-05-2020 14:45,YxYtjZvoooNbGkE,7674.86,6832,7282861.000,751.071
03-06-2020 00:00,ZnxXDlPa8U1GXgE,0,0,6662968.000,0
20-05-2020 20:45,zVJPv84UY57bAof,0,8842,7157179.000,0
06-06-2020 10:15,uHbuxQJl8lW7ozc,8708.88,2036.75,7204409.750,850.362
04-06-2020 13:15,wCURE6d3bPkepu2,12499.3,4895.29,6935671.286,1219.56
02-06-2020 03:30,bvBOhCH3iADSZry,0,0,6438645.000,0
27-05-2020 05:45,1BY6WEcLGh8j5v7,0,0,6343669.000,0
10-06-2020 20:45,z9Y9gH1T5YWrNuG,0,6412,7205465.000,0
11-06-2020 03:45,YxYtjZvoooNbGkE,0,0,7379687.000,0
27-05-2020 06:30,1BY6WEcLGh8j5v7,792,19,6343688.000,76.8286
11-06-2020 10:30,7JYdWkrLSPkdwr4,5683.29,1191.86,7802282.857,557
16-05-2020 15:45,WRmjgnKYAwPKWDb,3861.75,6147.25,7040962.250,379.512
14-06-2020 01:00,zVJPv84UY57bAof,0,0,7336960.000,0
21-05-2020 09:15,McdE0feGgRqW7Ca,9075.43,1206.43,7202268.429,887.786
30-05-2020 00:00,ZoEaEvLYb1n2sOq,0,0,7209600.000,0
31-05-2020 09:45,zBIq5rxdHJRwDNY,6155.14,1264,6458565.000,602.986
25-05-2020 02:30,adLQvlD726eNBSB,0,0,6346131.000,0
20-05-2020 07:45,YxYtjZvoooNbGkE,4256.75,286.625,7212762.625,418.1
14-06-2020 07:15,zBIq5rxdHJRwDNY,3147.14,132.857,6557954.857,309.243
24-05-2020 11:30,1BY6WEcLGh8j5v7,12591.8,3125.75,6323528.750,1227.71
22-05-2020 14:45,3PZuoBAID5Wc2HD,10507.7,6218.43,7043519.429,1027.13
31-05-2020 02:30,3PZuoBAID5Wc2HD,0,0,7109488.000,0
28-05-2020 18:00,zVJPv84UY57bAof,486.125,8378,7220460.000,47
30-05-2020 19:15,WRmjgnKYAwPKWDb,0,7130,7148029.000,0
18-05-2020 15:00,ZnxXDlPa8U1GXgE,7872.5,4203.25,6546941.250,770.612
06-06-2020 07:15,z9Y9gH1T5YWrNuG,3304.62,162.625,7171163.625,324.688
10-06-2020 04:45,ZoEaEvLYb1n2sOq,0,0,7289679.000,0
27-05-2020 06:15,z9Y9gH1T5YWrNuG,376.25,6.5,7097189.500,36.35
06-06-2020 17:30,ZnxXDlPa8U1GXgE,451.429,6333.14,6693032.143,43.6429
27-05-2020 15:30,ih0vzX44oOqAx2f,8959.43,5670,6277961.000,876.443
20-05-2020 03:00,pkci93gMrogZuBj,0,0,7201349.000,0
20-05-2020 06:00,ZoEaEvLYb1n2sOq,96.7143,0.428571,7130332.429,9.34286
21-05-2020 21:45,zBIq5rxdHJRwDNY,0,7737,6388599.000,0
17-05-2020 16:45,ZnxXDlPa8U1GXgE,3781.71,7385.29,6542537.286,371.414
18-05-2020 18:45,1BY6WEcLGh8j5v7,0,4998,6283648.000,0
18-05-2020 22:15,bvBOhCH3iADSZry,0,4962,6340538.000,0
22-05-2020 10:45,sjndEbLyjtCKgGv,8294.62,1959.88,7067845.875,810.6
22-05-2020 10:15,uHbuxQJl8lW7ozc,8372.12,1676.75,7089652.750,819.2
17-06-2020 13:30,1IF53ai7Xc0U56Y,9940.12,4385.25,6431917.250,971.35
22-05-2020 10:30,bvBOhCH3iADSZry,6874.57,1750.14,6363898.143,672.743
01-06-2020 04:15,bvBOhCH3iADSZry,0,0,6433267.000,0
22-05-2020 08:45,7JYdWkrLSPkdwr4,3877.75,770.75,7652405.750,380.812
17-06-2020 20:30,iCRJl6heRkivqQ3,0,5957,7426263.000,0
31-05-2020 11:00,ZnxXDlPa8U1GXgE,7174.71,2347.43,6645730.429,702
07-06-2020 11:30,wCURE6d3bPkepu2,11830.1,3100.38,6956194.375,1154.67
06-06-2020 18:00,VHMLBKoKgIrUVDU,236.375,6429,7377983.000,22.8125
15-05-2020 07:45,wCURE6d3bPkepu2,2043.5,222.5,6782820.500,200.325
19-05-2020 13:00,rGa61gmuvPhdLxV,9075.71,3937.71,7140839.714,887.6
20-05-2020 19:45,ih0vzX44oOqAx2f,0,8664,6225941.000,0
25-05-2020 10:45,3PZuoBAID5Wc2HD,11998.1,2885.38,7064453.375,1169.8
26-05-2020 03:45,7JYdWkrLSPkdwr4,0,0,7684020.000,0
15-06-2020 07:15,iCRJl6heRkivqQ3,2143.25,151.75,7407375.750,209.975
14-06-2020 04:15,WRmjgnKYAwPKWDb,0,0,7247179.000,0
02-06-2020 23:30,iCRJl6heRkivqQ3,0,7465,7317813.000,0
09-06-2020 12:45,zBIq5rxdHJRwDNY,9451.38,4692.75,6527961.750,923.275
13-06-2020 08:45,ZoEaEvLYb1n2sOq,6877.14,858.714,7308243.714,673.329
02-06-2020 02:45,uHbuxQJl8lW7ozc,0,0,7170942.000,0
12-06-2020 23:45,adLQvlD726eNBSB,0,5132.57,6488722.000,0
07-06-2020 02:00,1IF53ai7Xc0U56Y,0,0,6355099.000,0
25-05-2020 04:15,1BY6WEcLGh8j5v7,0,0,6327940.000,0
17-06-2020 03:00,zBIq5rxdHJRwDNY,0,0,6577552.000,0
29-05-2020 09:15,z9Y9gH1T5YWrNuG,8980.86,1016.43,7113378.429,878.529
24-05-2020 18:45,uHbuxQJl8lW7ozc,0,8106,7111852.000,0
13-06-2020 17:45,wCURE6d3bPkepu2,926.5,8427.12,7002335.125,89.9625
22-05-2020 10:00,zBIq5rxdHJRwDNY,7977.57,1462,6390061.000,779.986
28-05-2020 04:15,uHbuxQJl8lW7ozc,0,0,7135258.000,0
08-06-2020 07:45,ZnxXDlPa8U1GXgE,4066.29,261,6701524.000,399.329
23-05-2020 18:45,rGa61gmuvPhdLxV,0,8152,7175293.000,0
13-06-2020 16:15,bvBOhCH3iADSZry,2711.14,7539.57,6517318.571,266.086
03-06-2020 20:30,7JYdWkrLSPkdwr4,0,7749,7748622.000,0
30-05-2020 20:45,YxYtjZvoooNbGkE,0,7266,7299769.000,0
04-06-2020 21:30,sjndEbLyjtCKgGv,0,0,7171518.000,0
09-06-2020 17:00,pkci93gMrogZuBj,3330.71,8006.29,7362482.286,327.471
24-05-2020 14:00,YxYtjZvoooNbGkE,9418,6014.5,7250694.500,920.312
21-05-2020 13:15,3PZuoBAID5Wc2HD,13309.9,5226.5,7034720.500,1297.71
31-05-2020 15:45,iCRJl6heRkivqQ3,3089,5539.12,7304137.125,303.488
02-06-2020 16:00,rGa61gmuvPhdLxV,6818.86,6793.86,7248762.857,667.8
01-06-2020 20:00,z9Y9gH1T5YWrNuG,0,5931,7139828.000,0
07-06-2020 10:30,zVJPv84UY57bAof,9446,1881.14,7287411.143,923.814
12-06-2020 02:00,uHbuxQJl8lW7ozc,0,0,7246206.000,0
20-05-2020 06:00,sjndEbLyjtCKgGv,99.1429,0.428571,7049284.429,9.58571
09-06-2020 11:15,sjndEbLyjtCKgGv,12624.7,3291.29,7204216.286,1231.49
04-06-2020 00:00,ZoEaEvLYb1n2sOq,0,0,7243501.000,0
27-05-2020 16:15,zBIq5rxdHJRwDNY,4900.5,5978.12,6433680.125,480.225
03-06-2020 22:00,McdE0feGgRqW7Ca,0,8010,7308369.000,0
30-05-2020 07:45,rGa61gmuvPhdLxV,2339.75,227.875,7223301.875,229.412
23-05-2020 15:45,YxYtjZvoooNbGkE,7791.86,7613.14,7243734.143,762.771
16-05-2020 08:45,adLQvlD726eNBSB,6839.12,764,6278502.000,669.812
19-05-2020 13:30,1BY6WEcLGh8j5v7,7291.43,4062.14,6287710.143,713.914
07-06-2020 04:30,z9Y9gH1T5YWrNuG,0,0,7177289.000,0
06-06-2020 09:30,zBIq5rxdHJRwDNY,8558,1306.86,6501608.857,836.971
01-06-2020 09:15,zBIq5rxdHJRwDNY,5917.38,1252.62,6464491.625,579.95
31-05-2020 23:30,zBIq5rxdHJRwDNY,0,0,6463239.000,0
17-05-2020 01:45,WRmjgnKYAwPKWDb,0,0,7041430.000,0
28-05-2020 03:15,rGa61gmuvPhdLxV,0,0,7206549.000,0
02-06-2020 07:00,sjndEbLyjtCKgGv,1711.71,60.2857,7148068.286,167.486
24-05-2020 08:00,iCRJl6heRkivqQ3,4865.12,387.625,7243607.625,477.163
27-05-2020 22:15,rGa61gmuvPhdLxV,0,0,7206549.000,0
16-05-2020 03:45,McdE0feGgRqW7Ca,0,0,7165435.000,0
15-05-2020 07:30,bvBOhCH3iADSZry,1865.14,162.857,6316965.857,182.8
23-05-2020 04:30,z9Y9gH1T5YWrNuG,0,0,7064219.000,0
05-06-2020 00:15,uHbuxQJl8lW7ozc,0,0,7194535.000,0
13-06-2020 01:45,pkci93gMrogZuBj,0,0,7380807.000,0
01-06-2020 07:00,uHbuxQJl8lW7ozc,2111.12,98.875,7165451.875,207
13-06-2020 23:00,pkci93gMrogZuBj,0,8354,7389161.000,0
20-05-2020 00:30,1IF53ai7Xc0U56Y,0,0,6216430.000,0
31-05-2020 09:45,adLQvlD726eNBSB,6649.62,1217.62,6395988.625,651.188
25-05-2020 14:30,sjndEbLyjtCKgGv,10647.9,7080.14,7096431.143,1040.79
16-06-2020 19:30,McdE0feGgRqW7Ca,0,6365,7402595.000,0
16-06-2020 10:30,rGa61gmuvPhdLxV,8414.88,2137,7346841.000,823.462
09-06-2020 21:00,uHbuxQJl8lW7ozc,0,8309,7233863.000,0
26-05-2020 00:30,YxYtjZvoooNbGkE,0,0,7261464.000,0
01-06-2020 00:45,ih0vzX44oOqAx2f,0,0,6308232.000,0
28-05-2020 21:15,3PZuoBAID5Wc2HD,0,8528,7093979.000,0
02-06-2020 06:45,zVJPv84UY57bAof,820.571,31.7143,7247797.714,79.6286
14-06-2020 14:15,ZnxXDlPa8U1GXgE,11710.6,5602.12,6749945.125,1142.88
16-06-2020 14:15,uHbuxQJl8lW7ozc,4756.62,4774.25,7279517.250,466.625
08-06-2020 23:45,1BY6WEcLGh8j5v7,0,7864,6431614.000,0
27-05-2020 20:00,adLQvlD726eNBSB,0,6857,6370373.000,0
07-06-2020 01:30,rGa61gmuvPhdLxV,0,0,7279501.000,0
06-06-2020 21:00,ih0vzX44oOqAx2f,0,6197,6350673.000,0
18-05-2020 02:45,zBIq5rxdHJRwDNY,0,0,6359657.000,0
19-05-2020 07:30,1IF53ai7Xc0U56Y,2711.14,188.857,6209994.857,265.929
18-05-2020 23:30,YxYtjZvoooNbGkE,0,5369,7205598.000,0
28-05-2020 08:15,WRmjgnKYAwPKWDb,6104.12,591,7125129.000,598.112
21-05-2020 20:30,pkci93gMrogZuBj,0,7778,7217976.000,0
05-06-2020 05:45,7JYdWkrLSPkdwr4,0,0,7756621.000,0
02-06-2020 22:00,pkci93gMrogZuBj,0,7350,7307650.000,0
13-06-2020 11:30,pkci93gMrogZuBj,13125.3,3415.71,7384222.714,1279.7
25-05-2020 16:45,ZnxXDlPa8U1GXgE,1341.12,8796.25,6604552.250,130.5
15-06-2020 12:30,ZoEaEvLYb1n2sOq,5858.14,4093.57,7327145.571,574.071
04-06-2020 04:15,1IF53ai7Xc0U56Y,0,0,6332659.000,0
28-05-2020 16:45,sjndEbLyjtCKgGv,3904.71,8074.14,7120639.143,383.486
28-05-2020 03:15,ZnxXDlPa8U1GXgE,0,0,6619376.000,0
17-05-2020 10:15,rGa61gmuvPhdLxV,9486.43,2014.29,7126113.286,927.8
03-06-2020 19:45,wCURE6d3bPkepu2,0,7907,6930776.000,0
13-06-2020 13:15,VHMLBKoKgIrUVDU,9266.57,5696.29,7426610.286,905.529
25-05-2020 05:00,adLQvlD726eNBSB,0,0,6346131.000,0
03-06-2020 02:30,ZnxXDlPa8U1GXgE,0,0,6662968.000,0
21-05-2020 15:00,ZoEaEvLYb1n2sOq,10241.6,6623.5,7145691.500,1000.89
15-05-2020 19:15,bvBOhCH3iADSZry,0,5707,6322510.000,0
31-05-2020 08:00,sjndEbLyjtCKgGv,2754.57,253.286,7136508.286,270.314
26-05-2020 04:00,uHbuxQJl8lW7ozc,0,0,7120696.000,0
09-06-2020 01:15,pkci93gMrogZuBj,0,0,7354476.000,0
24-05-2020 23:45,WRmjgnKYAwPKWDb,0,8091,7101117.000,0
01-06-2020 22:30,sjndEbLyjtCKgGv,0,5766,7148008.000,0
22-05-2020 09:15,7JYdWkrLSPkdwr4,5459,1018.88,7652653.875,535.05
25-05-2020 21:30,McdE0feGgRqW7Ca,0,8958,7241649.000,0
05-06-2020 12:45,zVJPv84UY57bAof,5317.29,4029.29,7275302.286,521.371
24-05-2020 02:30,WRmjgnKYAwPKWDb,0,0,7093026.000,0
25-05-2020 21:30,zBIq5rxdHJRwDNY,0,8443,6420201.000,0
02-06-2020 00:00,1IF53ai7Xc0U56Y,0,0,6317444.000,0
17-05-2020 21:30,McdE0feGgRqW7Ca,0,7606,7179627.000,0
04-06-2020 10:00,z9Y9gH1T5YWrNuG,10364.7,1668.29,7156781.286,1011.84
10-06-2020 07:45,VHMLBKoKgIrUVDU,4396.29,326.429,7403142.429,431.6
24-05-2020 15:45,1BY6WEcLGh8j5v7,3352,6880.62,6327283.625,328.538
09-06-2020 01:45,YxYtjZvoooNbGkE,0,0,7365310.000,0
