Temperature,Humidity,Wind Speed,Zone 1 Power Consumption,Zone 2  Power Consumption,Zone 3  Power Consumption
22.760,29.73,0.085,32985.14532,19396.7,17623.3
15.920,54.44,0.085,34737.64259,29803,14417.3
15.080,57.23,0.076,27894.68354,20808.5,16458.8
12.420,72.30,0.081,42476.93617,23634.1,25089.7
14.580,80.60,0.080,21341.14101,12006.1,11531.6
14.990,69.14,0.074,22043.54430,13200,14810.6
11.160,70.80,0.080,32509.83051,18302.7,15844.3
19.210,89.40,4.923,21390.68852,13222.3,10593
14.660,65.92,0.075,37286.69202,30716.2,15834.8
14.200,81.60,0.079,24966.29508,15169,14913
23.900,64.15,0.264,35012.38938,24290.6,12067.2
13.680,82.40,0.074,22031.39241,13367.8,14359.5
21.030,86.50,0.068,40993.90728,25383.4,24960
16.380,69.26,0.074,31081.36882,25539.1,10130.1
27.060,47.58,4.905,37475.16093,24276.2,25140.6
11.860,60.80,0.088,34004.74576,18893.6,16938.5
11.830,80.60,0.080,31434.89362,18815.9,19358.7
9.380,84.90,0.082,20806.08365,16193.9,8608.88
9.390,67.74,4.920,25724.74576,16599.4,12434.7
19.200,65.81,4.924,40676.02649,24754.7,25095.9
19.740,47.91,0.078,29593.84615,24605,10039.5
27.110,43.35,4.906,40256.07103,27416.3,25453.5
16.660,67.21,4.919,43334.80851,25452.4,25368.4
12.110,76.60,4.916,22710.50847,13437.1,14090.3
23.960,63.40,4.922,28532.09302,19507.6,17442.7
26.920,70.20,4.909,36511.89369,25906.3,25654.9
16.980,56.04,0.086,23753.84615,18628.5,10704.6
25.370,77.80,4.918,29393.22259,24421.5,20226.3
16.320,53.54,4.921,40137.72152,23463.8,24659.3
24.600,91.30,4.918,27061.13208,16540.2,12669.6
15.900,62.58,0.084,36605.32319,29736.7,16595.4
27.120,32.78,4.905,28723.28524,20269.5,20752.9
21.330,75.20,4.911,32156.27081,21945.9,22540.4
17.220,62.59,4.921,26361.13786,15427,12214.5
20.530,47.50,0.079,29421.53846,23920.7,9351.33
10.950,47.63,0.078,21937.64259,18815.6,7398.8
12.730,74.10,0.081,32795.23404,17517.1,16751.6
11.880,85.70,0.072,39572.42553,22972,23945.8
18.430,71.00,0.081,33358.97872,17989,22000.6
18.940,81.50,0.071,29146.22951,21287.9,14936.4
26.640,53.55,4.907,37782.01998,24569,22877.5
8.700,87.20,0.089,23321.87234,13591.5,15044.5
28.720,26.19,0.075,31248.78689,22662.5,17431.6
13.870,86.50,4.915,22989.58425,17626.6,10282.8
9.890,73.20,0.077,38666.44068,23409.1,23317.9
5.593,73.40,0.087,23550.37975,14341.6,15452.5
14.100,63.55,0.083,41058.30508,24583.6,25390.3
18.470,91.10,0.079,44655.75492,28508.7,19392.6
13.660,65.01,0.087,34256.20253,22030.4,16736.4
15.810,83.70,0.083,22097.56728,12926.3,11112.7
19.600,67.65,0.073,38153.84615,31805,20483.9
12.400,67.54,0.087,30387.83270,21728.1,9334.93
22.790,62.78,0.070,48349.47836,32449.4,35757.7
28.010,31.89,4.915,33902.99003,23962,23901.6
26.600,73.10,4.910,36369.18979,25496.5,22721
8.340,77.90,4.916,23827.69231,19156.6,10502.2
14.410,85.70,0.072,25978.90205,16097.4,12904.7
27.980,35.70,4.918,35151.73770,23238.4,18002.9
13.840,71.40,0.083,22905.76271,11799.4,13679.3
20.320,64.15,0.081,42875.76159,25286.1,27323.1
22.170,89.60,0.329,27729.55752,16694,14032.3
10.400,90.60,0.071,23467.11864,13203.6,14455
22.270,51.00,0.077,32486.15385,23950.4,17459.3
16.710,56.34,0.084,35402.03390,18700.3,14848.6
21.280,84.50,0.283,27697.69912,16881.1,12208.4
7.290,61.94,0.088,21648.81356,12813.4,14373.9
14.320,85.70,0.069,21024.93003,12167.4,11287.3
20.750,70.90,0.082,37893.74179,30902.5,18704
12.960,85.80,0.070,33498.30508,18725.8,18345.2
28.800,75.80,4.907,38971.09878,29822.6,29413.9
13.980,69.28,0.072,36103.72881,22570.2,16811.1
26.180,84.50,4.914,38670.63263,27484.7,31189.5
26.100,31.29,0.079,31538.36066,21302.8,16481.3
18.660,62.86,0.076,32898.46154,28178.9,9172.05
21.640,51.43,0.084,32030.76923,24887.6,12566.7
11.180,65.55,0.087,34231.89873,21552.6,20830.8
28.090,78.20,4.902,42615.04994,29503.3,33554.9
13.770,81.10,0.082,35013.44681,21106.1,22465.2
23.880,65.26,4.926,34451.68142,19167.6,14685.4
26.560,69.80,4.911,35650.76412,26643,26859.9
14.420,89.90,0.069,42824.88698,21684.3,28509.1
35.980,29.84,4.907,41512.82392,29954.4,32553.6
21.620,77.70,4.915,36044.60177,24444.1,10825.7
6.003,86.30,0.085,19746.83544,13524.6,13827.5
9.860,69.39,0.085,33648.66920,28525.3,14613.2
32.990,14.01,3.970,29788.32787,20403.7,17530.7
27.960,33.64,4.907,32801.95339,23911.3,26127.6
15.390,89.50,0.071,31397.89020,17739.7,21009.5
25.510,51.27,0.072,35958.67550,20600.8,18089.4
4.408,76.70,0.082,21466.32911,13539.2,14319
13.750,70.40,0.074,30172.88136,20276,19288.8
20.470,89.10,0.066,43371.65563,26910.2,25491.7
27.350,35.41,4.910,39508.10211,28359,31364
10.950,82.40,0.086,32340.68441,26518.6,13529.9
15.470,68.49,4.914,32779.74684,20126.4,15735.9
25.020,85.60,4.910,35806.61487,25891.9,28011.5
27.560,45.12,4.924,27379.11504,15436.6,13761.6
26.590,70.20,4.922,37385.78073,25177.2,25112.6
8.890,85.90,0.085,22460.83650,18274.3,10170.5
15.840,54.61,0.082,27512.54237,16778.1,16706.9
24.460,58.32,0.070,35335.62914,22180,17829.4
11.400,79.40,0.076,25699.40426,15932.9,11223.9
16.370,68.79,0.077,42167.08861,25645,25677.1
34.560,25.11,4.924,38527.57475,26145.6,32222.3
14.040,62.57,0.082,25181.69492,12601.8,13760.3
10.910,88.40,0.088,27145.53191,17367.1,12391
20.410,76.90,4.919,22600.35398,11986.3,9590.19
14.470,85.60,4.909,24185.87234,13331.7,14603.2
27.250,50.17,0.068,35642.75410,21926.9,18154.5
26.670,41.58,4.908,37328.12431,27747,30413
17.530,47.63,0.082,33571.52542,22121.6,17222.1
20.980,81.90,0.064,42774.03974,25731.4,27145.8
18.660,44.41,0.085,35817.72152,22205.5,16759.5
20.060,78.00,4.913,32795.44858,20576.8,14391.2
23.470,61.55,4.921,27022.84464,16218.7,12949.8
15.740,87.10,0.071,31664.49946,17879,18042.2
14.970,68.97,0.072,22086.07595,13404.3,14880
8.490,84.50,0.077,30063.79747,20250.5,19575.9
21.580,52.96,0.087,33646.21444,20838.2,10743.8
10.510,59.35,0.077,38010.64639,32737.6,16716.4
12.220,71.70,0.086,32657.03422,26433.9,9842.02
20.550,82.00,0.066,24680.26490,13887.3,13363.2
8.070,86.10,0.089,22037.46835,14235.9,14122.4
13.430,59.45,4.921,40779.57447,23337.8,23928.4
28.870,40.51,4.905,41176.64817,26994.3,23684
34.800,25.51,4.908,39210.09967,28496.2,27486.5
11.700,75.70,0.082,27027.69231,21057,14590.8
15.250,64.02,0.082,35884.06780,27559.9,24290.4
22.580,48.35,0.076,33493.78723,21029.3,15985.2
17.240,77.00,0.076,31027.69231,25471.5,14862.7
24.580,56.15,4.919,34349.73451,20746.8,12849.7
17.800,57.14,0.083,27169.58175,21765,9939.98
14.090,71.20,0.081,22971.86312,17482.7,10913.8
15.150,65.51,0.079,33506.04255,20904.9,15816.8
18.530,85.30,4.918,24938.76106,15960.5,10143.2
28.580,35.29,4.922,38400.00000,23111.9,19979.8
18.210,52.15,0.078,27944.61538,22752.9,9033.25
20.520,67.37,4.910,23996.81063,15182.3,17093.2
12.350,75.80,0.083,23483.07692,18543,12393.3
11.600,71.70,4.922,21059.24051,12207.9,14162.9
10.610,89.30,0.067,27304.85106,16474.4,11612.9
20.920,78.70,4.917,46526.01770,31655.3,16809.3
29.540,61.12,4.904,40735.53829,28157.6,27692.5
27.530,64.45,4.920,37404.83907,23337.3,21378.8
15.490,60.48,0.095,40590.11407,34685.5,16341.9
16.490,68.56,0.074,30941.44487,25487.6,10274.2
19.270,57.47,4.917,38234.70199,22962.2,23158.2
15.530,62.45,0.084,22795.93220,13696,14373.9
21.370,41.51,4.918,29175.38462,22143,10756.6
14.080,89.00,4.916,20509.37705,12479.3,10243.2
22.430,77.90,4.918,44971.32743,26524.7,19456.9
18.970,80.20,0.068,21261.53846,16497.5,8836.63
20.750,64.81,0.071,28289.23077,20785.5,17760
21.140,60.22,0.272,30087.07965,17850.3,14673.6
31.260,14.04,4.905,37097.98002,25880.5,28077.7
20.180,27.47,0.085,32285.93156,26691.6,10014.9
18.900,54.41,0.080,24815.21311,16870.6,11420.9
13.790,74.50,0.083,20694.68354,13127.1,14330.6
10.410,87.90,0.074,25368.51064,14432.9,15567.1
15.290,82.90,0.075,32299.74684,21636.5,13376.4
25.570,33.60,0.081,35233.90728,19818.7,16878.3
21.250,75.90,0.068,26078.94040,14542.2,14320.2
11.410,70.60,0.090,39482.88973,33632.4,16146
21.210,65.88,0.075,29372.30769,23098.8,11294.5
17.330,76.80,0.071,36649.47255,20569.9,19636.4
15.350,82.00,0.069,32901.26582,21964.7,13515.2
13.140,65.28,0.080,22924.55696,14301.5,15446.7
20.450,59.34,0.072,30344.61538,25557,17690.6
13.820,81.50,0.080,22928.39612,13479.8,14795.6
24.950,40.58,4.923,34125.16411,20935.3,13515.9
23.560,75.40,4.920,39607.94702,21266.9,24469.7
13.960,68.18,0.081,40133.84030,34317.3,14970.5
20.380,62.79,0.095,33891.99125,21222.8,15132.4
15.600,76.30,0.073,32881.02128,20257.3,15828.4
23.510,67.80,0.069,34992.31788,19766.3,17197.3
24.020,85.80,4.913,23875.61462,16089.9,18316.3
27.180,53.80,4.922,31133.24503,18699.8,22567.4
22.210,55.22,0.268,47551.85841,28066.5,21604.4
27.160,48.37,4.923,44868.03987,28230.4,35349.3
24.110,60.82,4.924,36433.27434,21184.6,14338.2
8.990,63.30,4.917,23961.35593,14122.8,14889.2
16.460,76.50,0.073,34727.40581,20009,17902.5
16.520,74.30,0.071,34510.39828,20507.5,18996.4
14.430,56.99,0.084,45053.16456,29631.6,27626
12.150,83.60,0.072,25907.69231,20744.6,10918.6
13.710,85.70,0.084,26734.97872,16814.6,12042.6
26.080,62.28,0.068,50126.70366,33593.7,40308
26.700,63.99,4.905,41036.00444,30301.6,31905.7
21.010,41.65,4.910,26185.30522,19851.3,15233.6
27.190,79.20,4.927,37072.40844,22979.9,17881.9
9.640,87.40,0.087,23248.34043,13613.4,14794.8
27.870,72.30,4.917,34662.05980,22010.1,30005
25.830,54.65,4.929,48701.08768,32069.3,35787.8
13.630,68.93,4.910,30691.52542,18842.6,14680.8
16.250,73.80,0.072,33481.16254,20258.2,18618.2
29.290,27.75,0.075,44657.31148,24876.8,26059.9
15.250,58.11,0.079,30880.60837,24633.3,9588.48
14.580,91.00,0.070,23089.60172,10778,12677.8
21.840,84.20,4.916,48089.00662,28017.9,33224.9
18.430,74.80,0.072,37015.38462,29967.8,17031.3
22.990,75.90,4.920,38344.77876,23242.8,15144.3
21.870,65.33,0.083,41662.31947,34020.7,19649.4
14.090,90.50,0.070,25978.90205,16222,12858.2
18.380,73.40,4.916,23957.52212,13281.1,9519.59
22.370,53.52,4.906,32693.27414,23246,17280
33.110,23.48,4.916,46902.85714,30239.2,38867.9
8.960,92.70,0.082,22643.34601,18635.2,8343.82
21.520,49.93,0.079,36259.67213,22305.9,21833.2
24.950,41.57,0.072,31538.36066,19326.3,18008.7
31.160,38.91,4.934,34918.00222,20246.7,16636
15.160,63.61,0.081,32476.59574,20315.9,15625.2
28.250,52.58,4.910,49907.24252,31131.6,43332.6
14.690,55.07,0.082,21864.61538,16824.8,9837.11
26.230,80.70,4.918,38018.55716,25291.2,29498.2
20.290,51.40,0.089,33468.76211,19591,18286.5
16.860,90.00,4.914,23033.69803,13208.7,9197.33
23.030,74.10,4.910,25648.90365,15858.2,19738.2
16.690,62.82,4.920,22104.30380,13294.8,14469.4
24.270,76.80,4.911,29081.28746,19338.1,18658.3
20.950,67.25,0.079,32256.00000,20244,19880.2
21.400,67.47,4.923,35252.45902,22703.4,17670.6
17.300,64.93,4.923,30690.59081,19083,11204.9
25.140,54.05,4.924,37395.39823,22011.6,16544.6
24.460,82.90,4.919,42724.78405,27064.6,32866.9
22.340,71.20,4.905,41592.18646,28400.8,29377.8
22.200,57.63,4.904,28978.60465,19632.9,21334.9
19.470,87.40,0.073,31932.07877,23963.9,11677.6
13.050,55.01,0.083,43633.22034,25641.3,24695.6
18.380,84.10,0.172,31037.19912,19262.2,13597.6
23.690,38.52,4.924,36866.52079,22716.6,13854.3
22.070,75.00,4.918,28501.19205,17479.8,20936.9
22.760,84.20,4.919,38406.35762,22269.9,29721.6
18.220,70.10,0.081,29789.40919,25745.2,16112.8
13.950,64.85,0.081,31527.45763,19123.4,14721.3
19.140,66.01,0.083,38990.76923,32723.6,17407.2
19.850,84.70,4.911,26168.49558,18430.4,8019.28
18.740,90.30,4.914,22221.63934,12564.7,9893.44
21.790,46.03,4.922,44544.00000,24824.8,26298.9
21.450,74.40,4.912,35288.79023,23687,24653
14.970,56.71,0.080,22442.03390,12036.5,12897.8
17.300,87.50,4.918,28869.24590,18583.3,12977.5
15.240,64.65,0.081,22886.69202,18716.2,6978.15
24.520,88.70,4.918,29822.86349,18460,18574
16.580,71.60,0.073,32658.22785,20538.6,15452.5
13.830,68.78,0.077,34126.77966,20214,19595.6
16.930,73.00,0.074,35052.15190,20447.4,16649.6
23.920,50.65,0.073,35088.78689,21154.2,17898
20.110,69.65,4.917,43257.21854,26356.3,27275.8
18.740,85.10,4.915,25541.88184,16405.4,11175.7
18.030,66.89,0.114,26966.12691,16394.2,11881.8
12.550,69.59,4.923,41401.51899,25265.7,25573
13.630,74.70,0.087,38518.46809,22964.6,23254.8
14.380,65.87,4.916,31759.32203,19973.3,15566.5
10.000,82.10,0.071,23052.25532,13423.2,14011
13.700,69.41,0.071,25999.32203,17135.6,12266.8
29.650,49.62,4.911,40371.02990,27968.4,29703.8
20.680,67.37,4.910,24736.74419,16465.8,19997.3
17.420,72.30,0.076,22544.10596,13846.2,11756.3
22.520,50.76,4.912,28130.23256,19344.3,20328.7
7.900,87.30,0.084,24081.70213,14326.8,14620.6
20.690,79.40,4.923,45563.89381,30753.4,16626.9
11.760,56.99,0.090,22918.48101,13885.7,13995.2
20.370,78.30,0.081,45077.98687,28064.3,19357.6
14.130,83.50,0.079,21329.27757,16926.7,9478.99
18.250,72.30,0.072,38344.61538,31619,21808.2
22.060,75.80,4.920,39859.71143,23569.2,21047.8
15.170,57.28,0.079,24406.77966,14629.8,14906.5
21.220,57.94,0.085,27085.86433,21122,9979.33
26.400,63.39,4.905,28052.03108,21094.4,17912
9.210,76.70,0.081,22067.84810,13750.8,14012.5
26.030,41.98,4.927,39188.45727,26644.6,24279.9
11.720,82.80,0.085,24826.32911,16154.4,11629.9
22.260,71.40,4.917,35877.11160,23228.2,12249.5
6.817,87.00,0.090,21262.35741,15807.3,9352.22
25.320,36.08,4.918,34364.63895,21047.3,13381.6
11.830,49.45,0.087,24789.87342,15297.3,11722.4
7.200,78.80,0.085,21225.85551,16867.8,9709.48
18.770,42.44,0.086,35325.56962,22263.8,16580.2
19.470,58.74,0.071,33915.17761,20764.2,17960.7
14.790,71.10,0.072,25293.63934,15187.6,15262.8
21.570,64.38,0.073,30824.61538,25687.2,10907
31.840,54.19,4.910,37653.68771,25720.3,31625.8
26.350,61.12,4.901,29950.72142,24382.7,21691.8
22.050,43.39,4.909,29611.89789,20782.7,20415.8
33.730,22.08,0.639,31752.39344,17892.3,17052.6
20.870,62.31,0.074,29175.38462,23876,11635.7
21.970,77.30,0.069,28990.72848,17820.4,13469.5
34.940,24.01,4.906,41442.65781,30057,31167.9
10.310,82.90,0.075,28360.67797,16566.6,16851.6
14.970,78.30,0.082,37974.14449,31485.7,15731.1
10.730,65.84,0.079,33418.98305,20772,16405.9
8.870,81.10,0.084,24473.92405,14403.6,14452
15.860,86.40,0.077,33350.95802,18289.6,18688
9.140,87.70,0.084,26937.19149,16320.7,12727.7
9.880,86.90,0.076,22710.50847,12368.4,13650.3
16.020,85.00,0.067,28539.59096,16016.7,19322.2
25.070,75.30,0.321,32278.93805,20675.7,16750.5
6.243,63.37,0.081,21111.86441,13258.4,11022.2
25.840,74.30,4.921,37207.17608,24413.9,23576.2
25.470,46.35,4.908,32040.39867,22374.7,27938.4
12.810,56.76,4.918,34791.86441,21176.9,16845.8
19.640,88.90,4.912,27646.72566,17214.1,9631.38
19.310,91.40,4.917,23480.65574,15113.3,10610.5
23.850,45.87,0.080,35856.95364,21817,21628.1
9.520,74.80,4.924,22849.23077,19885.5,7390.84
15.170,87.10,0.072,22615.38462,16720.7,10305.5
19.940,85.20,0.066,25214.30464,13958.4,15572.7
10.580,81.60,0.082,38321.01266,24977.5,24532
5.514,93.00,0.081,23780.98859,16514.3,7681.15
21.340,81.20,0.081,31295.57987,26637.8,12529.6
14.720,84.40,0.071,39464.37029,21684.3,26141.1
15.550,55.59,0.085,34118.80851,20089,16443.9
20.550,88.30,4.920,32023.31126,19661.5,24818.2
13.780,69.62,0.076,34248.81356,20801.2,19375.6
29.050,50.88,4.907,49442.66371,36201.5,37960.6
23.440,63.68,4.904,35819.40067,23759.2,25802.6
15.720,58.01,0.082,43498.98305,26531.3,25234
15.930,60.71,0.083,37268.44106,29887.7,16336.1
10.360,77.60,0.083,31643.38983,19262,15595.4
17.240,58.82,4.919,35000.65574,21919.5,21314.3
12.270,78.80,0.077,34293.53612,28819.9,14538.3
20.670,70.60,4.925,29600.35011,21349.8,11204.9
16.600,83.50,0.065,24242.84177,13340.5,14528
25.870,87.80,4.910,22873.78468,16791.1,16551.7
11.700,83.20,0.082,24669.95745,14959.8,14835.5
13.450,61.75,4.917,33524.42553,19737.8,20514.2
12.330,76.60,0.087,26276.51238,17090.8,13114.2
12.970,81.70,0.083,40418.04255,22803.7,24201.3
24.110,56.32,0.070,36238.41060,23688.1,18160.2
11.790,78.00,0.086,31507.22433,24364.5,9092.92
20.470,72.80,0.072,39003.07692,32414.9,17418.8
10.630,81.20,0.073,42449.49153,25185.4,24736.2
27.740,72.80,4.906,31024.72808,21318.7,21908.5
27.110,51.28,4.906,39699.88901,25523.1,23274.7
12.540,66.19,0.076,40401.52091,34052.2,16578.2
15.550,71.90,0.074,31298.68676,17259.5,22062.5
13.640,86.40,0.081,23606.15385,18401.7,8582.17
25.810,88.80,4.907,35634.00666,25268.4,27975.4
23.100,64.48,0.068,40575.71587,28450.3,31291.8
22.810,77.00,0.068,29423.04636,21959.3,15560.9
17.790,68.26,0.076,31884.41065,25955.2,9657.62
24.320,86.60,4.919,37436.81063,24649.4,29938.7
13.670,80.20,0.079,22479.08745,17604.2,6914.77
24.160,86.70,4.915,29246.51163,19708.9,23136.4
14.740,69.56,4.919,33575.38462,27119,14683.4
26.850,61.85,0.325,32259.82301,21330.6,16173.9
13.520,55.04,0.080,20696.57795,15689.5,9588.48
23.330,56.55,4.923,28742.46393,18536,19001.4
15.000,54.92,0.085,31397.71863,26076.7,9588.48
13.430,66.96,4.914,38788.86076,23664.4,24543.6
27.620,33.89,4.916,35793.37748,22995.8,18337.5
13.220,75.60,0.083,43133.16456,27311.9,25555.7
11.230,66.01,0.089,35714.43038,22953.2,17950.8
13.840,66.49,0.083,30886.77966,19032.2,18733
20.180,55.86,0.090,32045.51422,19206.2,9436.6
27.390,37.98,4.921,44804.25249,29088.6,38777.6
26.590,77.90,4.925,35122.57492,22333.7,26819.8
19.610,44.05,4.909,24280.22198,15806.5,16244.8
14.840,58.85,0.078,21450.95057,17493.7,9611.52
8.960,76.50,0.082,22310.88608,14148.3,14920.5
20.440,89.30,0.063,37077.61589,22262.4,23116.8
16.470,77.50,0.073,32699.93541,15074.5,17786.2
21.530,75.70,4.914,26225.84071,14890.2,12767.3
8.580,87.20,0.075,22788.76596,13463.4,13999.4
19.000,70.20,0.073,23883.07692,18769.8,11508.4
24.120,52.03,4.924,33292.03540,18621.2,14191.1
20.550,78.30,4.915,27621.23894,17476.1,8131.07
11.870,83.20,4.919,30508.47458,21085.7,15844.3
8.880,51.48,0.096,34376.94915,20939.8,22698.5
16.340,50.08,4.915,30320.00000,25657.4,9958.55
21.280,77.10,4.912,26149.38053,14875.3,12549.6
9.980,75.10,0.084,22298.73418,13845.6,14105.1
21.570,87.00,4.911,33432.21239,21618.7,12837.9
20.030,73.10,0.080,40370.86093,24758.4,24381
20.120,70.80,4.917,25856.98031,14575.5,12395.4
25.180,26.63,4.923,31639.08197,20355.4,15577.7
29.100,47.88,4.910,37302.85714,26005.1,27685.4
20.450,66.34,0.073,28609.23077,21901.2,16441.4
21.390,67.37,4.902,25432.02658,16355.7,17424.6
20.030,73.10,0.071,27403.07692,19848.3,15730.1
18.170,79.90,0.070,20215.38462,14426,7645.3
22.340,67.96,0.068,32193.04918,20600.6,16213.1
22.050,70.60,0.065,44567.52735,25786.3,19468.4
19.260,82.50,4.917,31827.93443,20875.5,14761.5
17.750,80.10,0.082,41359.82495,34095.4,19789.4
12.050,83.50,0.077,20978.46154,14582.2,9617.35
16.040,65.13,0.082,38776.14639,21746.6,25041.5
11.020,58.11,0.077,20245.78723,12102.4,10248.4
19.990,87.90,0.068,27262.31947,16685.5,11391.6
8.470,85.00,0.089,24291.64557,15005.5,11589.4
21.300,72.20,0.069,26141.53846,21183.5,11363.9
9.400,84.40,0.077,23258.73418,15176.9,14712.3
23.200,69.83,0.073,34776.15894,18741,16653.8
22.860,25.59,0.088,32699.93541,18399.6,17704.7
26.890,77.00,4.908,31779.08990,21364.3,21890.4
9.260,86.80,0.083,29733.55932,18795.1,18924.1
10.680,80.50,0.084,21946.32911,13918.5,14099.3
17.440,71.40,0.087,40282.79871,22325.9,26123.6
13.360,85.70,0.084,23209.12548,19386.3,10072.5
20.570,53.94,0.079,28313.84615,21663.2,11230.8
24.120,37.95,4.919,32519.48936,22112.2,15979.4
6.536,87.40,0.082,25393.15589,20122.7,7854.02
19.010,81.80,0.070,22953.84615,17933.1,10114.7
19.790,74.70,0.066,36578.46154,29588.4,17170.1
22.460,49.70,0.087,31987.69231,26624.4,11068.9
14.290,49.08,0.082,38606.58228,24167.8,19408.2
16.750,54.71,4.918,29358.98734,16756.2,16481.9
21.140,81.20,4.917,22092.71523,12974.2,13717.7
26.970,82.40,4.908,31184.55050,22683.4,24261.8
18.130,79.30,0.074,36655.67277,17039.5,17448.7
16.010,69.95,4.916,43114.21277,25350,25083.9
26.530,53.68,0.071,49730.34406,33160.3,38995.9
19.600,57.89,4.918,32006.15385,26706.2,10560
18.860,90.80,4.919,22574.16393,13434.1,10610.5
22.040,72.40,0.068,24985.43046,13861.1,13959.9
34.730,29.38,4.907,37353.88704,25169.6,27528.7
9.960,76.90,0.083,31787.07224,27295.5,13449.2
26.430,77.80,4.913,49046.11296,31572.2,43971.2
21.670,72.20,0.067,45071.68490,25887.1,19526.8
12.100,82.30,0.084,34584.51064,20773.2,20647.7
19.740,67.71,4.922,28935.38462,21860.3,18777.8
24.800,89.00,4.920,44858.95671,27020.9,25062.3
10.560,67.31,0.083,22598.80851,12885.4,13482.6
19.550,69.25,4.921,28929.23077,21607.4,18737.3
18.540,72.30,0.075,26388.98361,16019.8,15851.7
26.770,74.00,4.902,41342.86349,29799.8,26783.7
13.640,67.42,0.084,40899.66102,24787.8,25372.9
24.690,35.34,0.083,34547.28477,19541.8,16647.9
24.870,66.03,0.072,34445.56291,21521.4,16854.6
23.100,71.20,0.075,37288.75274,23560.6,12395.4
27.410,63.20,4.908,40785.64784,27330.4,27570.9
14.670,68.58,0.083,35479.14894,21556.1,19718.7
22.440,75.60,4.911,25494.87236,16327.3,14986.8
20.300,73.50,0.076,24399.73770,15183.9,15047.1
20.480,85.60,0.065,44846.62252,25589.2,25657.1
12.600,65.98,0.083,29322.53165,13889.4,14648.7
19.190,69.18,0.076,36529.23077,29941.7,17112.3
27.210,35.58,4.925,46264.77876,26928.9,19815.8
15.370,37.97,4.914,29563.07692,24902.5,9333.98
26.310,73.70,4.908,34802.93008,23960.7,22052.9
15.440,64.93,0.074,32336.20253,21443.2,16632.3
5.572,85.70,0.084,20848.66920,16278.6,9490.52
18.840,55.86,0.082,38565.33907,21119.8,25146.2
16.620,66.89,0.073,38444.93617,22876.8,18174.2
21.510,70.70,4.921,36265.96721,22744.3,18346.9
9.870,88.00,0.084,23236.08511,12468.3,13796.1
14.900,85.20,0.076,36412.30769,29904.5,21443.9
16.350,73.50,0.075,33733.67089,20925.2,16158.1
18.290,45.13,0.078,37489.02128,22679.3,18063.9
21.420,71.00,4.915,40205.56291,25342.2,30206
13.820,66.62,0.085,37665.76271,23679,23034.2
23.710,76.60,0.273,46054.51327,28313.5,23440.1
15.360,81.00,0.074,21753.84615,15958.3,10484.8
22.290,50.22,0.079,40243.70861,24522.7,22573.3
18.300,80.60,4.925,33100.88496,19564.2,15238.4
23.740,57.21,0.070,35170.33113,21139.7,17870.8
23.880,64.73,4.923,32635.75221,22704,13443.9
18.700,58.49,4.918,31667.69231,25594.2,9837.11
22.020,78.70,0.084,45863.84106,25596.7,27476.7
15.560,64.22,0.077,23601.35593,14235.9,14663.4
13.680,74.30,0.073,42791.18644,24459.6,25413.5
19.360,69.79,4.920,24524.60177,13150.1,9619.61
27.360,34.41,4.927,32221.59292,18131,16215.1
27.510,73.20,4.905,40876.18202,31544.7,27873.1
8.300,86.70,4.918,25867.68061,20340,7663.87
29.970,40.85,4.907,47808.63787,31963.3,42796.3
14.690,73.20,0.076,44603.54430,27133.1,25856.4
20.870,70.90,4.917,28997.74086,19131.6,21636.2
17.260,52.82,4.921,37778.46154,32511.6,15585.5
10.040,84.80,0.078,23272.85106,13803.7,14225.8
17.970,86.90,4.915,24836.06127,13836.1,11870.2
27.720,46.12,4.903,48038.27243,32612.7,37217.1
11.830,65.41,4.916,32424.40678,20028,15132.3
14.770,57.64,0.079,22454.23729,13480.9,14466.6
15.250,72.70,0.070,23362.41119,12724.6,16011.6
15.260,56.34,0.081,33149.80989,26883.1,14866.7
29.390,33.38,4.909,50755.61462,35008.9,47429.6
13.320,55.71,4.919,25062.12766,13192.7,12611.6
6.845,85.30,0.093,28368.60759,18496,13283.9
24.620,87.10,4.920,38932.74140,24185,23124.3
12.730,83.50,4.916,18526.24327,10253.8,10164.4
24.330,85.40,4.914,33092.89037,21877.2,26474.3
17.160,61.32,0.074,34057.53191,20732.9,17761.9
20.700,89.70,0.067,23179.86755,14332.6,12819.7
11.250,67.75,0.089,31643.54430,18860.8,16603.4
21.420,69.60,4.920,34578.90591,22275.9,12838.9
18.520,66.81,0.075,31433.84615,24515.7,17482.4
22.870,51.68,4.920,31025.87729,17897.4,17832.7
20.570,70.90,0.078,26766.68852,16450.8,16265.6
19.790,60.79,4.924,36889.18033,23442.7,19483.7
19.640,75.30,0.104,27684.55142,18362.2,9815.93
25.850,51.20,4.920,30330.89701,20327.8,20961.3
13.610,75.20,0.072,42571.52542,24766,25205.1
17.350,61.93,4.924,29889.55752,15769.6,14667.7
10.350,77.40,0.088,32584.03042,25800.6,9674.91
9.910,85.70,0.087,36195.25424,23022.5,22762.1
19.060,44.06,0.083,33370.16949,20947.1,16047
17.890,87.80,0.072,23489.23077,16988.4,8934.94
9.510,62.40,0.081,22025.31646,13550.2,14313.3
21.510,77.30,4.917,41006.62252,23115.6,27990.6
19.010,87.20,4.914,43184.26230,26192,24485.8
17.770,67.06,0.079,23707.27869,14095.4,15414.4
24.810,62.29,0.072,33720.79470,21106,16281.6
8.650,89.40,0.081,24492.20339,14753.8,13719.8
28.080,41.11,4.903,39591.20977,26370.9,24809.5
14.270,77.30,4.915,23078.23009,11761.7,10672.8
5.524,87.70,0.088,24443.54430,16117.9,13301.2
14.130,89.80,0.258,29339.41873,17442.8,14801.5
27.190,65.99,4.921,37737.26970,23428.5,21764
15.340,66.83,0.071,31874.43038,21045.6,16458.8
28.650,62.85,4.908,39139.93355,28070.9,33529.7
20.460,69.02,0.275,25677.87611,16061.5,10502.1
15.170,58.21,0.080,22765.42373,13178.1,13858.7
16.190,82.00,0.072,24304.84392,13373.5,15447.3
27.620,34.94,4.907,39482.53052,25990.7,22787.2
30.060,51.77,0.068,35386.49007,20020.8,22803.7
14.400,86.40,0.070,23790.22605,13113.2,15429.8
28.230,42.51,4.909,38642.39203,24835.4,33511.6
11.390,85.20,0.082,22156.65399,16790.4,8280.43
18.560,60.65,0.081,32672.68085,21032.9,16182.6
18.310,86.20,4.922,35856.78689,22057,21757.4
20.040,78.50,4.909,28282.17536,17977.2,18188.8
13.680,78.40,0.084,20781.74905,15339.7,9732.53
10.930,53.59,0.086,36723.03797,23963.5,23334.9
22.640,75.20,4.917,29130.59603,16080.2,15330.5
11.810,71.90,0.081,20282.55319,10920.7,10892.9
23.220,47.37,0.071,46550.46358,28395.8,28935.9
10.900,76.10,0.082,29796.45570,19772.6,14035.7
18.840,63.45,0.083,24147.93443,14455.7,14557.4
28.700,74.80,4.903,38005.77137,29020.5,29341.7
8.360,90.10,0.083,21025.09506,15431.7,9455.94
13.340,74.60,0.085,42130.63291,26618.8,25573
16.490,60.45,0.087,31914.82890,25561.2,9553.9
20.440,81.70,0.068,22416.95364,11885.2,11543.6
22.520,52.84,0.084,30443.07692,26315.7,11311.8
19.820,61.19,0.085,34808.00861,19400.4,19275.6
8.220,86.30,4.915,24815.20913,19636.7,7243.22
19.240,68.06,0.150,26837.52212,15885.7,14385.3
10.370,89.30,0.072,22892.93617,12841.5,14609
20.570,67.76,4.923,34081.57377,21120.7,17151.7
7.370,59.83,0.086,22356.61017,13521,13088.8
25.650,89.30,4.912,28870.32186,20155.4,22335.8
25.280,60.09,4.905,46500.99668,30740.5,43386.8
6.573,63.64,0.084,22631.18644,13506.4,13980.3
18.920,75.70,4.918,30065.31148,19597.5,13846.2
15.520,86.40,0.073,23455.41442,12937.3,15156.4
8.560,88.50,0.087,26177.36170,16500,11218.1
19.560,57.99,4.905,28710.49945,19718.3,21306.6
30.920,34.68,4.915,45046.64452,28484.8,34192.5
7.660,88.60,0.085,21758.64407,12627.4,13887.7
15.180,69.66,0.075,24590.05382,13905.1,16535.3
19.240,88.80,0.079,37263.54486,25162.7,12197
22.180,60.85,4.920,40899.82301,22617.9,21292.6
24.590,51.65,0.287,40154.33628,26794.2,13402.7
15.760,87.40,4.917,25457.31148,15778.3,15379.4
22.230,71.50,0.068,33104.24508,18336.1,12272.8
10.630,79.40,4.916,36298.98305,22201.8,22681.1
20.740,54.51,0.076,31447.49193,16196.3,19083.6
16.430,89.40,4.910,26162.36066,17283,11840.6
12.980,70.60,0.079,35090.84746,20936.2,21870.6
24.740,65.55,4.904,31472.23085,22181.6,22077
35.440,28.61,4.908,41899.04550,29784.6,28053.7
23.130,42.84,0.085,34721.20560,22160.9,17931.6
10.130,84.20,4.914,22460.33898,13823.7,10524.3
34.250,34.62,4.910,42342.05980,30026.6,33945.4
12.570,49.44,4.922,42620.33898,25258.4,24655.1
16.200,85.80,0.069,34938.21313,19143.8,20101.8
14.180,74.80,0.073,46165.78723,24954.9,24752.9
9.770,85.90,0.079,22272.24335,17799.3,10066.7
19.770,69.41,0.070,36800.00000,29402.5,17522.9
22.910,74.80,4.911,36001.59468,24319,30499.1
21.800,79.10,0.072,29791.78808,19695.2,14166.6
24.490,75.50,4.909,29893.18535,20068,19892.2
18.600,80.50,4.914,25214.17943,15718.3,10784.7
20.440,43.10,0.087,32381.53846,24582.6,13364.8
20.980,86.50,0.066,42507.01987,26345.1,25485.8
20.280,68.55,4.917,46205.90164,27666.9,26234.8
18.280,70.80,0.078,25545.44262,14990.7,14977.2
15.480,87.30,0.074,19390.76923,13340.1,7240.48
24.220,87.40,4.914,30668.97010,20924.1,24305.3
28.630,42.85,4.907,39335.49390,26906.9,26801.8
14.960,69.84,0.082,29661.82992,16863.5,19578.2
27.130,64.09,4.926,37213.05216,23135.8,21414.9
15.960,72.90,0.081,37661.53846,30101.7,16221.7
12.400,78.50,0.072,34578.46154,28911.6,14920.5
24.010,54.38,0.086,45109.49672,29027.8,19806.9
16.220,53.12,4.917,30898.46154,24132.6,11236.6
17.790,63.72,4.916,35392.40506,20899.7,17199
11.950,82.30,0.076,43272.91139,26294.2,25035.2
13.160,53.67,0.087,34645.78723,20495.1,20972.9
11.480,88.20,0.081,19716.68461,10103.5,11269.8
20.620,88.40,0.069,37471.78808,23467.4,22833.2
15.050,66.66,0.082,41461.01695,23883.3,25668.2
9.210,85.00,0.080,19747.52852,15324.9,8147.9
21.490,48.95,4.902,24056.47059,15916.8,16798.5
16.110,68.28,0.085,37991.48936,23224.4,21582.6
15.570,81.20,4.910,44364.25532,26261,25623.9
14.550,62.88,0.081,30953.89831,18944.7,15277
31.410,38.28,4.928,34662.28635,20269.5,16738.3
20.310,89.10,0.077,46729.10284,28986.7,19474.3
15.350,82.80,0.073,37598.10549,20122.6,23994.2
21.730,90.20,0.313,24403.53982,14478.6,9843.19
12.430,76.40,0.083,27605.10638,16580.5,11746.5
23.030,69.68,4.920,32054.55738,20043.3,15175.4
20.300,66.94,0.069,34061.53846,26773.1,19159.5
12.870,70.40,0.083,18500.38023,13837.4,7998.08
23.100,48.45,4.924,32104.71475,18813.8,18717.1
13.780,82.80,0.084,23483.07692,16583.1,13769.6
25.100,69.95,0.067,49027.12542,32400,38682.9
12.930,56.53,0.082,33782.27848,21756.8,17788.9
14.150,83.70,0.085,22892.93617,13704.9,13970.3
16.370,79.30,0.075,34113.58450,16636.3,18647.3
25.420,69.06,4.911,46928.37209,30148.1,38199.2
16.240,86.60,4.921,26137.18033,16398.8,15595.1
7.440,89.10,0.082,21270.50847,13302.1,13424.6
13.010,53.92,0.082,33016.70886,20739.2,17465.1
13.100,77.90,0.077,36364.55696,23059,23635.7
27.060,39.53,0.078,31135.47541,18312.1,18311.9
21.220,78.70,4.918,44430.68852,27072.4,26333.9
25.750,44.78,0.294,36904.77876,19889.8,15603.2
8.240,54.46,0.091,22496.94915,13327.7,14918.1
22.760,83.70,0.057,31625.78073,20946.8,25004.2
26.170,57.73,4.908,49570.52164,33323.8,36299.4
24.210,85.90,4.915,30082.12625,19678.5,23570.2
13.660,75.60,0.073,26054.23729,15399.4,16637.4
15.830,58.16,0.078,32047.65957,19752.4,15578.7
24.510,68.65,4.922,35882.38411,20488.6,23412.2
23.110,57.13,4.919,33381.23894,18303.1,13761.6
25.070,93.10,4.908,24881.15427,16095.5,16497.6
25.450,80.70,4.916,36875.48173,27474.7,35493.9
25.400,67.89,0.270,35203.53982,21469,15809.1
9.030,85.40,0.083,18263.11787,13185.6,6223.29
12.750,72.00,0.081,25491.06383,15168.3,16734.2
23.910,45.57,0.069,46080.00000,28118.9,28752.7
18.380,83.40,4.916,21478.81967,13062.5,11560.8
9.700,79.00,0.084,27625.85551,23484.5,12112.4
25.650,84.60,4.924,38472.45283,24029.1,19657.4
21.470,66.70,4.918,35277.63934,22878,17845.5
4.785,86.40,0.083,25423.57414,20196.4,8084.51
18.370,74.50,0.068,47036.85246,27804.3,26392.2
24.880,85.40,4.916,28481.06312,20559.5,25389.8
25.960,39.41,4.918,30766.21444,21674.7,12763
18.720,87.50,0.067,25281.04918,14752.9,15490.2
15.150,75.70,4.916,29363.74468,17282.9,13889
9.370,84.60,0.089,21332.65823,13739.8,13948.9
21.790,41.84,0.073,32699.93541,20393.9,16750.5
18.080,65.78,0.087,22529.54048,18997.1,8800.49
10.970,54.72,0.086,39214.17722,25925.8,24520.5
19.570,44.96,0.083,31756.65399,24563.4,9490.52
25.010,46.28,0.072,31412.45902,19530.7,17909.6
17.440,87.10,4.914,29020.56893,19404.1,9115.62
19.960,89.20,0.276,26443.06346,16476.3,12056.9
14.290,51.11,0.092,39847.90875,34457.2,16174.8
20.030,58.19,0.072,33363.93443,18969.7,18580.1
26.900,60.79,0.307,32387.25664,21644.9,16309.2
22.870,81.20,0.276,31291.32743,18778.4,13955.8
15.410,87.20,0.068,25583.21311,15811.8,11799.8
23.000,60.79,4.923,26140.55494,16658.1,14890.5
15.610,72.20,0.073,36407.66416,19939.3,25262.5
16.200,70.80,0.081,44915.74468,21954.9,25734.2
34.020,30.18,4.907,40237.07641,27030.4,27775.7
31.190,45.46,4.920,41110.96346,28386.1,30794.3
14.680,78.00,0.072,39809.23077,33954.5,16522.4
10.310,79.20,0.076,24972.15190,16785.4,16586
25.790,61.07,4.920,41992.05298,26715.6,32882.2
12.040,86.60,0.087,23260.59574,13858.5,14388.4
14.300,64.65,0.083,22570.16949,13914.9,13789.3
22.010,53.01,0.082,43687.86885,24828.5,26007.4
16.390,77.60,0.070,30910.72848,19313.5,18538.3
27.300,53.69,4.904,38342.59136,31363.3,26118.8
29.030,48.12,4.923,38926.34850,26363.3,25507.7
27.750,79.10,4.903,41023.21865,32734.5,38628.7
9.860,86.70,4.921,33144.40678,20031.6,15942.8
27.310,74.70,4.921,37513.51831,24082.4,26687.4
23.030,59.92,4.923,44743.98249,24927.4,19427.6
23.450,40.49,4.921,42844.32787,24256.3,25476.9
22.130,80.40,4.911,21719.60133,12611.4,15611
27.250,70.40,4.912,33603.18937,24383.5,29155.5
26.690,43.81,0.303,37949.73451,23931.4,14726.5
13.570,60.31,4.926,39762.38298,23268.3,23783.2
19.970,76.10,4.922,46155.54098,27429.1,26194
14.980,69.80,0.076,22116.45570,13583,14955.2
13.020,57.04,0.081,24083.38983,14458.4,14808.1
24.580,50.42,4.978,36501.00656,22010.8,12004.4
18.250,70.50,4.915,44915.74468,22507.3,24363.9
21.820,61.06,0.104,37900.04376,23769.7,17385
32.150,35.05,4.907,40428.43854,30550.6,31300.4
18.240,63.42,4.918,34231.89873,20615.2,16620.7
24.900,60.72,4.907,25565.98007,17024.1,18292.2
12.580,85.70,0.079,23982.43272,12680.7,16570.2
10.520,87.60,0.074,25956.76596,14904.9,16008.4
15.430,61.66,0.081,31298.68676,18733.2,19857.5
25.780,37.44,4.918,29178.21313,17211.8,17355.6
21.560,45.55,4.921,26780.17699,14527.2,12826.1
21.100,82.60,0.070,45431.52318,27737.2,27264
16.040,86.30,0.082,24658.25619,13523.8,16232.7
14.150,41.52,0.076,29712.54753,26430.2,12077.8
22.130,88.90,0.285,29551.85841,18291.9,12979.1
11.140,83.10,0.077,23735.38462,17988.8,10450.1
14.280,46.60,0.084,42516.61017,24383,25315.1
24.270,93.50,4.922,25271.12098,15875,17599
18.610,87.80,4.916,26302.30088,14942.6,11914.2
14.170,69.53,0.083,42217.62712,24623.7,25847.6
22.580,82.90,4.915,27878.14570,17307.7,20298.8
22.300,70.30,4.921,27112.27525,15818,14992.9
10.980,85.80,0.079,23089.02128,13361,14225.8
19.060,85.00,0.068,26401.57377,15856.3,12557.7
11.670,88.70,0.085,22953.19699,12207.7,13218.9
24.960,53.61,4.920,33729.04918,21187.6,17175.1
17.230,86.10,4.916,26136.63717,17842.8,7601.55
11.490,75.80,0.080,23662.37288,14688.1,11548.9
19.420,79.30,0.071,29228.53392,22981.7,9570.82
24.250,85.90,4.917,28991.36213,19139.2,22654.4
24.900,41.34,4.218,29284.72131,17234.7,16662
24.340,41.04,4.920,36851.74468,19672,16031.6
26.840,74.00,4.913,37455.94684,25427.8,33174.2
25.440,39.73,0.081,45097.96721,26544.9,25284.5
29.280,38.83,4.923,33046.88742,20533.5,19755.3
9.980,72.70,0.086,26600.50633,17376.3,17251.1
17.800,75.60,0.067,32054.55738,19813,19343.8
14.230,38.25,0.078,30576.42586,26360.2,10130.1
15.020,87.20,0.070,22915.99569,10968.6,15051.6
21.710,67.26,0.297,34164.95575,20780.5,16685.8
13.360,73.70,0.100,20664.30380,12904.6,14267
13.620,61.50,4.918,31972.88136,19433.4,15595.4
17.100,78.30,0.082,27192.99781,17652.7,9197.33
25.060,77.10,4.911,32773.95349,21994.9,21822.9
20.870,89.60,4.917,30287.68212,18703.5,22975
24.570,41.25,4.919,31667.74468,21625.6,15456.8
14.380,89.10,0.076,21992.16362,12585.3,11345.5
26.700,66.12,4.974,43257.34513,26225.4,18974.5
14.250,74.50,0.071,44597.10638,26608.5,24903.9
14.130,68.98,0.073,35676.61017,21931.9,16440.6
30.300,65.22,4.904,41649.72253,32004.6,29341.7
13.610,52.44,4.921,25681.02128,13434.1,12971.6
15.570,85.90,0.081,23495.38462,19015.3,11022.7
20.300,80.40,4.916,40509.05908,25117.8,17945.3
14.410,91.10,0.068,21138.88525,12817.3,11088.6
23.980,78.10,4.924,37044.95575,23209.1,14214.7
19.170,79.60,4.915,26524.98906,16431.5,11549.2
12.020,71.80,4.918,18996.92308,12905,6610.12
28.440,36.46,4.920,38438.14570,23437.4,19968
17.000,29.62,0.087,35957.46835,21702.1,16933
16.840,37.18,0.082,31606.77966,18167.8,16093.3
15.160,60.79,4.921,25920.00000,13759.8,14614.8
15.320,65.52,0.080,23717.28814,14370.8,14947.1
15.900,83.40,4.915,23361.40044,16760.2,10703
24.890,67.66,4.912,34016.60377,22280.5,19621.3
16.520,63.75,4.923,23969.62025,14742.9,15007.2
17.780,88.50,4.916,28749.58425,16924.5,12669.7
28.980,58.83,4.911,40479.46844,28351.9,29667.6
20.290,65.72,4.922,28658.46154,21045.9,11930.6
10.620,80.90,0.087,38242.02532,24269.9,23583.6
25.250,61.12,4.903,26873.62126,18121.5,21618.1
17.230,72.00,0.083,29547.57447,19093.9,13680
11.510,85.90,0.072,26545.02128,15409.8,16124.5
13.960,87.40,0.082,20670.76923,16244.6,7974.94
15.640,75.20,0.075,32955.13308,27078.2,12429.3
15.370,77.30,4.912,26084.05063,16030.4,11849.6
14.710,63.97,0.080,27918.98734,18835.3,17829.4
24.840,65.53,0.069,34165.82781,21304.4,16435.2
10.340,66.58,0.084,21508.08511,12614.6,12942.6
21.940,69.54,4.925,34685.90164,22484.2,16796.1
23.070,75.40,4.916,32578.40708,17943.9,13443.9
15.000,86.70,0.077,44678.75135,24140.5,28637.1
12.730,74.50,0.073,26067.69231,21878.9,11225.1
25.650,78.20,4.914,43069.23588,30292.4,40416.4
21.000,71.00,0.084,40364.11379,33109.5,19468.4
23.100,49.46,4.914,23626.84385,15030.4,14574.7
18.010,88.30,0.224,25923.14754,15696.6,15968.3
14.640,86.60,0.074,22098.46154,16404.5,10288.2
20.760,72.60,4.916,30299.00332,20301.3,23299.1
10.500,78.00,4.919,25454.29787,14593.9,12751
26.290,35.91,4.921,42957.87611,24477.8,19186.3
20.650,83.80,0.066,42685.03311,25001.7,26903.6
3.778,78.80,0.081,25409.62025,15614.6,15117.1
15.850,76.00,0.081,39086.15716,20738.5,26926.5
14.870,87.10,0.075,25954.10118,13934.4,16878.5
13.030,74.60,0.084,25169.49153,15672.9,11195.8
17.480,86.60,4.919,28164.19672,17557.9,17035.1
25.620,64.72,0.261,34872.21239,21139.7,15691.4
25.500,42.95,0.273,36165.66372,22636.6,15456.1
13.900,49.85,0.078,36309.87342,22599.4,17748.4
23.190,58.86,0.072,33275.80328,22298.5,16895.2
7.160,80.90,0.085,31430.88608,18124,15996.1
21.190,62.54,4.918,45736.68874,27651.1,27831.1
23.560,65.79,0.054,35577.21854,18621.2,23359
16.990,86.10,4.917,25444.72131,15596.3,15047.1
27.420,57.72,4.914,47317.47508,30691.1,42187.8
12.080,62.70,0.082,33211.91489,20568.3,16478.7
7.840,86.30,0.090,31898.73418,20491.2,14787.5
14.040,64.59,0.075,44419.40426,26480.5,25304.5
17.750,56.13,0.082,32457.72152,21749.5,16817.3
12.150,54.75,0.087,25095.38462,21455,11456.4
16.270,56.09,0.080,32955.25424,21687.5,16753.2
13.710,74.10,0.072,30819.66102,17817.6,14507.1
21.400,83.70,4.919,27691.32743,15111,13320.4
26.440,33.64,4.922,45136.99115,25824.9,21280.8
17.290,49.71,4.916,31114.93671,17317.9,16528.2
14.540,89.80,0.068,20361.50700,9491.24,13399.3
22.510,67.18,0.071,35768.25749,25606.8,27794.9
20.390,63.25,4.921,29827.22101,16961.8,13620.9
18.980,67.89,0.080,24082.64901,12596.3,14444.3
14.380,78.40,0.071,23215.20913,18314.8,7577.43
14.580,65.38,0.087,27116.96203,18426.7,17436.1
20.630,63.41,0.082,31856.45514,25308.3,9144.8
18.680,78.20,0.069,42882.09836,26121.4,26421.4
14.870,79.30,0.081,20925.72659,11522.2,12677.8
20.830,53.34,0.084,34057.53191,19909.8,18110.3
24.470,92.00,4.918,24030.89900,14107.3,11508
23.390,89.30,4.915,29801.46179,19716.5,24124.5
8.620,88.60,0.081,23396.92308,18435.1,7575.9
24.480,52.55,4.903,25283.90677,17273.9,16166.5
25.980,89.00,4.910,32111.52053,22588.4,21571.4
24.480,68.59,0.318,33476.81416,18744.7,15891.5
18.530,63.78,0.070,24996.92308,19030.2,12462.7
14.810,72.10,0.073,19576.70886,12499.7,13694.5
10.150,73.40,0.079,22821.26582,13966,14232.3
19.240,73.40,0.073,28153.84615,23801.7,16285.3
30.190,53.42,4.906,40626.85905,32190.9,24478.5
20.260,74.00,4.920,45425.31148,26834.7,25785.9
13.330,79.00,0.079,31692.30769,25921.5,13844.8
27.120,77.10,4.926,37532.69700,23778.2,26266.1
14.940,76.80,0.085,34871.48289,28101.9,15074.2
25.940,88.70,4.908,29337.00333,19687.9,18694.4
21.050,61.84,0.072,29950.76923,24419,16343.1
23.820,66.03,4.922,31316.81416,22273.6,13844
12.700,85.10,0.086,24902.80851,12804.9,14765.8
13.180,55.77,4.915,39166.77966,23777.5,24591.4
15.650,83.00,0.072,29438.62217,20577.2,17623.3
25.710,74.50,4.923,40147.77409,25313.9,29824.3
23.390,86.30,4.922,30871.29856,19322.9,20644.5
20.470,72.70,4.922,34232.65574,19478.6,16848.6
15.270,56.28,0.081,34529.49153,20713.7,20133.9
17.390,52.72,0.077,27950.76923,23054.1,12370.1
20.940,84.40,0.071,45024.63576,26434.9,28587.3
25.740,49.85,4.921,32108.53392,17615.4,12914.8
21.020,56.47,0.071,31600.00000,25910.3,17268.4
17.470,70.20,0.068,37002.49180,22625.4,17449.1
11.450,68.08,0.089,44129.62025,27767.8,26747
19.840,67.04,0.068,36276.92308,29380.2,17181.7
20.410,53.54,0.090,34051.58235,19660.7,20160
23.070,69.79,0.268,30953.62832,18763.4,16668.1
20.970,64.55,0.271,27640.35398,17244.1,13596.9
18.260,66.24,0.077,32116.92308,27424,12977.3
24.940,53.89,4.923,32742.05980,22177.2,28372.2
18.940,52.60,0.081,35441.31148,21117,21600
21.620,57.12,0.072,32023.14894,20103.7,14667.1
20.740,63.88,0.074,27169.23077,20261.2,13220.2
12.930,69.94,0.084,25061.27018,14154.4,16418.9
23.640,61.02,0.070,36594.43709,20791.7,18827.8
14.750,89.60,0.072,28483.78902,16786.6,17559.3
19.440,72.00,0.102,32650.50328,20427.4,14449.6
16.430,84.90,0.075,35496.23251,19180.4,20567.3
8.750,75.10,0.083,23799.23954,19349.5,10838.9
23.980,46.66,4.919,48953.64238,26775.5,29627.1
17.030,47.50,0.086,30211.40684,25749,9761.34
8.330,84.70,0.076,29298.22785,19728.9,19113.3
16.140,78.60,0.071,34646.80301,18472.9,18461.1
24.380,90.00,4.921,28058.42397,17133.3,16190.6
20.470,55.65,0.081,30790.26911,18931.2,20608
13.950,57.50,0.083,26023.72881,17018.8,12452
10.620,87.00,0.089,27880.85106,17912.2,12443.2
19.630,61.89,4.902,29196.35960,20204.9,22251.5
8.470,82.40,0.088,23403.80228,17876.6,10452.8
30.230,42.45,4.919,34297.89123,20007.2,16985.1
8.280,88.00,0.077,21814.46809,13372,11055.5
14.650,81.60,0.083,30528.00000,21552.4,15120
16.310,58.09,0.085,32923.14316,19976,20800
19.340,49.86,0.090,34522.79871,20335.2,17227.6
10.380,76.50,0.076,34651.52542,21166,16168.5
14.320,65.42,0.082,36183.05085,21738.6,20869.1
12.400,75.00,4.915,22167.45763,13174.5,13771.9
12.520,48.10,0.078,22387.83270,17957.7,9813.21
26.420,38.33,0.081,30631.86885,17751.1,17495.7
13.130,49.02,0.087,32810.12658,20589.7,17418.8
16.250,74.30,0.081,30033.84284,16551.9,19636.4
11.790,64.04,0.090,31707.98479,26783.7,8827.85
18.940,76.80,4.919,39002.88840,30973.4,17921.9
11.350,66.04,4.917,22027.11864,13046.8,14148.2
22.540,69.75,4.910,44277.20311,29681.9,30894.5
25.290,66.41,4.923,26918.14570,15975.5,20133.4
29.930,58.82,4.906,39331.29568,28215.2,33565.9
13.970,62.12,0.079,25608.81356,15782.4,15722.8
10.320,84.90,0.073,22672.34043,13511,14005.2
13.740,70.80,0.071,20782.37288,12226.1,13436.1
22.940,80.20,4.908,32463.12986,20949.9,22666.8
19.340,75.40,0.079,25595.76159,16776.3,15661.3
14.630,76.30,0.079,24193.24004,15279.8,15057.5
26.200,29.79,0.083,31676.85246,21388.2,16323.9
20.000,74.70,0.083,44302.84464,26189.6,19351.7
20.120,72.20,0.294,27162.47788,15702.3,12302.5
22.400,80.10,0.254,26620.88496,16286.1,13855.8
12.320,73.80,0.078,23603.74468,13587.8,13813.5
15.260,88.20,0.069,23988.63294,13358.9,16000
15.430,60.01,0.073,36680.17021,21461,16641.3
22.110,72.00,4.923,33828.97155,21939.8,12704.7
27.310,43.08,4.925,38158.42451,23153.5,12728
20.850,83.90,0.064,35738.46827,23377.6,12523.8
13.710,59.43,4.922,31820.33898,19378.7,15624.4
16.880,90.20,4.911,22126.21444,12891.3,8462.01
7.620,85.40,0.084,24601.51899,15443.2,14961
21.220,63.35,4.923,30125.30973,19220,12679.1
8.260,79.90,0.087,23021.77215,15034.7,15383.1
8.800,65.49,0.082,36343.72624,31345.8,16877.8
19.670,89.10,4.909,28857.34513,17925.2,10013.8
20.610,74.40,0.072,29611.89789,19954,19874.1
21.660,54.56,4.920,24991.89369,16048.1,18213.9
11.260,84.80,0.082,24474.52471,20292.1,10694.8
14.970,87.60,0.073,22510.76923,16575.6,10282.4
8.690,86.70,0.079,23495.69620,17668.1,13110.4
18.500,50.74,0.083,31698.22785,18065.7,17534.5
26.020,85.30,4.917,47094.21927,30060.8,41187.6
14.590,90.90,0.073,23709.62325,11221.6,12997.8
23.950,75.90,0.258,46921.06195,28253.6,23763.7
20.730,72.00,4.918,26646.37168,14531,12937.9
12.320,86.60,0.085,21244.10646,16864.1,8925.81
11.810,68.38,4.916,22505.31646,12401.2,12138.8
21.120,92.20,0.082,37465.20788,22182.6,11164
24.290,61.42,4.922,46591.43174,27119.7,22173.3
14.400,77.40,0.074,34327.14894,21567.1,16716.8
18.650,84.60,4.918,25394.36066,15258.2,14913
11.630,60.73,0.086,25687.14894,15150,12048.4
15.120,44.74,4.920,31193.84615,25750.4,10311.3
11.420,83.50,0.082,27427.40426,16152.4,16461.3
20.640,69.06,4.924,36133.77049,21733.7,19437.1
22.840,59.92,4.901,30072.18646,21033.6,22931.7
10.670,70.60,4.919,35723.07692,30071.9,15678.1
21.780,79.60,0.067,35767.94702,22674,18591.5
14.700,80.50,0.081,24813.26157,13281.9,15610.2
14.360,62.45,0.081,24443.38983,14936.2,14148.2
17.380,90.40,0.069,25495.08197,14459.4,15880.8
17.960,50.78,0.081,31661.77215,21093,15822.7
23.890,65.80,4.924,31425.13274,21446.6,13649.8
27.780,30.79,0.074,30845.90164,22276.2,16982.7
17.060,80.60,0.076,32724.73628,18619.6,18077.1
8.630,81.40,0.082,23075.28517,18675.7,10925.3
28.250,65.62,4.905,38760.13319,27632.9,29305.6
19.610,84.20,0.069,38765.11475,24256.3,24031.1
16.990,90.30,4.913,25390.63457,14672.6,11607.5
18.740,63.53,0.084,40741.61464,20401.2,26368
13.610,84.50,0.089,30276.76596,18918.3,18493.5
17.650,74.90,0.074,38233.84615,31395.9,21883.4
27.360,36.64,4.920,36045.63934,23245.8,18556.8
22.580,83.70,0.098,38649.97812,22417.8,12284.5
39.600,14.31,0.072,37691.96013,26513.9,29083.2
13.790,82.40,0.079,38485.17110,33054.3,16486
27.960,44.61,4.924,28111.85841,15926.8,14250
29.950,31.58,4.908,33622.32558,22557,30324.4
22.380,71.50,4.917,24781.39535,16139.2,15141.1
17.740,67.02,0.080,28850.86093,17947.6,17622.6
14.830,87.30,0.073,24366.84607,13307.5,16081.5
16.090,83.20,0.073,32030.31216,16966.2,17623.3
24.890,60.23,4.908,34183.65449,24824.1,27137.1
23.400,64.96,0.071,36225.69536,20821.6,18006.6
22.820,52.22,0.073,33542.80851,21022,16374.2
12.490,85.10,4.919,32644.06780,20965.3,16411.7
12.410,67.17,0.092,31385.55133,22663.4,9450.18
20.970,54.18,0.289,28226.54867,17034.5,13667.5
8.990,51.29,0.086,39233.89831,22635.9,25083.5
20.330,56.22,0.080,24727.08197,15436.5,13560.5
15.110,87.20,4.917,21496.01751,14866.8,8321.95
24.600,41.35,4.921,27892.51641,16420.3,12541.3
17.290,90.20,0.073,26451.93443,15087.3,16090.7
18.650,89.30,4.916,27015.92920,15552.6,12849.7
17.170,73.10,4.918,29316.92308,20380.2,11514.2
17.400,71.80,0.082,39656.57696,22171.9,26053.8
31.460,39.71,0.070,42635.48173,29350.6,39838
14.990,68.87,4.921,27068.85246,18665,12242.9
13.330,70.70,4.919,41498.73418,24802.4,25324.3
23.810,61.49,4.918,35165.30973,20990,14438.2
21.640,67.44,4.927,42378.49180,26136.2,24689.9
14.760,79.70,0.087,39866.15970,33776,15777.2
24.450,40.61,4.922,32613.13240,18931.2,18589.1
17.050,56.17,0.087,26488.21293,21753.9,10712.1
24.870,88.60,4.917,37558.26859,26291,29811.2
21.410,83.00,0.066,45711.25828,27898.1,27713
19.010,86.50,4.919,40641.04918,24613,23710.4
15.670,67.71,0.079,34443.07692,27632.2,15944.1
15.990,82.60,0.071,35043.61679,20921.8,19298.9
16.710,73.70,0.086,32758.46809,20389,14249
14.850,85.10,0.074,24900.06459,14029.7,16058.2
24.330,52.42,4.929,40313.62832,22868.6,21910.4
18.110,56.86,0.080,43813.77049,26351.7,25541.1
17.240,64.84,0.085,35246.91466,28856,15505.9
24.070,93.00,4.924,22816.24861,15042.4,11261.2
13.640,72.10,0.083,43834.57627,25907.6,25824.5
16.230,67.02,4.918,23027.69231,19149.2,7338.8
25.060,58.75,0.074,50893.85128,34163.9,38400
20.830,67.87,0.074,38941.53846,32318.2,17430.4
9.750,79.50,0.089,29384.03042,23620.7,10228.1
14.770,85.40,0.068,24949.66631,14088.4,16546.9
9.450,89.40,0.082,21183.26996,16665.2,9012.24
21.810,85.40,4.918,46016.42384,26768,32391.9
23.800,54.93,4.918,30216.07973,19788.6,24016.1
16.770,62.41,0.084,35064.61538,28930.2,15626
12.500,78.20,4.918,21073.76426,17585.8,7877.07
16.240,75.70,0.069,39123.95437,33437.3,16001.9
10.380,90.30,0.081,27587.69231,24076.9,10565.8
13.590,87.30,0.068,34677.80409,20342.6,18816
26.900,73.30,4.916,36594.81728,24846.8,31927
21.480,77.20,4.919,43763.40984,26678.6,27208.4
23.950,93.30,4.927,24951.47614,17076.2,12531.2
19.330,86.60,0.073,38801.22538,31694.2,17180.8
25.910,88.20,4.911,37219.44506,27089.3,30112.1
14.710,62.47,0.078,32573.16456,20684.5,17256.9
10.230,72.40,4.925,33864.61538,28000.4,14660.2
15.550,71.30,0.085,28118.63118,22773.9,12279.5
16.420,74.10,0.071,33490.63291,20753.8,16175.4
14.860,60.39,4.924,25569.23077,17996.3,8506.99
22.720,74.00,4.916,36299.46903,22662.8,12849.7
8.960,81.00,0.086,25575.66540,21157.4,11000.2
25.020,60.42,4.924,44996.06127,26671.4,19503.5
11.260,66.48,4.918,24144.40678,14451.1,13881.9
11.880,68.18,4.919,24772.88136,14480.2,15416
27.450,37.32,4.915,35044.78405,24140.5,26474.3
16.290,75.90,0.066,23710.76923,17702.5,11201.9
23.920,54.49,0.082,33658.81838,21898.8,11741.8
21.870,67.02,0.281,28819.11504,17420,14026.4
12.800,77.30,0.075,27243.57447,16141.5,16281.3
9.830,87.90,0.070,23407.65957,13529.3,13761.3
17.850,71.80,0.073,24464.24508,19266,12500.4
12.290,65.58,4.913,31838.64407,19072.3,15965.9
15.990,79.70,0.069,35440.43057,19400.4,19514.2
22.610,68.67,4.924,23728.90365,15763.3,14604.9
22.170,56.91,0.085,37550.29787,19481.7,16385.8
21.180,71.30,0.067,32595.93443,21392,16090.7
19.020,86.30,0.065,40968.39344,24891.6,24340.1
16.610,84.80,0.074,35434.23036,20613.8,18536.7
9.450,76.00,0.083,29225.31646,18091.2,13110.4
9.470,84.40,0.086,21557.46835,13878.4,14122.4
11.980,74.60,4.921,28236.25532,16818.3,14400
10.340,53.67,0.081,41796.61017,23883.3,25980.8
19.700,84.80,0.065,35081.32450,21540.1,21415.4
19.190,89.20,4.922,21579.54098,13515.8,10744.6
17.550,50.04,0.075,31878.32700,25778.5,10084
24.880,72.70,0.327,35509.38053,23508.5,15579.7
22.710,75.90,0.073,46842.91391,26217.9,27848.9
21.070,79.40,4.905,24430.56478,16017.7,16828.1
15.900,58.32,0.077,38813.16456,25163.5,23664.6
16.590,70.00,0.074,37517.87072,32023.3,14947.4
25.580,61.22,0.303,34757.52212,19440.7,15891.5
19.790,57.82,0.070,37342.42623,20949.8,23220.7
20.740,85.80,0.066,26612.98013,17027,16783.8
10.850,77.80,0.076,24692.65823,15592.7,11479.5
28.130,64.53,4.911,40740.99668,22951.9,28167.4
23.690,60.65,0.069,35284.76821,22067.8,17516.3
26.280,43.35,4.963,28296.63717,15762.2,15544.4
13.700,78.50,0.084,30914.43038,19809.1,20686.3
24.290,84.10,4.918,38297.94020,25241.8,30631.6
18.550,81.60,4.912,21642.49180,13957.9,10779.6
20.240,85.40,0.067,41896.68874,23841.6,23955.7
11.860,85.80,0.087,34988.93617,20034.1,17169.7
15.730,72.10,0.072,31575.38462,26509.1,8321.93
21.070,77.00,0.078,27757.35099,15552.6,12914.2
16.410,77.90,0.070,32774.33800,15048.9,17739.6
14.840,71.60,0.073,25444.72131,15470,15169.6
15.190,84.90,0.096,25132.25383,15897.5,8170.21
23.370,62.76,4.908,44332.22591,29301.3,34433.5
15.840,86.50,0.078,32997.54575,18220,18548.4
17.080,89.80,4.920,25775.05470,17861.8,8794.65
30.500,25.11,4.914,42948.03987,28819,37771.4
8.220,50.45,0.089,26694.91525,16085.1,17442.1
18.330,78.00,0.080,36284.85246,23060.1,16889.4
21.160,78.00,4.917,44554.92341,27907.5,18768.1
23.010,61.32,4.911,43938.37958,30670.3,33843.8
20.320,59.75,0.080,34242.11921,18411.6,20623.8
23.460,57.65,4.908,29986.44518,20157,25600.7
13.370,76.30,0.084,24205.64047,13637.5,15650.9
15.810,68.32,0.073,33587.84810,20819.5,16620.7
13.060,87.30,4.909,24199.56236,19097.9,11181.5
10.830,74.40,0.079,36136.88213,31758.2,15419.9
20.070,73.10,0.083,40777.74834,24848.2,24729.6
15.780,82.10,0.074,31100.27987,15510.8,18856.7
21.030,76.50,4.917,40609.89059,23915.4,18079.5
11.490,78.80,0.085,23720.17021,13503.7,13349
26.170,84.70,4.909,31932.51942,22493.3,25610
22.120,50.88,0.081,32029.66887,20881.5,17285.9
30.280,27.11,4.916,34878.93688,22105.1,22997.8
22.840,50.13,0.084,30523.07692,26152.1,11207.7
23.020,41.59,4.918,43272.39344,24453.3,25803.4
14.120,89.70,0.079,24317.24435,13784.1,11636.4
18.860,78.80,4.916,25192.91803,16283.6,11782.3
15.070,71.80,0.072,24180.83961,13696.1,15936
24.160,93.00,4.920,27329.63374,17981,20132.9
15.610,73.00,0.072,40806.15385,34895.5,17511.3
26.370,36.14,0.082,31324.59574,18347.6,16850.3
14.580,72.40,0.072,36320.86114,20368.2,19147.6
21.280,62.12,0.082,45009.83607,26975.9,26089.1
16.180,65.95,0.079,30752.85171,24324,8729.89
24.890,62.94,0.069,35882.38411,21237,20588.3
15.160,84.30,0.071,31912.50807,18876.2,15901.1
15.890,86.30,0.071,36544.06889,21776,18885.8
27.910,46.90,4.925,31056.95364,19665.3,19111.4
18.220,63.25,4.917,34493.16456,20728.3,16690.1
16.230,75.00,4.920,25011.66846,15316.5,15057.5
24.820,89.10,4.913,44430.63263,26815.6,24809.5
17.040,74.10,0.076,35702.27848,22220.1,15215.4
13.650,65.83,4.921,33113.84615,22593,10213
21.040,81.60,0.069,44439.73510,26584.6,27949.3
20.840,77.20,0.278,36420.53097,20806.7,19821.7
17.700,88.20,4.918,37140.98361,22751.7,21739.9
15.130,66.39,0.075,23672.42196,13967.4,12765.1
25.520,55.72,4.922,42109.75930,28747.7,19375.1
34.810,25.68,4.909,39254.75083,28568.4,27510.6
20.720,68.30,0.082,27892.51641,22332,13486.7
15.720,83.60,0.077,38081.72228,21006.1,25163.6
18.780,87.80,0.070,26880.00000,16614.2,16259.8
18.400,62.40,0.082,26390.87452,20579.3,8879.71
9.740,82.80,0.081,20712.91139,13736.2,13931.6
20.540,78.40,0.068,41069.93435,33483,17490.1
13.110,48.93,0.082,33545.31646,21253.5,16672.8
25.400,68.89,0.264,33820.88496,20990,15744.4
11.810,86.30,4.916,31606.77966,20954.4,16857.4
15.810,64.56,0.083,31422.05323,23871.1,8752.94
12.990,52.77,0.077,24991.63498,20837.1,11109.7
13.480,70.20,0.082,34445.62738,29788.3,14163.7
7.260,89.20,0.085,23113.22034,14538.6,14287.1
24.900,65.78,0.067,39862.25166,22823.7,22023.9
16.860,77.50,0.085,27564.81400,19400.4,11677.6
21.410,70.60,0.068,32872.91803,20296,16277.2
12.560,77.30,0.083,32905.53191,17875.6,16757.4
35.080,19.04,4.911,47502.45847,31735.4,43314.5
27.060,64.92,4.924,38408.52386,24428.3,21529.3
29.110,48.56,4.911,39650.23256,27296.2,33174.2
20.250,62.80,0.082,34603.40151,20962.1,18368
15.460,57.01,0.081,43736.94915,25995.1,25477.1
18.980,59.95,0.086,34131.06383,19884.1,17645.8
18.660,88.20,0.301,27066.90265,15904.4,13608.7
11.620,79.40,0.075,43389.15254,26370.8,25390.3
16.510,66.92,0.081,20848.66920,16396.4,8764.47
12.210,77.80,4.915,23155.93220,13535.6,14709.7
11.830,49.65,0.083,24473.92405,14928.9,11340.7
18.810,84.10,4.916,25885.37705,15949.2,15507.7
20.970,43.12,0.085,36258.85899,21292.1,18036.4
21.260,88.80,4.913,38031.25828,22120.2,28002.5
20.320,69.72,0.277,26971.32743,16117.7,10308
26.170,66.06,0.322,33164.60177,22079,16656.3
18.610,85.40,0.068,22209.04918,12445.8,10948.7
17.410,48.30,0.084,22146.83544,13010.3,13908.4
21.470,87.10,0.360,31335.92920,19268.6,17115.3
14.180,49.97,0.082,20653.99240,15693.2,9288.84
30.130,26.31,4.903,42048.63787,28462,37186.9
5.801,90.20,4.922,27433.22034,17401.8,12845.7
26.540,70.90,4.919,35701.79402,23111.4,25046.4
17.950,56.88,0.075,32413.68821,25793.2,9726.77
10.150,74.10,0.086,22420.25316,13535.6,14324.8
9.820,87.50,0.081,22363.07692,17140.9,9605.78
12.850,85.70,0.073,33663.05085,18952,18235.2
9.920,80.90,0.090,30555.94937,19116.1,14301.7
13.840,72.10,0.084,43077.44681,26180.5,25223.2
23.080,78.60,4.914,28296.07973,17312.7,21883.2
23.710,47.57,0.080,39010.33113,24137.2,23873
26.850,36.01,4.926,31061.94690,17614.6,15920.9
21.290,58.91,0.082,32360.17021,20546.3,15851.6
26.220,85.70,4.907,39731.85350,28400.8,31063.1
20.330,89.10,4.916,25214.30464,14037,17528.1
8.800,81.60,0.085,26257.03422,22044.8,11576.5
17.510,75.50,4.915,33691.13924,20498.5,16348.9
26.720,41.28,4.930,30998.23009,17498.5,15756.2
21.010,26.64,0.088,30594.67681,26308.7,9415.61
25.280,55.75,4.902,49455.44950,32194.7,35342.4
20.140,68.58,0.071,36676.92308,30585.1,17066
18.950,58.36,0.082,39442.64901,22958.4,24286.5
10.080,79.70,0.092,31837.97468,20057.1,15290.6
17.390,78.30,0.075,35111.81916,18887.2,21009.5
11.550,81.80,0.081,35510.26616,29394.3,15103
17.780,61.82,0.074,33873.70213,21032.9,16629.7
14.510,71.20,0.081,26970.93649,15118.5,17728
28.920,28.61,4.908,42813.22974,30544.9,33127.5
16.650,68.16,0.073,32660.42553,20246.3,16676.1
22.220,84.90,4.915,26997.20311,16874.8,15004.9
28.090,70.30,4.928,37276.98113,21999.2,17502.7
12.500,74.20,0.085,23568.06084,19331.1,7145.26
19.750,74.30,0.070,36596.92308,29789.3,17251.1
16.510,78.40,0.087,30602.36324,18534,11105.7
17.970,86.30,4.922,29838.68852,18297.2,17262.5
16.580,58.04,0.084,33265.39924,27538.5,13385.8
13.670,86.80,0.070,33078.14855,19554.4,18222.5
18.950,85.00,4.910,28655.21311,18902.8,12866.7
12.880,76.80,0.082,31732.31939,24920.5,9225.45
18.260,40.73,0.088,34839.49367,21198.8,16268
13.690,84.70,4.923,24478.44995,13615.5,16145.5
27.470,55.00,4.923,33778.01325,22243.7,22313.4
13.590,86.90,0.079,21956.92308,17278.5,8304.58
13.150,86.40,0.085,36218.73418,22603,22733.5
12.030,83.30,0.078,21661.53846,15002.5,10641
21.220,67.43,4.927,36687.73770,23231,18125.3
18.530,64.32,4.923,26953.52298,16289.6,8853.01
28.020,43.18,4.906,47700.19934,31158.2,47279
14.260,89.50,0.070,31106.48009,16170.7,18496
12.140,83.20,0.077,37781.69492,23226.7,17743.1
27.030,59.42,4.903,33498.77913,26838.4,23744.2
9.290,81.20,0.090,23562.53165,14115.5,14932
23.760,63.42,4.919,28768.03552,17319.5,14475.2
20.750,89.00,0.066,25316.02649,15997.9,12181.7
21.170,73.20,4.923,45939.82301,27916.8,20104.1
18.110,74.30,0.074,41604.23841,25469.4,25474
18.120,88.60,4.918,24047.21311,15209.9,10948.7
18.800,81.00,0.069,35227.27869,21845.2,17361.6
17.750,79.10,0.067,21302.55738,13211.1,10703.8
20.110,80.00,0.067,35144.61538,29644.2,18407.7
15.540,57.61,0.080,29843.38983,16150.8,13974.5
14.150,72.30,0.086,30454.75285,23919,9357.98
20.740,61.67,0.073,30252.30769,24642.1,11745.5
13.560,51.32,4.922,35865.76271,21089.4,17170
19.580,80.70,4.909,28301.35405,17631.3,16942.9
30.230,51.70,4.920,40211.56146,21565.8,25052.4
20.410,86.40,0.076,22734.83444,14736.8,11100.6
12.960,75.70,0.078,33040.34043,17992.7,16751.6
17.510,49.23,0.084,29827.69231,21733.9,9871.81
18.080,62.12,0.091,32718.98734,19641.3,18066.5
23.040,64.33,4.919,36192.21007,23448.5,12634.7
13.240,47.35,0.083,25081.51899,16183.6,12219.8
20.040,74.30,0.070,31087.61488,24173,9926.81
16.470,80.00,0.074,43128.69752,21995.9,28375.3
26.800,77.30,4.906,33498.77913,26682.6,28788
19.080,59.46,4.922,26008.22757,15946.1,8893.86
10.630,78.40,0.070,24694.46809,14685.4,15218.7
18.180,79.60,0.082,35831.60656,23242.1,16761.1
21.600,72.40,4.919,25277.88079,15163.4,18284.3
20.560,87.20,0.071,42317.72429,27436.9,18190.4
11.230,83.00,0.074,36876.25532,25609.8,23278.1
25.720,40.22,4.909,39003.06326,26853.6,30545.5
23.880,58.87,4.920,43918.41060,27707.3,32805.4
10.790,83.50,0.072,24326.80851,14367.1,14347.7
14.430,63.27,0.081,30081.35593,17026.1,12955.7
13.800,57.26,0.086,33332.65823,14804.9,16811.6
25.250,70.20,0.246,33062.65487,20836.6,15426.7
15.930,85.30,4.909,31943.48936,19017.1,19869.7
17.460,89.70,4.937,25434.74836,16599.6,11064.8
10.400,72.90,0.085,25616.20253,16066.9,15967.2
20.680,77.40,4.913,28998.17980,18669.1,19236.1
13.750,58.44,0.077,41643.57447,24190.2,25292.9
16.880,64.91,0.084,32366.29787,19917.1,15781.9
26.520,57.67,4.922,29995.23179,18838.3,18579.7
14.240,66.34,4.919,32973.55932,20571.4,16139.6
14.410,63.85,0.080,22509.15254,13590.3,13777.7
16.880,56.92,0.076,31677.56654,26080.4,10141.7
12.190,77.10,4.914,22252.88136,13181.8,13951.4
21.660,34.47,0.085,33171.15178,18494.9,18466.9
13.140,56.38,0.081,28702.37288,17671.7,17442.1
29.070,50.76,4.910,37360.26578,24998.7,27715.5
19.660,69.26,0.090,37698.38074,23448.5,16328.8
14.930,57.34,0.082,22905.76271,13608.5,14356.6
29.910,65.59,4.904,48918.44617,35490.6,39916.7
21.060,61.87,0.069,32067.69231,25482.6,18783.6
24.330,69.76,4.910,48223.25581,32107.6,43585.6
10.390,82.20,0.086,22487.08861,14327.1,14492.5
19.200,70.30,0.075,31757.50269,18403.3,18874.2
18.690,86.30,0.166,27867.30853,17432.4,12167.8
30.910,35.15,4.924,49294.88372,31560.8,42223.9
15.500,66.61,0.081,32067.69231,26059.1,14880
21.680,55.63,4.918,34241.36170,20301.2,16832.9
28.280,76.40,4.905,43618.73474,34559.2,37828.2
13.630,85.00,0.071,33996.25532,21051.2,15944.5
21.900,70.10,0.277,27589.38053,16798.8,13314.5
30.210,45.45,4.904,38811.27636,28803.8,28264.3
12.510,71.90,0.084,26363.31539,14784.9,17233.5
19.710,70.90,4.916,26474.57330,18067.2,11239.9
15.020,77.40,4.911,23616.00000,11890.2,14835.5
23.080,88.30,4.920,32066.77026,20109.8,21679.7
24.940,38.98,4.915,30860.33223,20783.5,25269.3
11.630,90.70,0.079,24032.68085,13993.9,14911
14.560,61.05,0.083,20489.73384,16878.8,9346.46
16.290,63.75,0.087,32669.20152,28138.7,12873
20.530,74.00,4.924,33867.54098,20344.3,16778.6
12.100,49.81,0.084,33547.11864,19181.8,17575.2
24.390,91.00,4.916,33492.38624,20467.2,19555.1
23.540,35.38,4.917,33169.02128,22884.1,16188.4
23.100,78.30,0.272,44786.54867,25686.5,22422.2
14.470,38.52,0.079,30661.59696,26618,10199.3
13.900,70.40,0.076,30313.22034,17719.1,16226.4
25.870,82.50,4.923,40025.92675,27218.6,32838.6
32.210,24.35,4.916,39631.09635,26908.9,27347.9
12.760,85.30,0.068,42602.03390,24849.8,25980.8
20.610,55.71,0.079,31658.29925,19818.3,21550.5
33.110,33.08,4.906,41793.48837,31112.7,32360.8
7.210,87.90,0.087,23180.93617,14590.2,10614.2
12.110,90.10,0.082,23040.00000,13741.5,13854.2
20.410,75.80,0.068,29202.75250,19733.5,20151
23.940,54.58,0.087,45298.55580,29169.7,19859.5
20.780,82.00,0.271,32278.93805,19747.6,17556.5
10.160,60.38,4.922,22228.47458,13681.5,12984.6
28.790,50.63,4.907,40364.65116,28055.7,32788.6
12.960,57.98,0.090,23872.24335,19216.9,9749.82
9.850,85.30,0.089,23138.04255,13232.9,14580
23.950,47.52,4.910,29686.64452,19898.7,24437.8
21.280,78.10,0.071,45097.96721,27024.1,27220.1
14.110,66.32,0.080,22978.98305,14071.7,13910.8
17.610,89.20,4.923,35894.55738,22183.3,21075.3
13.940,65.77,0.077,23997.96610,14637.1,14958.6
24.680,92.40,4.917,34988.32408,21524,16702.2
18.660,75.90,4.919,32871.07221,25663.1,15494.2
12.080,86.50,4.919,21636.92308,15445,10629.4
23.660,63.21,4.928,34459.16849,25566,12412.9
16.920,58.58,0.077,34019.24051,21220.7,16464.6
19.050,92.90,0.075,31144.33260,20442.3,10142.7
21.070,57.53,0.085,31844.30571,16493.3,18496
21.130,67.68,4.921,26473.11258,16675.3,13664.5
14.250,77.10,0.087,31177.53191,18508.5,15886.5
19.130,58.77,0.080,19011.14754,11126.9,10779.6
31.370,18.47,4.921,34923.18584,20773,13608.7
19.510,80.30,4.921,32167.86885,21380.8,15146.2
20.180,69.47,4.912,26618.47176,17491.1,17249.9
11.710,75.80,0.084,23374.81163,12387.4,14429.1
20.600,70.80,0.079,37573.50993,23632,23536.2
12.600,71.80,0.079,25883.23404,15563.4,15863.2
18.790,84.80,4.922,44556.59016,26790.1,25920
18.500,70.10,0.072,32377.52422,19349.1,17152
16.940,69.92,0.088,42322.66954,21589,28369.5
15.280,85.60,0.071,23169.23077,17289.7,10750.8
21.180,77.30,4.922,47175.92920,32340.1,16885.8
21.760,93.10,4.916,32693.09735,22408.3,12743.8
15.590,66.66,4.917,27974.44201,15792.9,13848.5
11.360,86.10,0.082,32562.38298,19880.5,19637.4
13.840,85.20,0.082,30188.84822,17380.4,21015.3
25.080,50.95,4.916,34859.80066,23851.9,31571.5
8.670,86.90,0.084,24292.01521,18377.4,7571.67
24.070,85.90,4.918,28040.93023,18319,20654.1
9.410,85.70,0.082,21189.35361,16801.5,9536.61
23.010,83.30,0.060,29858.87043,19219,23208.7
9.900,86.10,0.084,29706.89362,17593.9,13987.7
23.630,55.49,0.315,42989.73451,25750.1,20027.6
14.060,50.38,0.080,37907.84810,23985.4,19194.2
21.000,68.30,4.925,37556.45902,22053.3,17589
24.880,50.38,0.068,36543.57616,23111.9,18798.3
14.300,44.09,0.080,31123.95437,25796.9,9732.53
26.040,67.16,0.259,36044.60177,22352.2,16091.5
15.130,87.80,0.069,21272.93864,12204.1,11403.6
26.850,52.44,0.067,35705.70492,20035.9,19786.9
5.888,85.60,4.914,21507.69231,16966.1,9761.93
22.790,71.10,0.067,46258.01325,28811.2,29745.2
14.320,80.10,0.073,33245.55436,19525.1,18251.6
9.270,68.45,0.082,23211.57447,13646.3,14475.5
16.690,65.61,0.074,31434.22053,26629,11830
16.460,81.10,0.073,36593.67061,16933.2,19141.8
11.070,52.62,0.084,33705.76271,19969.6,16087.5
16.520,81.90,4.914,24829.75930,18840.2,11595.9
24.110,89.30,4.911,26095.80466,17349.9,15654.9
11.660,55.54,0.077,37998.47909,33094.8,16768.3
17.630,62.94,4.919,26180.66225,16716.4,16098.5
21.600,84.10,4.920,26346.90265,14418.7,12708.5
19.560,84.20,0.071,43108.72131,25084.8,25634.3
31.890,40.39,4.929,39867.10963,26829.1,28878.3
22.460,65.24,4.924,42843.97351,26779.2,32267.8
34.030,33.18,4.906,41723.32226,27763.3,28125.2
19.990,55.21,0.082,30662.80851,15570.7,16211.6
17.510,70.80,4.925,44770.62295,27388.2,25797.6
19.740,81.00,4.916,36746.78337,23060.2,16550.5
21.040,52.16,4.903,28716.89234,19311.5,18664.3
27.480,74.00,4.927,37673.34073,24253.4,26934.2
28.650,34.87,0.085,36284.85246,21978.9,18585.9
12.870,85.90,0.090,22335.31915,13778,13790.3
13.570,60.13,0.087,35210.12658,14575.1,16603.4
8.090,77.20,0.083,24777.72152,15370.2,15614.5
13.210,64.47,0.081,23684.05063,14819.5,15562.4
27.730,44.70,4.918,33421.98675,21802.1,24369.2
25.110,70.70,4.905,45021.12957,30843,35138.4
16.190,85.90,0.068,23622.82024,12614.7,15546.2
29.330,60.79,4.905,40332.78579,28032.1,27626.3
6.475,82.40,0.091,25014.68354,15465,14521.4
35.220,32.88,0.069,34706.71096,24049.4,24136.6
10.230,49.98,0.093,21850.16949,12992.1,14032.4
16.510,80.00,0.071,37212.30769,31012.8,21744.6
13.920,85.40,4.914,26894.29787,16434.1,16542.6
12.460,69.96,4.923,41820.75949,25243.8,25607.7
23.920,81.90,4.914,24889.83389,17981,18195.8
22.600,78.90,0.069,35780.66225,22606.7,18302
13.620,73.20,0.086,30276.92308,23150.8,16198.6
26.680,38.28,0.272,37669.38053,23923.9,14891.3
26.040,86.10,4.912,27476.67037,19505.4,21017.7
12.790,67.21,0.082,38120.50633,24339.2,24115.7
15.850,77.20,4.915,25495.08197,15239.6,15140.4
20.760,61.53,0.072,31979.01639,18323.2,17676.4
20.930,60.19,0.082,33512.16362,19913.6,17757.1
23.310,58.28,0.072,34038.67550,22928.5,16382
13.830,69.72,0.074,33455.59322,20746.5,19508.7
14.400,81.00,0.085,23765.42519,13802.4,11723.6
30.810,52.45,4.910,36384.31894,25439.2,29095.2
14.940,85.20,0.083,24631.89873,15078.4,15475.7
23.590,65.70,0.078,35164.98906,24834,13580.1
23.690,54.98,4.919,40562.12389,22988.4,22075.1
16.430,76.50,0.079,22180.98859,17103.4,9790.16
14.370,69.69,0.074,39087.45763,23704.6,19149.8
19.230,69.48,0.074,21698.46154,16720.7,10473.3
22.760,77.00,0.066,27922.64901,21779.6,15135.5
20.590,72.60,0.068,32166.15385,23526.4,11878.6
13.990,86.80,0.070,28018.77287,14480.7,19345.5
11.390,49.03,0.079,22217.49049,18933.4,10003.4
13.620,74.80,0.071,42632.54237,24973.9,25095.1
12.430,84.90,0.077,27402.89362,17151.2,11996.1
18.220,76.80,0.087,33474.96233,19932,17256.7
25.630,91.80,4.906,25840.08879,17426,16389.2
9.930,84.40,4.932,22633.84615,15162.4,9039.04
10.480,86.00,0.084,22010.55319,13273.2,13656.8
12.560,67.49,0.084,34694.23729,21465,23972
19.370,78.80,4.924,46344.39344,27659.4,26456.4
20.560,56.27,4.920,40496.45514,32833.2,17898.6
28.120,48.52,4.926,37730.87680,24238.2,25808.7
26.110,31.22,0.083,41660.85246,24516.4,25873.4
14.430,65.22,0.081,40795.93220,25112.5,23653.6
18.760,87.70,0.071,27459.14754,17130.7,16510.4
16.930,89.90,4.907,25510.37199,14571.8,10557.1
13.050,65.77,0.083,39209.12548,34251,16203.6
28.710,32.98,0.313,36057.34513,23557.2,14503
25.830,49.22,0.337,32100.53097,18984.2,16232.7
24.610,68.40,4.904,30094.88372,20267.1,23262.9
13.280,64.51,0.082,34608.81356,21173.3,15954.3
17.090,77.00,0.079,31774.52954,26070.1,11485
8.080,94.30,0.079,21961.97719,16403.8,7923.17
14.520,68.89,4.917,29409.23077,23991.3,13093
20.030,81.60,4.919,22582.25166,11645.7,13522.7
22.230,51.79,0.078,33034.17219,20971.3,17522.2
27.070,72.30,4.914,32958.93688,22439.2,24214.9
19.550,55.79,4.920,32683.07692,26613.2,10652.5
27.310,32.48,4.911,42909.76744,28302.5,39645.2
22.540,51.72,4.916,29603.72093,19538,24257.1
13.460,72.40,0.077,21746.44068,13342.2,13847.2
19.460,61.54,0.074,35936.44779,21677,19368.7
21.750,81.10,0.084,30859.86755,19594.2,14580.2
23.820,82.80,0.066,28946.71096,19105.1,22654.4
10.750,78.70,0.082,23708.35443,15906.4,11820.7
22.590,78.20,4.926,45799.64602,27621.2,20192.4
13.740,71.70,0.080,43468.47458,25506.4,25645
21.390,80.20,4.922,28410.89701,17946.8,22208.5
24.900,42.88,0.083,31462.81967,18653.9,18247.8
9.050,85.20,0.076,25907.74468,15475.6,15973.5
15.870,79.00,0.089,29561.70492,19382,13344.8
12.020,48.58,0.091,32930.84746,20436.5,16272.7
20.370,86.70,0.069,23370.59603,15099.8,13044.2
8.460,70.80,4.917,21913.84615,17207.9,9652.05
12.840,67.56,0.085,21709.83051,13750.8,11288.4
28.910,64.99,4.904,41317.29190,28632.7,27223.1
15.350,59.30,0.077,30871.89873,18649.2,19408.2
16.910,75.70,4.921,26162.36066,16621.7,15356.1
22.580,70.10,4.912,43542.01998,29016.7,30455.2
13.410,56.44,0.083,33858.30508,21224.3,15120.7
29.440,51.19,4.907,37194.41860,25260.8,28607.2
31.010,33.12,4.912,35682.65781,20643,27637.2
16.400,60.31,0.081,28094.29658,21938,10032.2
15.860,63.18,0.079,26042.03390,20064.4,13922.4
19.840,89.10,0.273,27430.08850,17116.8,14085.2
13.880,87.70,0.069,26884.13348,13721.8,18664.7
16.320,86.20,0.071,34063.98278,20269.2,17035.6
26.410,84.50,4.907,50606.17092,35023,40163.5
19.020,61.25,0.095,26606.91466,15994.6,11520
12.430,80.20,4.926,25161.97719,19754.5,7283.55
22.780,58.26,4.908,30037.47508,20081,25088.5
13.340,76.80,0.085,24813.26157,13813.4,15936
21.190,67.34,0.070,39846.15385,32969,17025.5
12.260,73.00,0.089,24453.64909,13234.2,15581.1
18.450,67.47,0.074,42235.86652,21647.7,28346.2
24.120,57.60,4.918,35382.85714,26194.9,31704.1
24.490,52.95,0.095,33910.89716,22653.1,12856.4
20.610,66.73,0.082,24987.30853,19736.5,12366.2
19.070,51.82,0.082,34361.59311,21237.1,17309.1
21.590,91.00,4.916,36337.69912,23018.3,13785.2
22.700,84.30,0.330,38707.96460,23605.8,20751.3
17.760,67.22,0.083,27437.26236,20958.6,8781.75
25.810,43.25,4.912,29138.07309,19234.2,22811
21.770,60.26,4.905,27358.40532,17719,20310.6
8.830,51.07,0.092,33974.23729,20721,22426.4
14.770,59.91,0.082,20733.07985,17026.1,9559.66
14.170,76.80,0.083,22295.59322,13531.9,13934
20.910,65.99,0.198,27879.91247,16487.6,13124.9
23.860,72.90,0.301,34094.86726,19343.5,16968.2
20.610,72.20,4.920,32910.68852,20745.5,17396.6
22.760,59.80,0.095,36734.17943,23597.9,12296.2
17.810,70.40,0.077,22569.53642,14231.6,10817
15.160,82.90,4.920,25957.81182,20188.4,12436.2
16.430,73.80,0.090,23040.00000,13798.8,11857.5
12.290,71.80,4.918,22756.92308,16988.4,9958.55
27.830,66.40,4.913,40683.58804,23202.5,27992.6
11.170,62.75,0.086,25969.02128,14919.5,15607.7
17.170,50.03,0.082,18902.27848,13316.7,14139.8
14.700,87.70,0.088,23126.80301,12182.1,13300.4
23.520,55.49,0.330,39886.72566,23965.1,19386.3
19.490,77.70,0.077,20899.67213,11795.7,10738.8
14.730,78.50,0.084,34406.15385,29116.1,18031.8
14.090,64.87,0.078,39596.96203,24000,25798.6
30.620,35.51,4.918,44778.73754,28048.1,33668.3
23.240,57.65,0.273,45952.56637,27647.4,21504.4
24.260,78.60,0.066,47352.18646,31867.8,36269.3
24.130,93.30,4.922,27598.13541,18726.1,13704.8
7.230,87.40,0.083,22784.81013,14279.6,14330.6
15.040,76.90,0.075,40502.27848,25258.4,24248.7
11.480,73.90,0.078,38491.25475,32763.4,15909.7
15.310,69.59,0.085,27273.00380,22206.8,9749.82
17.070,72.00,0.077,26225.31148,15763.5,16079
26.520,40.05,4.906,35269.61154,25222.8,28806
10.780,67.90,4.922,26658.46154,21369.4,8692.05
35.970,21.31,4.921,39937.27575,27638,28251.7
16.750,78.50,0.082,26430.45952,15949.8,11870.2
17.880,72.80,0.080,25218.09836,15009.3,15665.1
20.960,61.51,0.069,32024.61538,25073.6,18997.6
23.800,67.69,4.921,31642.18818,20278,11134.8
22.580,59.03,4.921,33955.01094,19247.3,13819.3
17.030,55.76,4.925,28418.46154,20458.3,9432.29
30.770,42.69,4.908,42335.68106,34222.8,29342.3
14.380,47.06,0.088,42583.72881,24397.6,25176.1
27.660,44.78,4.905,41400.39956,28073.9,25423.4
28.260,37.55,4.909,38753.74029,26659.8,26127.6
13.630,84.00,0.085,36653.99240,32012.3,15137.6
16.250,53.16,0.083,32985.55133,26960.4,10931.1
19.000,70.20,0.073,32538.72982,19451.7,15325.1
14.510,54.89,0.084,30825.85551,25734.3,9611.52
9.600,73.40,0.083,22430.41825,17939.2,9893.88
21.090,65.52,4.923,33709.23414,21383.4,11747.6
23.800,84.30,4.919,36477.86903,23660.4,25200.8
21.080,72.00,0.071,33011.40984,20845.8,16265.6
14.440,72.20,0.075,37110.50847,23299.7,17332.1
13.660,68.67,0.080,39519.39163,33680.3,15517.9
14.540,81.20,0.074,22684.59574,13723.2,14934.2
15.910,69.37,0.071,31782.30355,19558,21428.4
20.300,87.70,0.065,25608.47682,16974.6,11904
11.820,76.80,0.086,35908.47458,21931.9,21552.2
18.490,81.90,0.078,24500.45902,14559.8,14306.7
22.570,86.60,4.916,36524.50331,21835.8,28244.7
25.100,85.30,4.922,48912.05327,29320.8,27301.3
35.950,25.08,4.910,40415.68106,29441.8,32005.4
24.300,59.49,0.317,32221.59292,19485.7,17397.7
22.870,68.52,0.069,27388.60927,19811.2,17829.4
12.880,73.80,0.081,22959.69582,18462.1,7289.32
10.460,85.40,0.077,22560.00000,16899.2,10161
20.390,57.56,4.923,35176.91803,22517.6,18276.9
25.370,51.30,0.072,36390.99338,20889,18786.5
25.940,47.95,0.351,40026.90265,24765.9,19515.8
8.870,85.60,0.084,25646.58228,16037.7,15868.9
13.040,77.30,0.091,25193.84615,20811.6,13335.9
18.250,76.10,0.073,34875.09847,20860.6,16182.9
16.500,64.72,0.088,31458.55513,24983.1,9334.93
25.600,41.25,4.917,35820.39387,22944.4,13037.3
21.950,80.60,4.913,24621.92691,16146.8,16870.3
14.440,66.22,0.082,43923.03797,26735.6,25434.2
24.570,59.27,0.074,38717.88079,22191.3,20665.1
21.520,77.10,0.072,29550.19868,14358.8,13073.7
15.330,64.82,0.076,33922.43346,29309.6,14803.4
18.420,60.11,0.088,30904.94297,26352.9,9323.41
16.850,71.30,0.084,23672.42196,13314.9,15243.6
16.420,86.60,4.919,25806.56455,18332.4,9389.91
28.590,61.61,4.920,39975.54817,21664.6,23208.7
11.620,51.95,0.083,23562.53165,14407.3,14677.6
14.380,57.33,0.084,34851.64557,21056.5,16574.5
27.040,66.23,4.909,49862.59136,31557,41018.9
14.260,42.42,0.079,29128.51711,25292.4,10781.3
27.770,54.75,0.064,38561.95339,26903.1,26181.8
15.890,56.28,0.082,32304.18251,27034.1,10147.4
23.040,79.00,0.264,43862.65487,25581.7,21945.7
23.400,56.09,0.089,45128.40263,29065.1,20104.6
23.770,59.45,4.922,37191.50442,22314.8,12790.8
26.700,69.46,4.904,36843.58804,25989.9,33662.3
17.680,90.00,4.918,26066.54867,16345.9,9360.74
28.530,70.00,4.917,35535.94684,21991.1,29878.5
15.270,77.80,0.078,28210.97955,18099,17559.3
20.780,86.30,0.071,45317.08609,27490.2,27370.3
20.420,47.13,4.923,32905.53191,20956.1,18162.6
18.600,62.92,4.915,32861.53846,27420.2,11745.5
20.310,86.40,0.068,40688.74172,23587.1,26850.5
13.320,66.28,0.085,37489.02128,20890.2,23109.7
15.170,78.40,0.086,40942.96578,34306.2,15742.6
22.580,59.86,4.909,32461.39535,23624.1,26185.1
13.020,74.40,0.082,28359.78471,17351.1,13550.5
20.670,52.99,4.919,30734.70460,19680.5,10918.9
6.136,87.60,0.084,22400.00000,18082.8,9294.6
28.950,40.85,4.935,37206.82713,23653.9,13218.2
18.760,70.40,0.076,33458.46154,27513.2,15637.6
22.070,70.30,4.919,21026.23751,11723.8,10069.5
25.250,39.65,4.918,46232.92035,26128.1,21675
28.280,72.00,4.916,36524.65116,22625.3,30270.1
20.250,60.12,0.083,31165.03311,16896,19265
19.630,68.92,4.916,24766.72566,15661.1,9196
27.590,56.45,0.072,47362.12625,31336.7,41410.5
19.040,79.20,4.910,25367.01443,15673.5,14228.5
31.460,23.67,4.906,39757.42508,28047.3,27927.3
12.840,53.77,0.076,25648.66920,22652.3,11835.8
26.280,86.80,4.910,41406.79245,29351.2,33187.7
20.660,83.60,0.073,30003.67615,17981.3,13918.5
12.120,63.68,0.075,39768.51064,23963.4,23574.2
24.190,82.90,4.919,24334.88372,15968.4,18027.1
12.970,49.52,0.085,34213.67089,21505.2,19142.2
22.960,79.60,0.256,42926.01770,25185,21445.6
15.450,77.90,0.083,19339.92395,13723.2,6522.93
13.770,70.90,0.074,30868.47458,20272.3,19821.3
27.790,74.50,4.917,34713.08970,21744.3,30975.1
29.300,50.59,4.924,32888.77076,22557,21063.8
15.750,68.56,0.075,37047.82979,19522,16856.1
13.060,81.80,0.076,35799.49367,22198.2,23132.5
22.740,72.00,0.272,42206.01770,24979.2,21698.5
13.910,64.49,0.081,28037.28814,17266.9,17390
14.700,87.40,0.077,22400.00000,17728.5,10600.5
24.250,49.45,0.083,32586.89362,19858.5,16263.9
23.630,84.80,4.907,36256.74419,23198.7,29999
33.460,31.38,4.905,41295.94684,28663.3,31029.3
11.370,63.22,4.922,24284.74576,14633.4,15387
14.940,86.80,0.070,23548.41765,13351.5,15400.7
21.760,72.50,4.912,26127.30897,16913.9,16575.1
21.150,67.32,4.922,27407.26477,18829,13813.5
19.460,81.00,0.070,34988.06557,20816.1,21769.1
22.030,64.36,4.917,36649.96721,20344.3,20288.3
18.330,85.60,4.921,33880.13115,20147.4,19262.2
9.160,59.33,4.922,25704.61538,21202.1,8472.29
18.600,79.00,0.068,19723.07692,14176.9,9137.35
16.410,77.60,0.068,32352.72336,14378,17943.3
20.080,69.00,0.069,35907.14754,22662.5,17903.8
15.150,86.90,0.072,28161.37783,15774.7,18792.7
15.140,76.00,0.068,42355.44304,26057.1,25607.7
8.770,80.30,0.084,22638.98734,13572,14440.5
19.360,85.30,0.068,21778.46154,16943.8,11300.2
20.660,69.42,0.077,29259.54098,18033.4,18026.2
12.980,86.40,0.102,31422.63830,19452.4,14138.7
27.190,64.65,4.918,39584.81687,24949.1,22702.9
18.270,68.78,4.920,37421.09409,30021.2,17186.6
28.110,34.48,0.265,35133.45133,21296.9,15773.8
14.350,75.70,0.073,35750.44133,20533.2,18594.9
25.120,76.80,4.912,32933.42193,22363.3,22304.9
24.090,80.80,0.317,46717.16814,27748.4,23734.3
20.850,69.88,0.074,31169.23077,26605.8,17667.5
12.530,77.50,0.086,37494.68354,24452.3,23444.8
18.850,89.10,4.922,25554.48578,16274.7,11169.8
24.170,58.62,4.916,27879.91247,16502.5,11905.2
28.580,41.55,4.903,38996.67037,26918.3,26464.7
20.110,57.11,0.082,30901.87298,15826.1,18635.6
21.600,71.20,4.917,37556.45902,22480.5,19168.9
15.100,84.60,0.074,32194.72340,21128,15578.7
21.020,80.30,4.924,45752.29759,29692.5,19071.6
23.320,53.65,0.071,34169.70492,21313.9,17495.7
14.510,69.19,0.083,43797.96610,25995.1,25274.5
28.110,46.30,4.919,31635.49669,19848.6,19442.2
11.420,68.93,0.083,23227.37643,18881.9,8539.74
20.460,83.60,0.068,22315.23179,14194.2,11301.4
21.500,89.60,4.911,27984.42478,16252.4,13832.2
10.100,86.40,0.083,22598.80851,13240.2,13697.4
11.000,53.91,0.077,23190.87452,19283.2,7439.14
15.860,67.57,0.080,21997.35099,15417.9,11703.1
15.960,70.10,0.071,30953.61217,24666.5,9369.51
13.850,53.97,0.084,22924.06780,11595.1,15398.6
25.580,48.68,0.074,23524.78405,15706.3,18153.6
19.630,86.60,4.919,32562.27571,22055.6,10026
13.800,68.01,0.092,19430.88608,11606.1,10901.2
10.180,70.90,0.081,41778.22785,26917.9,25370.6
12.660,75.00,0.074,27412.92776,23326.2,12164.2
11.640,53.12,0.080,45381.26582,28818.2,26677.6
14.930,90.90,0.069,34671.60388,20181.3,17908.4
27.030,71.60,4.911,38376.55938,26268.2,24255.8
13.450,75.10,4.916,25787.65864,13996.7,11625
27.080,40.81,4.912,43841.06312,28636.7,37873.8
28.330,66.66,4.904,40786.68147,28484.5,30100.1
17.440,54.55,0.078,23280.00000,18814.5,10617.8
11.030,85.50,0.080,23346.38298,13522,14533.5
28.080,79.30,4.910,43356.62597,30472.7,28420.8
20.440,73.80,0.304,26015.57522,14104.4,13038
8.280,50.62,0.096,25175.59322,14877.8,16492.7
12.250,76.20,4.917,42437.28814,25225.5,25297.7
22.330,40.81,4.920,35063.60656,25018,14959.7
25.210,46.68,0.203,34477.16814,19365.9,15456.1
20.790,73.20,4.914,22607.68212,14478.6,14739.7
25.380,68.92,0.270,35980.88496,21978,15891.5
13.530,77.30,0.082,34206.10169,23690,17627.3
13.120,68.73,4.915,25297.62712,14783,14900.7
21.970,57.03,4.923,36025.48673,19433.3,13979.3
17.650,77.20,0.085,35212.30769,29476.9,16169.6
21.970,56.49,0.073,34849.57377,22064.4,18160.3
27.020,51.85,4.910,47642.79070,31108.9,46158.3
15.020,49.30,4.917,31698.38298,16990.2,16327.7
25.800,56.91,0.073,35157.61589,22011.6,17179.6
9.590,75.50,0.084,29717.46835,18401.2,17962.4
13.940,82.00,0.085,23812.08511,14809.8,11938.1
22.000,68.57,4.919,35554.62295,21678,18481
11.680,71.80,0.087,35987.84810,22482.7,22421.2
24.230,82.80,4.917,23697.00997,15975.9,16984.8
20.190,85.70,4.913,33280.70022,21760.6,15272.5
17.150,72.60,0.071,40880.00000,35036.8,17580.7
21.460,53.05,0.085,30647.66416,15892.1,18274.9
24.260,52.85,0.090,46766.91466,28755.2,19550.2
25.230,69.15,4.918,30196.94352,18019,21955.5
17.730,73.40,0.071,33778.77287,18245.6,21218.9
12.640,74.00,0.078,21377.94677,15718.9,9640.34
30.900,48.99,0.068,39190.96346,27425.3,30812.4
19.670,52.35,4.919,44699.86871,25607.1,19637.7
14.630,81.30,0.073,22549.78723,13463.4,14731
11.550,76.10,0.077,19989.87342,13641.3,13625.1
11.220,69.74,4.923,21390.76923,17356.6,10398.1
15.210,78.80,0.081,23771.62540,12611,15424
14.050,49.35,0.088,33211.13924,21118.5,16441.4
16.480,58.43,0.084,27353.89831,22234.7,16724.3
21.450,59.02,0.268,32138.76106,19268.6,15744.4
24.780,66.99,0.307,33604.24779,18699.8,15732.6
16.000,73.20,0.073,40744.61538,34821.1,17540.2
10.270,88.90,0.078,22880.68085,13803.7,13772.9
17.170,46.40,0.083,29590.87452,25307.1,9548.14
12.280,61.49,4.921,28701.53846,22656.2,9096.87
10.170,83.10,0.074,42519.49367,27253.5,26122.4
20.610,84.60,0.071,28869.32166,17208.3,13632.6
3.681,82.70,0.086,23052.15190,14093.6,14481
17.630,77.40,0.068,23568.78689,11316.4,13566.3
23.820,38.00,4.921,36133.77049,24304.6,17723.1
13.950,64.86,0.076,23107.69231,17959.1,10184.1
27.780,30.24,4.908,40454.25083,28948.3,31935.8
12.680,48.00,0.077,43254.75285,31106.5,15950.1
9.870,87.60,4.926,18596.92308,12309.9,8026.99
16.130,62.75,0.088,30552.09125,25174.6,9715.25
8.900,63.62,0.076,37171.10266,31997.5,17114
15.210,69.36,0.074,33812.42553,18109.8,15590.3
27.170,30.54,4.908,31657.67442,21850.6,28215.6
15.500,60.58,4.915,31827.06383,18980.5,16513.5
14.370,82.30,0.070,40121.59311,20397.6,27514.2
6.168,57.60,0.090,18933.55932,10719.8,10883.2
23.960,76.50,0.064,34707.03663,22729,27524
26.250,45.52,0.310,37312.56637,23306.4,15173.7
14.550,91.10,0.070,21787.55651,10528.7,12357.8
25.240,36.99,4.916,45634.96689,27430.4,28941.8
15.990,70.60,0.082,43996.59574,26432.9,24996.8
17.140,57.23,0.086,33211.13924,21519.8,17042.9
15.190,68.68,0.080,32348.35443,21457.8,16314.2
11.210,79.90,0.087,40101.26582,25820.1,24624.6
29.500,35.98,4.917,42948.03987,29806.3,39464.4
25.380,61.84,0.069,39137.48344,20918.9,20198.4
26.470,51.85,4.905,37551.87569,24397.9,23371
20.100,69.67,0.072,35743.47541,23026.6,17554
18.980,76.20,0.082,22404.23841,14239.1,11147.8
16.210,86.70,4.917,25352.82276,16704.1,10119.4
22.730,46.75,0.081,25252.45033,12626.2,13298.2
13.540,85.00,0.074,24379.24650,13520.2,15581.1
27.720,67.93,4.913,36460.86379,22473.4,28287.9
14.550,88.30,3.082,21569.23077,17497.9,9478.55
21.200,81.70,0.069,29105.16556,18943,13894.9
27.270,38.15,0.318,36496.99115,23471.1,15032.5
16.240,62.42,0.081,41972.65823,24631,25544.1
20.090,56.46,0.085,32030.31216,19451.7,15621.8
21.960,58.26,0.071,32444.85246,20667.5,17466.6
21.530,64.18,0.073,30664.61538,23916.9,12052
15.860,83.60,0.068,32600.73197,19305.1,17716.4
16.710,80.70,0.072,27312.73523,15680.9,12552.9
20.670,83.50,0.066,41998.41060,24687.3,26897.7
31.400,14.24,4.927,33954.69027,20005.8,13190.9
13.830,89.90,0.067,21563.07692,17419.8,9519.04
24.120,53.32,0.089,46640.87527,28452.7,19410.1
21.550,63.30,0.080,35704.37086,18741,18632.9
13.680,69.14,0.117,40170.34221,34398.3,15316.2
25.780,83.30,4.924,40236.89234,25158.2,19332.4
22.100,81.60,0.065,37192.05298,22849.9,19873.5
25.520,61.52,0.315,34394.33628,18845.7,15709.1
13.040,59.95,0.085,22539.66102,11573.3,15404.4
16.720,79.00,4.921,21063.34426,12980.8,10616.4
27.230,43.58,0.083,28819.13621,19792.4,24504.1
17.910,69.34,0.085,43314.70398,24012.2,27601.5
13.060,55.94,0.083,22339.16350,17784.6,8228.57
13.490,71.70,0.086,42778.98305,25546.5,25372.9
35.940,29.58,4.908,41748.83721,29954.4,32879
23.470,45.25,4.918,34854.12766,17967.1,16403.2
26.950,38.43,0.081,31009.57377,18237.8,18154.5
19.620,77.20,0.068,22227.69231,18018.6,7512.29
16.140,64.42,4.921,29663.36980,17014.1,14712.2
17.280,80.80,0.086,40698.21313,22461.5,27467.6
12.510,68.35,0.077,39991.89873,24477.8,25989.4
22.470,84.80,4.913,38274.69027,22584.2,18015.4
21.200,79.30,4.916,37641.66302,24531.5,15004
14.030,43.02,0.080,34676.80608,28724.1,11778.2
14.790,50.92,0.082,36698.73418,25054.1,20131.1
25.840,66.12,0.314,34184.07080,21985.4,16597.5
21.010,74.50,0.073,33722.53052,24131.8,25905
21.020,72.80,0.070,33426.88525,22435.9,16230.6
27.980,40.98,4.903,39118.13541,26074.3,24514.6
14.070,40.69,0.076,33192.39544,27372.8,10251.1
11.450,77.70,0.074,24540.75949,16738,16476.1
15.990,68.13,0.086,23300.40904,14517.3,11956.4
16.420,64.55,0.080,28185.55133,22118.4,9438.66
18.960,73.10,0.072,36695.38462,30495.9,17071.8
14.870,70.70,0.067,25293.63934,15287.9,15105.4
19.120,56.92,0.083,38946.75497,22730.1,24115.2
8.780,85.50,0.082,25707.34177,16858.4,16481.9
22.730,84.90,0.277,33011.68142,20316.4,17597.7
21.370,61.24,4.916,45965.56291,27624.9,27736.6
21.520,60.85,0.284,33317.52212,21622.5,13414.5
24.780,89.20,4.919,46994.18424,28636.5,25880.9
15.230,77.60,4.912,23120.00000,18688,9183.61
18.840,76.70,0.079,33488.66521,19997.9,11024
10.740,68.40,0.079,24401.52091,20277.4,11086.7
20.810,86.00,0.068,45914.70199,27494,27630.3
19.260,84.90,0.071,45299.40984,27061.3,26118.2
25.090,47.22,4.919,31906.44518,22716.5,22485.7
20.510,71.90,0.072,34775.38462,29287.2,21426.5
13.830,89.60,0.070,24404.04736,13212.2,12712.7
27.650,51.33,4.919,33250.33113,21424.1,22520.1
11.160,74.20,0.083,23162.55319,14462.2,10660.6
25.300,67.91,0.067,49391.52053,32552.1,39062.1
8.050,91.60,0.084,20641.82510,15391.2,9571.19
19.120,86.70,0.069,39785.96026,24227,25219.9
15.730,65.09,4.917,32354.43038,19630.4,16967.7
24.060,82.20,4.920,28525.10544,19053,20289.4
31.120,28.48,4.918,37127.78761,22000.4,14508.8
22.090,60.72,4.923,39370.61947,22045.3,20345.3
13.910,64.66,0.087,43831.89873,27184.2,25792.8
22.780,62.74,4.919,43009.27152,27089.8,32238.3
8.430,82.10,0.081,22351.33080,17950.3,10493.2
25.140,92.10,4.916,34981.93119,22865.9,14192.4
25.110,33.43,4.924,33880.13115,23086.1,17384.9
19.140,85.60,0.068,43876.72131,26530,25634.3
7.710,80.60,0.089,32433.41772,18277.2,16082.9
24.050,54.32,0.081,35209.10284,21775.5,13025.7
13.530,89.60,0.070,23895.62971,11866.8,15569.5
19.210,58.11,0.076,36296.06028,21750.3,19269.8
35.220,24.15,4.923,43196.81063,27729.1,30752.1
16.320,89.10,4.919,30845.90164,19133.1,18411
12.380,52.74,0.078,22107.98479,19091.7,10141.7
20.620,64.50,0.073,32377.52422,17046.8,19118.5
17.780,63.89,4.918,39212.30769,33169.8,17083.4
22.360,51.95,0.078,36340.13245,22273.6,19714
18.620,74.50,4.923,47313.83607,28777.7,26363.1
16.830,37.33,0.090,43339.74684,26859.6,24763.4
15.220,53.97,0.086,39920.91255,33352.6,15886.7
6.442,65.74,0.088,20764.06780,13061.4,10350.6
10.520,68.10,0.086,37475.28517,32200.1,16341.9
11.750,83.20,0.086,32547.52852,25211.4,8948.86
14.780,83.90,0.069,25048.86975,13864.8,15936
28.260,63.70,4.908,35446.64452,22583.5,27004.5
14.040,63.13,0.092,40225.09506,34273.1,16042.3
20.790,63.21,0.071,30326.15385,24709.1,13116.1
26.080,67.99,0.064,40614.07325,28435.1,27566.1
15.730,59.33,0.076,30094.17722,18331.9,17332
24.530,52.22,4.917,44069.67177,24397.1,18488
21.830,81.90,4.916,33720.79470,21648.6,25308.6
15.270,87.20,0.067,24794.66093,13861.1,16546.9
16.330,68.79,0.074,35822.29787,22748.8,20543.2
17.430,71.10,0.073,35307.57447,21545.1,16484.5
25.540,72.70,0.262,37427.25664,22909.8,16597.5
24.580,59.99,4.918,34884.95575,19713.9,14867.7
8.430,86.50,0.088,23131.13924,14535,15209.6
16.220,73.40,0.074,33295.15608,20078.6,18507.6
18.170,65.41,4.924,23307.01987,14452.4,12577.5
21.350,62.85,0.271,36057.34513,21023.7,17709.5
23.160,41.86,0.078,23946.49180,14288.5,15099.6
20.400,81.80,0.067,24565.82781,13505.6,11277.8
15.080,47.36,4.920,31968.00000,17491.5,16519.4
20.480,64.91,0.079,37078.03279,21804.3,21448.4
22.360,89.50,4.919,25827.30300,15247.7,16196.6
17.030,69.94,0.075,40016.18945,24342.2,26414.5
17.350,86.50,0.072,40834.72340,23235.4,24480
20.280,89.40,0.067,39099.33775,24399.2,23701.7
19.230,52.71,2.461,38560.00000,29882.2,16493.5
10.170,88.20,0.083,22954.21277,12530.5,13842.6
26.010,42.21,0.279,35885.30973,22082.7,14832.4
16.930,81.20,0.070,35527.23358,20298.6,18624
10.070,73.00,4.918,33156.92308,27334.7,14434.7
27.270,63.59,4.925,37686.12653,23284.1,21836.2
21.400,82.00,4.925,46933.80531,28077.8,21057.2
26.510,83.50,4.907,31133.40733,21676,22034.9
20.630,41.79,0.083,30184.61538,25326.4,13717.6
24.720,46.68,0.073,31399.86885,18739.3,17344.1
12.990,69.52,0.082,29644.55696,19105.2,19361.9
20.770,75.10,4.923,33993.44262,21094.7,17145.9
20.920,78.70,0.066,25799.20530,14336.4,14072.1
18.120,86.20,4.914,25920.00000,17073.9,8421.16
16.370,80.00,0.069,35626.43703,16790.2,19240.7
26.130,89.80,4.908,41272.54162,28781,27770.8
23.250,62.03,4.905,35689.03654,25412.7,24805.4
13.940,70.10,0.085,41711.18644,24496,24933
12.920,80.60,0.082,43114.21277,23762.2,25472.9
25.840,53.57,4.920,35315.40984,22027.2,17501.5
24.040,82.80,4.916,22408.50498,15098.7,14375.9
9.200,85.80,0.080,21274.52471,16738.9,9767.11
19.490,68.78,0.070,30036.92308,23943,17418.8
21.960,50.97,0.085,33254.80851,20608.5,16281.3
22.120,53.10,0.075,32320.00000,23742.1,17395.7
17.180,78.80,3.789,21176.65574,13248.3,10598.9
15.530,67.25,0.072,23312.54753,17298.6,7496.76
12.860,79.90,0.085,33836.93617,20004.9,16403.2
11.870,65.32,0.082,21098.09886,16875.1,8603.12
14.900,86.80,0.074,23267.69231,17233.9,10519.5
17.350,70.20,0.081,21012.98361,13136.8,11689.1
16.150,56.04,4.918,39183.79747,23668.1,24294.9
9.420,45.24,0.085,38184.40678,23069.9,24174.6
13.050,62.97,0.089,31714.06844,25494.9,9824.73
29.090,29.58,4.922,36097.68053,22851,13294.1
23.860,82.30,4.918,28416.42619,18277.5,19007.4
11.820,63.95,0.075,36471.82979,21808.5,21710.3
13.740,89.80,0.066,22010.76426,11335.2,11997.1
20.470,69.44,4.911,25610.63123,16067.1,16665.4
26.350,77.70,4.907,31977.26970,24261,26422.6
14.270,66.32,0.076,34541.61702,20436.6,15416.1
10.630,46.58,0.084,21679.32203,12875.4,13968.7
29.960,43.10,4.927,33341.66113,21729.1,24492.1
18.440,88.20,0.279,26121.66302,15834,11928.5
23.260,64.15,0.069,34165.82781,21794.6,18615.1
19.960,85.60,0.069,22849.27152,14807.9,11366.4
8.510,88.80,0.073,34688.13559,21293.6,21627.5
20.830,67.92,0.268,26684.60177,15601.2,12843.8
18.970,73.20,0.080,33363.35845,18586.6,18164.4
6.250,66.68,0.086,22246.77966,13174.5,14206.1
19.760,69.55,0.073,30603.07692,24850.4,18002.9
22.270,67.87,4.905,31281.32890,20794.9,23106.3
24.130,48.58,4.917,45386.78337,25237.3,19439.3
17.820,49.50,0.085,33065.08475,18240.7,16892.1
20.910,73.40,4.920,34446.68852,21076.2,17594.8
27.870,65.86,4.904,30097.75805,22588.4,22600.6
21.150,61.94,0.072,29963.07692,24270.2,16366.3
14.320,49.35,0.081,37397.46835,24605.5,19153.7
22.000,58.31,0.071,30886.15385,25382.2,17245.3
20.990,86.40,4.914,27261.45695,15208.3,18178
22.430,46.99,4.931,24887.78761,13943.5,12537.9
13.220,52.17,0.080,43346.44068,25480.9,24666.7
20.450,61.17,0.091,36221.65770,20789.8,18932.4
15.180,83.30,0.079,35671.89873,22147.1,21744.6
12.650,71.60,0.085,36583.29114,22748.9,22039.5
14.860,59.15,0.088,29371.86312,23834.3,9329.17
13.600,86.20,0.074,45261.57158,23590.6,29381.8
11.460,60.73,0.085,35076.45570,22103.3,17361
13.200,52.42,0.082,32819.74468,20524.4,14841.3
15.330,81.60,0.081,31683.65019,25631.2,9404.08
11.220,63.82,0.085,21298.46154,17494.2,8535.9
26.360,38.40,0.079,30820.72131,17933.1,17524.9
24.160,59.32,4.920,35426.54867,21551.4,13391
21.900,68.12,0.290,41963.89381,25473.2,20245.3
24.030,51.35,0.301,28213.80531,16664,13326.3
12.280,54.15,0.084,31464.61538,26286,13827.5
12.510,59.91,4.922,23095.14894,11919.5,11340
29.590,59.43,4.921,35491.29568,23157,25407.9
22.860,47.90,4.916,32059.91489,20787.8,15381.3
24.610,83.30,4.923,44472.55814,27303.8,34861.3
28.010,72.60,4.915,34732.22591,22063.3,29926.7
16.830,66.57,0.079,19250.36066,11472.4,11706.6
8.610,86.60,0.086,24888.21293,18996,7663.87
27.560,39.19,4.909,40089.85572,27085.5,26819.8
17.970,42.17,0.087,35131.13924,21724,16516.6
21.710,48.72,4.902,25117.69145,16718.9,18297.2
14.110,89.70,0.070,23536.01722,14231.4,11950.5
30.470,32.24,4.923,43190.43189,27600,32969.4
28.430,43.12,4.926,47783.12292,30854.4,40555
13.070,67.18,0.086,26029.36709,16479,17123.9
11.240,87.40,0.088,24804.76596,15841.5,10579.4
19.810,70.30,0.069,21550.76923,17338,7674.22
18.740,79.30,4.915,40027.54967,23905.2,24782.8
25.100,62.77,4.919,30050.23256,20984.8,18918.8
21.720,52.91,0.070,31148.06557,20221.7,17921.3
10.460,80.80,0.087,36808.10127,23456.5,22577.3
17.580,93.30,0.094,25094.44201,16401.7,11928.5
25.540,89.50,4.916,25776.47841,14867.1,19286.4
16.140,77.10,0.079,34795.60818,21622,20183.3
15.250,72.30,0.069,40508.35443,23894.2,25399.5
18.280,49.10,0.074,35859.06383,21863.4,16699.4
16.970,69.44,0.082,22816.79225,14334,12288
15.660,85.40,0.067,34560.00000,15851.7,22475.6
36.370,24.64,4.906,43617.80731,30489.9,33499.6
20.970,66.89,4.917,42847.08972,24322.4,18569.7
9.890,89.00,0.093,23426.04255,15629.3,10753.5
8.630,87.50,0.089,23910.12766,14458.5,11549
18.830,79.10,0.066,22584.61538,16386,10895.4
27.350,37.48,4.925,34649.20354,21102.3,12943.8
11.840,86.10,4.922,22006.15385,16099.6,11057.3
26.540,54.48,4.907,49683.98671,33129.1,40253.7
12.840,85.20,0.072,22203.07692,15883.9,12589.9
26.160,50.84,4.923,35176.91803,21577.7,17105.1
10.970,84.30,0.082,23370.89362,13719.5,14510.3
10.580,90.60,0.078,28470.50847,17613.4,17615.8
16.300,85.20,0.072,21926.15385,17564.9,10600.5
14.910,59.18,0.082,23586.31179,18082.8,10643
14.780,51.64,4.920,42679.14894,24168.3,25200
29.310,38.78,0.269,36229.38053,22554.3,14732.4
25.470,80.20,4.916,37947.10963,28754.4,37301.4
12.760,49.82,0.083,21709.36709,13546.5,13578.8
21.890,70.60,4.922,35139.14754,23130.7,16889.4
13.470,49.77,0.079,38059.31559,32859.2,16439.9
14.420,57.92,4.927,32166.15385,24125.2,10236.1
12.220,76.70,0.087,30455.45748,17094.5,14370.9
25.650,71.50,4.906,49218.33887,33227.8,39042.7
18.050,65.44,0.077,19628.06557,12040.9,10657.2
13.850,72.10,0.072,41808.81356,24222.5,25060.3
14.990,85.80,0.066,23399.61249,13868.4,12328.7
13.990,89.90,0.068,34156.98601,18557.2,19525.8
10.250,84.20,0.072,27585.76271,15877.2,16510.1
16.430,81.30,0.071,36519.26803,17230.1,18833.5
27.140,35.55,0.270,37573.80531,23471.1,14714.8
23.550,65.91,4.907,35423.04107,23420.9,25152.6
22.980,69.48,0.069,38183.84106,20829.1,18550.2
21.680,64.43,0.088,47126.12691,28669.3,20157.1
15.000,58.04,0.082,24010.16949,13152.6,12232
26.540,48.29,4.924,39733.15615,26673.4,34547.9
15.110,57.91,0.083,23717.28814,14199.4,14634.5
13.740,61.05,0.081,37121.36170,21680.5,22825.2
23.490,69.32,4.920,44865.34961,26241.6,23641.9
20.760,70.50,0.071,29070.76923,21614.9,9559.52
19.230,89.30,0.083,36400.17505,24901.2,12144.4
26.180,41.61,4.928,38760.13319,26420.3,24490.5
17.070,70.20,4.922,25163.44371,12936.8,13611.3
21.020,66.07,4.920,38475.54098,23814.2,20836.3
16.760,65.02,0.080,29818.98305,23000.6,17054.2
16.270,59.11,0.083,30619.01141,25553.9,9404.08
19.290,74.70,4.922,40427.01639,24776.5,24415.9
13.740,47.40,0.083,42547.11864,24189.7,25286.1
12.960,84.60,0.077,21034.93671,13951.4,14214.9
15.080,77.80,0.083,35463.05085,22209.1,17465.2
18.500,82.10,4.923,38022.29508,22729.4,22981.7
12.210,86.00,0.078,39622.81369,33746.5,15661.9
22.990,78.20,4.919,41699.60265,26214.1,30430.5
22.820,85.50,4.915,36012.74336,22453.2,13026.2
25.300,49.76,0.079,36072.47265,21771.8,13037.3
18.940,90.70,4.916,22737.83607,13909.6,10762.1
18.370,64.89,0.080,24651.54098,14961,16189.8
21.420,67.65,4.918,29461.70678,22078,12313.7
25.640,66.28,4.922,30351.25828,17191.7,20801
13.140,83.70,0.078,27954.38298,18131.7,13680
13.530,86.30,0.080,25938.38298,16382.9,11647.7
10.470,63.07,0.085,22794.89362,12731.7,10318.1
16.580,68.06,0.073,38383.65957,22931.7,18040.6
13.480,84.50,0.086,24503.25081,13116.9,16942.5
18.140,68.01,0.072,34861.53846,27721.5,19176.9
18.730,88.00,0.069,26086.81967,16421.1,16003.2
15.740,49.20,4.916,29896.85106,17143.9,16287.1
12.580,89.30,0.081,32280.51064,20220.7,14446.5
23.010,52.13,0.078,30892.30769,26077.7,10907
23.700,59.91,0.082,29499.33775,19021.6,13002.8
21.220,80.30,0.267,30303.71681,17266.5,16432.8
15.160,82.30,0.082,22196.92308,17479.3,10056.9
21.130,74.80,4.920,22039.64602,11952.6,10031.5
9.130,86.50,0.087,27047.90875,21393.1,8464.83
12.660,81.70,0.070,42366.63830,23059.8,27098.7
16.010,63.68,0.074,35775.18987,21235.3,16412.5
28.520,40.65,4.953,27200.70796,14968.8,14938.3
21.140,75.90,4.918,35353.18033,22473.1,17431.6
21.190,77.80,4.929,31916.06557,20474.3,15187
21.920,93.00,4.914,34381.59292,22442,12690.8
20.000,65.28,0.082,44401.58940,24039.9,26389.7
24.430,52.69,4.912,33564.91694,23088.6,29794.1
23.190,67.56,0.288,40957.16814,25495.6,23316.5
21.040,69.11,0.074,31427.69231,26308.3,17233.7
21.780,65.35,0.070,35227.27869,21035.3,19233
16.320,66.74,0.081,25396.08181,16317.3,12346.2
13.400,59.65,0.076,33618.25095,28867.8,14359.7
20.400,74.90,4.918,24830.44248,13625.4,11014
26.650,79.50,4.921,36733.58491,22261.5,17508.7
15.190,68.98,0.081,30190.76923,24709.1,13630.8
10.470,89.60,0.075,31716.76596,19185.4,19329.7
22.980,76.70,4.908,30375.54817,20681,24757.2
17.790,93.30,0.103,24999.91247,16465.1,11881.8
14.590,35.73,0.078,41395.44304,25097.9,24144.6
19.500,87.50,4.919,35781.24590,22168.4,21885.7
23.190,71.50,4.925,30698.76106,20851.6,13526.3
18.510,62.55,4.919,35378.46154,29912,14845.3
20.910,84.80,0.070,44185.43046,26685.7,26171.1
22.200,48.39,0.087,33791.17330,20001.6,18338.9
25.610,92.00,4.910,26249.23418,17456.4,16413.3
11.640,50.55,0.086,20937.72152,13043.2,11115.2
23.670,59.59,4.927,37057.69912,22370.9,12673.2
19.510,90.10,0.317,24135.92920,15163.4,10631.6
24.440,53.42,0.089,34887.70241,22824.9,13340.8
24.360,73.40,4.916,38215.62914,23748,31677
32.050,40.62,0.067,37519.73422,25834.2,31270.3
24.390,55.29,4.917,30758.27243,20768.4,26185.1
13.530,65.01,0.083,32596.19772,25598,9496.28
24.110,92.60,4.921,27815.49390,17426,16190.6
23.930,55.42,4.922,32188.23529,22215.8,20367.6
13.940,62.72,0.082,38904.94297,33551.4,16411
13.670,87.40,0.083,21421.53846,16743,7922.89
33.210,17.14,4.904,40217.71365,28632.7,26181.8
24.320,90.00,4.918,29816.47059,18889.5,18140.7
21.440,74.10,4.919,44213.09735,25570.5,19733.4
13.970,79.20,0.083,27619.77186,22236.3,11490
13.270,86.90,4.915,23405.51422,18515.4,10738
13.480,72.00,0.075,23717.28814,14633.4,14657.6
14.960,61.35,0.083,41275.91489,23385.4,24480
20.250,75.00,0.072,31101.53846,23463.2,17031.3
12.960,71.20,0.074,25509.44681,14297.6,14905.2
21.510,42.68,0.086,36457.26588,21435,19432.7
23.560,69.96,4.957,35968.14159,22704,13620.4
9.740,62.12,0.085,22892.93617,12793.9,14098.1
21.050,44.15,4.919,44945.84071,25862.4,21533.8
23.230,77.90,4.911,29099.80066,17924.1,22407.4
10.130,69.40,4.916,26443.07692,21068.2,8443.37
16.150,40.03,0.088,30724.08511,19767.1,14585.8
13.320,47.41,0.087,25051.13924,15713.1,12017.3
21.050,62.34,0.073,29163.07692,21339.7,17690.6
15.210,63.72,0.083,38217.49049,33109.5,16359.2
24.410,60.37,0.072,40841.32450,23444.9,21893.9
13.900,62.62,0.081,22265.08475,13119.8,13777.7
16.700,65.30,0.079,27181.74381,15631.8,17978.2
16.240,85.00,0.085,29975.38462,25505,14596.6
20.640,49.62,0.082,31686.35762,17955.1,15005.5
24.780,59.51,4.924,33452.06557,20548.6,16306.4
27.290,67.93,4.908,39331.29568,27573.4,24877.7
13.250,88.10,4.923,23598.01938,14026.1,12328.7
22.410,59.03,4.925,34843.58862,19859.8,14216.2
18.500,91.10,0.076,45059.08096,28706.6,19521
15.650,47.83,4.917,29909.10638,17323.2,16484.5
12.920,70.40,0.083,19631.93916,14415.5,8637.7
26.020,43.51,4.930,29800.35398,17274,15385.5
16.800,77.90,0.075,38916.92308,32995,20310.4
10.050,51.89,0.085,20440.67797,12714.9,10553.2
15.070,67.29,0.087,39111.78707,32479.9,15581.3
21.880,78.20,0.067,37293.77483,22651.6,20659.2
5.921,75.70,0.081,27335.69620,17872.3,18442.4
14.300,90.30,0.068,23350.01076,10246.4,12480
9.390,83.40,0.085,23946.89362,14286.6,14458.1
10.440,78.60,0.091,32299.74684,20093.6,15608.7
21.030,78.00,4.915,38255.57522,21847,18027.2
26.670,71.10,4.923,37653.68771,25219,25100.6
22.460,79.60,4.908,21623.92027,12668.4,15960.5
21.860,75.60,0.068,30745.43046,14602.1,14450.2
21.160,70.70,4.921,37312.84768,24024.9,28569.6
10.110,74.80,0.083,23137.21519,13914.9,14556.1
25.990,39.03,0.071,35869.66887,22767.6,19359.5
14.340,86.60,4.913,20962.72340,11429.3,10451.6
18.160,54.01,0.083,30294.91525,17299.7,16353.8
17.610,58.98,0.083,28873.00380,22394.6,10326.1
17.620,82.20,4.919,28627.96460,17015.8,13196.8
14.250,90.40,0.068,21899.16039,10987,12253.1
16.200,54.92,0.083,30734.60076,27070.9,9196.64
25.700,51.36,4.913,41104.58472,30246.8,37271.3
19.490,66.72,4.915,24142.30088,17468.6,9607.84
17.180,47.91,0.088,39742.78481,23795.7,21617.3
9.240,67.27,0.084,27785.31646,16891.2,13353.3
16.800,67.82,0.076,34118.80851,21161,17036.1
19.980,66.76,0.195,41505.13274,23415,20857.2
20.680,86.60,0.221,30967.87746,20311.6,9594.16
7.760,92.70,0.087,32249.42966,22781.2,11271.1
27.510,62.39,4.904,50041.19601,34074.7,46266.8
19.010,85.00,0.076,31314.48578,17253.1,11129
17.960,90.20,4.914,25743.54486,14930.3,11724.3
31.710,40.66,4.926,34713.08970,22963.3,25444
12.950,58.86,0.085,33089.62025,19904,16215.9
11.230,90.90,0.079,32570.84746,19951.4,20035.5
24.420,60.71,4.923,27660.59016,20689.8,15863.3
22.820,48.49,4.922,35197.16814,19171.3,15420.8
21.970,87.40,4.921,28883.10766,18148.3,17659.2
22.670,53.65,0.071,35126.55738,21533.1,17985.4
11.540,73.90,4.915,22566.07595,13327.7,15498.8
16.750,52.57,4.917,40101.26582,24113.1,24855.9
30.910,58.72,4.906,38310.69767,27110.1,31589.6
16.870,49.02,4.916,31844.05063,17686.3,16840.5
15.840,87.80,0.069,34073.84615,28223.6,17453.5
22.430,42.04,0.073,32823.93972,21134.4,18437.8
28.940,43.11,0.070,40307.21421,27594.9,26121.6
20.490,88.30,0.075,46842.53829,29158.5,19486
18.090,64.48,4.919,23739.33775,14879,12583.4
17.950,78.50,0.075,33623.76749,20283.9,18722.9
21.970,90.00,0.287,26977.69912,16854.9,11520
6.244,83.60,0.084,20678.32700,16967.2,9772.87
23.120,62.09,0.272,47462.65487,29215.4,22334
20.640,41.99,0.079,31267.69231,26862.4,14608.2
17.300,85.10,4.917,29863.86885,19159.1,17868.8
17.040,69.77,0.085,42304.06889,22476.2,27275.6
25.090,61.72,4.926,35725.86433,22574.7,13200.7
28.400,29.15,4.920,41718.67550,26139.3,24073.8
18.130,73.20,0.077,20824.61538,16051.2,9027.47
23.070,69.32,0.069,37878.67550,21005,18851.4
9.900,89.40,0.067,24792.51064,16145.1,10956.8
10.090,88.50,0.100,22863.05085,12463.2,13644.5
24.220,79.90,0.312,38841.76991,23890.2,21663.2
19.760,82.70,4.912,28946.54867,19747.6,8125.19
15.020,89.20,0.070,23446.15385,18952.1,12173.5
30.770,26.95,4.919,35274.41860,22211.4,23503.9
18.090,93.20,0.068,25075.53611,17350.2,9477.45
21.690,72.10,4.920,35214.68852,22131.3,17670.6
16.670,79.90,0.069,23672.42196,12867.6,14237.1
35.300,32.72,0.068,35044.78405,23931.6,24112.5
34.320,25.85,4.923,38648.77076,26126.6,32378.9
16.510,62.73,0.077,18910.42623,11160.4,10208.3
29.580,44.65,4.920,37622.19756,24709.6,25098.4
13.020,65.88,0.083,45028.86076,27621.9,26405.8
19.530,58.53,0.098,29631.85996,17637.8,8572.89
17.090,73.20,0.072,36613.67089,21220.7,16950.4
13.220,56.48,0.084,38898.85932,33256.8,16497.5
17.400,43.68,4.920,30861.53846,23924.4,11340.7
15.070,63.66,0.080,24229.83051,12791.5,14240.8
28.830,33.54,4.904,35857.75805,26074.3,23672
24.440,58.25,4.903,33341.66113,23058.2,30818.4
19.340,67.21,0.073,22806.15385,17951.7,10774
9.860,90.70,0.081,23272.85106,12662.2,14283.9
34.930,26.95,4.929,41736.07973,29324.1,31300.4
25.000,54.74,0.073,35856.95364,22483.2,19282.7
15.420,83.20,0.077,40251.79763,21768.6,27392
16.390,77.00,0.081,23665.02128,12589,15271
13.940,73.90,0.075,33224.17021,19993.9,15991
20.380,75.60,4.919,27684.95575,16282.3,13496.9
16.090,55.47,0.078,44070.12766,25631.7,25414.8
22.170,83.50,4.917,29232.31788,18576.3,21693
23.910,66.78,0.068,32945.16556,20406.2,18219.3
16.520,58.33,0.081,27817.62712,23139.2,16463.8
8.540,81.20,0.082,21922.02532,13335,14070.4
27.810,72.30,4.927,39297.13651,25272.2,26651.3
13.300,54.54,0.076,32413.68821,28536.4,14077.3
12.640,82.60,0.085,24094.03660,12809,16093.1
24.630,47.38,0.073,31122.88525,18635.3,17239.2
23.930,43.35,4.921,32304.42478,18018.7,13838.1
12.450,58.91,0.081,32261.59696,26168.8,9409.84
12.180,57.03,0.087,44396.96203,27705.8,26596.6
29.320,42.95,0.073,39814.96115,26659.8,26043.4
30.290,44.60,4.917,34247.44186,22636.7,25064.4
18.500,89.90,4.916,27124.24779,16447,11949.5
11.420,90.60,0.080,24939.57447,14590.2,15387.1
12.620,88.30,0.073,27598.97872,15735.4,16594.8
13.390,76.00,4.913,30111.86441,18714.9,14553.4
11.220,87.10,0.073,33175.14894,17751.2,21721.9
35.660,22.31,4.908,42112.42525,30224.1,32137.9
9.400,85.80,0.084,27327.75665,22129.5,11639.9
25.380,57.10,0.078,34852.45033,20084.4,15915.3
16.760,65.77,0.079,24082.64901,12996.7,11106.5
18.380,70.40,0.071,43826.36066,24806.2,25809.2
9.980,90.30,0.076,24614.23729,13783.6,14900.7
21.950,41.84,0.086,36792.07750,24320.2,18501.8
20.400,80.20,0.074,25061.72185,13995.8,12423.9
16.040,71.60,0.074,22174.90494,18602,6534.45
15.260,71.90,0.076,23164.00431,12783.3,16128
20.620,58.39,4.912,44339.74468,26454.9,25560
17.690,80.70,4.922,39072.21007,29744.8,17367.5
14.140,89.60,0.090,23436.81378,13597.1,11613.1
26.040,59.75,0.262,35808.84956,21117.3,17656.5
16.060,70.40,0.070,23647.14829,19025.5,6672.75
34.480,36.68,4.908,42960.79734,29377.2,32879
21.600,78.00,4.917,41858.54305,22636.6,28634.6
13.740,67.99,0.084,36500.33898,22333.1,21783.8
20.750,87.20,0.065,44516.02649,26966.3,26637.8
23.550,82.60,0.273,46105.48673,27490.2,23475.4
9.210,90.90,0.080,23540.33898,13831,14999.2
16.060,58.21,0.083,33980.33898,21446.8,16174.3
24.970,56.28,4.928,46578.64595,27294.6,22612.7
12.410,77.50,4.916,23082.71186,13386,14605.5
27.550,68.67,4.906,40294.48505,27672.2,27854.1
16.850,64.86,4.923,27417.34513,14459.9,13708.7
26.390,58.32,0.266,33113.62832,20241.6,15403.1
23.570,69.95,0.070,37090.33113,22834.9,20990
14.660,74.20,0.080,25469.90164,15778.3,14674
16.750,66.32,0.076,36765.95745,22675.6,17599.4
21.720,87.20,4.915,26283.18584,15111,12967.4
19.100,66.54,0.078,39944.61538,33508.3,17349.4
13.630,50.70,4.922,43413.55932,25783.6,26206.6
27.020,73.80,4.904,40601.28746,31609.3,27518
27.050,81.10,4.907,38466.05993,27408.7,26398.5
26.420,31.65,0.081,38248.91803,22904,23792.1
16.200,77.60,0.068,27907.69231,22061.2,13162.4
18.170,74.00,0.072,43283.70291,23238.7,28002.9
29.240,33.91,0.271,36681.76991,22715.2,14985.4
9.910,88.90,0.073,25370.84746,14381.8,15178.6
23.740,83.00,4.919,24216.29301,15152.7,14535.4
25.510,87.40,4.922,38670.63263,24109,18212.9
16.930,79.60,0.080,30861.53846,25597.9,14081.9
10.010,67.04,0.088,37160.50633,23409.1,22161
22.440,63.32,0.276,39198.58407,23819.1,18974.5
16.260,75.00,0.071,24888.21293,20855.5,10919.6
18.960,58.21,0.078,37548.07947,24365.5,24310.2
21.150,93.50,4.913,25544.07080,16091.5,9954.97
16.270,68.32,0.070,21292.77567,16735.2,9069.87
21.420,66.94,0.080,39760.52980,24829.5,24404.7
25.760,50.92,4.923,35165.98007,23829.1,31300.4
32.480,35.12,4.909,43037.34219,34515.2,30854.6
21.850,81.20,4.914,31667.28477,19792.5,23973.4
21.020,64.25,0.279,31246.72566,20260.3,12326
13.770,80.90,0.085,24277.78723,14923.2,10579.4
25.080,61.86,0.073,33949.66887,21338,16441.1
16.160,82.20,0.069,23660.02153,13410.2,15313.5
24.930,82.10,4.909,47221.79402,29806.3,38042.5
9.970,85.90,0.081,14612.65823,16486.3,13052.5
6.829,81.10,0.088,20684.74576,12237.1,10750.1
9.060,80.20,0.084,26567.30038,22228.9,11397.8
22.990,68.00,0.099,36853.91685,23695,13399.1
10.630,61.27,4.921,28378.98305,18908.2,14570.8
15.180,64.15,0.082,23137.62712,14779.3,12591
20.830,62.15,4.915,28689.23077,24136.4,14683.4
25.930,37.07,4.923,29351.81916,17450.1,17710.5
21.680,63.82,4.922,33187.67213,20871.8,17227.5
33.840,33.48,4.907,41793.48837,27816.5,28107.1
14.510,78.20,0.069,23610.64639,17880.3,8482.11
20.500,73.10,0.071,31827.69231,23359.1,11849.6
25.330,86.30,4.919,48617.98002,33034.8,38761.1
15.910,86.20,0.069,37015.28525,21585.3,19095.3
23.130,60.09,4.917,44680.96280,28527.4,18552.2
13.240,78.90,0.078,32955.94937,20845,21727.2
12.650,88.00,4.920,29033.84615,22853.3,14307.5
27.960,70.90,4.926,36970.12209,21999.2,17370.3
20.710,70.30,4.914,29464.86127,18269.9,15709.1
12.660,55.57,0.078,38807.60456,33499.8,15443
11.360,75.10,0.081,24738.85899,14180,16017.5
16.400,59.42,0.076,33660.75949,20257.8,15527.7
13.980,44.94,0.082,38738.46154,32734.7,16788.4
22.560,71.70,4.923,40908.14650,23466.5,20391.7
15.900,73.00,0.072,28787.83270,24600.2,10124.4
25.420,73.60,0.299,32132.38938,20529.7,16244.5
21.230,60.14,0.083,27236.02649,13535.6,15891.7
27.350,71.00,4.919,38004.51827,24383.5,26408
26.510,43.88,4.920,35164.98906,21461.8,13440
20.040,87.50,0.071,27104.77024,15901.2,11776.8
24.090,77.20,4.909,31032.55814,21155.7,20533.6
15.060,79.50,0.082,32315.52207,17428.1,22824.7
12.810,87.30,4.910,21998.29787,13445.1,11142.6
20.020,83.40,4.922,36261.23894,21177.1,16521
33.950,30.88,4.907,41474.55150,28997.5,31463.1
22.730,53.68,0.271,47679.29204,28444.5,21763.3
24.040,80.20,0.327,45570.26549,27617.5,23710.7
24.360,63.67,4.924,28972.22591,20039.2,17816.2
16.030,30.60,4.927,30289.23077,26159.5,10756.6
21.060,85.40,0.068,45673.11258,27374.2,27760.2
17.400,69.12,0.081,23782.81967,14533.7,14201.8
21.760,49.56,4.913,24156.27907,15881,17852.4
12.380,81.40,0.083,22819.40426,13236.6,15509
12.870,65.65,0.082,41772.20339,26071.7,25257.2
16.070,71.10,0.074,31552.40506,20221.3,16534
25.290,85.20,4.932,30171.42857,19705.1,25666.9
9.640,89.90,0.081,23113.53191,13946.3,13639.4
14.240,86.10,0.079,22636.98601,12266.4,15173.8
24.890,72.50,0.286,35547.61062,23310.2,15538.5
15.150,88.10,0.069,29110.01076,15983.7,19502.5
25.780,80.70,4.919,46943.04107,28256.4,25453.5
23.070,50.42,0.288,47838.58407,29728.1,20021.7
16.150,78.10,0.068,35434.23036,18703.9,21044.4
21.360,78.70,0.067,43803.97351,27145.9,27264
22.030,78.10,0.078,47523.15098,29543.2,19976.2
13.040,69.72,0.078,32047.65957,15109.8,15712.3
13.750,63.62,0.083,38947.52852,33599.3,16197.8
15.220,83.80,0.069,35784.61538,30060.7,19489.2
15.700,31.15,0.090,34292.65823,21953.8,16748
16.980,71.90,0.081,23544.15755,18534,11951.9
15.010,83.70,0.073,42647.08861,26283.3,25642.4
13.310,80.80,0.073,34041.35593,19232.8,16261.1
15.760,63.38,0.081,26475.25424,19068.7,13667.7
7.650,79.50,4.914,22676.92308,18063.2,10253.5
10.860,79.90,0.072,41875.93220,24842.6,24973.5
21.490,59.86,0.073,32155.27869,19144.3,17076
26.740,82.80,4.914,40409.50055,28568.1,25333.2
25.150,63.92,4.905,32156.27081,22782.3,22709
34.900,21.44,4.906,38472.45283,27325,26236
11.360,81.10,0.075,37966.97872,22445.1,22697.4
21.920,70.30,4.922,25245.54939,14966.4,11598.2
7.280,84.30,0.084,20854.75285,16753.6,9519.33
9.070,77.20,4.919,26732.30769,22143,11705.1
6.408,57.23,0.094,18317.28814,10657.8,10750.1
17.280,65.42,4.916,35052.15190,21009.1,16597.6
15.380,88.70,0.071,27236.92308,21808.3,13856.4
24.900,62.92,4.903,44402.39203,30330.4,35355.3
12.040,87.60,4.930,21778.46154,15824.4,11676.1
11.540,65.84,0.084,34755.25424,21578.1,16093.3
12.520,85.10,0.080,22978.46154,16296.7,12942.7
24.300,47.88,4.917,33800.17021,18219.5,15555.5
12.610,78.50,0.085,31671.48289,25925.7,9899.64
11.050,84.40,0.084,23297.36170,13807.3,14225.8
26.400,58.39,0.260,34139.46903,20256.5,15391.4
22.040,83.30,4.917,30554.70199,19388.4,22738.7
18.750,64.06,0.081,44007.41722,26670.7,26041.1
20.320,53.67,0.082,31398.12766,15684.1,16374.2
25.670,84.10,4.926,47524.79467,31061.9,36173
8.970,80.70,0.085,21484.55696,12922.8,12410.6
24.070,41.65,4.917,43407.96499,26936.5,19380.9
5.795,86.90,0.086,23878.48101,15341,15036.1
16.270,87.30,0.070,36080.00000,30551.7,18962.9
25.520,82.40,4.917,48432.58602,29286.6,26855.9
22.210,55.23,4.907,42416.87014,29271.4,31977.9
16.660,82.40,0.075,31738.90205,17266.8,18245.8
26.420,40.27,4.918,33714.38298,20436.6,17750.3
15.660,60.45,4.922,32366.29787,18296.3,16536.8
19.690,60.29,4.925,34811.80328,22127.6,18137
14.490,78.90,0.077,27098.73418,16942.2,16742.2
22.430,43.71,4.918,26678.23009,14583.4,12961.5
15.980,71.20,0.086,29104.18251,25038.4,10020.6
15.190,86.80,0.072,18947.69231,13626.4,7951.81
18.890,75.00,0.075,37772.30769,31648.8,17979.8
19.940,77.20,0.069,24311.52318,15926.8,11667.7
13.450,76.30,0.076,32018.25095,26864.7,13869.9
19.370,63.31,0.073,30331.45318,15576.8,19706.2
29.370,62.91,4.909,40925.98007,28336.7,29986.9
21.950,60.85,4.926,38274.69027,21581.3,19939.4
27.000,72.80,4.912,40938.73754,26510.1,33740.6
13.250,62.88,0.088,26438.64407,16931.3,11682.1
19.370,83.90,4.922,45450.49180,27551.7,25914.2
18.760,64.99,0.073,31360.68891,17593.1,18885.8
15.720,82.00,0.070,31546.69537,16328.3,18955.6
21.790,57.76,4.924,34339.43107,19669.3,13912.7
11.380,66.54,0.080,32603.54430,22460.8,16175.4
14.320,60.97,0.088,29902.97872,16309.8,16153.5
27.510,69.43,4.903,40115.42730,28370.4,27319.4
14.490,71.90,0.081,24182.50951,18657.3,11173.1
19.240,69.48,0.073,36861.53846,30562.8,17245.3
18.040,70.30,0.081,23518.94967,18093.4,11683.4
22.150,51.69,0.072,33346.72340,20370.7,15311.6
14.430,73.60,0.080,34468.47458,22194.5,18663.6
14.700,51.03,0.085,31887.45763,19407.9,15033.9
20.050,57.34,4.919,33352.85106,22847.6,16072.3
18.830,78.10,4.921,40880.87527,32381.3,18108.7
14.810,57.53,0.082,42276.45570,28147.1,26243.9
16.330,61.62,0.086,30850.19011,25679,9818.97
28.620,31.09,0.067,32558.16393,20689.8,16236.4
26.690,38.39,4.908,37455.98224,25888.1,26880
19.900,71.80,0.071,27400.96280,21450.6,9419.09
12.130,65.38,0.084,41085.56962,25583,24908
17.210,85.40,4.918,34522.18818,26921.6,15330.8
27.430,55.62,4.908,31753.35548,21379.7,26486.4
15.300,75.50,0.075,38752.40506,23832.2,24300.7
18.270,68.45,0.068,24104.61538,18305,12717.1
9.950,69.08,0.085,30711.82979,19028,19143.9
19.180,71.70,0.071,36067.40426,21325.6,21211
20.590,81.40,4.915,23288.77076,14179.7,18430.8
17.130,68.28,0.075,35332.08511,22181.7,16740
9.460,59.17,0.089,26248.10127,16745.3,16435.7
10.830,60.67,0.087,30902.27848,19885.7,19512.3
23.440,62.02,4.922,37879.64602,26000.8,11731.8
8.820,88.80,0.082,23125.78723,13726.8,14016.8
21.410,81.90,0.068,26256.95364,16147.6,11839
24.110,47.72,4.929,31769.20354,17659.5,13608.7
21.280,63.21,0.078,39384.61538,32734.7,18216.9
17.130,77.20,0.073,42471.47470,23172.7,27578.2
23.930,75.90,4.910,31114.22863,20588.8,23304.8
25.700,84.20,4.916,34368.63787,22826.6,30499.1
14.950,77.20,0.072,21189.35361,16503.2,9110.2
10.450,80.40,0.082,23833.62756,13842.8,12026.2
27.610,47.73,4.924,37594.22951,23212.4,20515.6
21.220,51.23,4.903,28243.81798,19193.7,18850.9
14.520,67.18,0.086,33444.76596,22039,16234.8
17.390,80.10,0.068,26905.18033,12858.2,15099.6
8.460,82.20,0.086,29548.28897,23871.1,9196.64
18.210,80.20,0.081,26380.04376,15707.1,12033.6
10.940,87.70,0.082,23542.46809,14465.9,14040
27.170,76.00,4.903,32514.27303,25291.2,27433.7
21.930,65.94,0.087,27236.02649,17719.3,11844.9
27.270,63.58,4.923,31357.87375,20616.5,25407.9
33.230,36.25,4.904,44091.80910,30769.2,27217.1
26.420,33.18,4.905,35614.82797,24059.6,27259.2
20.060,89.50,0.068,28573.12910,20024.1,10101.9
11.620,86.30,0.074,37366.46809,21548.8,22935.5
17.090,44.03,0.086,31671.48289,25859.5,10112.8
20.400,65.89,4.920,28664.61538,21127.7,11762.9
19.540,86.90,0.068,22238.94040,13011.6,11065.1
19.560,68.56,0.149,33629.73451,19770.1,18144.9
13.760,86.40,0.084,23760.00000,18438.8,12422.2
23.640,56.82,4.925,31433.87347,21212.2,19380.6
24.620,66.88,4.918,36111.25828,20671.9,23748.9
20.660,86.50,4.919,33954.69027,19276.1,16532.8
26.460,57.85,4.910,31032.55814,20889.9,25383.8
22.960,62.19,4.917,25168.14159,14100.6,13043.8
13.440,71.90,0.082,42418.98305,25707,25210.9
26.040,49.64,4.919,33452.06557,21689.2,17338.3
22.050,72.00,4.919,46793.62832,31868.6,16597.5
11.520,67.49,0.084,22132.31939,17431.1,8954.62
13.360,86.40,0.080,22135.38462,17003.3,11340.7
17.300,89.30,4.917,27117.37418,15591.3,11811.8
18.230,67.46,0.070,31113.84615,27591.3,8796.14
19.500,80.00,4.911,28934.25083,18019,17761.5
21.570,83.80,4.916,27245.30973,15103.5,13302.7
8.650,93.40,0.081,23081.36882,17655.7,6592.08
24.030,58.04,4.921,44045.56291,27654.9,33077.2
14.090,82.30,0.086,23809.23077,17025.6,14134
14.010,89.60,0.073,23343.81055,12988.6,15109.8
12.870,67.96,0.075,37117.97468,24295.4,23323.4
16.950,81.20,0.078,31906.30786,17868,18123.6
15.870,62.25,0.083,39400.85106,22800,24201.3
11.720,68.62,0.085,22448.13559,12342.9,13974.5
17.520,71.00,4.925,33883.07692,28227.3,15041.9
27.240,68.81,4.917,36071.76080,20958.2,21756.7
21.120,66.42,4.918,26657.33042,18298.8,13585.9
16.240,88.80,0.085,32039.21225,26372.6,14099.5
25.600,41.04,0.081,28944.78689,17286.7,16953.5
22.020,66.09,4.911,29266.68147,19676.5,20903.3
21.810,77.70,4.923,37590.23307,22322.3,20313.5
29.480,38.86,4.921,33409.27152,20671.9,20109.8
15.400,67.62,0.073,23722.02368,12801.6,16401.5
24.910,84.70,4.918,27390.29900,21505.1,26980.4
20.180,86.40,0.066,24387.81457,15350.5,12152.1
10.100,77.40,0.085,21071.39241,12255.3,10184.1
16.810,85.90,4.920,26907.61062,15664.9,12826.1
10.070,88.90,0.081,26104.94297,21032.2,11576.5
27.120,71.30,4.915,36664.98339,24691.1,30547.3
23.210,52.99,4.920,32361.76991,18048.6,13332.1
20.720,77.60,0.070,26778.27815,14504.8,11915.8
18.010,59.86,0.078,24095.36424,17232.8,12689.7
20.930,70.90,4.917,28538.47176,18911.4,21359
13.110,80.10,0.072,38649.42966,32347.3,17137.1
31.550,27.84,4.919,35522.12389,21847,13343.9
14.630,67.16,0.079,23583.05085,12386.6,14258.2
16.400,62.18,0.083,33949.83051,22008.5,16967.4
16.700,74.70,0.073,34535.48936,21563.4,16136.1
17.520,89.80,0.074,26766.68852,15566.6,16504.6
22.610,86.50,4.917,36975.89404,22026.6,28616.9
24.370,51.42,0.356,46022.65487,27553.8,21045.5
21.020,79.30,0.071,47008.21192,26285.2,27606.6
16.260,77.30,0.082,26344.71475,15276.2,17198.5
21.470,64.51,4.920,34654.52954,23239.4,12372
15.240,85.00,0.084,27697.15536,17499.6,8923.04
12.480,82.30,0.084,25515.57447,14615.9,16606.5
19.380,78.80,4.918,46910.95082,27759.8,26427.2
13.290,71.90,0.081,41448.81356,25134.3,24261.5
14.770,83.90,0.070,39259.76319,20914.5,26048
33.250,27.44,4.910,39050.63123,26692.4,28577.1
23.960,86.80,4.914,30598.80399,20631.6,23744.9
17.320,90.70,0.069,25293.63934,14303.4,15286.2
8.500,90.40,0.083,23442.71186,13783.6,14709.7
24.210,92.20,4.919,40077.06992,24762.8,19500.9
20.730,83.40,0.068,24006.35762,15350.5,10846.5
15.520,86.80,0.087,23728.22390,12820,14033.5
17.330,86.10,4.915,25346.52079,15964.7,11601.7
18.270,91.60,0.073,28308.44639,19243.6,9996.84
15.330,84.60,0.084,27550.76923,23035.5,9420.72
22.310,79.90,4.910,21502.72425,12767.1,15827.9
21.860,61.82,4.919,34906.60832,22268.5,12045.2
28.500,41.78,4.921,27442.83186,15391.7,14173.5
10.600,64.14,0.088,42033.41772,26418.2,25110.4
11.390,70.70,0.079,44153.92405,27972,25925.8
18.500,64.35,0.082,25482.49180,15258.2,16702.8
25.210,61.96,4.908,34221.92691,25302.5,27817.9
13.830,87.00,0.070,31720.30140,18216.3,17186.9
20.070,78.50,0.081,45077.98687,27608.7,18943.2
24.330,83.30,4.910,45365.58140,29187.3,36819.4
26.570,70.70,4.925,37245.44850,25294.9,24974.1
22.740,42.46,4.916,43574.55738,24575.9,25896.7
15.740,74.80,0.082,36535.38462,29584.7,15984.6
22.630,77.50,4.925,46201.06195,25832.4,21227.9
14.250,72.80,0.084,38083.65019,31154.3,16226.7
21.920,57.89,0.073,32784.78689,20708.4,17384.9
19.490,67.06,4.916,23881.06195,17180.5,9519.59
24.740,50.79,0.075,36639.64989,23601.7,13008.1
17.630,86.60,4.915,25960.91803,16135,15886.6
15.200,83.90,0.076,26740.25316,16920.4,16921.4
14.240,85.50,4.908,21483.57447,11787.8,10521.3
34.060,32.45,4.907,41117.34219,27459.5,27890.2
14.760,56.66,4.916,33891.64557,20659,16181.2
20.900,78.90,4.916,35553.98230,20365.1,16426.9
7.340,89.70,0.085,22284.41065,17346.4,9628.81
29.020,49.26,4.912,40804.78405,28291.1,32650
26.310,29.06,0.081,31777.57377,20663.8,16504.6
18.630,48.77,0.084,29183.26996,22534.5,8251.62
32.530,27.61,4.904,46642.57492,33415,37611.5
18.010,71.70,4.920,35491.67213,23416.7,18230.3
32.230,27.11,4.919,35732.38938,22296,13273.3
8.400,85.10,0.090,23750.88608,14553.2,11306
26.530,45.32,4.910,42909.76744,29924.1,34578.1
25.840,51.12,0.302,37350.79646,20402.5,16068
15.080,79.10,0.083,33815.38462,28126.9,17297.3
15.360,72.00,0.082,43396.08511,26436.6,24793.5
23.240,63.48,4.923,34692.34136,25887.1,12611.3
23.420,88.40,4.920,24293.00777,13765.2,13054.8
19.130,78.70,0.292,35107.96460,22086.5,13973.4
19.670,70.70,0.073,31686.15385,24876.4,17864.1
11.500,76.70,0.079,23503.72881,14600.6,12394.1
20.760,65.28,4.917,29921.75055,24714.5,11199
27.320,71.10,4.913,33864.71761,23589.9,25154.8
25.660,74.20,4.928,36957.33629,23405.7,23021.9
21.000,69.46,4.918,32747.01639,21399.4,17285.8
13.110,56.24,0.090,24949.04943,20402.6,10314.5
13.350,69.86,0.076,41395.44304,26866.9,25411.1
10.190,91.00,0.079,26627.79661,16110.6,16573.7
25.350,89.20,4.916,24864.31894,14468.4,18497.1
24.140,63.79,4.923,46943.36980,27989.6,19532.6
29.940,62.42,4.908,36779.80066,25025.3,33439.3
26.850,42.88,4.919,39226.81465,26484.9,24063.2
20.530,78.90,4.917,27283.53982,15608.7,12785
10.760,61.53,0.083,22323.03797,13670.5,13989.4
34.390,27.91,4.926,41538.33887,29225.3,30794.3
9.840,71.10,0.082,21864.63878,17582.1,9974.55
25.490,45.85,0.305,40479.29204,25682.7,15085.4
26.790,32.81,4.905,35423.04107,24177.4,26988.3
19.330,72.20,4.914,29476.92308,21685.5,19153.7
15.100,69.23,0.073,27157.41445,21555.1,7709.96
15.570,58.48,0.080,22476.25532,12629.3,14086.5
24.460,92.30,4.916,21486.52608,17106.7,16497.6
14.830,86.20,0.082,19964.69322,10488.4,14149.8
13.310,57.24,0.078,29505.70342,25561.2,12936.4
26.070,43.01,4.907,30694.48505,21091.1,23046
16.620,62.35,0.081,29221.01695,22052.3,16087.5
20.150,54.84,0.086,34043.80328,20530,20690.5
19.280,67.59,0.120,30948.97155,19437.8,14035.3
12.260,61.18,0.083,34126.77966,20575.1,21019.7
32.280,39.45,4.922,37998.13953,25538,30324.4
22.970,44.88,0.084,31918.70829,20694.5,17367.3
33.090,33.38,4.906,35140.46512,23798.7,32571.7
20.730,49.04,0.085,31390.76923,24768.6,10056.9
31.110,49.68,4.905,43273.51831,31267.2,27758.7
14.190,90.00,0.069,34175.58665,18821.2,18461.1
24.400,52.10,0.084,32341.78723,18647.6,16571.6
13.060,88.00,4.909,22427.23404,13551.2,14144.5
20.190,66.44,0.085,32593.78556,25752.7,9442.43
23.050,54.92,4.904,24239.20266,16070.9,21563.8
18.090,87.40,0.070,39847.86885,23557.9,24130.2
12.230,87.50,4.912,23758.42451,19060.6,8590.4
24.420,46.51,0.081,32932.45033,19485.7,19241.4
8.410,94.70,0.079,24632.69962,18414.2,8689.56
12.860,58.74,0.082,24036.50190,18605.7,7404.56
12.050,84.00,0.085,27583.26996,23053.7,11605.3
19.290,84.10,4.914,35642.75410,22190.7,21576.7
22.820,70.80,0.271,32215.22124,19347.2,17238.8
20.660,80.90,4.922,42844.32787,26240.2,25086.3
12.470,73.70,0.080,26530.79848,20583,8816.33
20.550,65.66,4.923,28573.12910,16248.5,13282.4
13.560,70.60,0.087,32770.72340,21267.1,15543.9
10.110,87.10,0.081,20527.65957,11275.6,10260
9.630,75.20,4.919,30695.38462,25378.5,13827.5
15.150,64.99,0.079,28616.94915,17726.4,17673.6
18.840,75.90,4.921,42545.16556,25813.7,26903.6
12.140,83.20,0.081,24658.46154,17021.9,11843.9
22.420,71.70,0.071,42723.17881,27508.9,24245.2
11.270,87.20,0.083,23050.95057,18848.7,7127.97
22.160,66.52,0.279,45309.02655,27733.5,21433.8
11.570,72.00,0.084,29243.54430,18740.4,17968.2
24.320,39.08,4.927,31909.38053,18018.7,15232.5
18.160,68.41,0.071,34412.30769,27468.6,18899.3
33.360,29.71,4.908,35835.74751,23798.7,33047.7
34.990,13.54,4.904,40249.67814,29252.4,27722.6
26.970,83.30,4.904,50056.38180,34365.4,39254.7
18.050,51.30,0.081,22679.84791,18366.4,7393.04
15.410,54.19,0.080,30600.00000,19947.7,14831.3
27.570,31.23,0.073,30405.24590,22272.4,16667.9
14.420,63.58,4.914,29980.22814,25281.4,12988.2
15.160,80.90,0.073,20344.61538,14504.1,9484.34
11.210,74.50,0.084,27231.31915,16159.8,16298.7
10.030,81.40,0.083,28966.15385,22938.8,8304.58
19.210,85.30,4.914,30220.88496,19496.9,10643.4
24.810,81.10,4.919,32920.66445,21729.1,20834.8
21.740,52.92,0.080,28264.91803,17416.7,15624.3
26.670,55.99,0.257,34451.68142,20447.4,15603.2
23.590,68.62,4.941,36923.89381,23890.2,14008.7
21.960,75.50,0.081,43753.11258,24339.3,26141.5
19.300,58.55,0.080,23218.01325,14890.2,12559.8
29.920,42.09,4.925,33341.66113,21721.5,25787.4
11.350,85.80,0.076,31067.23404,18834.1,18847.7
16.240,90.90,4.917,26414.16393,16569.7,15525.2
22.680,46.51,0.083,32129.51561,20657.8,17448.7
19.580,89.60,0.071,28990.72848,18288.1,16860.6
22.730,43.98,4.918,29010.26549,16061.5,14049.9
22.940,70.00,0.070,33148.60927,21308.1,15543.1
14.280,48.53,0.088,32346.76806,26010.4,9115.97
18.640,69.05,0.068,21150.76923,16475.2,11034.2
8.620,88.80,0.080,23686.77966,14892.4,12394.1
23.540,66.82,0.071,32665.43046,21259.5,16293.4
24.120,61.19,0.055,35806.09272,22172.6,20440.6
22.460,69.95,4.917,34377.24289,25562.2,11928.5
24.410,66.52,4.903,30564.43951,21193.2,21192.2
10.640,47.68,0.086,23546.44068,14119.1,15201.8
19.740,59.17,0.082,37266.88525,22120.1,22229.6
19.490,75.30,4.911,27636.49279,16897.6,14788.2
26.410,64.79,0.258,36101.94690,21499,16044.5
33.450,32.34,4.907,41924.61709,29393,28336.6
21.000,44.41,0.080,47567.68212,27969.2,28167.9
13.690,75.00,0.074,24328.51711,19537.3,7312.36
20.160,69.50,0.074,34560.00000,21392,16726.2
26.640,49.48,4.904,32872.27525,25409.1,26861.9
19.050,53.60,0.086,27990.87452,23267.3,9801.68
27.040,63.55,0.335,31730.97345,21005,16332.7
14.640,84.90,0.083,27113.84615,22057.4,8720.96
8.940,90.20,0.092,21287.48936,13156.1,10840.6
12.680,83.40,0.080,20554.93671,13167.2,14116.6
21.100,52.69,4.922,31100.21882,19956.8,10948.1
16.310,70.50,0.078,24986.86760,14345,16052.4
19.310,85.60,4.915,27780.53097,18804.6,10343.3
16.020,92.80,0.065,27057.73950,17340.1,13143.3
17.580,85.60,4.915,25406.95082,15622.3,15396.9
12.120,71.00,4.917,19661.53846,13150.4,6511.81
9.130,86.80,0.086,31350.50847,19962.3,19792.4
25.360,85.70,4.918,50356.84795,33814.1,40326
19.980,79.00,4.910,28339.71143,17908.8,18014.3
15.460,66.92,0.074,36251.23404,19145.1,15892.3
23.640,87.10,4.918,22459.53488,14943,14857.9
25.270,89.70,4.926,40102.64151,24812.2,19428.7
19.720,82.20,4.915,42109.75930,26088.8,18137.9
20.700,70.10,0.336,26136.63717,15032.4,13273.3
24.470,63.12,0.070,32055.09934,21042.4,14054.4
25.500,42.25,4.920,35360.35011,22391.7,13101.5
11.020,87.10,0.078,23373.38403,18664.6,6868.67
16.380,61.48,0.080,28057.79468,21345.2,9784.39
15.050,71.10,0.078,24820.25316,15457.8,16499.3
16.070,81.00,0.084,24836.92308,19647.5,11242.4
12.340,81.20,0.077,40714.93671,25108.8,25578.8
15.720,72.50,0.070,44071.13025,23451.3,28701.1
20.700,66.28,0.086,33747.04595,26514.5,10580.4
11.280,71.70,0.091,42051.64557,26246.8,25422.7
16.850,78.90,4.918,21025.57377,13144.3,10558.1
23.230,69.35,0.067,34305.69536,16866.1,17203.2
25.420,62.05,0.265,46239.29204,27149.7,22457.5
11.800,50.42,0.083,33687.45763,19867.5,15774.9
15.540,70.00,0.072,30241.82510,24637,8891.24
26.780,52.95,4.904,37813.98446,24728.6,22913.6
17.180,49.65,0.085,45410.37675,23689.6,28864
14.920,87.70,0.069,24590.05382,14466,12363.6
10.800,92.20,0.081,20282.03390,11350.8,10854.3
19.630,89.30,0.071,23675.76159,15316.8,12748.8
27.280,30.48,4.912,38623.25581,25853.2,36903.8
16.330,32.82,0.085,30564.76596,19869.5,14736.8
15.410,59.93,0.083,39593.89831,23653.5,20313.4
16.370,55.27,0.087,21897.72152,12981.2,13665.5
20.770,66.91,4.922,46785.04918,28149.8,26473.8
22.060,81.70,0.066,36886.88742,22659,19643.1
24.840,48.78,4.909,30241.59468,20593.7,26606.9
15.080,51.79,4.916,26248.10127,14651.7,14151.3
17.110,67.22,0.078,43788.25532,21051.2,25380
21.870,56.29,0.073,33074.36066,20805,17454.9
12.350,85.10,0.078,23297.36170,13565.9,14463.9
24.220,92.00,4.919,26939.66704,17349.9,13638.6
20.060,47.91,4.918,31089.23077,26248.8,10386.5
19.900,80.70,0.067,25643.07692,20540.1,11907.5
18.000,89.30,4.910,24911.68490,16170.1,10860.5
15.250,62.78,0.083,34366.53992,27906.7,15627.4
7.760,72.20,0.083,22831.93916,18237.5,10118.6
14.820,71.20,0.081,38357.41445,31257.4,16209.4
9.680,75.50,0.082,30331.13924,17255.9,15238.6
19.920,65.48,4.916,42735.89404,25780,26336.5
16.150,69.99,0.073,39817.78256,21215.1,26478.5
19.390,74.20,0.069,29969.23077,22842.1,15354.2
21.210,71.70,4.928,30230.54705,22421.6,11800.1
12.040,88.80,0.081,24951.82979,15951.2,11491
26.680,83.00,4.909,30800.97669,22367.9,23708.1
24.530,53.02,0.285,37790.44248,24174.6,14508.8
26.130,82.80,4.913,46213.95349,28864.6,39922.3
17.020,65.85,0.088,26425.31755,16933.2,14557.1
9.930,72.00,0.084,23598.98734,14691.8,15487.2
12.990,61.67,4.916,29178.30508,18817,14084.5
16.620,60.45,0.087,31123.95437,25664.3,9882.35
11.230,53.12,0.079,33235.93220,19809.1,15334.9
12.180,80.20,4.922,22972.88136,13393.3,13685.1
19.570,78.00,4.923,39626.78337,30499.2,17431.7
21.560,54.77,4.916,31314.48578,25752.7,12191.1
21.620,43.44,0.082,37090.62295,22383.9,19046.5
17.880,85.00,4.917,25772.06557,16383.9,16166.5
16.460,68.89,0.073,31294.29658,24865.3,9277.31
16.110,57.07,0.082,31686.15385,25992.1,13798.6
14.430,81.00,0.081,25693.69214,15356.8,12130.9
18.660,50.80,0.083,32534.23729,20162.9,15543.3
20.250,77.60,0.070,39169.23077,33229.3,19801.4
26.770,59.31,4.925,32958.93688,19579.7,24540.3
17.540,66.66,0.082,31555.89354,26467,8764.47
8.560,93.90,0.086,28179.46768,21974.8,7756.06
11.850,91.80,0.083,26786.44068,15020.1,14246.6
25.680,69.22,0.281,37229.73451,23890.2,16291.6
16.780,56.28,0.082,30886.69202,25369.7,9329.17
15.750,79.60,0.074,21470.76923,16129.3,10583.1
25.300,47.29,0.086,34591.50985,21555.2,12891.4
21.930,46.92,4.951,35694.35449,21723.2,12984.8
21.340,80.40,4.916,24260.66225,15814.6,15442.7
21.170,60.69,4.921,28634.33628,17090.6,15920.9
13.760,73.20,4.919,27211.90372,14840.7,12914.8
17.940,67.79,0.081,22556.82119,14358.8,11136
17.630,79.20,0.065,20358.29508,12850.8,10633.8
16.420,77.90,0.071,39366.35762,24623.7,24605.5
7.290,86.50,0.086,31090.63291,20254.1,14596.6
7.690,62.57,0.084,33004.06780,20122.8,20429.2
21.840,58.72,0.079,46728.47682,25765.1,27092.7
16.390,65.78,4.918,37390.76923,31191.3,16285.3
15.210,57.41,0.077,23149.83051,13707,14229.2
16.240,78.50,0.070,38692.45033,24118.5,23949.8
11.520,70.30,4.920,37544.61538,30893.8,15724.3
21.730,82.90,0.070,41477.08609,25955.9,23229
18.760,80.30,4.917,31248.78689,20433.4,14854.7
8.270,91.10,0.095,24363.57447,15512.2,11003.2
8.350,81.70,4.920,23883.07692,18866.5,10843.4
26.190,76.90,4.907,45977.94020,31462,41735.9
12.790,87.80,0.083,32488.85106,20732.9,15032.9
29.900,25.74,4.910,47985.08324,33046.3,36528.2
16.860,90.90,0.074,21793.57377,12427.2,10616.4
10.440,88.70,0.076,36386.04255,21925.6,21803.2
19.160,43.66,0.084,31966.77966,21147.7,16307.5
11.060,51.02,0.081,44828.35443,27166,25717.6
10.200,60.42,4.924,24235.93220,14637.1,14622.9
32.320,39.59,4.921,38036.41196,25731.6,30517.2
23.410,53.85,4.922,33892.72131,23379.6,17064.3
19.160,73.90,0.069,22295.38462,17717.4,11589.4
15.150,55.02,0.083,32438.02281,26901.5,10037.9
10.510,48.45,0.085,23479.32203,14378.1,14489.7
14.960,75.90,0.073,35483.54430,22012.2,21721.4
16.600,73.90,0.073,34473.19699,19741.3,17309.1
20.910,84.80,0.079,29308.60927,19040.3,13629
24.710,56.11,0.069,34343.84106,22415.8,19312.2
24.010,82.00,4.920,29023.75139,18859.1,20385.7
21.730,75.60,4.917,35001.13786,23493.4,10901.4
12.730,49.20,0.079,24164.25856,19677.2,10354.9
5.706,85.90,4.917,21950.76923,17338,9825.54
21.170,56.49,4.920,25735.22124,15309.4,14138.2
13.800,75.10,0.073,33064.85106,19500,16374.2
18.000,85.10,0.088,30778.81838,16872.2,11094
24.250,92.40,4.925,28991.78690,19463.6,21739.9
22.780,74.90,0.069,35500.92715,21921.8,18934.2
12.010,85.60,0.077,24216.51064,14952.4,11525.8
16.720,86.70,0.068,25681.29171,14649.3,15965.1
21.880,86.60,0.315,41275.75221,27247,17315.3
15.720,87.20,0.082,24156.03875,13446.8,15831.3
16.170,84.30,0.086,27392.55113,17325.5,13736.7
19.580,84.60,0.070,43070.95082,25292.9,25762.6
15.430,80.40,0.072,22436.92308,16832.2,10930.1
17.480,64.10,0.088,29475.82347,18183.3,14894.5
16.020,58.97,0.083,24516.92308,19870.7,8622.65
23.770,87.60,4.916,28646.91030,19522.8,18105.4
14.660,53.11,0.079,39543.72624,33562.4,16583.9
25.330,38.44,4.924,31038.27772,17846,18129.5
28.450,39.58,4.906,40914.53940,26804.2,23906.7
20.250,72.00,0.070,27200.00000,20320.7,9380.24
17.050,89.30,4.924,28642.45077,19766.4,8823.83
15.610,76.20,0.069,37950.76923,32024.4,19830.4
20.650,56.25,0.282,27028.67257,16364.7,13373.3
10.720,89.80,0.072,29302.46809,17615.9,17669
8.870,82.30,0.081,27554.43038,17566,12613
28.270,30.68,4.908,37392.05327,25948.9,26368.4
17.930,57.66,0.085,30219.84930,20364.6,14237.1
25.940,67.92,0.257,35706.90265,22490.6,15720.9
15.330,89.70,0.069,22729.98924,12929.9,13544.7
26.750,84.00,4.915,29648.37209,18413.9,23805.2
16.750,54.75,0.077,33131.55894,27148.2,10919.6
26.940,68.32,4.934,39015.84906,24546.1,22612.7
28.630,73.90,4.905,43209.58935,30575.3,29829.2
12.100,83.10,0.069,23936.94915,13626.7,14605.5
11.610,58.25,0.088,22812.30769,19405.8,10554.2
24.400,88.00,4.916,36592.94118,23116.8,22034.9
17.810,70.40,0.082,22346.78337,19927,9535.81
19.570,57.56,0.085,31286.28633,19440.7,15418.2
19.340,86.20,0.073,39251.92053,23063.2,23672.1
8.300,78.60,0.087,26782.78481,17482.1,16886.7
15.980,82.30,0.073,28880.60280,15551.1,18146.9
21.750,54.79,0.081,36098.54305,22550.5,19111.4
17.040,69.83,0.074,32717.87072,26511.2,10527.7
25.860,48.02,4.924,32726.12691,20278,10317.8
9.110,86.10,0.095,27991.14894,17509.8,12402.6
22.440,75.30,4.910,25699.44506,16821.5,15065.1
22.610,76.50,4.921,34534.56954,22715.2,26626
19.520,86.90,1.204,31093.91685,24072.2,11560.9
15.510,69.63,0.077,36656.20253,22252.9,20246.7
23.210,67.05,0.071,29868.07947,16660.3,16600.6
18.430,56.54,0.074,43028.42553,26169.5,25426.5
17.990,50.75,4.923,23983.65957,15698.8,15352.3
16.230,55.21,4.918,40453.67089,22920.4,24485.8
24.050,49.12,4.907,31313.22259,21463.3,26209.2
16.980,35.14,4.917,29556.92308,25393.4,10305.5
22.550,40.95,4.921,47042.12389,24919.3,22086.9
15.170,64.52,0.078,21280.60837,15910.4,10089.8
12.620,75.60,0.072,24363.07692,20105,10710.4
12.250,87.60,4.923,23796.92308,17955.4,11803.4
17.590,90.50,4.911,26831.15044,19130.1,10543.3
32.580,21.91,4.916,48210.49834,30941.8,39904.3
15.610,51.64,0.081,36057.79468,29998.2,14993.5
15.930,85.80,0.071,20978.46154,17092.6,8304.58
16.260,77.90,4.912,22237.97468,13422.5,14139.8
15.370,68.09,0.086,37590.87452,30543.1,15955.8
31.390,27.81,4.927,35904.42478,22052.8,13508.6
15.770,87.30,4.912,23046.30197,15363.5,7732.52
31.090,29.11,4.925,38160.00000,22546.8,15338.4
15.620,59.38,0.075,33328.34043,21003.7,16025.8
18.370,79.00,0.071,43322.55319,25598.8,24741.3
23.920,89.60,4.910,25846.48169,17106.7,15360
14.040,75.40,0.071,34707.06383,21728,16414.8
13.470,61.14,4.923,41192.54237,25535.6,24770.9
28.950,29.61,4.908,45282.65781,29715.2,42416.7
13.180,85.50,4.908,23187.06383,14030.5,14237.4
22.470,43.06,0.077,24664.13115,14600.6,15134.6
19.340,86.90,4.918,33066.43326,21417,10802.2
22.780,52.09,4.917,30190.56478,19754.4,25757.3
19.810,66.51,0.071,28000.00000,22526,9478.55
16.130,77.10,0.071,24209.23077,18394.2,11421.7
21.370,67.48,0.073,30800.00000,25568.2,17170.1
15.810,60.00,0.082,32454.91525,21439.5,16405.9
30.650,22.84,4.915,47132.49169,30326.6,38645
20.490,67.69,0.276,25308.31858,14995,9525.47
24.430,82.20,4.922,48170.47725,29640.1,30924.6
23.860,57.73,0.082,37263.54486,23108.7,12582.1
9.330,83.70,0.076,40490.12658,26447.4,25486.3
24.360,90.30,4.920,27757.95782,16715.1,15516.5
30.570,62.75,4.907,39361.06548,28731.6,28637.5
19.040,80.50,4.910,25130.47725,14856.2,13831.2
5.139,86.90,0.085,24066.83544,15735,11392.8
22.640,65.60,4.922,42518.23009,24634.9,20274.7
12.440,85.40,0.081,24290.04255,12343.9,14237.4
26.990,31.08,4.908,28978.60465,19279.7,24160.7
15.720,58.85,0.080,22464.00000,12457.3,14103.9
19.260,82.80,4.918,30325.07659,19714.1,14087.8
11.020,85.80,0.069,21368.13559,13112.5,11236.3
24.030,61.23,4.907,28793.62126,20213.9,21901.3
27.180,72.80,4.904,39233.20755,27986.5,28625.5
15.220,74.20,0.074,32147.84810,19969.6,13515.2
21.530,64.21,4.921,34698.64333,23067.6,12132.8
22.750,83.30,4.910,46653.45133,28302.3,21004.3
21.700,59.42,0.081,45444.23841,24387.9,27305.4
18.580,87.70,4.917,33741.63934,20853.3,20224.1
30.640,62.95,4.907,40927.32519,30677.9,28908.3
14.850,86.90,4.914,19630.63457,13649.4,8246.08
19.870,56.66,4.920,28024.85777,16427.8,9483.28
26.330,84.50,4.908,34419.35627,24800.8,26434.6
10.230,84.60,0.086,25837.26236,21400.4,11403.6
15.620,69.26,0.082,27978.70722,22026.4,9870.83
35.890,20.51,4.905,39277.95782,28503.5,25814.7
26.740,46.92,4.908,34936.34551,24049.4,26329.7
18.530,74.30,0.069,36916.92308,30365.7,17089.2
14.250,60.57,0.089,31057.03422,27199.8,8897
15.040,69.99,0.074,23585.61895,13039.9,15482.2
6.086,82.60,0.084,26904.30380,17190.3,12063.6
21.000,53.32,0.084,31534.29494,16101,18251.6
10.520,50.00,0.077,25125.47529,20807.6,8159.42
13.420,83.90,0.073,42270.37975,25823.7,24988.9
10.340,80.60,0.078,19740.75949,13353.2,13636.6
22.970,54.74,0.071,32215.38462,26814,11514.2
22.190,85.60,4.918,31858.40708,18943,14597.1
14.090,79.90,0.073,29705.31646,18525.2,13335.9
21.460,52.72,4.918,40045.10544,27214.8,28529.2
33.650,25.61,4.904,38683.41842,27762.2,30280.6
12.660,87.20,4.919,22126.21444,17910.4,8257.75
29.150,20.24,4.908,40019.53385,28271.6,34710.5
16.880,71.90,4.914,42197.46835,25601.2,25359
19.370,83.70,0.068,46029.63934,27555.4,26229
12.570,59.97,0.082,32390.80851,21047.6,15996.8
15.740,57.81,0.080,33679.08745,26452.3,10619.9
21.700,86.60,4.913,26295.92920,15593.8,12920.3
23.840,46.05,4.921,31571.49623,18124.6,17914.2
26.790,55.29,4.905,27521.42064,20151.6,19428.7
19.850,60.45,0.274,27780.53097,16622.9,12937.9
10.960,73.90,0.084,38357.46835,24897.3,24306.5
28.130,63.58,4.922,39637.47508,26134.2,26727.4
20.670,84.90,4.922,45796.41138,29927.8,19515.1
23.500,42.81,0.084,33344.75780,22201.2,17821.1
21.450,60.37,0.086,23586.75497,10968.4,11023.8
10.570,67.92,0.087,37609.12548,32336.3,16532.1
11.610,84.80,0.082,27121.02128,17250,12843.9
31.540,33.78,0.072,42263.44062,29161.1,27012.4
21.970,87.60,4.924,29362.57492,18072.2,17358.2
7.730,80.40,0.086,21393.41772,13539.2,14214.9
23.190,82.70,0.266,44939.46903,28844.9,18415.5
26.020,35.50,4.919,28756.59849,16764.6,17338.2
20.450,48.53,0.081,42454.03279,24765.3,25576
18.400,73.00,4.919,23874.69027,13254.9,9501.94
21.030,51.38,4.905,42979.44506,29643.9,33259.9
12.470,53.28,0.083,34264.61538,28480.2,14770.1
12.880,61.93,4.918,40252.30769,33913.6,17783.1
21.250,84.20,4.918,27869.73451,15414.1,13485.1
14.000,74.30,0.073,34658.04255,21728,16020
26.490,84.00,4.905,50682.88568,35156.1,40789.5
30.650,53.28,4.905,43823.30744,31255.8,27885.1
25.460,74.50,4.914,31912.82392,25268.4,24606.5
24.080,50.35,4.921,34232.65574,23557.9,17437.4
24.660,54.22,4.908,30209.70100,20141.8,26100.8
14.160,66.49,0.086,35304.40678,21465,21285.9
16.100,86.60,0.075,39334.16577,29005.3,28421.8
16.470,74.50,0.071,34299.59096,20298.6,18891.6
28.610,64.06,4.907,39214.02886,26925.9,27066.6
25.500,57.62,4.908,28933.95349,21429.1,22148.3
13.910,72.30,0.083,43266.83544,26560.5,25515.2
20.550,85.00,0.068,43384.37086,26839.1,25769.4
10.640,62.77,0.090,35823.79747,22690.6,21825.5
20.320,59.19,4.930,43174.51327,21817,24816.8
24.540,84.80,4.917,29469.76744,19067.1,22124.2
15.050,88.70,0.071,25224.61538,20212.8,13006.3
17.400,75.60,0.076,39817.78256,21226.1,26280.7
25.610,44.85,4.906,38683.41842,25234.2,22347.8
9.450,79.10,4.922,28006.15385,23080.2,12329.6
10.750,91.10,0.081,21923.38983,12113.1,14072.9
31.940,54.05,4.910,36358.80399,24520.3,32282.5
13.340,58.14,0.086,22124.74576,13473.6,13690.9
15.830,65.45,0.076,33490.63291,21388.4,16701.7
17.820,78.90,0.081,25092.19672,17342.4,11893.1
15.070,51.82,4.920,25701.26582,14513.1,13752.3
23.400,79.30,0.350,32826.90265,21207.1,14197
8.120,82.80,0.088,23507.22433,18134.4,10481.6
15.590,81.30,0.085,27602.62582,16622,12237.8
24.080,78.60,0.065,45287.28080,30533.5,34241
13.480,67.31,4.910,35127.45763,21607.3,21778
26.080,73.30,4.921,35255.28239,23236.7,25172.9
22.830,67.38,4.917,34654.52954,25842.3,12167.8
19.770,68.31,0.070,36553.84615,29365.3,17447.7
6.893,63.31,0.086,22704.40678,13170.8,14455
23.600,79.80,4.922,37108.67257,22520.6,15826.8
18.120,86.50,4.921,28743.34426,17806.8,16784.5
11.600,84.30,0.089,23297.36170,14934.1,11589.7
18.600,62.01,4.917,22536.39344,13787,12161.3
26.130,67.19,0.260,35553.98230,22535.6,15685.6
9.540,85.80,0.079,34480.67797,21884.5,21697
19.370,79.00,4.921,45865.96721,27440.2,26194
14.990,89.20,0.070,23145.40366,12984.9,15127.3
28.740,30.04,4.921,36381.26915,22683,13194.9
23.450,87.10,4.910,33137.54153,22545.6,28655.4
14.360,67.39,0.083,32790.50847,20969,15589.6
19.180,68.90,0.070,29410.62295,18442.1,13677.1
16.040,81.90,0.072,34863.81055,20206.9,18810.2
17.370,66.59,4.924,27858.46154,22741.7,12404.8
13.960,90.00,0.067,34479.39720,18799.2,19525.8
16.270,91.10,4.918,22851.14754,14192,13589.6
26.580,57.22,0.258,34012.03540,20103.1,15367.8
19.980,84.30,0.068,31165.03311,16630.4,18290.2
20.780,71.70,4.918,33426.88525,21031.6,17402.4
27.140,65.52,4.925,39623.17425,24671.6,22510.3
25.060,54.00,0.071,36772.45033,21281.9,19294.5
16.730,86.50,0.074,38418.46154,32511.6,20177.3
12.810,82.20,0.074,41668.08511,28741.5,25786.5
5.814,83.10,0.085,26053.67089,17576.9,12549.4
24.800,54.61,0.081,31827.06383,19609.8,15462.6
19.230,57.59,0.080,22620.39735,14336.4,11236.4
17.020,78.80,4.924,20773.77049,13292.9,10645.5
21.120,44.11,4.918,29200.00000,22358.7,10432.8
20.900,60.15,4.920,25769.76693,16312.1,16010
21.050,68.29,4.925,35743.47541,22038.4,18661.7
21.170,92.70,4.915,27551.15044,15956.8,12514.3
25.510,65.02,0.272,34681.06195,21102.3,15626.7
12.110,78.00,0.080,24540.45210,13780.4,15697.5
28.730,72.10,4.906,38523.59600,26891.7,27403.6
9.900,88.90,0.083,23335.38462,18319.8,10039.5
16.890,63.50,0.075,35513.92405,23482.1,21513.3
28.180,65.03,4.917,38903.92027,26058.2,29022.9
27.680,56.85,4.904,33882.35294,26074.3,28180.1
17.940,66.72,0.073,30515.58935,25598,9288.84
21.210,61.74,0.069,28363.07692,20882.2,16956.1
16.950,65.95,4.916,23040.00000,18539.3,9796.63
17.670,85.90,4.915,24760.43764,12992.1,9244.01
12.450,56.09,0.085,44500.25316,27731.3,26666
21.550,73.30,4.923,34799.21311,21748.6,17215.9
19.750,70.30,4.921,26146.87090,14922.8,12267
13.760,66.19,0.085,35469.15254,22114.3,21853.3
13.380,78.80,0.082,33101.53846,27130.2,14307.5
11.870,81.50,0.087,22341.44681,12892.7,15276.8
22.490,67.48,0.074,34080.53274,24032.9,26121.6
26.210,40.95,0.322,38478.58407,24414.1,15020.7
19.280,70.40,0.079,35378.42842,19180.4,19473.5
11.270,80.30,0.075,37292.93617,21878,22308.4
26.420,63.22,0.260,36038.23009,21652.4,16085.6
12.200,77.60,0.082,24280.04306,13289.2,15918.5
25.330,62.14,0.069,38997.61589,20585.9,19985.7
17.540,62.87,0.083,29426.22174,18810.2,14690.9
19.430,56.67,0.084,25593.84615,20737.2,8657.35
14.150,63.95,0.086,27619.77186,22052.2,8672.27
25.010,41.57,0.072,31966.42623,19642.1,18055.4
22.560,74.10,4.915,37172.38938,22936,12937.9
14.730,62.60,0.079,34157.28814,20498.5,17320.5
18.690,46.36,0.081,35084.74576,21195.1,16695.3
13.430,43.00,4.918,34309.83051,20414.6,18142.6
28.000,32.49,0.067,32721.83607,21035.3,16166.5
18.150,87.60,4.916,24710.02188,15736.9,10627.1
16.030,84.00,0.075,32098.51453,17002.9,17582.5
19.790,89.10,0.067,23815.62914,14662,12494.8
18.000,88.50,4.916,31175.84245,17611.6,14531.3
18.690,86.60,0.064,26023.86885,15105.9,15880.8
24.080,91.80,4.919,28569.85572,18296.5,16726.3
6.235,84.00,0.082,21000.76046,16764.7,9859.3
18.220,48.80,0.086,24584.61538,21559.1,8402.89
8.810,93.10,0.083,23008.36502,18598.3,6949.34
16.420,78.70,0.073,32290.72121,14359.7,17728
20.270,48.21,0.081,22712.65574,13872.4,13525.5
21.140,77.40,4.926,47080.35398,32269,16962.3
8.030,88.70,0.080,23123.95437,14444.9,9991.84
19.760,56.90,4.915,37421.61702,21662.2,20409.7
24.190,49.35,0.071,35088.78689,21369.7,17728.9
21.320,59.45,0.080,45740.06557,27120.7,26526.3
20.090,88.60,0.246,25920.00000,17361.4,8351.12
14.260,55.93,0.081,27402.71186,18160.5,13285.6
25.480,79.80,4.907,40932.35880,28993.7,37717.2
19.530,54.15,4.922,31739.80328,22090.4,14802.3
13.270,77.50,4.918,24552.47265,13492.5,9850.94
15.980,88.00,0.067,26716.72766,19580,20264.7
12.810,71.70,4.913,24602.03390,14462,15172.8
19.390,74.10,0.069,24147.69231,19777.7,12780.7
18.650,63.40,0.080,43227.90097,26318.1,25361.5
21.380,55.29,4.928,42734.86726,22329.7,25405.2
20.800,65.74,4.918,30457.41794,25132.8,10924.7
22.870,71.60,4.918,34673.43545,23388.8,11625
10.580,86.40,0.083,22353.70213,13137.8,13772.9
16.140,86.30,0.070,32619.33262,28066.8,25192.7
34.520,30.58,4.910,37028.57143,24797.5,27552.8
10.780,73.40,4.921,35889.23077,30019.8,15412
13.450,86.10,4.921,24416.44779,13967.4,15726.5
26.990,32.61,4.908,29484.03996,20664.8,21138.1
16.930,67.16,0.074,31902.66160,25362.4,9490.52
20.710,83.20,0.658,26956.29139,16589.2,12175.8
9.860,67.53,0.082,22474.93671,13240.1,10438.6
12.180,87.20,0.074,38485.17110,33915.9,15817.5
7.320,89.40,0.072,22082.03390,13178.1,13824
22.310,75.80,0.071,31012.45033,19201.2,14432.5
19.500,69.49,4.917,26449.36543,15322.4,12506.3
24.180,50.08,0.071,35239.86885,21458.8,18131.2
15.810,68.36,4.916,32743.29114,20611.6,16748
14.530,71.90,0.074,36234.05813,20049.3,19729.5
8.680,66.44,4.912,26798.64407,16026.7,16446.4
25.270,40.75,4.910,43203.19645,30008.9,34764.6
21.100,49.17,0.084,31956.92308,25635.1,10745.1
27.090,44.95,0.077,29335.81395,19583.5,24377.6
10.790,48.60,0.080,22217.49049,19135.9,7427.61
14.980,85.10,0.082,34287.19053,19466.4,22615.3
15.810,68.02,4.922,27532.30769,20897.1,7587.47
13.240,72.90,4.919,24400.00000,18624.8,10646.7
21.680,83.80,4.917,44372.38938,25140.1,21163.1
11.360,88.00,0.078,20584.71475,10385.7,14213.8
15.130,70.50,4.916,26958.58407,14022,13155.6
14.930,52.10,4.916,36882.38298,21091.5,22970.3
19.010,66.23,4.925,46251.57447,23517.1,25165.2
24.290,56.42,0.081,35265.82057,21853.9,13189.1
18.400,90.10,4.918,24777.44262,14578.3,14038.5
25.150,92.60,4.913,24056.47059,16506,16479.5
15.030,87.20,0.067,43240.30140,23554,28026.2
22.360,75.60,4.904,34260.19934,23707.6,30444.9
23.810,64.42,0.276,43340.17699,24926.8,21986.8
25.880,65.76,0.301,34317.87611,22034.1,16797.5
13.530,90.30,0.067,24354.44564,11855.8,15604.4
24.380,61.32,0.055,37268.34437,22591.7,21131.8
12.430,53.31,0.085,30609.23077,25746.7,13370.6
23.930,86.30,4.911,29890.76412,19594.9,23256.9
24.420,51.52,0.268,46704.42478,27819.5,21798.6
8.900,52.05,0.083,39221.69492,22548.3,25054.6
21.370,65.00,0.093,41800.96280,25853.5,18447.2
20.130,63.89,0.124,33173.56674,20558.1,14934
25.630,43.81,0.082,31165.27660,17740.2,16664.5
11.350,71.60,0.089,27437.26236,21301,7444.9
11.730,69.13,4.920,21575.69620,12539.8,14481
17.510,49.77,0.084,31998.63830,18135.4,17221.9
21.340,81.70,0.081,31591.77243,26234.4,14023.6
15.320,63.35,0.080,24315.25424,15275.4,11439
12.320,62.80,0.084,44002.02532,27625.5,26752.8
17.670,78.50,0.070,22725.24590,10811.1,12511.1
16.560,53.50,0.082,33362.73764,27707.9,10971.4
16.850,64.85,4.917,34420.25316,20290.6,15984.6
12.390,74.20,4.917,34481.01266,20990.9,22120.5
19.950,71.40,4.918,25214.17943,16749,10837.2
21.230,54.55,4.918,44572.59574,26967.1,25467.1
24.400,43.09,0.081,33395.74468,21376.8,16310.3
25.470,56.20,4.918,35063.60656,21436.5,17583.2
6.874,86.30,0.089,22705.82278,14589.7,11739.8
14.160,53.74,4.918,26066.44068,15724,16371.1
13.620,86.40,4.915,27169.23077,19833.5,17268.4
18.500,44.06,0.088,38236.59574,22522,17274.2
34.250,21.41,4.919,40460.33223,27113.9,28739.7
16.470,82.60,4.917,23852.95405,17966.4,11444.1
18.450,85.70,4.919,37808.26230,23394.4,23086.6
13.110,86.00,0.074,25046.15385,20153.3,10947.5
22.920,55.34,0.071,32898.46154,27148.8,11496.9
16.770,53.97,4.915,28945.82278,16249.2,16296.9
20.370,63.49,4.921,29193.84615,21235.5,11774.5
12.280,75.20,0.073,22615.38462,18104.1,9669.4
13.020,74.10,0.086,40313.92405,25473.6,24115.7
18.220,67.43,0.082,37523.70291,17083.5,21323.6
20.540,81.30,4.917,25699.93355,15998.7,20129.9
25.760,80.90,4.927,36573.76249,22770.9,23437.2
19.070,52.09,0.080,30652.30769,25501.2,9952.77
29.760,41.72,4.905,43337.14286,30740.5,29950.8
15.870,76.80,4.918,23893.80531,14538.5,8778.26
25.370,54.26,0.080,36129.19037,23235.7,13329.1
15.640,84.20,4.928,38000.00000,28945,17332
13.860,48.73,0.080,42412.88136,24229.8,25349.8
19.860,70.80,4.916,24999.91247,16954.4,12576.3
7.360,78.10,0.085,22888.10127,14210.3,14619.8
22.880,30.70,0.085,32997.54575,19528.7,17751.3
27.490,37.23,4.921,34333.37705,22926.3,17752.2
24.770,58.19,4.924,46495.53829,27306,22606.6
12.260,77.80,0.075,38947.11864,23048,24273
6.706,89.80,0.071,22332.20339,13539.2,14235
13.450,62.02,4.923,34339.40426,19982.9,21065.8
9.080,54.44,0.090,38983.72881,23142.9,25112.4
25.340,46.02,0.079,36488.40263,22332,13574.2
9.180,59.89,4.917,22030.76923,18074.4,7570.12
14.520,71.50,0.083,33370.16949,23416.4,17644.7
11.480,85.50,0.069,22794.89362,13931.7,13801.9
20.730,66.03,0.086,24804.55142,19523.7,12068.6
11.560,63.67,0.086,42592.40506,26797.6,25139.3
20.580,71.20,4.918,29203.32604,21185.5,10708.8
21.570,57.12,4.922,30174.47281,19737.3,21168.2
23.300,61.03,0.069,32709.24590,18728.2,17087.6
26.540,77.10,4.911,48459.26910,31769.6,43989.3
25.580,84.40,4.919,33660.59801,22648.1,29920.7
24.360,61.62,4.928,37854.15929,23306.4,13979.3
13.750,82.30,0.082,33040.34043,17487.8,19387.7
26.310,34.67,0.072,36874.17219,20406.2,21628.1
19.840,92.80,0.068,34169.27790,20774.7,9646.69
17.800,74.20,4.920,30835.53611,25330.7,11234
25.670,87.00,4.930,40198.53496,24975.7,19350.5
24.500,92.40,4.917,31862.19756,19471.2,15053
15.190,72.80,0.070,41194.93671,24496,25486.3
27.350,53.34,4.923,31781.72185,20548.4,22112.5
21.450,67.08,0.080,40281.85430,25095.2,24611.4
17.020,84.10,0.079,30657.04918,21105.9,14423.3
17.970,69.56,0.083,22493.24503,13879.8,11236.4
18.340,63.31,4.915,23828.34437,14968.8,12884.7
16.850,86.30,0.073,30025.53191,17915.9,18720
24.710,91.20,4.925,25897.62486,15730.5,12170
19.500,84.30,0.121,42078.24945,25857.3,17927.8
11.090,57.79,4.918,43639.32203,25655.9,25355.6
21.880,78.90,0.083,47277.37418,29322.8,19929.5
26.300,44.72,4.908,30216.07973,20870.9,20316.7
9.390,91.30,0.080,21937.64259,17618.9,9248.5
15.710,84.70,0.072,38490.93649,17629.7,25117.1
22.750,70.10,0.080,34812.07877,24819.1,13335
15.650,59.70,0.077,32014.17722,16949.5,17187.5
16.660,66.12,4.914,34110.37975,19984.2,15845.8
18.620,88.20,0.068,25281.04918,15897.2,15461.1
14.290,44.89,0.077,30418.25095,25874.2,9669.15
23.270,65.32,0.267,42843.18584,25578,22869.4
18.330,64.84,0.084,30734.46717,21787,15848.7
24.090,84.90,4.917,46412.43063,28514.9,29889.4
12.150,84.80,0.078,23824.34043,14301.2,14452.3
16.400,74.90,0.073,40687.45247,34350.4,16007.7
8.140,82.30,0.074,23562.53165,15643.8,15712.8
12.410,77.80,0.083,39353.92405,25397,24040.5
10.130,86.50,0.083,30956.96203,19134.3,19119
23.540,80.80,4.923,34266.90265,21214.6,13655.7
13.760,87.10,0.081,26871.73305,14737.3,17832.7
19.730,65.62,4.919,25123.53982,18000,9996.16
24.150,56.19,4.920,29564.60177,17397.5,13538.1
13.730,60.01,4.918,22716.61017,13305.8,14617.1
22.490,79.00,4.908,28895.68106,19875.9,19382.8
20.060,68.23,0.080,34106.75410,23019.2,17145.9
14.750,85.80,0.071,24050.63509,13666.8,15662.5
20.930,59.52,0.071,32998.81967,18360.4,17682.3
10.300,83.40,0.074,42345.76271,26254.1,25118.2
8.530,87.20,0.082,23199.31915,13778,13999.4
15.400,67.76,0.077,35859.06383,19265.9,15741.3
30.810,41.75,4.909,42916.14618,34264.6,29577.2
34.780,34.95,0.070,37628.17276,25815.2,25076.5
12.570,52.14,0.077,29481.36882,23760.7,8873.95
11.660,86.50,0.088,20883.03797,19502.7,16684.3
11.590,88.00,0.085,33408.00000,19489,17111.6
10.850,51.09,0.080,44603.54430,27001.8,25515.2
16.170,59.63,0.075,29651.71103,24117.8,10579.6
18.850,51.20,0.083,40338.90591,33016.2,17379.2
14.240,63.02,4.920,32955.13308,28020.9,14382.7
16.550,70.20,0.079,26011.27869,16272.4,15851.7
16.310,58.53,0.078,21692.30769,16869.4,9652.05
23.370,58.74,4.921,34421.50820,21447.7,17915.5
20.850,79.80,0.314,24142.30088,16780,9225.41
7.100,87.70,0.086,23009.62025,15202.4,11757.1
28.630,50.36,4.908,42584.45183,30068.4,34288.9
18.510,75.50,4.916,42964.76821,25929.7,26933.2
15.480,81.30,0.083,22110.76923,17520.2,10051.1
19.950,76.20,4.926,34887.34426,21930.7,21605.8
21.050,50.36,4.910,23837.34219,15869.6,17310.1
31.200,44.76,4.908,37755.74751,25781,29173.6
14.930,59.53,0.085,33770.12658,22092.4,16614.9
11.710,83.40,0.082,24317.24435,13388.2,15825.5
17.460,63.53,4.919,31150.63457,19183.8,11385.8
21.890,76.40,0.067,44922.91391,27116,29166.3
21.390,62.86,4.916,35416.13115,21544.3,18177.8
19.900,81.70,0.067,30867.69231,25921.5,16302.7
19.640,87.80,4.921,28415.57987,18507.9,12249.5
24.850,48.16,4.914,27415.81395,17616.5,20358.8
22.840,74.90,0.069,47389.66887,26876.5,29012.7
26.740,80.30,4.914,46705.11628,29244.3,42730
19.780,61.78,0.080,42416.26230,25344.9,25302
18.650,72.00,0.076,32588.33154,19866,17821.1
19.980,56.96,4.920,36070.81967,23208.7,18037.9
21.550,72.40,4.921,34635.54098,21183.9,16697
16.220,55.67,0.074,34804.56274,29180.7,14538.3
20.350,42.63,0.085,33335.38462,25523.6,10340.2
10.100,52.25,0.082,23888.13559,14804.9,11097.4
21.560,54.12,0.293,46150.08850,30532.6,18627.3
25.710,56.59,0.298,37312.56637,20724.3,16162.1
20.530,72.20,0.069,45840.52516,26663.9,20098.7
21.500,66.76,4.916,29247.43982,20136.1,14531.3
9.090,85.50,0.083,18536.88213,13384.5,6252.1
20.770,61.51,0.073,30553.84615,24597.5,11774.5
19.860,64.26,0.082,32079.73770,20764.1,14306.7
13.350,72.70,0.084,32107.11864,23339.8,17007.9
28.110,46.75,4.907,51412.62458,34336.7,42055.2
16.070,87.20,0.066,35626.43703,26725.1,26775.3
26.700,71.00,4.940,37129.94451,23839.1,23003.9
19.300,45.14,0.083,32038.48101,19976.9,16273.7
11.910,54.42,0.084,34114.57627,19163.5,17598.4
15.090,63.14,0.076,31513.30798,25966.2,10764
14.010,56.78,4.921,23015.59322,13659.6,14605.5
16.070,70.60,0.072,42595.47901,22846.4,28229.8
20.820,64.03,0.084,23575.66740,18343.6,11455.8
10.570,67.10,0.081,43616.68085,26385.4,25409
20.360,79.20,0.070,40849.36543,33408.3,17414.2
9.090,82.60,0.080,27007.59494,17018.8,12312.3
11.580,49.85,0.088,34157.28814,19127.1,18136.8
13.770,86.00,0.087,29370.41981,16845.2,20404.4
34.600,31.71,4.906,43005.44850,30957,33987.6
23.890,86.30,4.915,29010.49834,18846.8,22262.8
25.910,32.63,0.071,40230.99338,24833.3,22478.8
21.980,86.60,0.288,42180.53097,27606.2,17680.1
23.940,63.91,4.920,41094.29508,26165.9,23144.9
15.500,61.05,0.081,41155.93220,27811.6,24753.5
24.980,38.31,4.906,26975.68106,18148.1,22533.9
23.750,43.73,4.917,46652.18543,27744.7,28510.5
20.250,73.80,4.903,27383.92027,17969.6,17448.7
20.620,75.20,4.918,35214.68852,23149.2,17204.2
16.330,69.79,0.077,38138.55319,23030.5,17709.7
21.040,43.88,0.080,28443.97351,18520.2,13717.7
15.120,75.60,0.076,41796.45570,25809.1,25231.8
3.973,77.60,0.084,22906.32911,14542.2,10999.5
20.510,75.50,0.070,33590.55738,20712.1,16189.8
23.740,67.02,0.068,39010.33113,21802.1,19589.9
14.530,78.60,0.074,22165.06329,13229.2,13642.4
20.720,89.90,0.069,22378.80795,13756.3,11821.3
18.720,87.30,0.068,25054.42623,14515.2,15338.6
25.670,86.00,4.916,31389.76744,20198.7,26865.9
28.740,29.55,4.925,37942.25166,23336.4,20186.6
12.020,60.18,0.084,41972.65823,26549.5,25399.5
19.770,88.50,0.064,26071.24726,16752.7,9833.43
12.410,60.25,0.080,21889.23077,17490.5,10056.9
22.750,75.60,0.069,46728.47682,26139.3,27990.6
17.310,69.78,0.077,37975.38462,32057.9,16701.7
21.010,64.92,0.078,42945.04918,25824.1,25307.9
17.340,78.40,0.081,33955.67213,22688.5,16114
13.300,65.62,0.083,33919.32203,20086.3,21129.6
11.260,61.85,4.920,20221.27660,10382.9,9702.58
26.340,79.10,4.930,34854.07325,22561.8,28119.9
18.050,50.88,0.084,32403.06383,20604.9,17297.4
22.010,69.29,4.932,47539.11504,28096.5,20657.2
20.680,76.60,0.074,40969.10284,33524.1,17373.4
13.080,63.12,0.081,39728.13559,24616.4,24226.7
27.860,32.44,4.929,32183.36283,18097.3,16403.4
15.370,45.58,0.089,44554.93671,27483.3,25752.3
8.590,85.00,0.090,28653.99240,21496.2,9409.84
10.130,86.30,0.087,16599.49367,17106.4,12000
5.976,86.80,0.085,21818.73418,13951.4,14214.9
20.730,66.40,4.922,35783.36283,23014.6,14808.9
11.880,85.60,0.067,40013.61702,23147.6,24480
19.890,81.50,0.070,30172.30769,25322.7,15892
20.280,60.18,0.073,28806.20022,15191.9,18449.5
22.880,64.20,4.906,35108.57143,24979.7,24269.1
19.840,84.10,0.065,38768.74172,23965.1,24345.6
30.890,50.15,4.905,41112.71920,32244.1,24544.7
20.840,51.85,0.080,32743.33692,19869.7,16343.3
22.940,49.95,4.916,29036.01329,19177.2,23919.7
16.200,73.20,0.071,32885.94187,18670.9,18269.1
13.270,76.20,0.080,24342.04521,13604.5,15627.6
12.870,88.20,4.924,27520.00000,20938,13544.1
19.490,44.20,0.087,33193.84615,24776,10114.7
26.580,72.90,4.908,35985.61598,25028.9,22317.7
22.110,74.20,0.068,44795.76159,25896,23867.1
21.290,66.73,4.924,35995.27869,23286.7,18504.3
7.370,84.70,0.082,21639.54373,17364.8,9715.25
18.110,60.42,4.921,30369.19037,18732,14081.9
21.390,81.70,0.065,45024.63576,26296.5,29579.8
12.930,88.60,4.918,30560.00000,23426,14891.6
14.270,78.20,0.070,41778.38298,28851.2,25496.1
17.220,52.62,0.079,30720.00000,25575.6,13659.8
15.020,61.50,0.084,32354.04255,21343.9,16205.8
13.370,77.60,0.082,31671.48289,26036.2,9784.39
29.120,59.33,4.923,36071.76080,23362,25926
20.400,69.76,4.917,25504.07002,17495.9,12879.8
27.660,51.86,4.905,39592.82392,32126.6,26938.2
23.610,32.61,4.921,33383.48936,22843.9,16351
18.440,77.90,0.078,35421.82992,17395.1,17477.8
24.320,84.30,4.917,28940.33223,18801.3,21810.9
18.830,82.80,0.245,24709.38053,14968.8,9601.96
28.100,43.71,4.905,38037.73585,26218.8,27199
25.900,82.80,4.921,37991.76080,25146.8,34246.7
19.380,88.20,0.069,31749.32166,25625.7,14251.2
12.460,87.50,0.073,27157.78723,15472,16385.8
27.850,28.98,4.907,30407.44186,20851.9,26317.7
22.650,69.34,0.072,36645.29801,22797.5,20021.2
28.490,35.62,4.909,37961.02109,26389.9,26121.6
12.970,66.66,0.084,40680.00000,25156.2,27763.8
19.780,81.70,0.068,24775.38462,19811.2,11624.1
12.830,70.50,0.087,24602.03390,14841.3,14669.2
19.670,89.10,4.912,29271.50442,17947.6,10284.5
16.400,73.60,0.081,33772.57266,18663.5,22237.1
14.380,75.00,0.072,26648.52530,16013,14033.5
19.760,64.39,4.933,31824.94530,19460.2,10790.5
17.640,90.40,0.066,25797.24590,15020.4,15758.4
18.590,90.10,4.917,30380.06557,18405,16673.7
13.430,51.99,0.083,33113.87234,20257.3,15085.2
19.550,61.19,4.921,37644.59016,23268.1,18446
18.410,83.30,4.916,33088.14159,22965.9,9078.32
27.390,54.04,0.066,37980.39735,23456.1,20487.9
22.770,43.05,4.919,27047.78761,16076.5,9907.91
26.840,36.85,4.904,29803.68479,21368.1,21938.6
22.510,87.50,0.292,27863.36283,16641.6,14079.3
19.080,73.90,0.071,39095.38462,32065.3,20154.2
14.230,70.10,0.084,43437.96610,25772.6,25239.8
19.870,84.20,4.913,26327.78761,18467.8,8172.26
26.820,53.32,0.065,44772.35880,29935.4,39482.5
19.560,91.70,4.920,34522.18818,21420.7,10662.1
17.000,87.00,0.073,38924.95156,15620.8,18693.8
10.440,84.40,0.087,26361.19149,14809.8,11885.8
16.140,80.10,0.073,22035.56512,12779.6,11799.3
21.730,55.74,0.082,31906.72340,21358.5,16316.1
26.070,46.72,4.915,37024.07002,22332,14379.6
21.580,47.04,0.082,44312.58278,27284.4,27346.7
25.510,87.00,4.917,30088.50498,18174.7,24467.9
16.220,69.16,0.072,21578.70722,17685.2,9450.18
17.040,80.60,0.069,35911.64693,20342.6,19188.4
13.120,57.68,0.082,28483.65019,22151.6,7894.36
17.430,70.90,4.920,25916.89989,15950.7,15604.4
27.200,68.63,4.905,38974.08638,27049.4,25962.2
17.160,77.50,0.082,31497.24289,26077.6,11327.4
22.130,66.06,0.082,45027.57112,27743.2,19211.7
20.770,74.50,0.068,34308.19672,21317.6,17006
26.690,52.78,4.905,37775.62708,24496.7,23214.5
23.160,71.20,4.910,28959.46844,19169.6,22594.1
15.930,51.90,0.084,35200.00000,28801.5,15431.5
10.190,84.70,0.089,26904.30380,16402.4,16649.6
12.670,86.50,0.070,43065.76271,25302.1,26721.8
12.390,65.34,0.084,21180.75949,10362.3,12572.5
21.520,69.73,0.078,25318.81967,14009.9,13315.6
15.990,44.44,4.920,31120.00000,24099.2,11485.3
14.590,57.70,4.919,32961.35593,20374.5,16070.1
14.460,82.90,0.081,26135.38462,21269,9640.48
17.330,51.38,0.079,31692.15190,21187.8,15874.7
22.190,75.00,4.916,27954.43709,18232,21001.8
21.660,52.55,0.084,33137.31148,21325.1,16749.5
16.320,89.20,0.082,30822.93217,25487.6,11479.1
21.210,79.90,0.081,47359.29978,29285.5,20087.1
17.290,86.40,4.917,29385.44262,18386.4,17863
19.670,63.99,4.919,25098.51276,15901.6,14493.3
20.500,70.30,0.273,27481.06195,16031.6,13320.4
25.410,60.25,0.072,32640.00000,21588.8,15602.2
16.230,59.24,0.085,23747.69231,18658.3,10594.7
20.270,77.30,4.919,40401.92560,24710.8,17245
33.040,23.34,4.913,47579.00332,30596.2,42193.8
17.060,51.07,0.085,32121.19149,18113.4,17053.5
25.610,78.20,4.922,37161.90899,24496.7,24755.4
21.090,61.37,0.070,31729.23077,25281.8,17997.1
19.480,45.80,0.089,31910.88608,19634,16077.1
10.920,62.44,0.085,32494.17722,21275.4,15926.7
15.980,52.82,0.091,32657.03422,26595.9,10101.3
11.670,77.00,0.083,24168.43918,13069.2,15354.2
15.240,68.46,0.080,27589.35361,22077.9,9818.97
9.900,81.50,0.076,24534.68354,16639.5,13445.8
26.250,75.90,4.916,41697.80731,26141.8,32168
22.740,70.80,0.069,38895.89404,21644.9,19300.4
14.090,82.00,0.087,23229.95745,13928,14434.8
22.100,57.91,0.079,31901.53846,25832.2,11236.6
21.610,89.30,4.915,28723.53982,16607.9,14067.6
19.220,65.73,4.924,26254.00438,15990.9,10953.9
19.300,80.60,4.911,24740.51054,14875.2,14126.1
19.510,67.21,0.078,26023.86885,15700.3,14878.1
11.140,69.84,4.918,21440.00000,17475.6,10450.1
27.890,66.77,4.912,36900.99668,24941.8,27685.4
13.680,88.80,0.067,24472.24973,12244.4,16837.8
11.550,63.11,0.082,44512.40506,26976.3,26081.9
25.740,54.75,4.902,43989.52275,29347.4,32934.9
9.710,70.80,4.915,31393.22034,19477.2,14646
24.110,93.30,4.926,23257.35849,14681.3,15360
12.720,80.70,0.077,42574.97872,23652.4,25647.1
19.880,59.35,4.923,31010.97345,15934.3,18656.8
18.690,51.74,0.084,30197.46835,17905.2,16915.7
21.880,72.60,0.066,44935.62914,26244.1,25332.2
17.540,41.12,0.085,31336.85106,18285.4,15723.9
17.470,71.10,4.920,32473.84615,27070.7,14272.8
18.120,63.43,4.922,32020.30635,17832,12313.7
23.180,74.20,4.912,38240.53156,25822.8,31692.1
18.580,85.60,4.917,28315.27869,18746.7,13111.6
22.300,51.68,0.080,36683.44371,22501.9,19914.8
23.480,45.31,4.917,37685.10638,21343.9,20386.5
24.080,63.55,4.930,36885.66372,20499.8,17144.7
11.800,79.00,0.089,27358.17490,20910.7,8084.51
12.500,75.80,0.073,37846.38783,31544.6,16290
22.940,76.00,0.261,45748.67257,27475.3,23234.2
25.810,88.60,4.913,34815.71587,25534.5,28613.4
23.290,80.60,0.283,31750.08850,19279.8,14297
27.720,68.28,4.916,38246.91030,26240.5,30324.4
17.290,62.52,4.921,30870.79646,16379.6,15356.1
17.750,85.50,4.913,24439.03720,12977.2,8858.84
16.700,83.60,0.086,30052.44349,18905.5,15540.4
22.150,65.20,4.922,34156.67396,19228.6,12453.7
20.940,69.96,0.280,27539.60613,16256,11823.5
19.500,84.40,0.089,43338.64333,26421.2,18581.4
21.480,87.90,4.911,23823.71681,15612.5,9954.97
28.360,61.27,4.927,39248.37209,26058.2,26757.5
17.420,81.60,0.067,26781.53846,21083.1,14619.8
11.200,69.24,4.918,22961.01266,13094.2,14342.2
26.200,53.72,0.080,37436.81063,25583.5,32589.8
25.390,57.59,4.906,28608.63787,20426.6,21419.2
29.980,40.49,4.906,42163.45515,30281,28908.5
16.580,67.22,0.073,31002.28137,25108.3,10078.3
26.790,63.29,4.904,39520.88790,25652.4,23497.4
33.670,35.42,4.921,28876.54485,31727.8,25034.3
22.400,56.57,0.071,30886.15385,26241.3,10953.3
22.540,64.65,4.910,31395.51609,22326.1,24562.8
19.000,79.60,0.069,26527.47541,16331.9,16020.7
22.920,70.40,0.069,33504.63576,16244.9,16943.3
26.470,51.57,0.072,35151.73770,19857.6,17997.1
13.290,77.90,0.070,41570.04255,25426.8,25310.3
22.330,83.40,4.918,28889.00662,18164.7,21143.6
25.980,37.28,4.925,30552.21239,17259,15779.7
20.410,86.80,0.070,24044.50331,15702.3,14609.7
24.820,81.10,4.925,33901.53163,22755.6,27012.4
14.680,76.00,0.080,24813.26157,15972.7,15458.9
16.430,75.40,0.082,24689.25727,13813.4,15924.4
28.330,34.04,4.920,36006.37168,21379.2,13526.3
20.940,72.50,0.068,33074.36066,21837.8,16055.7
20.150,27.50,0.084,34506.46388,29405.3,13668.2
13.930,69.15,0.071,34938.30508,20618.8,19699.8
21.730,67.65,0.085,39811.39073,21049.9,24067.9
15.440,65.04,0.072,30318.98734,19546.5,17355.2
13.410,61.58,0.083,45782.27848,27443.2,26660.2
10.510,85.30,0.080,21538.46154,16304.1,9617.35
20.780,45.39,0.087,34336.79225,19939.3,18845.1
10.580,88.00,0.072,24081.70213,13412.2,14707.7
35.160,34.52,0.068,37468.70432,25762,24895.7
14.790,35.16,0.078,38764.55696,23452.9,22126.3
4.779,87.70,0.086,26041.51899,17223.1,12161.9
22.870,63.97,4.916,36721.57549,23934,12710.5
19.470,65.78,0.082,38043.07692,32158.3,19807.2
19.160,80.10,0.069,22523.07692,17788,9744.58
12.390,75.90,0.072,23618.46154,19149.2,10137.8
20.260,72.80,0.071,29556.92308,21983.1,10299.8
20.090,70.50,0.076,38806.15385,33009.9,16765.3
24.800,61.58,0.073,30999.73510,20597.1,13197.8
20.070,88.30,0.350,27812.38938,16675.3,14744.2
16.380,74.90,0.073,28161.21673,23841.7,12060.5
21.710,59.30,4.907,39361.06548,27062.7,30316.7
24.890,46.75,4.908,34285.10544,24397.9,23864.6
24.610,52.42,4.921,25667.92123,15983.4,9173.98
21.680,86.50,4.912,26232.21239,15612.5,12961.5
14.520,89.50,0.073,36748.67600,19701,25588.4
13.840,72.20,0.084,32918.64407,21005.5,15259.7
16.250,59.83,0.074,29493.53612,23731.2,10671.8
20.170,70.60,4.917,25099.86755,15721,12748.8
8.940,81.10,0.084,25198.47909,20778.2,11207.7
28.450,47.52,4.923,37935.44950,24215.4,25459.6
31.740,40.48,4.906,38954.95017,28200,33222.4
21.740,58.51,0.081,41912.65574,24939.9,24573.3
7.530,61.00,0.088,21545.08475,12860.8,14368.2
27.660,43.68,4.904,37980.19978,25063.1,24622.9
22.920,52.93,4.913,24354.01993,15638,15237.5
14.920,66.22,0.082,41998.97872,23868.3,25978.1
16.190,68.74,0.075,30947.52852,25634.9,11334.5
24.650,91.10,4.920,27003.59600,16437.6,12681.6
19.350,81.30,4.911,24190.72142,14597.7,13548.3
16.510,84.10,4.907,37703.48936,22141.5,22854.2
11.500,55.81,0.080,23248.34043,14103.7,10457.4
27.300,37.23,4.919,34270.42623,22487.9,17618.1
20.900,65.90,0.069,34862.16393,21470,17763.9
27.630,55.04,0.069,34680.79470,18666.1,22992.7
18.830,84.70,0.070,23134.52954,18702.1,8602.07
22.090,92.10,4.914,36458.76106,22651.6,12949.7
30.330,35.35,4.911,43184.05316,29726.6,36253.1
24.510,36.71,4.907,32346.57807,22329.1,30655.7
12.670,73.30,0.079,22978.72340,13222,13587.1
14.140,47.98,0.082,37288.10127,23755.6,18737.3
19.590,83.30,4.916,31208.49558,17783,14261.7
27.040,66.52,4.903,29484.03996,21892.7,20494
24.620,41.89,4.905,49052.69700,33255.3,37930.5
16.630,57.34,0.089,22984.61538,18037.2,10236.1
8.870,87.60,0.087,23861.10638,13942.7,15497.4
23.300,86.40,4.923,30730.65483,19011.2,20283.4
12.920,84.70,0.078,32611.40426,19811,15282.6
21.390,88.10,0.348,29016.63717,18849.5,12426.1
14.830,59.23,0.079,39706.32911,26210.3,24393.3
20.580,64.22,4.055,34486.15385,29090.1,16181.2
13.450,63.61,4.918,41857.62712,25298.5,24788.3
16.550,52.02,4.916,30824.61538,24207,11398.6
20.200,62.74,0.075,37907.69231,31972.3,19818.8
13.620,84.10,4.924,23709.62325,12699,15813.8
27.820,49.38,0.066,39891.67592,26857.4,29329.7
15.880,52.35,0.081,33387.07224,27671.1,10401
14.510,73.90,0.075,21396.19772,16378,8695.32
21.610,64.01,4.927,34471.77243,22936.9,12097.8
16.170,62.32,0.088,30777.18631,25590.7,9651.86
21.350,54.09,0.081,34373.99354,20767.8,17367.3
16.070,62.92,0.081,42039.49367,24423.1,25468.9
21.010,74.90,0.072,28787.21421,18977,18995.4
11.500,77.30,0.085,22965.59742,14139.7,12078.5
10.440,90.90,0.071,23705.08475,13495.4,14512.9
20.430,81.10,0.085,46155.62363,28508.7,19567.7
14.440,85.50,0.083,24769.23077,20287.2,7795.66
21.910,62.16,0.086,44208.31510,28340.7,19240.9
22.370,49.57,4.925,31358.59956,25543.6,10714.7
29.630,44.32,4.921,37500.73252,24470.1,25273
13.040,79.60,0.072,39021.53846,33500.8,16823.1
17.170,79.80,0.072,32507.72874,18106.3,17588.4
12.430,71.80,4.922,22861.53846,15768.6,7859.28
17.540,55.71,0.083,28358.80851,15925.6,14388.4
23.180,50.22,4.906,25782.85714,17362,19382.8
13.380,57.58,0.077,31987.83270,27545.9,13610.6
27.590,51.72,4.908,36001.59468,25625.3,30667.8
15.560,75.00,0.070,21177.18631,16112.9,8914.29
22.740,78.40,0.079,37433.69803,22414.1,11350.8
26.740,36.45,4.907,28972.60821,20330.3,20560.3
18.980,75.40,4.918,30758.14570,19384.6,18727.4
21.490,66.00,4.922,36549.24590,20897.8,20451.5
12.160,76.20,0.083,27220.25316,17934.3,17551.8
20.960,44.84,4.916,28683.07692,22094.6,10288.2
17.400,44.10,0.086,31275.57447,18109.8,15526.5
20.130,89.50,0.069,35864.50766,23471,12570.5
20.070,85.10,0.070,39429.93377,21098.5,23825.7
13.640,86.40,0.082,22849.23077,17814,11705.1
13.550,59.88,0.084,23125.42373,11941.6,15861.7
26.950,55.00,4.920,32570.06623,20563.4,22407.9
9.720,88.40,0.075,21287.48936,12757.3,10834.8
19.170,85.00,4.922,31775.57522,18471.5,14279.4
27.360,47.88,4.921,36179.60613,25032,13568.4
34.880,21.94,4.915,38004.51827,25101.3,29541.1
28.450,43.75,4.906,38919.95560,26922.1,27060.6
19.380,61.74,0.082,39796.93654,32500.8,19252.5
12.080,72.40,4.916,21273.84615,15411.6,8911.81
20.620,78.90,4.919,32694.61707,26174.7,10364.5
24.730,46.76,0.087,36519.91247,23792.1,13235.7
17.510,54.49,0.077,23163.07692,18119,10294
17.710,59.28,0.074,31890.49430,26330.8,9588.48
14.420,85.60,4.909,24332.93617,13591.5,14580
23.670,62.56,0.071,36683.44371,20690.6,18627
20.310,81.40,4.913,21348.87417,13412.1,13505
17.850,78.20,0.076,23493.24590,16060.7,11415.1
11.640,49.52,0.087,33968.13559,20341.6,16591.1
28.110,35.75,4.908,35344.58472,25594.9,26685.2
22.880,54.05,0.070,36083.40984,23089.8,17524.9
16.350,68.96,0.073,32067.51346,18007.3,18234.2
23.310,58.31,0.080,41648.26230,24743,25278.7
16.590,62.58,0.075,34426.32911,21093,16782.7
16.420,80.40,0.085,26909.40919,15677.2,12944
31.080,42.48,4.908,36007.97342,24535.4,28360.2
18.690,48.88,4.924,29372.30769,21384.3,10143.6
9.520,91.10,0.079,24528.81356,14513.1,15259.7
11.320,58.16,0.089,27773.16456,17580.5,17413
14.190,89.10,0.075,23157.80409,12933.6,15069.1
25.290,82.00,4.922,46717.87375,29244.3,35614.4
15.480,63.76,0.075,32694.68354,21545.3,16782.7
16.900,63.76,4.917,26203.58862,15277.6,12272.8
10.920,90.80,0.080,21837.96610,12189.7,14136.6
20.910,66.12,4.916,44094.87965,24852.7,19287.5
12.000,67.85,4.917,31576.27119,18798.8,15369.6
22.710,86.50,0.261,34846.72566,21513.9,15414.9
21.990,71.70,4.928,39300.53097,26981.3,13714.6
16.920,57.96,4.923,35747.69231,29867.4,15568.2
18.260,78.60,4.918,27660.59016,18356.7,12616
21.270,71.90,4.920,32656.80525,26335.3,12891.4
18.740,50.35,4.925,35099.23404,21775.6,20990.3
22.700,71.50,0.070,33312.21007,18582.6,12728
19.070,85.90,0.081,28749.58425,23198.3,11029.8
20.030,85.50,0.068,21348.87417,9991.68,11059.2
21.490,78.70,0.080,31749.32166,26417.4,12745.5
14.950,82.20,0.071,42068.46071,20789.8,27688.7
19.530,71.20,0.071,33636.92308,27721.5,17326.3
20.320,76.90,4.917,36419.08096,23963.9,12010.2
20.820,60.26,0.070,31022.16393,17665.6,17379.1
24.860,37.24,0.075,33195.95264,20690.8,18676.4
13.080,75.50,0.085,24717.87072,18049.7,8522.45
9.800,76.30,0.086,33739.74684,20866.9,20934.9
26.570,66.99,4.938,38427.70255,24812.2,22438.1
21.030,70.10,4.916,34736.26230,22473.1,16848.6
14.970,84.20,4.913,24890.75410,15273.1,15292
21.850,66.77,4.920,34030.63457,19546.1,12681.3
20.770,66.57,4.913,23224.98339,14950.6,15821.9
14.940,70.60,0.070,19637.46835,12616.4,13682.9
22.010,66.94,4.924,28018.55580,21334.9,11525.8
15.870,69.96,4.915,36467.69231,30302.5,14093.5
25.400,60.09,4.907,47974.48505,31906.3,38265.4
7.490,59.90,0.089,24034.57627,14509.4,14096.1
14.980,62.68,4.919,34039.14894,19628,17529.7
11.030,52.60,0.079,22485.17110,18904,7006.96
22.070,45.92,0.089,33220.75350,18681.9,17972.4
14.810,83.70,0.080,21950.76923,17438.4,10508
18.310,59.53,4.915,31173.24590,21269.3,14108.5
20.700,70.40,4.921,35667.93443,21752.3,19151.4
21.130,77.50,4.917,46997.52212,32328.9,16891.7
24.580,48.88,4.918,36507.30853,22690.5,13282.4
19.410,54.74,0.084,41485.86433,34588.4,17851.9
10.530,63.14,0.087,35015.69620,22212.8,21467
12.800,63.38,0.083,38318.64407,23307,23190.5
27.170,63.19,4.921,39424.99445,24968.1,21986.7
23.080,65.33,0.069,36759.73510,20720.6,18325.7
20.280,79.70,0.069,40761.13786,33102.1,17093.3
7.640,70.10,0.083,34737.64259,29132.9,15834.8
21.610,53.82,0.302,46602.47788,30600,18733.2
21.200,72.00,0.069,32633.70492,21704,15974.1
21.730,66.10,4.913,34408.91803,22220.4,17495.7
21.130,78.00,4.924,25977.34513,14654.5,13232.1
25.730,87.20,4.912,26063.84018,18136.9,19248.2
20.150,73.40,0.074,23260.56893,17824.5,10726.3
17.640,89.80,0.074,27106.62295,15633.4,16580.4
13.250,78.20,0.091,23575.38462,18431.4,12179.3
23.450,63.59,0.069,31902.51656,17734.3,18065.7
16.230,77.40,0.084,37323.07692,29837.6,17048.7
21.340,60.16,0.076,32356.72131,19396.9,17262.5
17.030,68.55,0.083,37076.92308,31384.7,16383.6
16.440,62.05,0.084,33478.48101,20261.4,17494
19.490,83.40,0.070,46017.04918,27681.7,26339.8
27.040,33.54,4.906,28736.07103,20307.5,21288.5
21.760,72.10,4.913,26746.04651,17194.9,17014.9
15.080,83.50,0.076,43424.81013,26407.3,25393.7
26.020,39.58,4.905,30295.93785,20866.3,20096.8
17.390,79.60,0.065,25432.13115,15310.2,15099.6
29.200,36.79,4.915,43719.86711,30349.4,39572.9
20.370,84.30,0.103,32990.80963,21174.3,10539.6
21.430,68.13,4.916,34585.20788,19456.4,14624.7
23.850,64.15,4.925,34515.39823,19639.1,14685.4
31.590,38.99,4.908,43088.37209,34241.8,30041.2
14.530,53.56,4.917,33772.88136,21096.7,16255.4
21.260,60.89,4.923,30322.83186,17925.2,16426.9
13.940,90.10,0.069,33952.37890,18509.6,19392
25.640,80.30,4.908,48446.51163,30550.6,38699.2
13.530,87.30,4.923,33803.07692,26055.4,16418.3
22.170,47.48,0.084,34534.81967,20686.1,17163.4
19.490,71.30,0.070,29234.36066,16536.2,15624.3
24.300,62.02,4.921,37586.54867,23456.1,13967.6
9.410,79.10,0.088,30509.50570,25936.8,12982.5
25.550,46.85,0.272,38236.46018,23905.2,14779.5
19.320,66.67,0.060,41777.05059,24936,27264
25.310,46.72,0.082,36167.00219,22055.6,13294.1
36.620,22.78,0.079,39057.00997,27360.8,30475
14.340,90.20,0.068,24168.43918,10528.7,12770.9
16.970,37.95,0.086,33321.35593,20425.5,17343.7
19.780,85.20,0.073,25926.30197,15176.8,11934.3
28.200,68.19,4.903,41189.43396,29111.7,31075.1
9.600,77.30,0.090,32615.69620,22362.3,16441.4
20.340,60.65,0.080,38489.00662,20896.5,23294
11.050,88.50,0.090,28052.42553,19661,13285.2
26.510,29.69,0.082,42592.52459,24813.6,25885
21.280,70.90,0.070,32885.50820,20177.1,16248.1
32.750,21.84,4.919,36709.63455,23320.3,24630.6
28.840,32.78,4.910,51533.82060,34974.7,47405.5
19.700,43.86,0.084,31975.66540,24898.4,9352.22
15.990,80.00,0.086,29228.93617,18172,12663.9
27.590,28.52,4.921,37662.51656,22831.2,20671
18.130,83.30,4.914,32017.69912,22554.3,8995.96
20.650,42.84,4.914,30941.53846,22600.4,10369.2
20.740,70.80,4.921,30117.11160,21641.1,11426.6
5.699,85.80,0.086,20866.92015,16403.8,9634.57
16.000,87.00,0.065,39210.16146,28869.7,28992
20.520,85.00,0.069,44630.46358,25641.6,25822.5
8.900,55.69,0.077,43704.30380,26600.6,25463.1
13.070,52.67,0.077,26792.39544,23874.8,12412
18.110,67.28,0.082,28150.89716,22175.1,10043.5
12.000,67.75,0.086,33988.86076,22154.4,16562.9
18.220,86.50,4.913,23682.09836,18479.3,12254.6
23.950,69.52,0.071,36835.87125,26226.4,23846.5
15.090,67.36,0.073,23337.61033,13736.5,12788.4
20.950,87.80,0.070,39480.79470,23474.8,24581.9
13.790,74.00,0.084,42282.53165,25827.4,25266.5
21.140,79.70,4.919,26740.13245,17146.8,20168.9
18.960,45.39,0.084,34450.16949,20575.1,16452.2
21.040,66.25,0.079,36272.26230,22525.1,22293.8
18.620,80.60,0.070,34899.93443,21637.2,17950.4
21.590,71.10,0.071,26966.15385,21797.1,11265.5
30.720,51.85,4.906,39241.99336,28002.5,33288.7
14.530,70.70,0.514,21466.22951,14333.1,10890.4
22.090,66.37,4.907,30394.68439,19974.7,21479.5
17.110,48.68,0.083,33175.14894,20023.2,16583.2
11.260,86.50,0.075,22722.71186,12105.8,10808
21.730,53.62,4.919,36490.65483,25222.8,26091.5
11.310,84.10,0.083,41960.50633,25874.8,25168.2
19.670,57.99,4.925,37808.26230,23387,15513.5
18.560,71.60,4.916,29403.07692,20447.1,11537.3
22.390,57.81,0.071,35741.53846,29886,16522.4
17.850,65.49,0.081,21572.62357,16035.6,9455.94
24.320,81.10,4.921,32942.59711,21090.6,18658.3
23.520,59.08,0.070,35119.47020,21195.8,18077.5
20.180,71.30,4.920,26323.32604,14982.6,12517.9
15.470,69.69,0.073,25805.29602,14029.7,17669.8
23.450,67.92,4.919,28384.07002,17839.4,9588.33
15.020,85.80,0.070,44790.35522,24162.5,28561.5
12.970,74.40,0.083,23239.54373,19058.6,8309.24
11.260,69.06,0.085,28530.38298,16920.7,16908.4
16.630,58.22,4.927,23309.61702,13752.4,14098.1
18.550,89.30,4.922,35239.86885,21778.3,20731.3
18.390,60.13,0.079,25023.57616,14370.1,11419.6
18.910,59.69,4.926,36261.53173,21887.6,16381.3
19.590,69.51,0.074,32203.07692,26881,16447.2
24.810,56.95,4.924,49506.59267,32476,35535
12.530,73.80,0.086,22911.02662,18576.3,7116.45
15.700,68.18,0.074,38418.22785,22967.8,24786.5
16.500,45.28,0.085,32243.74468,20550,14492.9
11.030,87.80,0.081,33338.40304,27549.6,14538.3
10.570,81.40,0.073,42327.45763,25167.2,24851.9
13.720,80.80,0.083,23105.70342,18517.3,9836.25
23.580,48.86,0.091,35681.75055,23105,11870.2
13.600,66.66,0.082,40252.88136,24131.3,25089.3
27.160,72.00,4.905,38900.77691,27857.2,28306.5
29.170,25.71,4.916,46367.04319,30075.9,37795.5
22.770,89.10,4.922,29317.82464,18577.8,19579.2
20.240,42.76,0.083,33267.69231,25214.9,10334.5
20.570,78.20,4.908,29893.18535,19501.6,20861.2
9.010,62.80,0.085,21855.18987,13889.4,13983.6
13.050,72.50,0.084,28215.96958,24276.2,11824.2
31.500,29.14,4.919,49020.59801,32654.4,43935.1
17.040,81.20,0.079,32086.11410,18073.3,18333.1
20.800,72.20,4.918,29590.96346,19860.8,22672.5
37.380,20.94,0.077,38400.00000,27702.5,30679.8
34.890,37.45,4.907,41662.50832,29632.5,27578.2
20.390,76.00,0.069,26281.19867,16848.2,15305.8
18.240,87.60,4.923,29725.37705,19460.1,13531.3
12.110,77.10,0.094,24418.72340,14740.2,11078.7
21.830,52.65,4.921,44731.91489,26604.9,25542.6
16.410,65.65,0.073,33245.55436,17952.3,19450.2
16.960,72.90,4.911,26023.29114,16190.9,16337.3
25.890,59.33,4.907,35114.95017,28891.1,24371.5
10.180,76.90,0.086,24704.81013,14866.9,14064.6
22.540,67.52,0.070,39023.04636,22015.4,20842.3
24.930,88.40,4.921,35033.07436,25139.2,28769.9
34.550,22.38,4.917,40683.58804,27144.3,29083.2
25.520,63.59,4.903,25520.44395,19159.5,16756.4
27.010,74.00,4.906,40422.28635,31290,27391.6
29.250,62.15,4.902,40965.68257,28636.5,27806.9
22.820,71.40,0.068,34761.66302,21891.3,12803.9
15.120,68.88,0.079,21913.30798,16444.3,9605.76
14.110,54.47,4.919,43573.78723,24654.9,25397.4
17.330,84.60,4.918,26952.21239,15983,13002.7
12.300,75.40,0.072,22393.84615,17810.3,9571.08
23.130,50.19,4.915,29412.35880,20305.1,21624.1
9.800,62.42,4.919,22808.13559,14418.2,11398.4
24.620,84.90,4.917,29654.75083,19481,22690.5
23.670,71.00,4.908,27141.52824,17931.6,20726.4
21.020,65.05,0.271,31310.44248,18411.6,15385.5
22.940,68.43,0.089,36803.50109,23874.3,13521.7
11.850,67.60,4.923,39224.61538,32887.2,16638.1
20.080,55.99,4.922,35592.39344,22896.6,18510.1
23.910,85.70,4.909,29437.87375,18470.9,22853.2
24.320,84.50,4.913,35791.09635,23939.2,28872.3
23.250,63.93,0.071,37052.18543,20960.1,18485.2
16.020,77.30,0.068,24418.46154,18531.8,11566.3
23.060,78.10,0.271,44410.61947,25413.3,22457.5
27.460,37.70,4.922,34295.60656,22372.8,17612.3
22.030,41.11,0.086,35874.44564,21119.8,19438.5
14.690,56.19,0.082,34657.21519,21071.1,16643.9
15.420,59.58,0.074,33211.91489,21011,16037.4
16.410,40.49,0.083,30673.22034,17591.5,16000.6
8.490,89.40,0.079,21335.36122,16031.9,9974.55
11.490,44.71,0.087,41107.11864,24302.7,24429.3
12.150,59.30,0.087,27084.25532,16690.2,12576.8
17.640,63.57,4.917,42783.31915,25404.9,25089.7
21.430,80.30,4.917,28800.00000,18330.4,22600.2
20.280,55.32,4.922,26652.74336,13995.8,14667.7
18.090,73.40,0.074,20763.07692,16047.5,7714.7
30.760,34.48,0.074,43158.44617,29438.6,27493.9
15.530,50.67,4.925,29443.40426,16452.4,15694.8
13.340,83.60,0.079,21788.35443,14203,14382.7
24.370,74.00,4.908,31312.40844,21581,24580.8
12.280,70.70,0.080,23846.02799,13468.8,15505.5
13.390,69.94,4.917,29184.40678,18335.6,13407.2
24.500,81.80,4.917,29220.99668,20305.1,19418.9
12.870,53.92,0.082,29820.75949,19440.7,17239.5
23.750,49.72,0.071,29826.09836,18393.8,16562.9
22.350,49.52,0.082,33452.06557,20619.2,16959.4
13.850,76.80,0.078,34529.23077,28268.2,15198.1
17.300,79.60,0.078,29713.78556,18653.5,10084.4
21.720,72.80,4.912,38127.23640,25154.4,27313.4
16.900,71.80,4.912,41395.44304,25243.8,25052.5
13.240,66.39,0.079,42266.44068,27107.6,26015.5
16.360,80.60,0.087,26814.87965,15602.5,13101.5
21.970,57.82,0.072,32230.81967,19133.1,16936
21.390,67.07,4.918,32631.59737,18582.6,13585.9
20.040,79.70,0.069,24558.77462,18832.8,11047.3
20.010,81.10,4.915,22900.13245,11634.5,13321.8
21.240,83.20,0.070,25786.49007,15953,11614.5
28.360,60.92,4.902,35960.04440,27336.4,23479.4
11.800,77.30,0.080,25346.48009,16573.9,12532.4
26.990,47.88,0.286,36573.45133,23482.3,15303.1
21.120,72.30,4.920,35076.76149,22436.5,13883.5
21.390,59.31,0.076,45790.42623,26842.1,26065.7
14.770,84.50,0.074,39879.78471,22098.6,26449.5
16.530,85.30,0.069,40239.39720,21325.1,26292.4
34.080,32.61,4.911,41538.33887,27884.8,28149.3
32.540,38.59,4.921,37832.29236,25598.7,30541.3
13.530,50.30,0.076,37682.12928,32664,16578.2
14.650,67.51,0.083,34043.54430,21589.1,17308.9
20.560,63.39,4.919,29253.74179,16700.4,13515.9
27.620,58.46,4.910,44727.70764,29498.7,38223.3
21.610,75.30,4.913,27302.65487,15945.5,14920.7
14.290,88.70,0.069,31658.29925,17171.5,18391.3
23.000,32.27,0.089,33704.37029,20188.6,18042.2
23.590,65.69,4.904,33820.06645,23426.6,27860.1
33.580,30.45,4.910,40996.14618,34006.3,29896.6
23.510,82.90,0.275,45563.89381,27284.4,22857.6
27.660,68.50,4.911,37857.80731,25040.5,30041.2
14.870,72.40,0.072,20433.41772,12481.5,13729.2
23.140,72.50,0.071,34292.98013,21585,16411.6
21.410,82.00,4.921,46819.11504,27808.3,20833.7
17.240,79.40,0.070,26603.01639,13107.1,14901.4
12.290,57.82,4.923,30769.23077,22819.8,11329.2
28.900,31.36,0.066,35466.49180,22149.8,17384.9
15.420,78.40,0.083,40863.87833,34011.7,15725.3
14.320,78.90,0.084,32924.71483,27350.7,13725.8
20.130,87.20,0.077,24336.95364,16345.9,11407.8
19.790,84.60,4.918,36033.04918,22855.7,21745.7
20.650,81.80,4.920,27962.75410,17899.7,12598.5
13.120,67.91,0.082,24272.54237,12554.4,10929.5
20.690,82.20,0.074,32845.86433,19359.3,14980.7
10.300,89.30,0.087,23824.34043,14502.4,14237.4
9.320,76.10,0.088,22086.07595,13831,14440.5
19.280,56.10,0.082,22381.53846,17981.4,10282.4
21.010,83.40,0.068,36721.57549,23579.3,12821.4
19.960,59.95,4.928,26354.83589,15266.4,11549.2
20.480,70.50,4.919,35378.36066,21377.1,19833.5
11.180,75.50,4.915,25646.58228,15264.4,17048.7
18.930,66.09,0.079,21387.01987,10369.6,11242.3
16.810,55.64,0.084,22978.46154,17996.3,10294
21.800,59.73,0.201,31756.46018,18187.1,14085.2
22.730,77.20,0.227,27270.79646,16484.4,14579.4
13.590,61.18,4.919,39149.61702,22803.7,23614.8
27.280,78.00,4.906,30781.79800,21402.3,21800.1
20.590,67.90,4.919,43322.75410,26403.7,24719
14.250,78.90,0.082,24753.41772,14994.5,14533
22.480,48.92,4.925,48681.90899,31833.6,33603
22.680,69.59,0.102,34225.99562,21768,13078.2
30.960,43.73,4.921,35176.68874,20020.8,22579.2
22.430,75.90,4.914,28939.86755,15567.6,15123.7
11.070,49.73,0.078,25758.17490,21650.8,8355.34
15.780,84.90,0.083,24756.92308,20573.6,12173.5
16.120,59.71,0.085,33265.39924,27181.3,10481.6
20.610,73.70,4.919,34509.58425,22720.3,10656.3
14.530,80.70,0.081,37584.79087,31430.5,15535.2
16.360,54.14,0.078,32711.78707,26879.4,11490
23.130,67.97,4.920,35461.18162,23026.6,12944
15.630,58.81,4.920,39360.00000,22953.2,24618.8
24.380,59.42,0.329,33062.65487,19785,18450.8
15.620,84.20,0.082,27932.30769,22113.2,10797.1
21.230,59.98,0.083,43486.09272,26161.7,28102.9
14.460,77.30,4.913,25209.19149,12611,12129.7
28.940,33.17,0.087,36524.06557,21923.2,18638.4
22.190,46.75,4.924,24384.42478,13816.2,12261.3
12.010,53.30,0.077,21791.63498,18447.4,10037.9
19.240,53.19,4.905,25494.87236,16852,17851.8
25.360,37.31,4.917,31900.06645,21820.3,26353.8
13.700,69.34,0.077,21392.54237,13269.3,13899.3
14.070,65.65,4.919,26962.73764,22586.1,11686
21.350,55.79,4.919,31208.49558,16787.5,13508.6
12.370,82.80,0.082,25310.76923,17457,12144.6
15.810,69.49,0.083,38333.07985,31423.1,15356.5
13.940,85.80,4.915,33830.80851,20184.1,20456.1
19.660,56.72,0.079,22498.62295,13768.4,12009.7
18.190,86.80,4.914,26569.10284,17693.8,8625.41
25.950,37.50,0.071,37662.51656,20877.8,18302
11.800,75.80,0.083,25782.50951,19710.3,8718.37
16.450,81.80,0.067,27245.11475,16785.1,16172.3
17.410,71.10,4.915,29255.38462,21964.5,10577.3
9.160,76.80,0.083,26114.43038,15953.8,11641.4
22.020,76.30,4.916,25098.05310,15470.3,11449.4
20.870,63.39,4.922,37339.16849,21241.5,16731.4
14.200,75.00,0.075,36256.27119,23566,17528.9
17.990,68.45,0.083,38692.45033,23684.4,24859.6
18.020,71.00,0.087,25686.82713,20401.2,13107.4
21.770,72.70,4.910,38977.49168,25926.1,28053.7
15.640,86.80,0.074,24087.83638,13443.2,15761.5
14.110,78.60,0.072,34262.38967,20181.3,18152.7
27.250,41.75,4.920,35101.96937,21536.5,13031.5
25.010,90.90,4.923,33569.10100,21352.9,24550.7
25.240,24.19,4.923,32205.63934,20221.7,16119.8
23.400,57.85,4.911,30031.09635,20111.4,25401.8
21.440,59.97,0.073,31323.07692,25843.4,11022.7
30.870,31.73,0.072,35806.42623,21737.5,18766.6
13.950,75.90,0.087,42756.45570,26914.3,25075.7
20.610,75.50,4.917,21498.05310,11421.2,8990.07
25.750,83.90,4.924,38734.56160,24348.5,19663.4
19.410,49.88,0.082,45425.31148,27039,26059.9
34.820,33.05,4.908,40020.19934,28321.5,32505.4
26.900,50.10,0.080,36797.88079,21053.6,17262.3
14.090,59.70,0.082,29461.78723,16251.2,15497.4
25.540,79.00,4.925,47991.47614,29518.5,28788
20.790,72.00,4.914,32078.67110,21132.9,24510.1
27.410,49.50,0.067,35051.01639,21670.6,18224.5
20.020,68.00,0.108,25730.94092,16285.9,11706.7
30.030,44.38,4.904,42193.11876,29012.9,27072.6
26.950,42.50,4.923,33376.52459,21629.7,17728.9
20.620,82.10,4.918,23103.57616,14811.6,16943.3
17.610,84.40,4.919,30942.66958,23698.8,10061
23.430,43.65,4.917,37912.64770,22537.3,16824.8
17.970,83.10,0.066,31236.19672,19441.5,18166.2
23.040,82.20,4.917,45105.13274,27063.6,20145.3
28.550,47.05,4.907,39124.52830,26948.7,26904.1
30.600,32.52,4.917,35822.99003,25245.6,34493.7
25.370,85.50,4.922,41918.22420,28286.8,32272.9
9.810,85.70,0.080,22594.67681,17998.2,10061
21.270,69.45,0.071,29058.46154,21644.6,11080.5
19.780,60.18,0.072,43788.59016,25058.8,25657.7
20.870,79.20,4.914,34763.89381,19968.4,16032.7
19.890,86.00,0.067,28215.09934,15545.1,17622.6
19.790,56.48,4.921,35476.92308,26635.5,10872.3
10.630,45.81,0.084,22021.01695,13258.4,14038.2
13.190,79.10,0.080,32369.23077,26561.2,14076.1
22.480,78.80,0.068,34928.74172,22595.4,18319.8
24.220,36.38,4.920,36954.74836,22529.9,13971.1
19.600,89.50,0.069,29562.91391,18449.1,17085
12.540,87.80,4.922,24504.61538,18442.6,12196.6
30.090,46.19,4.906,39290.74362,29115.5,26404.5
13.340,59.47,0.086,41626.32911,24886.3,26024.1
22.420,47.95,0.081,34194.88525,20322,17087.6
19.120,79.10,0.108,27955.53611,18728.2,9261.52
25.100,67.85,4.930,31165.03311,17741.8,21297.2
14.610,67.79,0.085,34152.91139,20731.9,16030.8
18.450,85.30,4.915,25835.01639,15689.2,15257
12.230,88.00,0.077,38818.98305,25772.6,25957.6
15.940,61.15,0.081,37128.51711,29773.6,16370.7
29.070,27.48,4.923,39493.50993,24024.9,22549.7
19.660,43.48,0.084,37684.90850,20364.6,23831.3
12.200,64.87,0.089,39773.16456,25345.9,24676.6
17.440,54.44,0.082,34675.93220,20655.3,16718.5
14.030,88.30,0.084,21905.36060,11305.9,12596.4
19.200,59.71,0.087,34204.59574,19928,17779.4
28.350,42.86,4.920,44810.63123,29081,36759.2
24.790,36.80,0.073,34138.38536,21292.1,18833.5
10.670,84.10,0.086,28456.85106,16624.4,13116.8
13.600,76.40,0.074,31948.47458,19418.8,20174.5
20.910,85.10,0.077,34849.89059,24176.8,12891.4
19.440,62.36,4.921,31292.30769,26386.4,10583.1
7.440,67.45,4.917,32870.88608,20629.8,14943.6
11.520,52.92,4.923,23945.31646,15738.6,13787
13.030,77.60,0.087,32042.58555,26120.9,10095.6
25.820,58.93,4.906,48963.19645,33175.5,35462.8
21.680,91.80,4.921,36484.24779,22973.4,14079.3
16.280,86.10,0.085,29096.19256,15759.3,10452
12.680,65.14,0.084,36449.62025,15238.9,17441.9
12.960,62.87,0.084,24357.96610,14392.7,14298.7
15.470,85.10,0.071,24738.46154,18777.3,11722.4
23.060,53.88,4.904,29656.64817,20569.8,22323.8
16.400,79.10,0.086,31149.88159,17879,20462.5
14.960,71.80,4.914,24078.58407,12401.7,12396.6
24.480,42.61,4.916,35037.95745,19503.7,15532.3
14.850,80.40,0.070,38867.69231,32939.3,16059.8
19.860,77.40,4.917,39147.83370,30260.2,17315
24.780,55.37,4.922,45412.72131,27351.1,26794.5
20.120,72.70,0.289,29347.96460,17947.6,11861.2
13.670,87.00,0.070,32321.72228,19627.7,17652.4
14.900,85.40,0.074,24012.15190,14535,15325.3
22.130,68.74,4.923,35642.75410,21763.5,18504.3
18.990,71.80,4.922,47049.44262,28978.3,26194
24.110,65.76,4.932,38561.41593,23676.9,13944
17.160,89.70,4.998,25428.44639,17940.2,7925.11
20.090,75.40,4.915,26130.26549,14310.2,11731.8
24.360,47.54,0.079,32347.54967,19085.2,18875.1
21.510,73.40,4.921,31219.95624,17940.2,12360.4
25.810,58.35,4.912,38325.41620,24873.1,22311.7
25.740,62.94,4.921,32493.77483,22045.3,21114.1
20.070,89.70,0.066,29026.87090,20700,10125.2
27.850,41.71,4.910,38299.84462,26081.9,28571.3
16.240,76.80,0.082,25098.47147,14436.7,16477.1
24.790,73.40,0.350,34273.27434,23022,15120.7
14.620,88.90,0.071,28948.80517,13718.1,15959.3
22.330,68.92,4.919,36579.82301,25566.7,11131.7
22.620,69.67,0.074,36963.17881,22868.6,20233.8
14.050,89.70,0.082,25482.88482,14993.9,12264.7
24.890,56.21,0.073,37001.32450,22696.5,19903
21.830,68.38,0.079,39976.68874,21323.1,24280.6
24.730,86.70,4.912,40569.32297,25583.9,23834.5
18.940,92.50,0.066,25573.39168,16401.7,11549.2
17.370,59.17,0.083,33738.89362,20301.2,16867.7
19.460,30.47,0.086,39963.49810,33650.8,15454.5
11.240,87.50,0.066,25638.12766,14572,15480
22.530,76.60,4.923,29988.87417,19792.5,22998.6
28.580,40.09,4.905,42169.83389,30011.4,27094.9
23.630,54.26,4.923,29539.93355,19538,23389.5
26.030,45.35,0.308,39650.97345,25372.1,15067.8
14.330,86.60,0.072,24242.84177,13912.4,15470.5
25.060,93.10,4.911,24606.25971,16308.3,16509.6
8.050,84.70,0.085,27991.89873,17405.5,12682.4
13.270,86.50,0.084,23824.34043,14469.5,14249
20.140,59.41,0.075,29996.64155,15785.7,18885.8
20.060,88.10,4.915,42865.99562,27661,17828.6
21.070,65.20,4.917,37307.65864,24815.4,16626.4
13.430,90.50,0.066,25017.86868,12585.3,16599.3
20.290,69.42,0.277,27213.45133,16465.7,10537.4
17.230,88.00,4.913,24827.80328,14875.5,15204.5
9.680,82.00,0.074,36257.36170,21764.6,21019.4
15.000,70.60,0.072,35981.61702,19862.2,19010.3
19.770,90.00,0.072,35228.00875,24475.5,12512.1
26.500,75.00,4.918,35058.64595,21828.1,21108
23.630,47.25,4.910,29527.17608,20221.5,20834.8
20.450,78.70,4.922,24206.01770,13187.5,10572.7
17.260,74.60,0.068,28904.61538,25493.8,12318.1
25.470,49.58,0.314,31061.94690,18654.9,16338.6
12.490,54.15,0.086,32953.84615,27606.2,14330.6
16.600,73.40,0.072,33010.63291,20618.8,16100.2
21.000,43.18,0.085,33419.16039,20888.8,18176
16.060,68.29,0.075,24882.12928,20019.6,7272.03
10.450,86.00,0.085,22255.65957,13335.4,13592.9
22.850,76.50,4.917,39313.27434,23647,15591.4
27.480,77.50,4.904,48004.26193,32772.5,38219.4
21.650,63.64,0.074,32190.76923,26750.8,13069.9
17.240,52.65,0.076,30030.76923,25036.4,13370.6
21.610,68.39,0.082,22486.03279,12620.4,11444.2
30.730,57.49,4.903,38833.75415,26719,32704.3
8.730,89.80,0.080,24480.00000,22131.8,9698.31
13.960,75.30,0.072,34858.98305,19717.9,17141.1
14.980,75.50,0.076,35626.21277,24358.5,21617.4
5.641,77.70,0.080,25998.98734,16993.3,17945.1
24.130,85.70,4.913,28736.21262,18436.7,21244.5
20.190,86.30,0.072,24095.36424,15833.3,11732.7
13.240,81.50,0.082,20763.49810,15332.3,9767.11
13.280,68.71,0.076,31018.21277,17473.2,16554.2
14.750,64.49,0.075,35105.36170,20674.4,15718.1
26.940,36.25,0.273,36866.54867,23306.4,14720.7
25.350,53.28,0.070,35386.49007,22269.9,18751
21.920,79.10,4.918,27646.72566,15455.3,11567.1
21.700,54.58,4.917,34310.67703,23652.8,24821.6
18.150,87.30,0.070,36901.77049,21900.9,21745.7
20.000,81.60,0.068,22226.22517,11769.2,12134.4
19.650,83.50,4.912,28800.00000,19377.1,8284.04
14.450,52.50,0.084,28073.89831,15133.1,18507.3
21.160,67.57,4.921,35013.24590,22748,17396.6
14.140,42.42,0.077,31184.79087,26327.1,9605.76
21.020,58.89,4.921,26557.16814,15829.5,14655.9
21.520,83.00,0.068,45037.35099,27808.3,28392.4
20.820,72.00,4.921,31517.34219,20901.3,24082.3
29.990,26.12,4.921,38527.15232,23313.9,21368.1
24.370,87.20,4.916,35350.96346,23119,27817.9
19.870,58.95,4.921,31778.04255,18391.5,17251
20.740,75.00,0.074,35033.84615,28617.8,16852
9.160,60.00,0.083,21733.67089,13798.2,13868
16.870,56.98,0.087,31355.13308,25605.4,9772.87
14.510,54.17,4.797,40123.91489,23330.5,24631
18.520,61.28,4.925,32036.92308,25743,9808.19
28.240,37.79,4.910,38306.23751,26534.3,26266.1
32.690,26.51,4.921,36229.38053,22906,13508.6
21.540,69.51,4.916,23607.70764,15357,16285.9
10.780,78.20,0.088,33284.05063,21063.8,20645.8
19.050,78.20,4.911,30289.54495,19246.9,17141.6
9.060,60.67,0.088,21885.56962,13918.5,14186
13.780,66.37,0.083,32464.32723,18296.9,21358.5
15.750,86.30,0.083,24230.44133,13410.2,15930.2
13.230,55.51,0.077,28167.30038,24117.8,12227.6
19.380,73.10,4.920,31059.93443,21050.2,14691.5
21.500,67.60,4.921,36599.60656,23290.4,18650
16.900,68.29,4.920,21840.00000,17297.1,9195.18
12.450,66.28,0.083,20937.72152,12696.7,14035.7
12.520,78.90,0.074,33520.91255,28197.6,14284.8
11.290,75.60,4.914,32851.52542,20378.1,15965.9
19.330,64.88,0.081,39113.84615,33017.4,17592.3
22.150,78.00,4.922,30279.86711,19503.8,24239
7.440,81.10,0.076,21363.03797,13375.1,13948.9
10.940,83.10,0.073,24657.70213,14484.1,14823.9
13.070,85.10,0.071,34941.53846,29450.8,14851.1
14.520,56.79,0.083,36443.54430,22417,19020.7
18.940,63.36,0.082,37467.90097,18718.5,24960
20.680,89.60,0.066,25354.17219,15496.5,15690.8
25.230,77.40,4.917,33233.22259,22450.6,21702.4
20.430,82.90,4.916,20979.66777,12508.9,14544.6
12.120,48.83,0.077,21025.09506,17073.9,9421.37
24.290,89.30,4.916,28314.13984,17239.7,16840.6
19.640,85.00,4.918,27162.47788,18011.2,9966.74
31.540,18.07,4.903,37756.44839,26393.7,27457.8
12.340,79.80,0.075,32035.40426,19595.1,19242.6
9.530,76.60,0.075,25446.07595,15745.9,14625.5
20.880,71.10,4.925,34811.80328,21481.1,18346.9
18.630,72.30,0.072,43723.91819,23326.7,27531.6
13.610,64.44,4.917,39185.08475,24083.9,24035.7
19.580,74.50,0.288,32208.84956,20350.1,13038
11.440,65.58,4.915,21990.50847,12981.2,14177.1
13.800,71.10,0.074,40808.13559,24255.3,24701.4
17.300,65.65,4.920,25735.38462,21075.6,11375.4
21.880,72.90,0.067,24298.80795,13468.2,13363.2
20.780,85.30,0.074,28952.58278,18654.9,13351.4
25.040,40.84,0.074,32684.06557,19255.7,18376
10.230,73.10,0.085,29651.71103,25425,13120.8
16.100,55.70,0.082,28529.23077,23362.8,12572.5
13.810,45.68,0.081,31540.25316,19969.6,17841
5.565,86.00,4.913,25831.17871,20133.8,7629.29
25.580,42.11,4.904,29234.71698,20235.3,18724.5
13.250,54.21,0.076,30333.07985,26489.1,13351.3
19.080,63.39,0.082,29259.54098,19378.3,13508
15.250,61.95,0.081,18088.85106,9969.51,9847.74
21.630,88.80,4.912,29551.85841,17595.8,14455.9
16.890,85.70,4.917,26882.12389,18733.5,7695.69
25.600,43.59,0.092,35877.11160,23142.3,13177.4
25.870,75.10,4.919,36977.54153,23908.9,26287.5
8.900,77.80,0.083,24540.75949,16500.9,16279.5
12.750,71.50,0.084,25185.27449,13824.4,16110.5
14.570,57.32,4.927,31796.92308,24274,10317.1
11.940,69.85,0.084,31282.12928,25701.1,9686.43
16.540,56.94,0.081,19783.29114,13272.9,14070.4
11.710,88.90,0.068,38458.98305,24269.9,24145.7
23.880,74.20,4.926,41400.79470,26543.5,31287.1
12.500,44.83,0.073,27631.93916,22766.5,8994.96
32.740,37.52,4.920,38042.79070,25712.7,31366.7
25.570,43.19,0.084,33775.65957,19569.5,17489
20.540,88.70,4.914,25417.74834,14123.1,17475
25.330,82.70,4.912,27511.49502,18732.9,19659.9
11.360,86.00,0.080,21335.36122,16238.1,7969.27
12.010,76.40,0.082,27931.13924,17069.9,13318.6
19.020,86.70,0.070,37594.22951,23687.9,23045.8
17.780,74.30,4.913,32660.42553,16942.7,19010.3
14.740,75.80,4.912,25907.74468,12812.2,15880.6
20.830,72.10,0.067,45033.87309,26342.7,19865.3
6.091,84.90,0.083,19746.83544,13265.7,13665.5
15.390,87.10,0.074,19772.30769,13686,7286.75
21.510,61.03,4.921,35831.60656,20756.7,17950.4
15.560,60.31,0.079,39495.05703,34133.2,16756.8
16.570,64.99,0.074,32538.72982,18168.6,18658.9
34.230,37.35,0.069,37022.19269,26039.2,24443.8
13.230,85.00,0.082,30400.00000,25907.3,12815.4
14.870,85.70,0.076,23453.16456,13816.4,14828
36.650,21.71,4.917,39669.36877,27459.5,28239.7
30.630,34.88,4.919,38993.22259,26962,28077
33.080,28.55,4.918,40587.90698,25401.3,29396.5
28.780,45.52,0.072,38900.77691,26663.6,27072.6
22.390,85.00,4.915,37580.17699,22269.9,17091.7
16.350,85.30,0.082,32726.15385,27502.1,15712.8
19.640,85.40,0.067,33568.21192,20608.3,20629.7
21.170,52.09,0.064,43835.52207,24914.1,27333.8
26.050,56.92,4.906,47636.41196,31135.4,45170.2
17.180,70.30,4.915,34772.65823,21377.5,21351.3
21.660,58.82,4.924,34509.02655,19755.1,18050.7
13.490,82.50,0.074,39154.37262,32995.4,16313.1
14.120,78.40,0.076,34363.91489,21347.6,16664.5
13.280,71.00,0.081,22073.84615,16787.6,10010.6
24.040,84.10,4.915,27568.90365,18057,21557.8
28.110,73.50,4.904,42762.08657,29556.5,34842.9
20.450,51.32,0.084,28793.79978,18113.6,14219.6
10.910,80.40,0.072,28187.23404,16492.7,16780.6
25.840,83.70,4.914,36543.78738,23889.9,32457.2
19.960,61.64,0.073,28942.60495,14773.9,18164.4
15.970,57.81,4.922,37154.43038,22665,23282.9
10.360,90.60,0.077,27640.67797,17000.6,17187.4
12.830,75.40,0.081,21775.15608,12816.3,11386.2
15.850,78.80,4.908,26422.46809,13920.7,14969
25.310,86.80,4.922,38856.02664,23892.3,21631.6
13.920,70.10,0.102,30939.07427,18909.2,15522.9
25.900,39.88,4.914,28315.21595,18410.1,22063.9
24.690,63.09,4.925,34717.54923,21532.8,13200.7
20.200,52.85,0.079,31114.17219,17483.6,14851.9
29.350,63.01,4.909,40613.42193,28758.2,29697.7
16.220,57.94,0.081,22304.81013,15735,16383.6
22.490,69.39,4.920,27022.77469,15943.4,15077.1
19.850,76.70,0.339,24824.07080,13531.8,12702.6
26.480,82.30,4.904,47313.82908,32035.1,37190.2
16.280,67.11,0.079,34836.92308,28476.4,16614.9
29.040,55.92,0.064,41372.49169,28283.5,32077.7
19.620,86.00,0.076,34267.54967,22288.6,22449.2
21.870,70.10,4.920,34471.86885,22075.5,18650
24.540,43.58,4.920,35074.72340,19379.3,15509
27.300,79.50,4.916,32678.27243,20020.3,25618.7
15.180,77.20,0.072,43947.57447,25906.1,25827.1
11.880,82.10,0.078,26478.98734,17241.3,12428
14.020,71.20,0.081,44793.19149,26689,25484.5
22.630,73.20,0.066,34522.18818,22402.9,13025.7
22.710,65.76,4.922,35439.29204,24833.3,11219.9
19.090,79.70,0.101,28428.18381,19124.1,9127.29
12.060,82.20,4.921,21111.86441,13382.4,10917.9
14.990,86.60,0.081,22516.92308,17821.5,10617.8
18.460,80.30,0.083,27842.10066,16274.7,12640.5
7.560,79.60,0.081,25253.23194,21017.5,11484.3
15.000,75.70,0.083,31187.69231,26386.4,8264.1
13.470,83.50,0.074,35847.45763,23358.1,17864.7
24.360,91.00,4.916,24452.83019,14643.3,12296.4
11.980,65.51,0.086,24400.67797,14808.5,11294.2
20.910,75.50,0.067,44630.46358,27224.5,27139.9
15.600,59.95,0.081,23235.25424,14071.7,14327.6
22.680,60.44,0.080,39621.24590,24334.4,23302.3
22.420,50.07,0.084,31003.07692,25783.9,11254
10.150,80.80,0.080,24534.68354,16034,14342.2
10.940,78.10,0.074,23629.36709,15720.4,15643.4
14.360,59.95,0.079,27427.11864,17401.8,12272.6
15.230,74.50,0.073,33126.12766,20586.6,16403.2
19.720,67.28,0.081,31135.47541,18951.1,18865.7
19.350,74.50,0.073,38812.30769,31920.2,18344.1
14.540,64.50,0.083,31714.06844,25730.6,10723.6
27.630,55.14,0.069,34865.16556,18842,22845
22.300,90.40,4.916,28934.25083,16928,17562.9
14.900,67.42,0.082,43590.50847,25721.6,25251.4
16.470,67.58,0.076,31440.30418,25513.3,11294.1
14.340,57.50,0.083,35744.81013,22121.6,16788.4
16.030,71.10,0.075,29627.37643,24942.6,12458.1
21.810,87.40,4.915,32986.19469,20178,15497.3
21.490,51.45,4.905,45082.70810,30860.4,34674.4
15.280,64.22,4.915,34400.68085,20217.1,17100
28.750,34.55,4.903,38414.91676,25485.1,27313.4
26.390,82.60,4.905,46418.82353,31164.5,36209.2
22.100,73.40,4.923,32902.58206,21342.3,12313.7
17.320,54.52,0.078,24356.92308,19580.6,11138.3
22.660,67.07,0.067,28541.90164,16305.9,15175.4
13.990,49.72,0.082,37506.83544,23923.4,19257.8
11.450,84.40,0.079,23138.04255,13840.2,13877.4
21.060,81.70,4.911,27355.20533,19543.4,20831.1
17.030,45.73,0.085,29542.20532,25089.9,9467.47
12.570,74.90,4.915,42901.01695,25615.8,25743.4
17.290,86.50,0.067,40418.04255,22953.7,24120
15.750,89.30,4.913,24966.29508,15165.3,14324.2
17.810,50.22,0.089,45199.56943,24210.2,28125.1
17.970,92.40,0.075,30047.78993,19475.1,14397.1
26.940,50.65,0.261,34209.55752,21757.2,12337.8
25.720,59.83,4.904,48899.26748,32947.4,34951.2
28.400,63.33,4.908,35165.98007,22522.8,26805.7
15.840,71.20,0.081,24613.77049,14990.7,14796.4
17.300,61.45,0.083,28331.55894,23226.8,9726.77
22.370,54.65,0.269,47258.76106,28257.4,21622.1
16.690,82.90,0.075,32135.71582,17494.1,18664.7
23.990,85.50,4.917,23869.23588,15501.3,18075.3
19.330,53.69,0.082,23014.81967,18278.6,12522.8
24.060,85.90,4.914,40900.46512,26905.1,34819.1
21.130,42.20,0.079,24336.78689,14816.1,14236.8
39.410,13.34,0.071,38342.59136,27220.3,30143.6
21.540,61.46,4.908,30994.28571,22598.7,25082.5
15.320,69.31,0.073,24852.98361,14983.3,14948
14.200,91.40,0.070,29959.44026,17761.7,15604.4
17.880,82.80,0.072,25710.76923,22775.2,13220.2
15.950,72.80,0.073,38862.35741,33105.9,15448.7
15.050,78.20,4.910,23922.38298,11820.7,14916.8
13.930,71.40,0.073,30606.10169,19148.9,18501.5
17.140,67.00,0.081,24629.40397,14317.7,12683.8
19.060,63.04,4.920,33224.17021,19737.8,16275.5
22.020,49.45,4.915,43200.00000,25891.5,24543.9
18.900,86.40,4.921,32448.84026,21887.6,10230.3
16.970,89.20,4.952,28276.93654,19254.8,8549.54
28.000,70.20,4.917,37022.19269,22716.5,31077.5
20.840,81.70,0.080,30772.51641,25341.9,12342.9
18.310,54.89,0.083,32997.54575,20437.9,16482.9
14.600,57.18,0.081,22789.83051,11989.1,14455
14.360,88.20,4.910,22188.25532,12515.9,13836.8
23.120,89.40,4.913,30114.01993,19724.1,23570.2
14.380,79.40,0.084,39033.19149,20202.4,22372.3
26.610,72.50,4.922,29648.37209,30451.9,26462.3
12.960,56.94,0.081,24406.77966,14819.5,14947.1
16.250,85.00,0.072,34287.19053,20379.2,18728.7
23.040,85.30,0.076,38776.01751,22343.2,12430.4
20.680,55.49,4.917,34408.75274,21103.3,12424.6
9.090,91.70,0.080,22783.26996,18609.4,9173.59
10.950,70.50,0.077,43673.92405,27381.2,25636.6
16.270,84.00,0.066,41727.44887,22534.8,26955.6
20.880,73.90,4.914,26079.29204,15290.6,13573.4
27.300,56.02,4.909,31504.58472,21106.3,26221.3
16.160,58.19,0.079,28696.27119,22672.3,15769.1
11.240,61.50,0.087,39511.89873,24671.1,23919
23.740,58.37,0.081,45545.96026,25622.9,27659.8
8.290,80.60,0.081,22572.15190,13386,14284.3
11.490,73.10,0.077,39141.26582,24900.9,25607.7
14.420,68.86,0.084,43509.87342,26604.3,25596.1
18.110,42.47,0.089,35380.25316,22103.3,16557.1
14.240,48.45,0.081,36765.56962,22862,18529.2
24.240,58.43,4.920,35509.38053,24968,11314.1
23.870,85.90,4.918,29425.11628,19549.4,23148.5
12.450,64.84,0.086,42829.36709,26509.4,25613.5
17.640,77.40,0.074,33468.76211,20958.5,18123.6
11.480,78.50,0.081,23796.61017,14498.5,13349.3
13.950,71.70,0.076,28519.32203,18857.1,17870.5
11.960,63.15,0.085,21347.52852,17081.3,8816.33
15.090,77.20,0.072,39682.02532,24926.4,24156.1
18.380,91.30,0.093,44378.46827,28415.4,19299.2
27.300,45.08,4.909,34591.89369,23916.5,23540.1
20.130,78.80,4.918,31598.07440,20599.2,14146.1
15.520,60.45,0.084,33016.27119,20502.1,15346.5
21.330,76.30,4.914,40944.42478,23366.3,19027.4
14.110,79.40,0.082,32042.58555,26595.9,13535.7
21.770,54.89,0.089,31683.10011,16500.6,18635.6
23.940,76.60,4.916,36993.98230,22872.3,13685.1
20.170,74.50,0.068,31953.83607,22012.4,15939.1
9.370,86.40,0.084,24425.85551,19489.4,10602.6
15.280,90.30,0.072,35638.83746,20632.2,18507.6
16.840,62.55,0.084,28739.16350,22792.3,9507.8
16.070,73.10,0.076,36398.47909,30215.4,14780.3
33.110,40.68,4.906,41106.32630,28993.9,27620.3
19.990,75.30,4.919,38903.60656,24115.2,22241.3
18.330,84.20,0.172,30596.06127,18993.4,13486.7
28.970,41.41,4.907,42327.36959,28564.3,27343.4
21.930,65.56,4.912,29490.43285,19478.8,20746.8
24.040,62.12,4.902,49468.23529,32236.5,35204
21.540,79.80,4.922,43626.90265,24979.2,19121.6
12.130,71.40,0.084,44943.79747,27330.1,26469.4
19.810,85.00,4.914,27570.26549,18733.5,9966.74
28.450,70.90,4.917,35771.96013,22025.3,28914.5
19.610,66.48,0.072,38824.61538,32455.8,20327.7
13.890,55.69,0.086,33818.73418,14961.7,16828.9
13.080,78.10,0.084,38424.33460,31032.8,16180.6
19.270,77.70,0.284,35980.88496,22015.4,14144.1
25.010,84.00,4.918,27887.84053,21953.2,27516.7
15.310,69.15,0.073,24714.49180,14660.1,15023.8
19.590,79.10,0.082,31462.81967,18497.8,18067
23.060,68.72,0.067,39824.10596,30109.8,26637.8
3.582,79.20,0.087,25470.37975,15446.8,14989.9
16.480,73.20,0.071,32986.32911,20564.1,15429.4
16.870,48.45,4.918,31916.96203,17675.4,16788.4
15.860,81.70,0.070,27814.16577,14729.9,17349.8
22.110,52.69,0.090,33570.59081,21656,10988.9
16.410,83.20,0.076,26202.10980,14301,17629.1
16.430,63.40,0.077,19514.75410,11439,10319
24.300,84.30,4.909,31190.94340,22698.6,23028
8.030,88.80,0.085,21241.51899,13823.7,13948.9
22.970,56.19,4.906,29992.82392,20229.1,21997.7
13.260,58.04,0.082,22466.44068,13568.4,13777.7
11.620,79.40,0.087,19827.69231,15326,10912.8
18.340,60.80,4.919,43046.80851,25690.2,25049
17.410,69.56,0.079,21627.37643,16193.9,9415.61
20.200,53.96,4.905,25993.51831,17106.7,17707.3
25.160,87.70,4.911,35595.64928,25492.7,23948.8
13.730,81.30,0.077,23337.61033,13820.8,15127.3
14.240,89.50,0.067,23356.21098,11848.5,15674.2
31.850,16.01,4.903,38044.12875,26279.6,27632.4
32.690,26.51,4.921,36592.56637,23504.8,13243.9
17.380,67.22,4.923,28449.23077,23255,12508.9
19.860,62.65,4.926,26178.91232,16772.1,14968.8
17.960,76.20,4.919,35995.27869,23119.5,17338.3
15.520,44.21,0.091,31823.57414,25936.8,10037.9
15.910,72.80,0.081,44780.93617,22196.3,25670.3
20.360,87.20,0.072,27108.87417,17652,12695.6
15.450,49.35,4.920,32566.15385,24664.5,12057.8
11.950,64.83,4.919,21655.38462,17724.8,10588.9
17.060,77.40,0.079,42955.09150,22512.8,28189.1
16.430,56.76,0.082,32967.45763,21592.7,16730.1
20.840,75.70,0.071,25833.69589,16905.2,16028.1
23.090,82.60,4.919,46882.83186,27980.5,20257.1
20.880,60.23,0.076,37694.95082,22127.6,22870.9
14.070,59.23,0.082,45180.75949,29416.4,27527.7
22.560,66.29,4.913,36011.18757,25614.4,28469
14.500,88.40,0.071,23176.40474,13608.1,11607.3
16.320,54.79,0.088,30692.01521,26953.1,8966.15
17.550,77.90,0.076,33543.16469,20093.3,18525.1
12.130,78.10,0.077,22673.76426,18329.5,10233.9
13.280,66.66,0.084,22924.06780,13707,14385.5
26.440,71.40,4.921,36855.04994,23325.9,22745.1
15.200,30.85,0.088,32646.07595,20465.7,18448.2
12.230,81.30,0.084,22745.87234,13295.1,15503.2
11.760,65.94,0.090,24510.50847,15038.3,10848.5
10.510,85.70,0.071,23259.66102,12744.1,13997.7
10.640,87.60,0.080,24179.74468,13990.2,14527.7
25.750,56.71,0.071,36174.83444,20204.2,17634.5
25.850,86.20,4.922,37845.94895,23443.7,17912
10.830,51.79,0.086,30862.37288,18995.7,14414.5
19.560,46.06,0.088,39766.15385,33433.9,17609.6
29.150,45.39,4.904,42820.46512,30911.4,29535.1
25.620,41.18,4.907,30286.24585,19978.5,20967.4
15.290,68.96,0.083,43420.59574,26282.9,25263.9
11.610,73.70,4.920,22807.14894,12358.5,14429
34.370,24.17,4.903,38926.34850,27864.8,26031.3
15.640,84.90,0.076,33772.57266,21130.8,18356.4
17.320,71.00,4.917,33344.81013,19914.9,16175.4
21.020,46.56,4.920,34952.17021,20206.1,18098.7
22.680,71.00,0.067,34578.90591,19568.5,13212.4
26.920,70.80,4.903,29707.79134,22082.8,20945.5
23.270,88.50,4.920,28358.89012,16760.7,16130.4
14.010,71.00,0.081,32237.26236,26861,9721.01
21.530,57.03,4.920,34352.03501,19396.7,13726
17.950,77.90,0.080,43327.10441,23568.6,28544
13.800,72.10,0.073,22869.15254,13433.4,15004.9
25.360,49.42,4.904,50555.02775,34692.3,40590.8
21.090,79.20,4.911,26620.88496,15410.4,12837.9
24.190,66.74,4.923,33263.04636,17240.3,19719.9
21.490,79.90,4.919,43397.08609,23845.3,29225.4
16.140,78.00,0.076,21809.88593,16746.2,9496.28
9.120,68.98,0.081,23138.04255,13273.2,14318.7
18.990,89.60,0.336,24766.72566,15994.2,10555.1
24.550,87.50,4.915,38050.52164,23732.6,22895.5
25.350,85.20,4.916,32958.93688,22211.4,29324.2
12.490,87.20,4.926,20990.76923,15274,11196.1
23.880,86.50,4.916,28583.12292,19021.5,22371.2
21.700,67.27,0.083,40975.40481,33628.6,19573.5
11.890,51.55,0.080,28241.01266,18459.6,12977.3
31.300,36.15,4.920,45977.94020,28902.5,35518
21.110,70.50,0.080,41422.84464,24815.4,17799.4
35.610,19.04,4.908,37475.16093,26971.5,26849.9
9.780,87.60,0.084,22427.23404,13269.5,13825.2
18.500,84.10,0.070,24880.00000,19108.3,9374.46
18.910,78.20,4.908,28569.85572,18235.7,16311
28.790,72.90,4.903,43842.48613,30955.4,30088
28.390,34.21,4.918,35980.88496,21689.8,13691
18.410,45.21,0.084,43401.50700,25540.9,26304
11.350,71.10,0.086,28751.18644,18838.9,12967.2
19.030,48.25,4.920,43587.14754,26299.7,24923.1
19.490,65.52,0.077,38997.61589,21820.8,24788.7
12.620,53.14,0.079,43436.96203,26637.1,25168.2
21.360,59.72,0.271,30290.97345,18217,15097.2
16.800,64.13,4.915,26203.58862,15886.3,11689.2
16.300,51.30,0.089,32316.34981,25973.6,10205
6.742,89.80,0.073,22856.94915,13980.5,14310.3
21.920,76.80,4.924,42059.46903,26333.9,19862.9
13.420,59.68,0.077,39130.03802,33293.6,16272.7
28.130,30.74,4.903,30577.22531,22234.8,24791.5
13.240,70.80,4.913,36526.23574,30384.8,15610.1
21.020,53.87,0.076,31174.68245,16372.3,19077.8
32.670,37.32,4.921,37921.59468,25481,31161.8
21.740,78.30,0.077,45024.63576,24990.4,27139.9
19.050,89.00,0.268,26071.24726,15957.3,11846.8
27.920,75.70,4.915,33864.71761,21129.1,27034.6
27.000,49.75,4.932,44894.86726,26678.2,20062.9
18.580,87.90,4.916,32558.16393,20340.6,19711.1
18.010,58.30,4.921,33542.80851,19017.1,14411.6
16.260,72.70,0.073,34400.68085,22404.9,16107.1
21.780,76.80,0.067,28176.95364,18048.6,14367.5
26.780,53.52,4.917,34617.40864,23965.8,25450
19.740,75.40,4.916,20303.52159,13439.2,13658.9
20.960,66.50,0.076,36174.83444,23291.5,18638.8
21.010,63.04,0.070,28824.61538,20938,17812
27.880,32.22,4.918,41527.94702,23209.1,23116.8
26.730,66.22,4.919,34923.18584,21435.3,13532.2
17.120,55.26,4.925,33969.23077,27747.5,14712.3
24.360,82.80,4.924,41965.71429,26692.4,32589.8
26.050,45.68,4.909,32435.88040,22705.1,24781.3
18.640,88.90,0.106,46880.35011,29771,19585.2
13.150,86.30,0.084,36850.63291,22862,22854.9
10.520,85.80,0.078,21463.11787,17029.8,9346.46
25.270,77.20,4.919,38042.79070,24865.8,29300.1
16.600,86.80,0.066,24974.46717,14180,15511.3
22.910,62.04,0.083,44045.56291,24268.2,26561
27.790,40.31,4.925,37477.81182,23194.6,12809.7
25.080,47.66,4.909,36624.90566,25641,24502.6
31.340,23.68,4.913,48121.19601,30558.2,39434.3
10.070,94.50,0.084,27461.59696,21046.9,9651.86
27.250,81.40,4.903,50778.77913,35152.3,39501.4
21.630,75.90,4.922,34616.71772,22283.4,14128.6
13.830,70.60,4.915,24676.92308,19126.9,10750.8
16.460,90.50,4.921,21088.52459,13025.4,10802.9
9.750,46.94,0.090,30099.66102,16814.6,16938.5
15.090,54.62,0.084,31178.70722,26003.1,9703.72
34.840,31.28,0.072,34770.49834,23943,24467.9
22.720,70.80,0.067,36047.26477,23336.5,13159.9
14.650,67.96,0.081,34854.12766,20451.2,21675.5
9.810,76.00,0.092,22456.70886,13871.1,14238.1
20.500,85.70,0.066,44757.61589,25353.4,25420.8
15.550,55.99,0.074,28617.72152,19878.4,18517.6
19.560,70.70,0.078,39415.38462,32333.1,18072.3
21.940,69.59,4.926,46984.77876,27396.7,20686.6
19.710,72.60,0.211,26701.44420,15736.9,12529.6
24.350,63.51,4.915,40613.42193,25294.9,32553.6
14.560,65.01,4.916,31606.77966,19834.7,15549.1
17.730,49.60,0.075,35503.65957,21197.6,16380
22.240,71.20,4.921,33589.49672,21450.6,12640.5
11.190,87.10,0.079,23087.45247,18491.6,7070.35
15.630,86.00,0.071,27814.16577,16749.9,14504.7
22.120,74.80,0.068,44973.77483,27123.5,28717.3
36.570,20.61,4.931,38412.75748,26855.7,30655.7
13.130,83.90,0.071,21299.74468,13225.6,12971.6
22.670,45.68,0.084,33245.55436,20056.6,17704.7
13.040,73.00,0.083,38819.77186,33823.9,15788.7
24.400,82.60,0.055,42176.21262,27300,32782.6
13.000,73.10,4.916,43352.54237,26199.4,25587.1
13.200,78.00,0.084,38187.34177,23343.5,24011.6
12.990,45.16,0.077,29371.86312,24110.5,9467.47
15.550,59.05,0.086,35893.53612,29854.6,14359.7
20.610,87.50,0.068,29664.63576,19437,18437.9
13.390,53.49,4.922,34218.30508,21268.1,16764.8
28.490,69.72,4.907,48618.73754,31982.3,46748.8
23.130,49.22,4.908,25151.36213,16500,18671.8
18.960,83.10,0.067,45135.73770,26210.5,25733.4
23.130,66.62,0.286,43123.53982,25615.4,23251.8
17.290,74.50,0.069,36793.84615,29376.4,16684.3
16.560,85.30,4.916,25167.73770,15484.8,14843.1
13.490,59.68,0.086,26292.20339,13553.8,17384.2
20.750,55.30,4.927,40452.34136,32803.3,17886.9
14.780,58.06,0.079,36538.40304,31371.6,15316.2
16.220,65.14,0.084,21250.19011,15420.7,9236.97
13.580,80.60,0.073,41190.12766,28573.2,25234.8
7.000,87.60,0.087,23228.35443,14677.2,14249.6
20.190,56.19,4.927,22555.75221,11256.5,11902.4
12.070,51.25,4.913,29140.25316,19550.2,13486.3
13.900,43.12,0.082,35601.52091,29666.8,13414.6
14.790,85.70,0.080,21365.94187,11694.5,14818.9
10.900,54.01,0.076,22205.32319,18841.4,7185.59
20.710,67.98,0.070,33602.10066,26940.2,11228.2
36.270,22.31,0.080,39076.14618,27079.7,30083.3
9.870,87.40,4.926,18701.53846,12138.8,7720.48
19.790,84.40,4.916,27136.99115,18370.5,9843.19
15.780,91.30,0.066,22388.97740,15639.1,16320
15.470,82.40,0.073,42037.45963,21988.6,27520
18.770,59.35,0.080,37001.32450,22483.2,21840.7
22.840,72.80,0.069,36658.01325,21296.9,22083
25.940,66.56,0.258,36656.28319,23594.6,16285.7
21.900,67.12,0.293,35133.45133,21038.7,17127
17.890,61.78,4.923,39956.92308,33787.2,17014
20.050,84.20,4.916,35229.02655,20657,16120.9
10.920,83.90,0.071,25147.91489,14743.9,14649.7
19.270,56.40,4.916,43457.36170,25569.5,25072.3
20.090,87.10,0.066,40065.69536,23257.8,25137.2
19.440,60.14,0.076,35824.84392,21589,19444.4
34.310,21.65,0.078,32130.09836,18326.9,17110.9
20.040,68.05,0.073,36252.30769,28703.3,20125.3
26.010,37.21,0.084,32476.59574,19061,17523.9
25.540,52.42,0.295,39472.56637,24504,15238.4
16.010,87.00,0.065,39389.96771,28954,28881.5
17.880,45.83,0.076,31251.06383,21534.1,15259.4
8.480,85.70,0.082,26466.83544,17595.1,12861.7
15.940,79.90,0.067,34535.19914,19374.7,19677.1
24.090,86.00,4.918,32321.06312,21508.9,26215.2
24.550,71.90,0.261,45410.97345,27696,23463.6
15.560,61.38,4.918,32341.78723,18629.3,16676.1
10.380,90.10,0.071,23546.44068,13141.6,14350.8
22.810,72.40,0.059,22599.86711,14775.9,14598.8
8.960,69.71,0.082,21536.12167,17353.8,9571.19
29.090,35.11,0.317,35668.67257,23074.4,14361.8
19.000,83.00,0.067,21378.46154,16843.4,9877.59
22.120,57.02,4.907,22593.48837,14384.8,17768
23.970,86.20,4.919,23984.05316,15379.7,15984.6
5.375,85.60,4.916,28051.71103,21949.1,8286.19
21.420,88.20,4.910,25888.14159,16652.8,9866.72
17.210,52.05,4.917,32008.10127,19779.9,16435.7
19.780,82.20,0.083,47006.38950,29278,19812.8
25.800,90.50,4.909,30711.47614,21098.2,20674.6
15.530,83.50,0.071,29420.02153,20441.5,17553.5
18.320,84.50,4.915,24676.72131,14593.2,14289.2
16.030,77.60,0.072,37968.60759,23248.6,22270.8
13.770,83.70,0.081,26152.50807,14172.7,18106.2
11.990,54.78,0.088,25489.23077,22143,11583.6
22.380,75.90,4.908,24887.54717,15871.2,15456.3
15.830,59.25,4.921,32629.78723,18391.5,16554.2
13.190,70.30,4.912,27964.06780,17208.5,17175.8
6.610,56.19,0.091,18128.13559,10617.6,10599.6
16.330,59.37,0.082,33903.79747,21906.4,17106.5
16.790,72.70,0.073,39890.49430,33706,15806
14.670,56.89,4.921,32172.30769,24813.2,10571.6
12.670,70.50,0.081,42035.74468,23531.7,24851.6
12.960,61.62,0.078,40273.76426,33927,15045.4
21.130,59.75,0.072,31399.86885,20333.1,18078.7
31.050,57.72,4.909,38578.60465,26179.7,32029.5
9.020,63.38,0.075,37146.76806,32373.1,16941.2
24.250,47.58,0.078,33110.46358,17120.6,18502.9
17.080,73.40,0.072,40172.30769,33809.5,15909.4
13.390,62.74,4.923,41851.52542,25185.4,24967.7
23.480,43.71,0.085,33084.34876,22061.9,17704.7
34.990,25.41,4.911,39395.08306,28446.8,27366
20.640,76.80,0.071,25526.83685,16654.3,15456.3
10.800,76.60,0.085,26792.54237,16362.3,16614.3
24.480,38.78,4.922,31157.52212,17562.2,14167.6
16.740,65.95,0.075,31233.46008,25023.6,9035.29
10.310,71.70,0.088,43254.68354,27946.5,26666
24.520,89.30,4.920,28902.28635,17684.5,18080.5
14.930,89.40,0.072,24840.39344,15336.2,14376.7
18.970,68.26,0.232,23944.77876,13786.3,12537.9
13.290,86.30,0.085,27993.97201,16005.7,18885.8
13.250,84.90,0.075,32035.40426,19057.3,19126.5
11.380,86.00,0.075,29829.44681,17857.3,18209
16.040,81.70,0.070,24577.65339,13901.4,16238.5
23.890,67.50,4.922,36344.07080,22539.3,13997
18.270,87.70,0.070,33099.54098,21986.4,15117.1
20.620,56.96,0.073,30682.22951,17268.1,17361.6
27.810,40.95,4.906,38600.31077,26272,28944.5
14.290,63.94,0.078,39517.97468,24463.2,25619.3
10.630,74.90,0.081,27408.81356,17117.3,11907.9
13.450,61.11,0.084,23390.76923,17806.6,10542.7
20.330,70.10,4.919,25352.82276,17342.7,12838.9
22.180,65.08,0.079,43282.64901,22782.5,25290.8
21.800,73.00,0.069,29626.49007,16645.3,14083.9
18.270,89.80,0.278,26244.95575,15852,12667.3
19.130,57.71,0.078,38921.32450,24702.3,24434.2
15.050,77.30,4.923,33830.88608,21147.7,16724.8
13.690,76.20,0.071,33327.45763,18962.9,16087.5
17.980,63.32,4.921,31227.37643,26319.7,13310.9
23.870,44.98,0.083,31261.37705,18297.2,17548.2
18.320,69.58,0.083,34856.19256,28038.2,17233.3
24.380,90.90,4.918,24280.22198,14415.2,12236.2
26.950,44.41,0.073,29903.52159,20548.1,25311.5
17.750,82.00,0.069,27270.29508,13597.5,15840
19.300,82.20,4.918,31484.63895,20270.5,14665.5
10.060,60.36,0.086,20245.78723,10770.7,9603.87
16.440,58.88,0.084,34547.84810,20545.9,17517.1
13.950,57.66,4.918,32101.01695,20728.3,15485.4
21.590,66.72,0.068,35214.68852,21666.9,18113.7
12.190,64.05,0.083,20970.34221,16812.5,8631.93
19.970,42.80,0.086,32547.69231,25947.5,10745.1
18.410,51.77,0.084,29760.00000,17263.2,16748
12.880,75.80,4.919,20909.50570,16367,9277.31
15.280,85.20,0.072,42552.07750,22784.1,28008.7
22.740,64.96,0.070,35669.14661,23314.1,12517.9
25.580,35.85,4.925,33100.88496,18639.9,16120.9
14.360,81.90,0.083,29599.82777,16060.7,20561.5
10.200,82.60,0.085,24103.42205,18263.3,8096.04
20.130,81.90,4.919,44703.71681,30338,16509.3
12.440,63.18,0.073,42574.97872,25485.4,25124.5
7.400,59.80,0.089,21606.10169,13480.9,12098.9
17.480,60.21,0.082,22473.00380,17107.1,9421.37
15.670,64.69,4.923,22171.13924,13272.9,14492.5
13.900,80.20,0.084,26500.38023,20991.7,10977.2
17.310,67.70,4.924,35604.98361,22528.8,20743
16.970,64.89,4.914,34511.39241,20575.1,16262.2
14.100,89.00,0.069,23759.22497,14323,12229.8
24.980,79.70,4.920,46245.84718,28955.7,35192.6
25.930,40.61,0.083,31189.78723,17685.4,16496.1
14.080,79.20,0.083,43776.00000,26550,25217.4
13.600,61.11,4.917,39449.87234,22858.5,23643.9
26.890,42.12,4.907,32174.35216,22017.7,21624.1
15.060,65.65,0.081,31216.27119,19528.3,19271.4
24.940,60.19,4.926,43143.28228,25551,18820.7
12.190,63.86,4.916,39587.69231,33419,17349.4
11.580,86.60,0.088,34829.61702,19972,17210.3
11.560,72.40,4.917,32688.60759,20122.8,20507
13.490,62.08,4.919,21545.31646,12507,14134
13.720,72.00,0.075,30319.65957,18804.9,13343.2
11.010,75.80,0.076,26703.79747,18047.4,17916.1
22.510,69.87,0.071,33148.35886,18750.6,12862.2
27.530,41.31,4.919,36690.06565,23056.4,12908.9
29.750,44.78,4.908,41911.83130,28750.6,26910.1
14.370,89.30,0.077,24168.43918,13600.8,15429.8
22.210,69.15,0.069,40447.15232,22950.9,21763.9
18.050,91.10,4.924,27237.11160,18642.3,8386.14
29.830,52.76,4.910,31683.18937,20810.1,27311.8
11.130,84.60,0.084,37962.53165,23493,22623.6
17.180,61.01,0.075,34584.51064,20882.9,16774.8
9.980,66.23,0.082,20964.25856,16529,9444.42
16.890,81.50,0.065,24714.49180,15574,11718.2
21.090,74.40,4.919,31049.80306,25229.9,11444.1
20.640,41.76,0.084,31606.15385,26769.4,11676.1
15.690,85.80,0.066,32830.13994,18399.6,17675.6
32.960,27.21,4.922,40747.37542,27467.1,35403.5
20.110,75.70,4.923,45404.60177,27123.5,19668.7
21.870,66.20,0.084,41466.95842,33934.9,19561.8
14.110,55.11,0.076,40889.87234,23414.6,24874.8
27.130,44.41,0.078,29348.57143,19773.4,24745.1
12.960,68.62,0.075,35191.89873,23401.8,22768.2
26.090,85.00,4.910,30979.97780,21915.5,24815.5
18.200,80.20,0.068,35063.60656,18613,20119.2
16.600,62.79,4.925,31727.21311,20125.1,19728.6
17.480,66.43,0.076,38298.27815,24122.2,24339.7
20.920,54.95,0.280,27939.82301,16989.6,13543.9
17.010,77.10,0.078,34461.53846,27219.4,16129.2
19.800,74.20,4.920,20469.36877,13143,13610.7
18.350,66.63,0.073,42957.63934,24973.4,25914.2
30.100,42.93,4.920,33131.16279,22196.2,24606.5
5.996,69.85,4.930,26393.92405,16059.6,14671.8
24.110,57.25,4.907,26012.49169,17103.8,19997.3
21.740,91.60,4.919,36541.59292,23089.4,14155.8
12.900,79.00,0.082,23784.02583,16082.7,11380.4
23.710,53.38,4.923,31629.02655,15810.8,17980.1
15.180,72.60,0.068,40988.35443,24003.6,25428.4
19.170,90.60,4.916,23228.85246,14641.5,10721.3
16.870,87.00,4.923,39079.86885,23732.5,22573.6
12.800,83.90,0.070,36884.74576,23102.7,18426.2
13.360,56.97,0.083,22775.38462,17899.6,9970.12
20.320,58.95,0.068,34396.32787,21722.6,21477.6
22.170,64.73,4.908,27562.52492,17962,20280.5
18.550,75.60,0.083,35567.21311,23205,17355.8
22.010,51.30,0.087,30929.23077,26062.8,10814.5
12.390,71.00,0.078,23222.27848,15578.1,15498.8
20.570,72.80,4.918,26682.25914,17213.9,19503.3
19.670,71.50,4.919,32658.88525,21533.1,15402.8
19.900,62.13,4.907,27173.42193,18782.3,21913.3
18.760,84.40,4.916,26014.52954,16868.5,11811.8
17.840,64.91,0.078,21572.62357,16035.6,9473.23
26.530,42.75,4.920,41685.04983,27588.6,36331.4
21.360,75.50,0.071,32581.18162,18253.9,12103.6
21.770,78.00,4.914,32245.77137,19387.5,17984.2
26.580,48.32,4.921,27646.72566,15672.3,13897
17.170,86.90,4.922,26263.08197,16027.2,15816.7
7.090,63.91,0.088,22917.96610,14403.6,10674.8
7.450,76.70,0.082,21244.10646,16834.6,9807.44
24.320,85.80,4.913,29208.23920,18915.2,22726.7
8.370,75.20,4.912,29858.55513,23495.6,9167.83
21.810,78.00,0.068,30274.96689,22891.1,19595.8
19.350,70.20,0.076,21252.19672,12828.5,10074.2
15.650,73.50,0.084,35193.91635,28230.7,14912.8
15.870,73.60,0.085,24753.41772,22927.7,16233.3
20.120,61.76,0.065,42421.87298,24906.7,27170.9
25.840,49.35,4.917,32039.21225,17510.8,12979
10.240,84.60,0.073,22696.85106,13745.1,13993.5
16.440,78.30,0.071,33406.75996,15672.1,18048
18.820,61.01,0.085,26926.23574,20951.2,9006.48
23.830,48.81,0.080,32856.15894,17768,18573.8
24.050,67.08,4.919,45293.67370,26382.3,23960.9
27.770,66.87,4.911,37628.17276,24835.4,29619.4
13.670,75.20,0.070,25462.37288,15173.3,16290.1
20.140,76.20,4.915,20134.56954,12431.6,13629
23.760,71.30,4.919,28647.41722,16177.5,19566.3
13.860,73.00,0.074,42993.41772,27279,25700.2
7.400,84.30,0.085,28063.87833,22781.2,8787.52
12.560,85.30,0.078,31030.46809,18826.8,14556.8
20.670,64.50,0.084,22976.98031,17973.9,11059
8.490,75.20,0.092,21770.84746,12780.5,14003.5
21.270,80.80,4.922,45200.70796,26622,20345.3
9.520,78.90,0.085,30515.58935,25093.6,9513.57
33.840,37.02,0.070,37060.46512,25519,24299.2
26.220,40.15,4.925,37922.66371,25462.3,24502.6
12.270,87.40,4.922,23440.00000,17669,11786
22.970,33.17,0.085,33753.97201,19994.3,18088.7
10.610,48.45,0.083,23467.11864,14177.5,14281.3
18.640,88.50,4.916,27780.53097,15474,12802.6
27.570,54.98,0.067,37615.80466,25519.3,26892
10.970,89.30,0.065,24412.88136,14079,15635.9
18.260,91.70,0.081,40824.15755,25256,17892.8
15.990,54.04,0.081,28232.54237,17204.9,17054.2
22.630,65.32,4.909,37411.23196,26469.7,29708.8
21.990,65.37,0.086,41441.75055,34050.6,19421.8
16.310,55.51,4.916,34152.91139,19754.4,22669.9
10.420,71.30,0.084,27773.16456,17489.4,17170.1
25.520,49.32,4.907,30311.76080,20738,26829.8
26.750,75.00,4.905,41592.18646,30130.5,26657.3
10.760,62.64,0.086,41450.12658,25765.3,24364.3
14.660,63.18,0.071,38665.53191,23345.1,22796.1
15.010,86.40,0.072,19686.15385,14448.3,8559.04
20.030,72.30,0.291,28513.27434,17734.3,11684.7
25.440,65.71,4.919,28189.66887,16200,20298.8
18.960,57.84,0.077,35180.02153,21072.1,18129.5
24.060,81.40,0.296,46500.53097,27759.7,23763.7
16.290,71.00,4.919,30760.85106,17926.8,14731
12.900,72.30,0.084,23241.35593,11558.7,13320.4
23.060,50.29,4.922,35158.93805,18834.5,14908.9
21.040,49.42,4.919,45506.52079,28221.2,19486
7.680,79.30,4.921,23187.69231,18189.7,10386.5
10.830,74.30,0.083,23851.52542,13838.3,14848.6
15.460,74.60,4.920,33636.45570,20969,16823.1
13.970,79.50,0.079,42158.29787,25708.5,23992.3
20.870,54.99,4.906,28307.74695,20037.6,13819.2
26.000,44.89,4.916,35253.21663,23538.2,13883.5
16.690,58.21,0.081,31008.36502,25804.2,9185.11
12.790,66.96,0.084,22130.84746,14367.2,10900.6
19.500,84.20,0.070,23366.15385,18598.8,10745.1
19.570,66.61,0.072,38547.69231,32396.3,20304.6
25.480,86.20,4.920,31172.89037,19598.7,26498.4
15.910,71.10,0.081,32795.23404,20473.2,15125.8
13.570,63.37,4.916,41936.94915,25210.9,25326.6
24.330,35.58,4.922,36809.80306,22447.7,14023.6
20.630,64.93,0.115,26632.12254,16457.7,11689.2
16.280,44.91,0.086,31925.10638,21215.9,14446.5
19.120,68.32,0.082,40294.56954,24653.6,25054.5
15.010,69.57,0.074,22268.35443,13663.2,15036.1
17.770,89.50,0.069,24953.70492,15681.7,11146.9
17.840,74.30,0.072,38129.23077,31381,21889.2
34.960,31.18,4.918,34547.24252,23567.1,25148.8
18.550,93.00,0.087,26474.57330,17828.2,9500.79
15.120,79.30,0.075,25129.47255,15400.8,12258.9
16.090,83.60,0.079,23223.82979,13467.1,14098.1
16.360,71.30,0.084,21192.33584,11973.1,11246.5
19.970,85.70,0.074,38145.69536,23415,23229
20.370,85.40,0.069,22645.82781,14351.4,10551.1
26.590,50.12,4.931,35908.62144,24606.2,12663.8
27.600,32.19,4.911,33590.43189,23631.6,23287
13.340,71.30,0.084,24876.04563,20579.3,10764
18.580,89.10,4.917,22460.85246,13850.2,11683.2
24.120,84.80,4.908,30820.15538,22223.4,22456.2
25.610,35.21,4.925,36880.62153,25203.8,25363.3
13.310,85.20,0.082,22308.74525,18447.4,9657.62
24.700,37.84,0.085,35700.83961,21482.7,19008
13.280,83.70,0.072,21030.12766,12991.5,11996.1
26.500,83.00,4.904,35154.53940,25496.5,27590.2
24.030,80.90,4.923,25119.46844,16526.6,17484.9
19.290,74.90,0.081,33948.70897,20875.5,11362.4
12.380,79.00,4.922,21931.55894,17990.8,7047.3
19.880,88.70,0.072,25762.45077,16468.9,8928.88
16.880,73.30,0.075,34790.88608,21020.1,16603.4
25.230,24.49,4.921,32293.77049,20255.1,16452.1
20.180,84.50,4.914,21812.98013,14310.2,13664.5
18.370,88.10,4.921,24815.21311,15165.3,14883.9
13.830,69.81,0.075,34486.77966,20239.5,20255.5
21.200,75.50,0.068,45935.05470,26163.5,19661
12.080,77.30,0.075,37700.38023,31430.5,15846.3
16.970,67.40,0.079,24324.23841,14104.4,12223
26.960,51.07,0.067,36033.04918,20169.7,19786.9
29.360,54.96,4.914,36869.10299,24763.3,27131
12.730,73.90,0.075,38721.35593,22679.6,24452.5
14.000,75.10,0.081,27236.50190,21599.3,9726.77
20.360,84.00,0.065,25138.01325,16308.5,12518.4
18.530,82.30,4.915,25245.68928,15934.9,11333.3
15.110,69.26,0.072,24986.86760,14770.3,12980.4
17.550,59.31,0.082,31783.72881,19499.1,15387
14.500,66.76,0.080,24844.55696,14545.9,14567.7
19.870,80.70,0.260,26652.74336,15170.9,13838.1
26.830,57.13,4.905,39354.67259,27788.8,24087.3
22.570,73.40,0.067,34711.24726,22936.9,13154
17.440,69.32,0.081,24941.11475,15027.9,15175.4
16.290,67.76,4.914,26410.61947,14216.6,13508.6
26.370,47.75,4.902,30705.08324,23094,24087.3
13.250,85.50,0.082,24949.04943,20711.9,10815.8
19.640,89.20,0.069,23268.87417,14942.6,12264.4
20.990,75.10,4.919,33250.62295,20474.3,17006
24.640,44.10,0.070,39124.76821,24466.5,22171.6
19.730,69.12,4.920,31862.75711,19643.2,10621.3
17.110,68.95,0.085,43141.09795,21732,28567.3
10.970,53.87,0.077,22521.67300,18985,7335.41
26.590,36.84,0.069,31125.08073,17926.7,20340.4
13.260,67.68,4.922,32424.40678,20002.4,15855.9
23.050,47.88,0.308,33680.70796,21555.1,13208.6
15.740,66.25,0.075,37292.93617,19767.1,16618.1
20.520,61.45,4.918,29630.76923,21384.3,11988.4
21.480,72.60,4.916,23828.34437,14501,17599
18.710,60.94,0.078,24419.77186,19379,10614.2
19.660,75.70,4.915,20392.82392,13401.3,13875.8
16.350,75.00,0.073,39799.23954,34019,16439.9
26.130,91.00,4.910,41183.04107,27553.1,27367.5
14.150,68.78,0.072,36604.06780,22646.8,17222.1
16.690,56.26,0.082,32943.05085,21286.3,16625.8
16.450,55.05,0.075,33770.34221,27575.3,12002.9
12.450,68.49,0.089,25074.38298,14231.7,13476.8
18.300,72.90,4.924,35642.75410,23442.7,17839.7
16.960,64.10,0.083,44666.35091,24536.5,28497.5
23.470,66.89,4.919,45747.56937,26560.9,21998.7
13.820,68.51,0.085,40073.00380,34726,15120.3
24.110,80.50,4.913,28296.07973,21520.3,20467.3
15.920,79.10,0.073,43618.51453,22597.1,27735.3
13.160,55.24,0.083,26403.04183,20612.5,7635.05
10.310,80.50,0.083,23722.02368,14044.4,11944.7
16.610,76.00,4.914,24874.93671,14961.7,15602.9
27.170,54.24,4.920,31139.60265,18789.6,22608.7
23.870,67.48,0.067,38717.88079,21884.4,19755.3
27.440,41.25,4.920,36179.60613,23030.3,12751.4
12.990,54.97,0.083,43602.71186,25750.8,24799.8
21.430,68.03,4.932,36561.83607,22959.8,19034.8
26.320,65.72,0.303,33037.16814,22153.8,16574
6.198,90.90,0.084,21797.71863,16948.8,9882.35
25.430,54.00,4.917,29769.56811,19815.2,20587.8
7.030,76.00,0.083,21557.46835,14148.3,14440.5
14.340,91.60,0.067,31348.28848,18824.8,16256
18.710,86.00,0.077,24714.49180,15436.5,15647.6
16.090,69.60,0.068,30616.66308,18916.5,20869.8
18.880,59.39,4.920,33192.47265,20378.8,12208.6
19.080,69.85,0.074,43637.11518,23488,27357.1
17.850,68.06,4.910,34198.46809,23396.3,16229
19.670,69.96,4.919,32809.96721,21811.8,14901.4
17.670,86.20,4.913,25497.76805,16050.6,11677.6
14.620,59.29,0.085,41149.80989,34678.1,16042.3
19.720,48.64,0.079,30153.84615,24898.8,10195.7
21.790,66.35,0.066,44566.88742,27610,27204.9
6.957,85.40,0.086,27669.87342,17865,12641.9
21.430,66.18,0.070,29858.46154,22020.2,11641.4
14.890,65.95,0.075,35614.03660,20085.9,19653.8
13.450,83.40,0.072,36023.25081,19631.4,25070.5
32.530,26.74,4.930,36248.49558,22816.2,13596.9
14.880,61.59,4.922,24375.82979,12614.6,13807.7
19.410,85.00,0.067,21716.92308,17081.4,11288.7
17.100,49.52,0.084,45162.36814,23473.3,28602.2
18.700,75.10,4.922,30417.83607,20024.8,14067.7
24.960,61.09,4.924,45638.86214,27029.9,19334.2
12.510,88.50,0.075,22067.69231,17490.5,9750.36
16.600,76.50,4.913,42726.07595,25634,25463.1
29.400,34.04,0.264,36356.81416,22726.4,14861.9
16.210,75.80,0.073,34067.84810,21180.5,17950.8
24.130,73.10,0.269,46647.07965,27928.1,23557.8
20.740,64.03,0.079,35945.96026,22906,18668.3
15.110,84.80,0.074,36308.46071,20166.6,23808
23.010,71.50,4.917,31374.15929,20874,14102.9
18.390,84.70,4.918,27558.51204,17693.8,13218.2
19.900,64.54,0.073,39064.61538,33158.7,20194.7
17.190,68.69,4.918,23107.69231,18669.4,9975.9
34.630,20.17,4.905,37021.26526,26294.8,28162
15.090,89.50,0.070,23827.69231,19201.2,12468.4
12.260,76.60,0.086,26796.25532,16434.1,11630.3
15.680,59.91,4.920,32047.65957,18153.7,16449.7
19.680,83.90,0.073,44290.24070,27265.1,18995.7
17.100,86.20,4.915,25620.98361,15711.5,15181.2
28.410,66.83,4.912,39452.49169,26449.4,31035.3
22.870,70.20,0.070,38565.29801,21469,18981.4
16.750,57.84,0.078,33818.73418,20801.2,16372
14.040,89.70,0.180,28669.79548,16812.2,13888
7.360,82.30,0.082,23215.20913,19084.4,10193.5
24.770,43.08,0.076,32457.44262,19337.5,18043.7
18.080,51.79,4.918,24866.04255,17187.8,16577.4
28.850,71.60,4.906,37475.16093,28617.5,29492.2
22.720,58.82,0.085,45084.28884,28923.2,20133.7
16.100,79.90,0.070,30784.06889,15276.2,18327.3
17.090,76.80,0.087,28270.63457,19740.2,11893.5
23.100,71.00,4.924,32323.53982,21981.7,12767.3
17.090,64.80,0.079,39293.90164,24371.5,23623
18.050,92.50,0.066,26543.89497,17921.6,9500.79
20.180,77.10,4.911,29426.50388,18688.1,19476.9
13.740,87.90,0.076,24255.24220,13410.2,15941.8
22.100,79.30,4.921,47978.76106,28657.8,20745.4
25.040,33.42,4.923,36469.49672,22466.4,13854.3
10.600,46.74,0.087,22185.76271,13572,14177.1
15.480,86.50,0.071,31410.29064,16203.7,19089.5
25.380,57.89,4.922,36656.28319,21607.5,14903
17.990,70.60,0.070,22073.84615,16936.4,11976.9
13.400,79.70,0.076,24006.08365,19250.1,7070.35
24.950,85.20,4.917,29571.82724,19997.5,24974.1
26.500,70.80,4.917,36760.66445,24816.5,24883.7
22.200,67.86,4.906,31230.29900,20582.3,22793
19.650,86.80,0.071,34343.84106,20499.8,19495.4
14.200,86.40,0.084,29029.40797,16460.3,19636.4
16.050,63.55,0.077,28311.86441,21140.4,15334.9
21.710,54.08,4.923,35480.57714,24067.2,25477.6
12.920,71.00,0.080,30552.51064,14418.3,15073.5
14.400,48.66,4.919,29014.46809,15504.9,14899.4
11.550,72.20,4.915,34450.16949,21169.6,21118.1
28.500,39.29,4.922,35829.36877,25507.6,26185.1
10.340,88.20,0.078,24351.31915,14132.9,15445.2
18.910,59.21,0.083,27139.16350,21223.7,9173.59
22.910,62.34,0.070,47237.11432,32829.6,36209.2
25.760,41.95,4.905,29905.97114,20832.1,19669.5
17.540,56.38,0.078,42207.31915,25620.7,25008.4
20.790,81.20,4.914,28895.57522,16473.2,13561.6
17.910,69.04,0.082,42886.88913,23649.3,27549.1
20.180,73.30,0.075,28880.00000,21555.4,10270.8
16.060,67.09,4.920,23921.01266,14370.8,14608.2
30.410,27.42,3.688,37687.94702,23055.7,20765.5
13.130,83.10,0.081,32991.63498,28031.9,13506.8
18.050,86.50,0.183,27558.51204,16894.6,11800.1
21.730,90.00,0.300,24206.01770,14388.8,9949.09
15.560,83.00,0.077,24342.04521,11518.5,16436.4
18.160,72.30,0.078,36652.30769,29305.8,16667
29.590,57.39,4.903,40313.60710,31046.7,26645.3
8.480,86.70,0.081,40435.93220,24528.9,24857.7
16.760,56.25,0.075,31555.89354,26334.5,10101.3
23.890,86.90,4.913,23524.78405,17153.2,16575.1
21.940,61.03,4.905,25521.32890,17012.7,19913
26.990,32.18,4.913,40032.95681,27197.5,32957.3
8.620,83.60,0.087,25306.32911,17157.4,12144.6
10.490,81.10,0.077,42559.32203,25225.5,25216.6
25.560,44.95,0.082,34388.42553,19551.2,17715.5
10.780,87.00,0.085,27297.33840,21794.4,7951.98
22.870,76.40,0.082,31762.64901,20133.1,15052.8
12.800,76.70,0.086,35957.10638,22046.3,17477.4
20.010,61.81,0.084,40030.76923,33843,17910.4
13.440,58.41,4.919,41900.93617,24032.9,24416.1
10.660,54.82,0.086,34341.26582,22621.3,21923.9
10.060,73.40,0.086,27384.30380,18040.1,12965.8
21.210,45.51,0.083,34721.20560,22875.8,16890.2
16.440,83.30,0.069,33344.75780,18828.5,22778.2
20.790,65.64,0.070,27587.69231,20398.8,15151.8
15.320,79.70,0.082,24412.32787,14760.4,15286.2
23.740,66.64,4.922,34750.72848,19496.9,19779
21.400,40.77,0.081,24676.72131,14935,14271.7
7.390,90.00,0.073,27042.71186,16530.1,16932.7
18.990,56.70,0.080,27011.40684,22133.2,11680.2
25.800,56.23,4.914,32289.16944,22545.6,21618.1
12.020,59.00,0.086,32907.34177,21184.2,16285.3
14.520,86.10,4.910,23628.25532,13126.8,14150.3
14.220,40.02,0.078,32109.50570,27144.5,9657.62
19.460,54.49,0.083,25419.54098,19162.8,13642.1
18.920,87.70,4.915,28468.67257,15979.2,12996.8
26.500,42.88,4.935,32272.56637,17869,16356.3
15.450,80.90,0.074,44330.12658,26826.7,25521
24.030,59.89,4.998,33865.48673,24043.7,14767.7
15.930,86.60,4.915,24117.63676,18306.2,7709.18
11.010,73.70,0.085,34348.28897,27947.2,14676.6
20.590,87.70,0.071,46558.94967,29337.8,19089.1
9.460,52.82,0.088,38544.40678,22533.7,25124
24.440,37.81,4.921,29946.90265,16836.2,13579.2
26.850,47.32,4.909,45729.16944,31557,36018.1
13.240,77.20,0.078,38497.21519,24240.7,24728.7
20.490,82.80,4.913,21431.52318,13509.4,14408.9
22.180,48.98,0.080,42227.28477,26382.5,23849.4
15.070,70.70,4.916,26614.51327,13662.8,13443.9
19.540,62.28,0.081,40418.46154,33649.6,17418.8
17.750,79.90,0.068,22410.49180,9748.61,10371.5
17.620,84.70,4.918,22423.08197,14831,11374.3
23.010,64.06,0.073,34162.97593,22922,12453.7
30.670,50.43,4.904,42263.44062,30119.1,26506.8
15.710,86.90,4.913,23764.72648,16711.6,8812.16
16.540,76.30,0.071,36670.72848,22834.9,22195.2
22.460,74.00,0.274,40536.63717,23736.8,21333.8
19.410,82.30,4.916,25869.58425,15994.6,11776.8
20.660,81.50,4.918,33126.37168,19452,15420.8
21.150,61.32,0.277,27965.30973,16963.4,13826.4
10.100,51.72,0.086,20581.01695,12857.1,11178.5
20.870,64.69,4.923,26888.49558,14991.3,12990.9
20.760,81.90,4.921,27364.78405,16936.7,21015.6
11.860,86.60,0.780,22387.69231,15880.2,12774.9
13.990,69.95,0.074,34852.88136,21355.6,15937
20.920,74.80,4.916,36891.72867,23840.7,12156.1
24.500,90.30,4.918,24823.61820,14757.3,13638.6
21.380,73.80,4.920,22963.28524,13575.1,12663.6
23.920,46.30,0.084,34092.30769,24121.5,13174
28.030,77.90,4.907,31376.33740,23960.7,25254.9
8.980,83.60,0.073,35750.88608,23544.1,23034.2
12.140,84.60,0.078,23959.14894,14297.6,14521.9
21.230,62.00,0.072,37732.72131,24334.4,16965.2
28.610,46.65,4.908,39508.10211,26808,26771.7
10.580,84.20,0.082,30047.14829,24718,12821.1
19.500,60.06,0.071,42743.60656,24523.8,26147.4
16.370,65.33,0.078,18671.21311,10725.7,10645.5
23.200,64.36,0.081,36444.28884,23851.9,13702.6
19.780,45.60,0.085,38775.38462,32987.6,17551.8
12.570,87.70,4.909,26906.55319,17282.9,11734.8
14.350,64.62,0.079,22039.32203,13586.6,13771.9
25.250,85.90,4.917,31013.42193,18892.4,25920
26.960,72.10,4.914,33596.81063,24721.5,30155.6
16.760,74.10,0.072,33247.14829,27903,12567.6
10.250,86.80,0.080,17383.29114,18269.9,14486.7
8.440,85.90,0.080,25980.75949,17248.6,12636.1
20.140,65.62,0.187,42148.67257,24144.7,21475
9.830,84.70,0.087,24966.07595,14874.2,15550.8
11.800,50.28,0.089,20998.48101,13557.4,12375.9
23.280,59.19,4.917,36439.51165,24618.4,27048.5
14.580,68.86,0.089,39732.31939,33915.9,16163.3
19.650,83.90,0.068,45148.32787,26994.4,26497.2
17.650,58.64,0.082,29767.30038,22899,9617.29
19.730,65.03,0.071,32835.14754,20987,15705.9
19.090,80.70,0.070,22910.76923,17732.2,9935.42
18.020,66.30,0.086,42149.06351,21475.4,27182.5
11.800,62.45,0.086,21950.76923,17873.6,10120.5
21.600,64.21,0.073,31600.00000,25218.6,10999.5
28.480,63.93,4.920,40479.46844,26377.2,32276.5
22.390,77.30,4.924,32989.66887,21996.7,25798.9
21.990,51.45,0.080,34496.42384,21850.7,16807.4
20.220,85.00,4.923,36469.49672,23769.7,15896.9
21.380,74.00,4.919,39936.00000,24434.7,21361
13.430,69.59,0.080,30301.27660,18472,13151.6
14.050,67.75,0.083,31555.89354,25693.8,11029.1
10.460,88.20,0.085,25264.34043,16587.8,11566.5
16.260,81.10,0.083,25662.63830,14151.2,17175.5
13.720,89.80,0.070,22382.77718,11679.8,11816.7
13.680,86.70,0.072,33121.55005,19539.7,18100.4
24.720,53.49,4.913,34068.83721,23369.6,30493.1
12.560,60.25,0.080,30520.67797,19772.6,13540.3
20.310,76.30,0.086,40931.29103,24214.1,17735.2
22.400,85.10,4.919,45200.70796,27078.6,20427.7
9.710,65.44,4.916,26054.23729,17248.6,13100.4
21.140,64.04,0.072,29686.15385,25735.5,16302.7
30.460,24.64,4.920,34311.50442,20881.5,13814.6
18.450,80.40,4.919,33840.00000,20178,15479.6
14.240,57.83,4.917,33480.00000,20615.2,15983.3
39.550,14.14,0.068,38125.71429,27478.5,30077.3
20.290,76.40,0.081,41876.58643,24628.6,18015.3
14.040,79.70,0.085,43788.25532,26465.9,25043.2
28.310,44.73,4.924,32927.04319,22086.1,22991.8
12.840,74.70,0.081,18883.65019,13123,6932.05
21.110,71.60,4.921,33439.47541,20871.8,17373.3
25.620,80.20,4.922,44341.13208,27792.6,28047.6
19.580,76.50,0.068,38135.38462,30399.2,16753.7
12.430,84.70,0.071,38612.92776,32568.3,16537.8
18.200,91.90,0.068,27879.91247,19023.2,9780.91
25.860,80.40,4.910,48114.81728,31374.7,40271.8
25.910,57.75,4.907,47559.86711,31070.9,44808.7
18.390,47.00,0.078,37035.57447,22434.1,17843.2
22.770,64.19,4.925,46557.87611,28459.5,19821.7
8.180,66.31,4.920,27225.76271,16555.6,16585.3
13.040,75.40,0.084,18098.85932,12788,6736.13
15.230,61.12,0.075,29480.50633,20611.6,16181.2
16.820,54.49,4.918,38892.30769,33512,16273.7
14.570,60.47,0.087,36583.29114,21826.1,17008.2
15.100,79.40,0.083,23684.82239,12699,15435.6
15.040,66.59,0.089,39811.40684,34066.9,15909.7
27.060,30.98,4.904,32416.74419,22682.3,29908.6
11.350,86.50,0.074,30020.33898,18069.3,18993.5
17.980,82.10,0.076,39329.23077,33132.6,19558.6
21.610,85.40,4.915,22722.11921,13026.6,16175.3
15.890,84.40,0.072,30343.85361,17706.7,15767.3
20.720,68.89,4.917,35277.63934,21414.2,19168.9
14.410,84.70,0.077,30126.23574,25796.9,12763.5
25.700,65.43,4.903,31651.29568,21265.8,24504.1
16.670,30.98,0.086,36054.68354,21311.9,16950.4
6.100,92.40,0.082,23434.22053,18565.2,8505.16
13.710,74.50,0.073,32680.67797,18612.8,15734.4
35.980,23.71,4.906,40428.43854,29194.9,32005.4
22.130,45.59,4.913,28104.71761,18793.7,22244.7
16.650,69.66,0.074,33628.59574,21106.1,16832.9
21.930,77.80,4.924,45653.09735,25566.7,20121.8
11.430,66.61,4.920,22692.20339,13090.6,14188.7
17.610,58.28,0.076,34437.44681,21325.6,16490.3
31.600,28.04,4.922,33776.28319,23231.6,13385.1
19.680,73.40,0.068,33304.61538,27420.2,15094
12.050,70.40,0.083,44883.03797,27151.4,26689.2
21.230,50.76,4.915,28506.57807,18835.4,18310.3
18.230,77.50,4.920,31702.03279,20712.1,14983
24.830,54.62,4.927,44680.96280,30245.2,19806.9
8.690,86.80,0.075,23407.65957,13756.1,14127.1
21.300,71.40,4.923,30835.53611,22556,11852.6
20.130,45.63,0.082,23956.92308,19390.9,10970.6
21.800,62.84,0.070,31052.30769,25055,10935.9
20.690,75.70,0.069,27904.99445,20166.8,20807
16.130,73.70,4.917,23027.84810,13652.3,13220.2
20.750,80.90,4.918,30545.84071,17936.4,14291.2
15.810,79.30,0.075,43289.90312,22476.2,27566.5
27.360,36.13,4.917,36083.40984,23401.9,18335.2
15.670,64.15,0.082,41296.27119,23985.4,25598.7
17.270,85.60,4.916,28404.95575,20043.2,7742.76
10.660,89.80,0.076,29792.68085,18113.4,18214.8
4.382,76.90,0.081,20858.73418,13203.6,14538.8
16.220,69.96,0.073,29907.22433,25355,10176.2
13.910,86.90,0.083,27094.94080,15144.2,17949.1
24.410,60.03,4.906,29182.72425,20962,22558
16.480,69.06,0.076,30789.35361,25653.3,10182
25.460,93.50,4.911,38248.70144,25888.1,25513.7
33.250,31.88,4.906,41796.75916,29647.7,28156
11.910,73.00,4.916,32192.54237,19856.5,15699.6
15.840,68.44,0.075,23993.64238,14912.7,12347.1
15.750,58.88,0.079,24943.72881,15031,15375.4
13.550,61.77,0.083,36152.54237,21527.1,16469.5
26.320,32.54,0.081,30809.87234,18219.5,16751.6
20.660,56.25,0.275,28666.19469,17000.8,14049.9
23.650,58.29,4.921,37548.31858,26289,11331.7
13.760,86.20,4.915,28512.00000,17162.2,17465.8
24.970,84.60,4.911,30200.04440,21413.7,21824.2
21.680,42.68,0.083,36382.86329,24213.8,17879.3
21.410,47.91,0.081,44859.33775,27598.8,27972.9
18.930,62.66,0.103,27180.39387,17156,10417
8.660,88.60,0.083,22268.35443,14706.4,14550.4
25.900,86.70,4.910,26920.48835,18961.8,20319.5
9.200,74.20,0.079,22250.12658,14148.3,15007.2
23.520,55.43,4.912,30477.60797,21527.8,26257.4
11.590,51.10,0.080,26476.04563,21540.3,8170.95
11.620,65.19,0.085,35461.59696,30152.8,15137.6
11.100,75.60,0.077,20986.32911,13823.7,14191.8
15.670,72.40,0.069,43897.52422,23447.7,28840.7
17.500,53.24,0.082,38849.49153,19743.5,16539
16.320,69.06,0.073,21901.14068,17162.3,9490.52
26.070,73.70,4.922,36052.62458,23111.4,25407.9
16.500,71.00,0.073,32135.69620,20009.7,15296.4
12.360,87.00,0.073,38156.65399,33672.9,15817.5
26.960,58.63,4.906,34426.04651,22963.3,25781.4
13.260,69.22,4.912,28781.69492,17540.4,17436.3
18.880,59.75,0.082,28556.65399,21949.1,9127.49
22.810,61.92,4.906,44897.31410,28495.9,30003.8
23.890,63.89,0.276,44569.91150,25652.8,22063.3
24.040,48.86,0.081,35417.87234,18651.2,20932.3
16.140,84.60,0.076,25867.29817,12853,14888.7
25.230,34.58,4.918,34975.92998,21603.7,13761
32.850,34.31,4.907,41857.27575,28317.7,28113.1
15.350,75.90,0.070,38844.10646,33201.6,16053.8
21.340,63.73,0.078,36098.54305,22965.9,18414.3
20.170,57.27,4.919,32997.44681,19807.3,15828.4
16.650,68.53,0.081,41197.35099,25196.3,25320.4
18.180,68.93,0.074,31323.48762,17497.8,17448.7
17.630,90.30,0.067,25369.18033,14905.3,15775.9
20.460,86.70,4.917,34604.60177,19777.5,16850.5
20.550,64.87,0.112,26228.79650,16308.3,11893.5
20.730,75.80,4.920,46388.79650,28841.1,19439.3
24.880,79.50,4.926,29284.78405,18934.2,23419.6
11.220,80.00,0.076,21454.17722,14144.7,14301.7
18.170,87.20,4.915,23417.70492,18007.4,12050.5
21.230,76.80,4.920,47271.50442,32377.5,16932.9
26.610,70.30,4.936,37468.76804,23865.7,22913.6
28.410,67.17,4.908,42084.43951,28666.9,27776.8
17.320,78.80,0.077,35173.82131,18945.8,21143.3
10.190,76.60,0.080,24182.27848,15352,13370.6
16.850,68.02,4.916,22073.84615,17252.5,9386.02
12.870,65.05,0.075,38230.46809,22434.1,22778.7
12.270,69.83,4.926,20633.84615,14303.3,6881.93
25.810,45.22,4.917,37238.33698,25005.8,15739.3
14.810,61.79,0.078,40648.10127,26764.7,24734.5
16.880,71.20,4.919,26701.98675,14123.1,15974.4
13.820,86.00,0.086,28824.80086,16500.6,19758.5
26.360,64.15,4.907,29113.25194,22060,18682.4
28.670,65.00,4.914,39171.82724,26639.2,31137.7
18.290,57.26,0.084,31075.47901,20815.5,14656
16.640,88.00,0.083,37944.15755,31272.2,18546.4
15.840,87.40,0.080,26102.75711,14549.4,12482.9
17.810,66.58,0.080,43389.95745,25939,24770.3
29.440,62.63,4.907,39752.29236,27444.3,28836.2
20.610,87.00,4.914,27691.32743,23130.6,10966.9
25.840,85.10,4.922,43356.27907,27945.6,37765.4
31.570,30.92,4.916,32129.70100,22317.7,28625.3
5.099,87.40,0.084,24990.37975,16216.4,11884.3
16.130,60.08,0.082,32553.61217,26791,12970.9
13.970,76.40,0.071,34584.40678,20111.9,17002.1
25.300,33.22,4.921,35990.54705,22163.9,13848.5
16.020,71.30,0.074,44281.93757,23696.9,28928
20.510,87.10,0.361,26544.42478,17139.3,11084.6
9.940,71.40,0.088,36874.93671,23748.3,22883.9
14.730,57.02,4.929,32713.84615,24411.6,10427
18.430,87.30,4.911,25860.19672,17691.6,11933.9
20.600,80.60,4.927,39507.93443,24605.6,23238.2
22.640,68.57,0.071,39633.37748,24773.4,21817.1
18.740,77.80,0.070,36209.31148,22651.4,18574.3
23.860,87.20,4.917,30509.50166,20658.2,19256.2
11.380,68.12,4.920,26731.52542,16340.4,17117.9
28.040,38.59,4.919,38183.84106,23321.4,19442.2
16.330,69.04,0.080,29525.42519,18414.3,19851.6
15.320,67.01,0.085,31528.10127,21348.3,15782.2
23.530,51.77,4.918,28024.37086,17880.2,14202.1
12.810,74.30,4.917,43016.94915,25710.6,25396.1
25.000,41.72,0.081,34964.42553,21311,16124.5
14.310,82.70,0.086,22604.93617,13580.5,13964.5
13.890,64.73,0.076,42382.37288,25904,25535
25.320,60.12,4.908,47349.36877,31541.8,37385.8
13.650,50.90,0.077,37925.47529,32605.1,16653.1
13.650,83.30,0.073,43066.32911,25947.7,25353.3
25.020,67.31,4.920,30516.55629,17311.4,21173.2
21.200,90.40,4.913,26620.88496,15829.5,12949.7
16.800,64.26,0.083,43413.90743,23407.3,27357.1
20.920,55.12,4.920,23441.41593,13883.6,12520.2
12.140,63.42,4.921,22243.40426,12289,13691.6
17.240,64.77,0.080,27132.14209,17996.3,13812.4
17.570,93.40,0.101,25188.97155,16394.2,11911
18.270,69.01,0.073,29636.92308,23690.1,15747.5
22.390,47.91,0.085,32377.52422,20833.8,17565.1
26.240,54.25,4.920,37175.31729,23530.7,13440
12.920,70.50,0.078,22997.28814,12941,14437.6
29.190,69.46,4.906,38459.66704,25416.7,27277.2
27.620,38.82,0.076,29597.34219,21330.4,22274.8
8.700,88.90,0.081,24229.83051,14564.1,13308.8
11.950,59.73,0.082,26152.85106,15823.2,12298.1
10.630,72.50,0.086,36571.13924,23168.4,22693
20.800,71.00,4.920,29984.77024,22152.7,11566.7
23.730,56.02,4.924,31664.01776,21569.6,19832
13.680,49.38,0.084,34875.94937,18817,18332.5
26.680,32.17,0.068,28582.99247,16343,16709.8
14.760,78.90,0.074,39111.78707,32767.1,16226.7
4.581,86.80,0.085,22180.98859,18219.1,7237.45
17.490,66.29,4.916,35149.36709,20808.5,17499.8
26.680,81.60,4.910,41400.39956,29438.6,25477.6
26.220,82.50,4.916,45512.29236,28522.8,39434.3
14.610,66.69,0.098,32936.88213,25472.8,9559.66
15.900,74.80,0.078,22147.16900,12929.9,14929.5
18.380,69.11,0.072,32627.69231,26382.6,17216.4
16.250,67.83,4.916,26423.36283,14104.4,13261.5
18.360,85.60,4.914,26270.44248,16241.2,11078.7
20.360,56.70,0.074,29753.84615,22027.7,16042.4
6.080,87.00,0.082,21031.17871,16709.4,7076.11
13.790,87.00,0.069,31707.90097,17365.8,17314.9
22.530,41.47,0.082,37293.77483,21027.4,18402.5
14.330,87.40,4.911,22157.61702,12193.9,13273.5
21.530,60.12,0.271,41932.03540,25143.9,20192.4
11.390,52.35,0.083,31094.23729,17613.4,16504.3
25.350,82.30,4.914,26490.89701,17521.5,18828.5
19.700,58.29,0.100,27873.61050,17342.7,8170.21
18.880,87.60,4.917,26684.60177,15223.3,12108.4
12.820,62.65,4.916,23750.80851,13650,14707.7
25.680,43.95,4.905,30477.60797,20882.3,22823.1
26.360,76.30,4.920,39616.78135,25952.7,25549.8
8.600,84.40,0.074,30847.59494,20768.4,20136.9
21.890,68.49,4.913,24510.36626,15757.1,15618.8
16.340,82.30,0.069,33443.96125,19272.1,18327.3
17.200,80.10,4.909,26915.71116,17297.9,11601.7
24.020,47.92,4.920,31268.57143,21573.4,22883.3
34.920,31.08,0.075,34489.83389,23738,24636.7
16.930,76.10,0.082,34628.20237,19935.6,22999.3
10.930,67.88,0.082,23799.82979,13653.7,14150.3
13.410,65.82,0.082,32064.40678,19021.3,19624.5
16.990,83.00,0.081,31475.40984,21596.3,14953.8
15.260,60.38,0.081,40270.97872,22847.6,23905.2
12.090,79.90,4.916,22875.25424,13386,14171.3
18.690,62.49,0.093,26789.67177,16155.2,11671.7
15.160,76.90,0.078,38004.56274,31434.2,15529.4
15.250,88.90,0.070,21526.15385,16910.3,10953.3
29.300,58.94,4.925,41640.39867,22454.4,24702.9
33.450,34.88,4.903,44027.88013,30662.7,27295.3
13.090,84.90,0.070,41012.65823,25141.6,24665.1
20.900,51.03,0.088,33840.77503,19763.3,20229.8
18.620,72.60,0.077,34144.58558,20866.8,17838.5
24.180,81.60,4.920,29682.21976,19973,21342.7
18.280,64.62,0.078,23129.00662,15253.2,11484.6
27.070,76.80,4.908,32961.77580,25857.7,27903.2
25.140,56.29,4.902,49813.45172,32517.8,35589.2
20.070,53.35,4.906,25808.12431,18745.1,12868.2
19.760,76.50,0.069,22006.15385,17163.2,10241.9
9.430,69.74,4.655,30320.91255,24331.4,9357.98
19.040,80.20,4.922,45639.34426,27154.2,26403.9
24.750,39.45,4.907,22772.09302,15375.9,17719.8
14.890,56.81,0.081,22600.67797,13542.9,14408.7
15.150,63.75,0.079,23172.62357,18476.8,7006.96
27.580,80.10,4.909,38593.91787,27260.4,26518.9
18.970,88.80,4.920,36952.13115,22417.3,21419.3
11.170,79.80,4.919,21002.03390,12718.5,11537.4
25.410,60.05,4.918,34194.48578,23385.1,12278.7
23.860,47.66,4.907,32961.77580,23417.1,23106.2
23.490,60.29,4.904,39898.06881,28598.5,31996
28.970,33.79,4.917,37726.09272,24129.7,20074.3
12.700,86.10,0.083,19556.92308,15724,8692.05
8.960,82.60,0.080,26685.56962,16869.3,11971.1
20.250,77.30,4.919,39418.81838,24535.3,16784
15.790,67.01,0.086,20933.84030,15461.2,9150.54
20.820,70.50,4.921,34937.70492,19824.1,16912.7
21.790,64.40,4.919,36398.16393,20151.1,20171.7
20.870,76.00,0.067,30340.68812,21166.6,22853.4
23.630,70.50,0.067,37192.05298,23145.5,20765.5
29.070,70.10,4.904,39635.96004,27017.1,27307.3
12.970,85.00,0.071,22030.76923,15861.6,12497.3
14.340,71.90,0.072,38135.38462,32864.9,16823.1
29.620,35.95,4.904,36747.90698,24535.4,36578.4
20.930,63.63,0.101,27463.98249,17451,12290.3
11.550,55.21,0.080,23444.42553,14279.3,10585.2
20.380,67.82,4.924,35496.63717,23089.4,14820.7
13.120,86.70,0.084,34365.56962,21104,21125.8
20.620,75.80,0.069,28787.21421,20045.2,20548.2
28.700,59.13,4.913,36971.16279,24808.9,28613.2
12.180,69.76,4.915,21454.17722,12240.7,14105.1
16.330,76.40,0.079,24738.85899,14114.1,16186.2
13.200,57.68,0.085,32973.55932,20881.5,14796.5
19.070,73.10,4.926,35505.29540,27597.5,16889
20.710,76.40,0.066,41296.80525,33408.3,17250.8
14.180,63.08,0.082,41375.59322,24842.6,24684.1
13.050,81.30,0.082,24453.64909,13267.2,16570.2
15.410,87.20,0.074,31025.87729,16544.6,18920.7
11.070,86.00,0.080,25148.07320,15202.9,12264.7
34.560,25.81,4.904,38568.34628,27739.4,29227.3
18.540,88.20,4.924,41774.16393,25281.7,23733.8
25.540,79.90,4.924,47908.36848,29396.8,28824.1
13.770,72.20,0.073,18835.93220,10872.9,10136.4
6.358,78.90,4.918,27846.15385,21808.3,9125.78
27.220,37.48,4.905,31011.94229,22158.8,22901.6
29.950,44.41,4.909,42263.44062,28731.6,26928.2
14.530,74.10,4.917,21536.28319,11013.3,10090.3
8.810,86.10,0.082,22923.19392,18145.4,9565.43
15.950,86.60,0.074,31373.08934,17453.8,21061.8
18.360,85.90,4.921,36939.54098,22725.7,22480.3
13.700,84.40,0.085,22053.44681,13774.4,13621.9
23.890,65.54,4.918,34051.39073,19231.2,19412.7
10.660,87.80,0.084,23407.65957,13745.1,14028.4
13.810,65.16,0.075,41711.18644,25386,25025.6
11.980,71.00,4.921,34426.32911,21235.3,21449.6
29.570,67.29,4.906,37660.55494,25055.5,27096.7
13.060,72.30,0.090,22736.20253,13991.5,15128.7
12.200,69.36,4.919,20553.84615,13715.7,6743.13
21.480,71.90,4.922,36929.54048,23541.9,12687.2
24.410,55.35,4.908,26580.19934,17525.3,17292.1
18.270,88.20,0.069,24701.90164,15287.9,15268.7
14.270,82.30,0.085,27129.11392,16639.5,16626.5
11.690,83.30,0.081,23957.63186,13644.8,15744
19.340,80.60,4.915,23657.59300,17327.8,10632.9
18.100,61.38,0.083,34008.51064,19485.4,17053.5
18.690,74.50,4.920,37389.58425,29027.8,17449.2
22.920,71.00,0.073,36898.03063,23620.3,12278.7
8.370,86.50,0.087,22819.77186,17361.2,6983.91
18.350,57.45,0.084,31947.34177,18240.7,17546
16.440,82.10,4.921,25378.03063,19288.4,12021.9
5.053,76.10,0.087,25604.05063,16340.4,16458.8
18.750,56.91,0.082,27735.36122,22869.6,9744.06
10.550,65.68,0.083,22632.91139,13685.1,14035.7
22.500,49.78,4.920,48777.80244,31951.4,33831.7
16.870,60.23,0.078,23950.76923,18970.7,7604.82
22.000,56.99,0.072,34157.11475,21614.9,17851.3
25.100,40.73,0.067,37929.53642,23849.1,21196.8
27.680,42.05,4.924,37187.92123,23250.6,13014
25.650,70.40,0.064,41394.00666,29161.1,27493.9
13.940,69.03,0.085,40625.08475,24291.8,24481.4
24.790,88.90,4.922,39712.67481,28123.3,31538.6
16.280,83.20,0.069,42248.26695,22806.1,27322.2
19.150,75.50,0.074,38320.00000,31875.6,18182.2
25.350,82.10,4.913,27588.03987,19101.3,19985.3
25.560,64.92,0.264,34795.75221,21252,15644.4
13.770,69.01,0.076,21618.30508,13480.9,14154
21.690,78.40,0.080,33709.23414,28482.6,16970.7
20.840,77.20,4.921,32518.16193,26320.3,10457.9
14.970,77.10,4.912,23603.74468,11751.2,14643.9
21.400,71.90,4.923,42456.36761,26469.7,17997.8
17.750,82.50,4.919,38135.60656,23832.8,22305.4
23.190,89.30,4.919,26319.55605,15586.1,14812.3
25.030,83.80,4.920,43611.42857,27505.1,32987.4
39.110,14.04,0.070,37124.25249,26119,29263.9
23.440,68.72,0.072,30096.95364,20372.6,18018.5
21.750,69.87,4.927,35126.55738,23123.2,17344.1
15.890,69.48,0.084,21158.93536,15324.9,9208.16
10.290,54.14,0.082,42010.16949,23912.5,25743.4
22.200,60.55,4.919,28396.67396,15961,12634.7
20.750,59.12,4.927,26174.86726,15522.7,14350
18.930,67.81,0.083,37452.60394,29968.9,18645.6
12.730,88.40,0.077,32219.23404,20528,14870.3
15.180,72.20,0.083,43837.27660,26480.5,25420.6
12.910,67.12,0.085,40899.66102,25546.5,27943.2
19.590,58.06,4.921,34030.63457,20838.2,12337
21.710,63.09,0.084,44069.67177,27436.9,18855.7
9.250,83.60,0.087,22414.17722,14472.9,14775.9
16.110,80.80,0.083,25618.46154,20227.7,11624.1
16.790,61.86,4.923,32385.82057,18451.9,15447.5
20.660,87.90,0.067,38679.73510,24036.2,24056.1
22.280,88.70,0.279,30010.61947,18610,13238
14.450,68.81,0.073,41006.58228,25787.2,25330.1
15.370,62.15,0.078,24083.38983,14772,14738.7
22.630,74.10,0.084,35996.84902,22899.6,11572.5
19.350,89.90,4.917,23256.15894,12383,15879.9
26.930,58.54,4.923,28895.36424,20713.1,20676.9
29.550,45.12,4.924,38606.70366,25986.9,25321.1
17.200,80.90,0.092,43984.32723,23968.2,28782.5
24.150,67.60,4.917,34578.90591,23142.3,11379.9
16.510,56.78,0.081,21532.59574,11740.2,10672.3
12.660,58.30,0.083,34450.63291,19017.6,17042.9
23.540,66.91,4.925,31393.90728,15769.6,18130.7
13.130,83.50,0.070,24366.84607,13410.2,16925.1
23.040,88.90,4.917,27521.42064,16494.6,15540.6
23.840,67.86,4.905,36607.57475,25477.2,30306.3
21.500,64.42,0.168,29026.87090,17275.5,13784.3
17.090,69.96,0.082,23027.40984,13356,15035.5
15.950,69.83,0.073,44119.14894,25796.3,25327.7
23.470,69.63,4.908,29795.08306,19838,23992
19.380,62.87,0.073,33964.77933,20921.8,18018.9
24.790,43.04,4.920,31893.90743,18575.6,18903.3
17.510,80.60,0.072,22309.77049,14006.2,13263.2
5.381,90.50,4.918,23961.35593,14578.7,10952.7
14.370,77.90,0.089,25585.82278,16851.1,17141.2
14.280,66.10,4.916,33840.00000,21238.9,15855.9
9.780,89.70,0.080,22843.91489,13873.2,13436.1
23.900,86.80,4.910,30841.19601,20635.4,24076.3
13.020,70.90,0.084,31594.93671,20276,20507
14.170,77.20,0.072,30852.27126,17919.3,15738.2
12.970,67.72,0.085,41625.76271,25984.2,28145.8
15.040,74.70,0.072,34547.74468,21556.1,16443.9
28.130,50.96,4.906,39165.44850,28397.5,30703.9
20.740,77.10,4.914,28435.60488,18593,19392.6
12.820,71.40,0.083,17709.50570,12368.2,6707.32
17.310,79.50,0.101,26405.25164,15972.2,11625
16.380,86.90,4.915,26386.34573,17171,10749.7
20.910,74.70,4.923,36234.49180,22829.7,18154.5
20.650,59.21,0.084,40326.15385,34025.2,17690.6
16.980,68.77,0.075,24500.45902,14686.1,15379.4
23.050,66.29,4.904,24277.47508,15239.2,16322
16.220,83.20,0.071,26685.72659,30017.1,19618.9
18.140,57.14,0.097,28532.31939,23178.9,9882.35
21.740,66.38,4.925,35851.90372,23758.5,12494.6
13.750,75.30,0.073,32991.86441,18769.6,15815.4
12.810,69.53,4.913,22808.13559,13553.8,14298.7
22.810,69.69,4.921,43273.51831,24618.4,21011.7
13.300,53.04,4.924,43157.28814,25378.7,26009.7
15.910,83.80,0.081,21911.56082,12515.7,10996.4
23.500,41.31,0.087,34336.79225,22138.9,17757.1
17.430,63.70,0.079,27987.77180,18469.2,14481.5
18.960,56.39,0.083,44249.00662,24822,25627.6
20.620,88.50,0.066,44528.74172,27262,26360.1
7.920,94.10,0.077,20209.88593,14606.9,7266.27
21.680,64.43,4.920,36423.34426,22253.9,18037.9
10.150,60.58,4.922,23772.20339,14359.9,14489.7
18.010,66.56,0.075,31549.80989,25285.1,9363.75
20.900,69.56,0.315,25907.25664,14894,13314.5
15.500,86.00,0.068,36358.06243,19327.1,19293.1
18.960,56.09,4.917,32233.84615,25802.5,9987.47
22.970,47.98,4.919,31955.90958,18630.5,18298.2
17.500,86.10,4.916,26543.89497,14183.4,9600
20.980,65.98,0.083,32745.03282,26443.6,11169.8
20.350,79.80,4.916,40130.94092,24890,17805.2
26.060,61.77,4.921,27986.22517,20353.8,20103.9
20.360,85.50,0.065,43689.53642,26812.9,25751.6
18.510,90.20,4.914,27028.67257,15893.1,13079.1
25.650,84.20,4.918,47531.18757,31164.5,35980.4
24.510,80.60,4.924,48407.01443,29742.8,31562.6
10.670,82.10,0.072,43566.10169,26451.1,25633.4
16.160,69.89,0.074,33787.91489,21007.3,16635.5
13.210,48.88,0.085,32609.62025,20454.7,17372.5
12.280,70.80,0.083,43132.88136,26866.9,25812.9
13.520,66.68,4.910,37745.08475,22898.5,22860.5
23.390,45.21,0.084,26473.11258,13475.7,14013
21.420,47.28,0.084,27897.21854,19800,14332.1
21.340,47.86,4.925,33628.59574,19587.8,17802.6
23.410,80.80,4.925,45997.16814,27845.7,19915.8
18.980,69.06,0.176,25920.00000,15028.7,14002.9
10.880,85.70,0.080,24878.29787,14568.3,14823.9
20.470,65.14,0.070,31360.00000,25553.3,14145.5
19.350,73.70,0.071,32356.72131,20485.4,15245.3
13.190,58.86,4.922,29501.53846,23526.4,9409.16
18.540,81.50,4.919,22989.63934,14923.8,11129.4
22.720,54.98,0.080,38069.40397,19751.4,19908.9
10.460,73.10,0.079,21891.64557,13466.3,14203.4
10.030,61.05,0.090,21213.95745,11568.3,12907.7
12.630,83.10,0.080,31166.53992,26614.3,12878.8
20.170,76.60,0.070,23619.78118,18171.8,10592.1
22.210,55.77,4.918,48343.31126,25503.1,28794.1
9.050,60.09,4.921,24652.30769,20484.3,8061.69
9.380,78.80,0.081,26968.82129,22818,11893.4
11.390,65.88,0.090,31282.12928,26349.2,9006.48
14.420,68.66,0.081,33824.68085,19752.4,21036.8
21.300,78.90,4.918,26752.84768,17434.9,20222
26.870,81.30,4.909,41074.36182,29050.9,25495.7
24.850,88.80,4.923,44577.66926,31012.5,34662.3
21.960,63.76,0.079,35361.05960,18834.5,18573.8
16.960,90.40,0.069,22133.50820,12490.4,13350.6
15.520,84.40,4.915,22750.10941,16752.7,10457.9
24.480,48.42,0.085,36916.93654,24221.6,12617.1
14.560,91.20,0.067,21629.90164,12958.5,10954.5
6.054,81.10,0.085,24558.98734,16085.1,11381.2
9.720,68.38,0.084,27022.97872,15969.5,16165.2
15.330,85.40,0.072,30058.64370,15921.4,17547.6
25.750,67.81,4.919,26848.21192,15784.6,19784.9
24.640,73.50,4.916,26222.99003,15831.6,19491.2
27.420,64.54,4.919,33137.54153,20381,25504.3
20.990,72.30,4.918,23154.43709,14998.8,15123.7
28.020,33.01,4.906,36301.39535,25705.1,33089.9
11.500,89.50,0.080,36268.47458,22577.5,22345.3
20.870,65.81,0.083,33362.62582,26070.1,10352.8
16.540,72.10,0.086,42198.66523,21611,28381.1
13.860,66.69,4.921,26494.29658,21831.2,11490
20.170,86.00,0.072,26972.42888,15748.1,12284.5
15.600,82.90,0.073,23598.01938,11144.6,15522.9
12.850,82.80,0.087,39428.13688,33010.1,16128.7
21.910,50.63,4.922,32537.06783,20797.1,11018.1
17.620,79.40,0.071,37464.61538,31057.4,17314.7
10.570,55.18,4.914,43053.55932,25294.8,25482.9
21.940,69.49,4.912,24753.29634,15205.9,15107.2
22.590,46.45,4.919,37305.19149,19463.4,15723.9
18.870,68.62,0.133,29675.97374,18713.3,13200.7
20.870,70.80,0.068,29513.84615,21890.1,9692.53
27.900,33.48,4.920,32119.64602,18325.6,16238.6
15.520,66.59,0.082,36063.87833,29486.3,16399.5
13.800,70.20,0.071,30606.10169,20308.8,19636.1
21.500,65.42,0.075,26269.66887,17135.6,12199.4
20.400,59.56,4.904,28742.46393,19410.3,19073.6
22.890,65.36,4.924,37790.44248,25480.7,11249.4
21.810,74.90,4.919,36477.87611,24949.3,10508
18.960,54.85,0.083,43028.34437,24324.3,25249.5
17.620,56.24,0.084,22831.93916,17976.1,9081.39
16.060,64.55,0.083,43479.49367,25531.9,25405.3
15.970,78.50,4.914,22128.60759,13448,14157.1
15.890,84.70,0.081,25649.23077,21213.2,12410.6
14.560,68.41,0.087,33469.27660,21867.1,16060.6
15.370,76.20,0.077,19816.91803,11988.9,11275.1
13.030,66.62,0.074,39116.96203,25710.6,24879
21.290,34.93,0.086,33617.56728,18711.2,19141.8
14.860,87.20,0.074,25086.07104,13633.8,16349.1
22.350,71.00,4.914,26340.53097,15687.3,12037.8
16.020,75.10,0.081,21055.93111,11595.5,12741.8
21.600,75.30,0.069,23777.48344,13105.2,12790.2
13.740,60.91,0.084,40074.89362,23198.8,24149
35.780,27.88,4.921,29444.25249,30592.4,27378.1
16.690,54.71,0.080,19224.30380,13699.7,14775.9
24.040,93.10,4.932,22023.52941,16160.1,11947.3
15.150,68.09,0.073,35123.74468,19335.4,15549.7
27.930,46.86,4.925,36372.98361,21986.4,19617.8
23.140,68.94,0.069,35564.50331,22333.5,19459.9
16.840,63.23,4.919,26304.42013,15587.6,12541.3
11.630,62.74,0.084,43169.62025,26731.9,25156.6
17.260,87.00,0.073,22289.23077,17546.3,8356.63
8.650,86.80,0.085,23708.35443,15793.3,14799
16.850,75.20,0.079,21529.18033,13408,12324.5
25.930,40.15,4.906,30468.54606,21029.8,20584.3
16.560,75.60,0.070,33036.59016,21239.6,15402.8
12.030,51.28,0.089,33815.59322,19207.3,18084.7
18.470,60.15,0.075,33285.44681,20122,15961.9
12.590,87.20,4.919,21169.23077,15326,11092
21.610,90.00,4.914,35553.98230,22509.4,13214.5
18.240,86.60,4.918,25016.65574,15410.5,14539.9
10.020,84.10,4.699,23156.92308,15504.5,9154.7
28.150,66.27,4.910,39363.18937,24072.2,28528.9
29.560,58.50,4.908,38463.78738,25853.2,28360.2
27.120,56.34,4.922,29143.31126,17779.2,22218.8
13.950,69.26,0.086,40850.84746,24445,24684.1
15.590,87.10,4.907,27648.00000,16061,16885.2
17.910,79.40,0.075,38652.14209,14653,17373.1
11.660,81.20,0.084,35510.26616,29836.1,15033.9
25.140,64.58,0.070,39366.35762,22262.4,21675.3
12.890,76.40,4.916,22180.98859,16952.4,9513.57
25.340,51.26,0.077,34616.71772,22783.8,13136.5
24.470,93.40,4.917,27342.41953,17730.1,20114.9
7.270,85.80,0.085,21043.34601,16783.1,9548.14
22.510,66.29,0.271,27398.23009,16574.2,13232.1
15.550,70.10,0.073,29913.30798,23403.5,8747.18
11.470,76.10,0.081,38825.85551,33150,16607
19.900,58.66,4.925,35680.52459,22733.1,18556.8
29.200,45.62,4.908,42314.58380,28077.7,27481.9
15.540,62.65,0.078,27103.72881,16978.7,17031.1
19.870,51.86,4.917,44111.15044,24163.4,21716.2
12.400,85.40,0.074,24787.69231,19740.5,10901.2
21.160,65.51,0.072,29520.00000,26572.3,11086.3
21.850,83.40,4.913,32259.82301,20799.2,12243.7
13.640,73.20,0.079,31272.91139,20538.6,14989.9
8.250,87.80,0.082,22533.55932,14024.3,14379.7
14.860,76.10,0.073,32251.13924,20567.8,20067.5
15.410,65.19,4.919,22626.83544,13349.5,14752.8
18.230,69.88,0.080,25226.78337,19792.5,12873.9
15.460,64.64,0.076,34163.38983,20527.7,17036.9
5.915,88.70,0.083,25155.89354,20163.2,7323.89
24.700,41.57,0.076,32797.37705,17728.8,18119.5
17.400,88.60,4.916,26518.68709,15247.7,9564.98
20.250,71.00,0.073,39513.84615,31169,17430.4
14.240,53.50,4.924,43402.21277,24515.9,25298.7
25.600,62.92,4.903,27323.24084,20109.8,17629.1
11.160,58.02,4.920,43498.98305,25495.4,25263
19.440,47.83,0.088,37464.61538,31972.3,16938.8
18.220,74.30,0.070,21606.15385,17211.6,11658.8
13.520,55.94,0.081,32231.17871,25973.6,9427.13
19.820,78.50,4.920,35957.50820,22146.1,16288.9
14.350,90.20,0.067,43097.69645,21376.4,28706.9
16.130,56.78,0.082,40124.74576,24353.8,24053.1
11.770,74.20,4.920,37883.54430,23500.3,23820.7
16.510,66.52,0.076,32712.33584,17842.4,18781.1
19.810,84.70,4.912,27659.46903,19152.6,8207.56
11.920,49.42,0.085,33888.81356,20480.2,16782.2
21.310,54.84,0.084,39126.15385,32905.8,17256.9
16.230,76.80,4.915,22225.82278,13655.9,14411.6
19.850,73.50,0.082,32500.13245,20338.9,19300.4
16.860,69.06,0.076,31598.47909,25292.4,10124.4
5.562,90.40,4.920,25358.64407,15505.2,11647.4
15.600,69.40,4.914,26767.43363,13868.6,13255.6
11.780,60.21,4.920,23677.27660,13236.6,14347.7
15.720,86.80,0.073,28204.77933,16163.3,15924.4
27.010,57.24,4.918,30917.08609,18782.1,22709.2
21.900,86.80,4.916,24344.15094,14388.6,13084.9
21.210,81.70,0.068,44363.44371,25731.4,28882.7
25.270,93.50,4.909,35244.03996,24238.2,23280.8
15.910,85.30,0.082,24602.45425,13659.5,15848.7
11.060,53.52,0.082,29523.03797,17963.5,16256.4
15.240,83.80,0.072,39613.17546,21611,27293.1
16.650,58.48,0.084,36520.15209,29810.4,15454.5
25.400,38.86,0.081,45588.98361,26764.1,25441.9
13.990,56.36,0.089,34286.58228,15308.2,17170.1
13.400,83.20,0.087,29661.82992,17996.3,14743.3
17.260,86.80,0.070,40406.80301,16167,19054.5
17.840,89.70,0.069,24450.09836,15432.8,11269.3
9.310,69.22,0.079,22128.60759,13911.2,14666
17.330,57.52,0.082,26147.69231,21570.2,8443.37
21.580,86.80,4.910,26162.12389,15837,13073.3
17.750,53.00,0.080,38867.79661,19663.2,16990.6
10.130,76.20,4.923,28978.46154,21852.9,8773.01
12.820,69.50,0.086,41456.20253,27001.8,25879.5
12.460,82.70,0.075,37861.01695,23675.4,17957.3
34.590,24.51,4.905,39035.02775,27891.4,26061.4
27.930,43.76,4.918,45359.20266,29115.2,36819.4
19.380,47.87,0.087,37126.15385,31667.4,16794.2
25.270,51.57,0.077,45463.08197,27347.4,26887.8
13.930,59.31,0.082,37378.98305,21811.6,22959
17.800,80.70,4.920,42793.96721,25998.8,25057.2
16.150,63.12,4.918,21976.70886,13229.2,14342.2
17.180,68.22,0.084,43806.63830,26111,25188.4
10.560,46.98,0.085,42589.83051,25108.8,25355.6
11.720,87.50,4.917,30569.49153,21578.1,16313.2
14.900,65.09,0.080,23869.83051,14742.9,11618.4
18.160,43.51,0.081,42818.68676,24859.1,26257.5
9.330,76.50,0.086,24164.05063,14035.3,13972
22.740,43.94,0.084,34832.80947,22439.5,18426.2
19.130,69.91,0.072,37803.07692,30875.2,20871.3
24.760,82.80,4.923,35531.72031,23747.8,28150
27.530,58.02,4.908,34362.25914,24197.5,30770.2
16.350,75.10,0.072,30558.17490,26238.7,12907.6
30.690,51.22,4.906,40001.06312,28754.4,32571.7
14.860,82.00,0.087,27504.15501,14788.6,16261.8
16.470,51.05,0.085,42731.88375,22586.2,27397.8
21.480,70.90,4.919,35982.68852,23316.4,16609.6
17.710,44.57,0.088,35805.56962,22289.4,16719
17.650,87.60,0.073,42260.66738,16907.5,18845.1
23.670,82.40,0.279,45901.59292,27785.9,23434.2
12.590,76.60,0.087,40538.73418,26206.7,25197.1
25.990,87.40,4.912,29842.04218,21041.2,23316.9
17.530,90.50,0.087,29272.13115,18074.3,14440.8
15.530,59.85,4.920,31784.17021,18303.7,16472.9
23.000,52.65,0.085,34270.42623,21730,15519.4
10.850,78.60,0.077,41924.05063,26571.4,25370.6
22.830,69.87,0.067,34686.03939,19669.3,13183.2
20.690,86.30,4.922,33272.92035,18842,15844.4
23.230,51.65,4.919,35846.80851,21446.3,20107.7
19.460,71.40,0.073,28455.38462,22399.6,13445.8
20.790,71.50,0.314,26467.96460,14317.7,13408.6
14.150,73.90,0.074,31814.80851,18245.1,16548.4
27.200,47.92,4.905,40831.43174,26522.9,24081.3
16.630,78.40,4.924,25671.34426,16045.8,14778.9
22.110,71.40,0.104,40112.03501,25636.9,17881.1
15.410,62.86,0.080,23409.88593,18616.8,8695.32
10.400,68.06,3.202,24215.38462,19216.1,7570.12
9.920,79.00,0.087,28046.58228,18612.8,13457.3
18.650,59.73,0.082,41833.11258,23980,25007.3
8.900,85.10,0.084,21006.84411,16761,9478.99
11.660,87.00,4.920,30423.05085,21443.2,16475.3
18.720,63.71,0.072,20830.76923,16040.1,9646.27
32.590,30.22,4.924,41251.29568,28446.8,29649.5
13.830,48.95,0.080,36279.49367,22406.1,17459.3
17.590,84.20,4.917,32961.04918,20953.6,19477.9
23.290,65.86,4.917,26083.85120,16424.1,9127.29
21.630,79.50,4.923,44136.63717,25476.9,19409.8
18.030,72.80,0.083,30467.69231,24895,10560
10.660,70.60,0.083,23285.10638,13514.6,13981.9
10.280,88.90,0.090,24185.87234,14674.4,14585.8
7.930,87.70,0.084,21496.70886,13929.5,13891.1
14.880,84.10,0.073,40270.39828,22179.2,26722.9
29.330,19.41,4.905,38868.81243,27408.7,32898.8
20.140,72.30,0.346,25894.51327,14751.8,12926.2
12.670,82.20,0.082,24267.64263,12691.6,16215.3
28.510,48.15,4.908,41174.75083,29096.2,37578.6
31.640,42.32,4.922,39216.47841,26897.5,30095.4
12.870,51.54,0.084,39536.20253,24890,23369.6
13.180,64.94,0.081,23264.81013,14607.9,15394.7
7.660,87.80,4.916,31271.18644,19692.4,15387
9.520,74.20,4.920,23280.00000,20450.8,7518.07
23.580,45.70,4.917,46194.43709,27490.2,28469.2
16.510,74.80,0.070,33229.36709,20334.3,16082.9
20.330,64.35,0.080,33211.91489,23140.2,16803.9
29.890,55.25,4.905,40556.53718,32114.9,25080.4
22.190,80.20,4.909,22185.24917,12964.6,15641.2
16.610,66.46,0.082,21901.14068,16462.7,9052.58
10.750,70.80,4.926,35150.76923,29618.2,15441
27.720,47.70,4.926,36687.73770,22673.7,19926.8
17.760,69.85,0.083,22762.71335,17667.6,11035.6
19.280,54.38,4.923,32461.53846,26122.3,10189.9
17.700,51.80,0.083,26375.38462,21767.4,12283.4
15.710,89.90,4.915,22209.04918,13709,13181.5
18.170,66.02,0.075,31507.22433,25410.2,9208.16
23.380,45.57,4.917,32520.39344,17543,17280
21.700,45.72,4.920,26640.00000,14778,11331.7
13.600,65.64,4.908,39026.44068,23693.6,23856.2
18.560,63.28,0.076,35886.84607,21314.1,18746.2
14.550,60.83,0.084,36662.27848,20775.7,17632.8
19.470,80.30,4.917,30602.36324,16405.4,10983.1
26.580,44.21,4.922,34660.83151,21312.4,13084
26.090,53.68,4.922,41836.46018,24560.1,18233.1
24.230,49.76,0.082,33236.42553,17765.9,18841.9
12.880,78.70,0.079,35021.77215,22096,22883.9
29.440,55.59,0.065,41155.61462,28913.9,31872.8
29.010,50.76,4.908,35529.56811,25070.9,29065.1
25.410,68.82,0.271,35815.22124,21615,15938.5
13.190,72.60,0.081,41607.45763,25130.7,24747.7
14.120,77.50,0.080,24182.27848,14881.5,11456.4
13.500,74.60,0.081,35078.64407,21406.7,16759
25.970,84.80,4.922,38331.80910,23462.7,18170.8
15.480,62.72,0.084,26463.05085,16409.7,16654.8
22.370,74.10,0.069,31292.18543,20062,14710.2
23.320,82.50,4.916,34661.94690,21218.3,13749.9
20.760,69.28,0.073,38916.92308,30971.9,16973.5
22.450,65.46,0.278,45997.16814,28481.9,22263.4
20.930,80.70,4.914,30609.55752,18194.6,14220.6
13.340,67.63,0.082,23991.86441,11788.4,13592.4
22.700,50.12,4.929,49468.23529,32571.1,35005.4
21.590,58.59,0.269,44340.53097,26618.3,21269.1
22.960,60.22,4.911,30739.13621,20232.9,25534.4
21.460,53.47,0.085,36203.07692,30771.1,16458.8
20.130,85.10,0.066,39569.80132,24743.5,26011.6
8.740,63.30,4.917,33370.16949,20305.2,20272.9
20.860,79.60,0.323,24530.97345,16566.7,8337
14.610,81.60,0.068,22831.65957,13598.8,14725.2
16.330,86.70,0.075,43079.09580,23220.4,27874.9
7.990,61.40,0.087,41431.89873,25688.8,24422.2
16.040,75.20,0.083,40822.21744,21167.4,27520
14.430,89.70,0.069,20758.32078,10426.1,13568
22.870,57.35,4.910,33991.03219,24588,17990.2
17.520,68.11,4.916,33008.74172,17741.8,19495.4
14.320,88.80,0.071,31391.68999,16731.6,18536.7
20.690,65.78,0.072,28400.00000,20882.2,17794.7
15.770,71.80,0.084,44609.36170,26601.2,25141.9
9.710,84.20,0.075,42033.41772,27005.5,25989.4
23.040,77.90,0.301,44869.38053,25574.2,22787
33.910,25.98,4.924,38935.81395,26388.6,32644
20.100,68.29,4.919,32568.57768,20304.1,10837.2
27.380,63.97,4.909,41308.70432,27903.8,28432.5
11.850,86.10,0.091,23150.29787,12036.6,13354.8
18.470,60.52,4.922,31236.92308,25259.5,9657.83
12.890,56.24,0.082,23178.70722,17629.9,9444.42
23.180,67.46,0.070,35742.51656,19826.2,17108.7
30.400,45.36,4.904,38977.49168,28389.4,26934.2
23.840,68.27,4.911,27970.76412,17232.9,21961.5
19.950,88.30,0.067,39582.51656,22228.7,22744.6
16.270,79.00,0.074,35180.02153,20195.9,18525.1
14.250,68.56,0.082,21432.69962,17022.4,9179.35
11.020,90.40,0.083,22576.27119,12477.8,14426.1
22.660,75.70,4.908,36180.19934,25162,32409
15.040,87.50,4.910,24087.82979,13569.5,14823.9
19.650,86.30,0.066,41761.57377,24141.2,24841.5
14.850,60.48,0.079,28410.64639,23086.8,12780.8
25.550,58.72,0.308,36267.61062,20308.9,15997.4
26.550,36.02,4.919,39035.76159,23744.3,21817.1
8.020,86.40,0.089,22693.67089,14294.2,14706.5
10.620,84.80,0.079,23260.59574,13876.8,14161.9
16.490,57.44,0.084,36378.30508,24791.5,21083.3
23.770,54.65,4.921,25907.39606,16412.9,10206.9
14.190,82.90,0.084,27677.76103,15004.9,19293.1
15.630,63.99,0.083,29408.36502,22471.9,8217.05
15.900,72.80,0.073,33885.95745,20542.7,16159.4
21.540,50.25,4.924,24690.26549,12532.6,13755.8
14.660,89.10,0.073,35266.82454,19213.4,17396.4
14.060,79.50,0.083,44106.89362,26648.8,25066.5
15.500,51.72,4.916,28295.69620,15891.8,14729.6
35.920,28.21,4.908,41193.88704,29946.8,32282.5
12.830,89.20,0.083,31385.87234,21900,15143.2
8.920,62.50,0.086,21964.55696,13995.1,13995.2
16.220,64.15,0.075,35374.17722,20885.1,16869.4
30.210,52.16,4.912,33201.32890,20639.2,27299.7
27.450,77.80,4.916,32978.07309,20236.7,25938.1
26.920,80.10,4.902,44206.88124,31510.5,36197.1
20.820,80.10,0.066,46753.90728,26101.9,27659.8
16.240,55.86,0.083,34596.61017,20669.9,16515.9
6.429,86.90,0.079,22996.19772,18973.9,7531.33
21.610,68.05,0.083,42621.45695,26045.7,25355.8
16.690,86.60,4.913,25283.50109,16073,10913.1
14.490,64.30,0.076,22523.07692,18186,9790.84
16.870,82.00,0.069,35347.69231,29179.3,16713.3
15.310,63.86,0.079,23050.95057,18609.4,9600
11.180,70.30,0.080,22874.52471,18973.9,6995.44
19.220,89.20,0.312,26092.03540,16735.1,11049.3
19.240,61.12,0.081,26955.54098,16235.3,17967.9
26.580,58.52,0.264,33489.55752,20189.2,15491.4
21.350,44.64,0.082,38563.67213,23227.2,20906.2
17.250,45.94,0.079,35459.24051,22252.9,17222.2
15.210,55.69,0.077,28939.74684,20757.4,16742.2
29.370,49.90,4.906,41592.18646,29792.2,25381.3
23.430,71.30,0.071,29003.44371,22337.2,17587.2
19.050,92.10,0.076,25743.54486,16734,11391.6
25.330,48.48,4.926,31533.45133,17584.6,16038.6
11.590,72.30,4.918,20429.61702,11217.1,11514.2
16.380,83.50,0.077,25272.07750,13883.1,17035.6
26.540,66.72,4.921,35069.73451,21585,13696.9
20.120,87.60,0.289,27003.18584,17079.4,14055.8
25.800,67.28,4.918,27477.61589,15926.8,19826.2
13.550,61.68,4.919,38542.97872,22704.9,23405.8
19.230,66.21,0.088,34981.61464,20082.3,18082.9
21.570,57.50,4.922,29612.95405,24374.7,10294.5
10.280,73.50,0.081,21751.89873,13386,13943.1
22.350,75.90,4.918,31058.07309,20031.6,25215.1
15.790,61.62,0.082,28939.92395,21746.5,8026.89
28.070,66.97,4.913,39777.80731,26331.6,30475
26.160,48.42,4.904,30506.90344,22884.9,23449.3
15.230,73.50,0.074,23374.81163,12776,16075.6
19.350,60.52,0.077,45062.78146,27479,27269.9
15.860,88.30,0.072,29593.62756,17611.4,14912
32.620,18.85,0.078,33565.37705,18839.6,18032.1
26.370,65.90,4.910,39031.49502,27953.2,30420.8
23.650,71.20,4.922,40040.26490,23617,26844.6
24.190,47.98,0.080,33046.88742,17060.7,18260.7
16.250,64.79,0.073,36814.97872,22485.4,17593.5
24.150,85.50,4.919,28149.36877,18486.1,22226.6
19.120,85.40,4.918,45009.83607,27243.3,26164.9
18.380,70.90,0.076,26691.14754,16008.7,16574.6
11.660,83.30,0.081,24123.07692,18810.7,10652.5
22.550,63.55,4.908,42544.72808,27252.8,28908.3
21.630,70.30,4.926,35013.24590,22183.3,18772.5
26.490,57.32,4.903,35985.61598,25287.4,24370.2
18.180,78.90,4.919,45337.18033,27852.6,26153.2
22.430,51.31,0.080,43410.88525,24453.3,25657.7
13.550,71.40,0.082,29265.70213,17162.2,18121.9
18.310,51.52,0.081,28892.30769,23507.9,9160.48
20.890,83.40,0.093,33671.42232,21525.3,10965.6
13.620,59.41,0.074,42182.80851,24406.1,25223.2
11.650,87.70,0.084,22777.18631,18410.6,9697.96
18.710,85.00,4.916,28876.46018,18677.3,10372.7
15.720,84.40,0.074,39507.77180,17937.7,25437.1
19.640,62.65,0.079,41585.31148,25066.3,24934.7
23.130,79.40,0.062,28748.85683,17631.3,18965.3
18.030,67.04,0.083,25611.20350,21178,9068.94
18.740,65.01,0.075,36898.46154,28956.2,20183.1
22.090,68.66,0.071,32233.11258,21409.1,15241.8
19.800,71.00,4.916,25447.35230,17712.4,9121.46
14.990,72.80,0.084,27857.03422,21974.8,9876.59
15.860,54.52,0.081,37732.88136,22555.6,17575.2
13.570,50.00,0.083,32285.93156,25174.6,8989.2
18.990,70.90,0.073,31466.09257,18692.9,18693.8
18.910,70.40,0.073,24572.30769,19517.4,11884.3
18.460,65.78,4.922,43053.77483,23018.3,26549.2
21.070,67.00,4.925,35819.01639,22848.3,18294.4
9.620,83.50,0.090,20860.83650,16606.3,9721.01
19.600,79.20,0.079,29838.68852,18115.2,17309.1
23.800,86.70,4.912,30311.76080,19674.7,23503.9
15.030,88.20,0.068,24831.86222,14114.1,16517.8
15.760,55.71,0.081,26780.33898,16358.7,16307.5
10.350,81.50,4.919,41485.42373,24846.2,24550.9
22.700,51.96,4.908,31248.47947,21980.1,22040.9
29.090,24.81,4.920,35286.37168,20739.3,15197.2
8.370,89.40,0.081,21201.52091,15958.3,9928.45
25.000,61.83,4.909,30388.30565,18672.2,23612.4
25.730,92.00,4.908,33383.70699,23763,22010.8
22.130,52.62,0.292,47704.77876,31760.1,19056.8
16.240,90.90,4.917,26237.90164,16361.6,15431.9
24.900,87.60,4.924,37193.87347,22900.1,19651.4
18.920,80.90,4.917,44405.50820,26466.9,25960.8
20.010,71.50,0.190,26877.89934,16091.7,12908.9
15.000,86.90,0.071,44157.93326,23968.2,28334.5
23.090,71.30,0.071,36425.38293,23045.2,11770.9
23.350,63.22,4.905,32569.83389,22420.3,26149
18.910,60.58,0.083,27771.86312,21588.2,9127.49
13.310,88.50,0.070,36438.66523,18267.6,18030.5
25.320,24.59,4.922,32193.04918,20500.3,15705.9
18.660,87.20,0.069,25230.68852,14656.3,15519.4
12.200,84.50,0.082,24057.19149,14231.7,14911
11.500,74.00,4.915,28362.53165,17434.7,18349.9
21.240,73.50,4.916,25365.66372,14849.1,13973.4
15.700,86.50,0.079,26741.52853,15815.1,14464
31.550,37.32,4.907,39911.76080,32077.2,30444.9
14.880,52.09,0.081,40666.32911,27636.5,25758.1
13.630,60.81,0.075,45302.27848,27476,26342.2
23.740,60.35,4.916,44599.03720,30028.6,20209.6
10.480,70.30,0.091,29621.29278,24898.4,12994
15.800,72.90,4.912,27991.89873,17405.5,13295.4
9.480,54.42,0.093,30325.42373,18569,14345
13.340,85.10,0.073,33290.84746,18758.7,18513
11.600,81.90,0.084,26777.87234,16434.1,16014.2
28.820,59.90,4.909,39994.68439,27482.3,29065.1
19.600,69.59,0.071,28516.72131,17569,17437.4
26.860,76.80,4.920,35231.25416,22721.4,26302.2
29.390,50.36,4.908,37870.56478,25310.1,28763.8
28.960,32.99,4.919,37675.23179,22883.6,20564.7
22.270,60.45,4.922,41027.25664,22614.1,21363.2
14.730,76.30,4.915,22813.27660,12603.7,10660.6
12.250,72.10,0.083,42132.20339,26721,25338.2
25.780,37.40,0.071,36581.72185,23946.4,18993.2
26.020,68.59,4.904,33172.74140,26165.6,22040.9
18.310,91.50,0.074,41511.07221,25752.7,18178.7
14.490,75.60,0.079,24329.64478,15822.4,14900.4
18.880,56.04,0.084,28447.14829,22799.6,9842.02
10.900,65.40,0.082,30950.88608,18908.2,15244.3
20.580,63.78,0.076,28982.55738,17732.5,16510.4
26.250,62.42,4.907,39258.77913,25538.3,23762.3
26.030,67.19,0.259,35165.30973,21974.2,15679.7
15.570,76.10,4.915,24221.53846,19219.8,7760.96
20.470,61.15,4.922,31138.03063,17596.7,14152
20.300,68.75,4.919,45891.14754,27514.6,26100.7
14.310,82.20,0.071,38484.73628,20049.3,26641.5
25.010,57.32,0.071,32470.03279,19240.9,17845.5
23.270,56.43,4.921,29208.23920,19063.3,22889.4
13.770,80.10,0.081,25551.33080,20030.7,10579.6
17.950,90.90,4.920,26518.68709,18201.7,9500.79
9.300,83.10,0.082,26535.38462,20841.3,7581.69
12.970,79.40,0.071,38824.61538,33073.1,16742.2
24.590,44.83,4.918,46779.33775,28373.4,29627.1
21.720,81.20,0.294,38115.39823,22711.4,19651.1
16.360,68.31,4.920,43432.85106,25500,25269.7
25.560,46.20,4.920,34242.11921,21248.2,16328.9
21.100,57.40,0.070,31458.46154,26126,17378.3
16.360,64.89,0.077,30771.10266,24957.3,9058.34
13.940,73.10,0.074,34854.12766,22957.3,16925.8
11.570,65.35,0.084,23583.05085,15501.5,11085.8
11.660,59.23,0.080,33665.36170,20714.6,16995.5
24.270,39.15,4.937,31654.51327,17797.9,15161.9
24.580,83.30,4.924,44593.75415,27600,34288.9
10.480,74.40,0.082,31184.79087,27067.2,13650.9
14.040,75.80,0.086,34108.47458,23620.7,17766.3
21.800,64.73,4.922,37417.96721,20478,20422.3
28.470,51.46,4.925,39066.99223,26530.5,25682.3
15.940,58.96,0.081,32552.54237,21406.7,16458
22.550,66.72,0.294,29386.19469,17517.3,14844.2
22.970,73.10,4.921,35891.68142,22483.2,13855.8
13.850,68.71,0.084,44420.33898,26017,25488.7
21.650,74.60,4.917,44544.42478,25042.8,19715.8
17.170,70.20,0.082,31896.57795,26091.4,8810.56
18.360,60.75,0.078,29055.51331,23657.6,10383.7
22.830,65.89,4.918,35248.14159,24620,11096.4
21.250,59.95,0.273,27258.05310,16027.9,12990.9
12.140,83.10,0.085,24412.59574,14187.8,16130.3
13.590,85.80,0.070,40524.60710,21189.4,27031.3
20.930,75.70,0.066,32360.84351,22732.8,24370.2
14.920,75.20,0.074,44290.72340,26476.8,26134.8
15.240,55.94,0.082,32033.89831,19852.9,14958.6
22.460,83.30,4.914,22982.59136,13545.6,16755.8
15.550,58.06,3.982,33724.06780,20144.7,16822.7
17.110,84.60,4.923,28252.32787,18226.6,16842.8
13.510,75.50,4.920,22844.63895,12775.5,8771.31
27.440,63.60,4.908,40709.10299,27246.8,27986.6
14.080,69.95,0.088,34067.84810,21198.8,16979.3
21.830,57.32,0.073,31764.98361,18988.2,16941.9
16.380,91.10,4.915,20584.91803,13107.1,11106.1
12.420,75.30,0.071,22843.07692,18260.3,9837.11
25.060,62.61,0.068,37014.03974,21753.4,21326.8
18.420,70.70,0.080,42533.47686,22740.1,27397.8
20.530,75.40,0.072,29062.10877,19319.1,18989.3
16.560,87.70,4.922,36146.36066,22157.3,21215.2
16.870,51.31,0.081,35273.89831,23044.4,17841.5
7.300,90.20,0.083,21481.36882,16506.9,9381.03
16.200,43.77,0.086,31459.40426,20915.9,14562.6
19.920,73.80,4.914,20794.68439,13025.3,13893.9
23.390,69.16,4.924,32470.08850,22355.9,12985
11.140,92.50,0.078,25175.59322,13874.8,13355.1
15.200,83.10,0.080,36771.64557,22697.9,22282.4
12.890,63.68,0.076,39731.74468,23454.9,23475.5
15.980,56.39,0.079,32743.29114,17259.6,17765.8
9.310,83.10,0.082,26073.84615,20402.5,7402.41
18.610,59.08,0.085,31013.47686,19110.8,16913.5
24.720,54.28,4.919,34407.07965,20825.4,12873.2
22.580,87.20,0.292,28264.77876,16761.3,14426.5
11.010,85.60,0.079,23695.81749,19301.6,10176.2
13.920,76.00,0.083,34694.80851,20389,17309
20.090,84.70,0.296,22600.35398,16005.4,11655.3
20.580,77.80,4.913,28156.46018,17236.6,12814.4
36.590,31.89,4.925,36129.16944,24850.6,25094.6
5.098,86.50,0.081,21183.26996,17066.6,9795.92
15.630,89.30,0.071,35700.83961,20313.2,18589.1
21.240,74.20,0.066,27159.73510,14819.1,12353
13.630,70.60,0.077,37037.26236,31077,15967.3
24.320,67.14,4.922,36925.03311,21113.5,23961.6
8.650,82.50,0.084,24686.58228,16511.9,11901.7
9.630,88.20,0.075,21397.78723,12735.4,11543.2
22.560,55.89,0.072,35806.42623,22885.4,18061.2
12.030,78.60,0.088,22135.38462,17033.1,11971.1
11.460,85.70,0.072,23076.76596,13964.6,13941.3
20.240,64.57,0.081,42967.14894,22496.3,27319.4
23.930,60.93,0.072,34165.82781,22269.9,18821.9
21.290,68.15,0.068,28867.69231,21607.4,10831.8
19.950,66.79,0.164,39931.32743,22483.2,20110
14.530,72.20,0.080,27293.34769,18678.2,12817.5
21.340,79.20,0.070,46130.86093,27853.2,27547.6
20.520,78.00,0.076,25227.01987,13801.2,12223
11.510,73.60,0.088,43048.10127,27162.3,25723.4
12.400,71.50,0.075,22365.56962,14994.5,14972.5
16.060,85.80,4.918,24212.16630,17917.8,11117.3
18.670,92.90,0.065,26669.93435,17846.9,9862.61
22.330,69.88,0.070,28329.53642,18209.6,12920.1
20.500,52.25,4.903,38555.56049,27256.6,30984.8
30.810,30.05,4.906,43330.76412,30603.8,29667.6
26.290,42.01,0.271,38013.45133,23894,15226.6
16.820,70.30,4.919,31140.76596,18376.8,14957.4
17.140,58.51,0.082,33913.22034,22453.5,17581
30.870,31.01,4.910,34119.86711,22921.5,32625.9
20.070,54.94,0.078,20635.27869,12089.2,12814.3
13.520,69.71,0.082,22116.92308,17014.5,10189.9
12.070,81.50,0.076,26898.46154,21451.2,11890.1
14.460,80.80,0.075,21876.80608,18274.3,9536.61
24.370,77.00,0.260,43072.56637,27987.9,18256.7
16.650,75.10,4.912,23659.74684,14239.5,14851.1
18.340,70.60,0.184,24002.12389,13546.8,10843.4
30.650,32.08,4.906,43528.50498,30375.9,29288
10.760,69.30,0.080,24073.00380,19824.5,10902.3
21.110,87.40,0.289,28290.26549,18415.4,11855.4
13.970,73.60,4.913,36475.93220,21906.4,17957.3
20.490,84.50,4.913,29169.55752,16862.4,13685.1
22.390,56.84,0.071,31390.76923,25330.2,17083.4
19.810,74.30,0.072,44876.32385,26619.1,19474.3
20.910,84.10,0.066,35070.45952,23265.6,12611.3
26.270,34.05,4.914,32837.74086,22511.4,27341.9
12.150,82.10,0.080,32231.48936,19456.1,19440
15.810,31.62,0.085,33988.86076,21778.7,16748
15.930,57.60,0.083,31667.74468,19536.6,15462.6
13.740,57.58,0.083,30886.69202,25892.6,9323.41
17.580,67.82,0.084,23455.47541,14028.5,15274.5
19.900,68.39,4.924,26581.70678,15173,12418.7
20.480,71.30,0.082,37853.24503,23467.4,23642.6
32.690,39.92,4.909,43707.10963,27729.1,31384.8
14.970,82.80,0.081,22129.23077,17419.8,10536.9
23.640,55.02,0.303,30316.46018,17977.5,14650.1
22.210,60.37,4.924,44439.73510,26760.5,27789.8
23.770,64.15,4.927,34260.53097,19463.2,14603
26.550,56.50,0.065,38806.88742,23441.2,20399.3
16.870,88.70,4.914,27585.04918,18115.2,12167.1
22.250,65.15,0.070,45418.80795,28062.8,28723.2
19.490,81.40,4.914,42658.03063,26339,18318.8
25.340,82.70,4.920,41809.54495,25895.7,26759.6
11.020,78.70,0.080,32718.98734,19043.2,16233.3
29.670,27.22,0.081,33162.49180,20177.1,16772.8
9.920,86.70,0.079,23199.31915,13675.6,13941.3
11.620,66.79,0.082,23211.57447,13342.7,13958.7
12.740,72.90,0.079,23125.78723,13152.4,13540.6
21.480,57.84,0.080,45689.70492,27035.3,26112.4
15.230,79.10,4.917,24475.27869,14838.4,14831.4
15.550,70.20,0.075,37672.85106,21885.4,16803.9
21.260,61.46,0.216,31310.44248,17711.9,14079.3
11.620,71.20,0.083,34780.22814,28422.2,14958.9
18.010,81.90,0.068,31085.11475,15956.7,17758.1
14.550,88.30,0.079,23052.40043,12240.7,14836.4
24.060,44.14,0.078,31223.60656,18457,17956.3
15.860,60.49,0.077,29213.68821,23815.9,11449.7
15.880,87.60,0.065,24230.44133,12973.9,15365.8
16.680,65.09,0.076,34878.63830,21508.5,17175.5
8.640,87.70,0.083,39020.33898,23551.4,23561
14.690,89.70,0.073,26357.11518,14480.7,17832.7
18.600,60.85,0.080,32372.98013,20439.9,19991.6
18.570,70.50,0.080,25344.00000,15455.1,15332.8
10.540,85.50,0.084,22513.02128,13419.5,13656.8
21.300,47.91,0.083,34763.44371,20047,16624.2
25.650,77.30,4.913,43522.12625,30497.5,41157.5
19.720,70.80,0.071,22043.07692,17475.6,9652.05
14.920,86.00,4.914,23380.30635,16857.3,10679.6
13.940,87.80,0.083,28713.84615,21997.9,11097.8
15.420,61.10,0.080,32330.12658,16858.4,16493.5
15.030,61.83,0.080,44035.93220,27286.3,25390.3
14.470,70.10,0.081,22728.51711,17199.1,10758.2
13.460,59.91,0.074,42103.14894,23992.7,24747.1
14.830,83.60,0.081,22344.61538,17769.4,10907
26.350,57.30,4.906,49768.70144,33890.2,36546.2
27.890,29.51,4.924,32769.55752,18617.5,16191.5
16.930,62.48,0.078,28380.22814,22081.6,9444.42
21.350,66.21,0.070,31692.30769,25940.1,17361
11.700,66.64,0.085,44396.96203,27935.6,26735.4
26.610,55.94,4.928,30452.98013,18254.5,22212.9
14.330,82.00,0.085,27320.65574,17702.8,12143.8
20.690,89.50,0.061,24553.11258,16095.2,12004.4
11.110,76.50,0.079,22940.79656,12995.9,11805.1
11.150,63.07,0.082,33358.97872,21556.1,15967.7
17.520,89.00,0.073,41243.83208,16625.3,18501.8
23.590,70.20,0.068,37344.63576,22965.9,20611.9
28.320,38.59,4.910,38824.06215,26732,26103.6
19.780,67.68,0.081,33666.09836,20574.6,20224.1
17.880,68.15,0.071,41575.38462,35631.8,16684.3
15.330,70.20,0.075,42136.70886,25725.2,24572.5
27.400,70.40,4.926,47406.77741,30326.6,36253.1
6.154,87.80,0.088,22077.56654,16705.7,9623.05
20.940,77.70,0.070,42265.43046,24144.7,25928.9
25.570,52.80,4.922,43675.27869,26548.6,26339.8
19.710,55.47,0.082,23889.23077,19673.6,7980.72
25.800,60.65,4.902,34182.81909,23987.3,23792.4
24.510,55.25,4.924,45159.91247,30585.1,20116.2
18.110,80.60,0.080,26342.23195,15666,11975.2
21.880,50.78,0.086,33282.75565,20184.9,16989.1
27.050,73.80,4.904,40799.46726,31172.1,27782.8
18.100,74.10,0.075,34076.38321,19869.7,19595.6
23.620,69.76,4.946,36573.45133,23385,13826.4
23.850,64.62,0.069,37827.81457,23197.9,21947.1
5.060,93.50,0.082,28136.88213,23094.2,9928.45
17.370,89.30,4.926,26615.60656,17011.8,12044.7
15.190,79.60,0.082,29950.76923,21525.6,14816.4
21.360,69.72,0.071,35013.24590,21574,17315
14.540,72.70,0.080,33534.91525,21731.3,17644.7
24.290,83.80,4.917,27473.22259,18019,20069.6
27.220,39.76,4.929,35462.78146,22337.2,17782.2
11.520,63.64,0.083,44804.05063,27224.3,25810.1
21.790,56.49,4.920,45952.14206,30525.9,31869.6
24.770,41.84,0.070,31966.42623,19051.4,17647.3
8.360,72.10,4.911,23424.40678,14706.4,11109
12.700,82.40,0.073,42158.29787,22789,27069.7
15.650,50.30,4.915,29719.14894,16745.1,15776.1
11.020,88.70,0.071,25669.83051,15020.1,16527.4
17.380,50.48,4.915,31212.15190,17307,16528.2
20.590,85.00,0.066,42761.32450,25697.7,26673.2
18.280,91.80,0.074,40143.54486,24849,17665.2
30.290,28.61,4.911,33673.35548,23449.4,26606.9
19.760,86.40,4.918,31289.27790,20644,13626.7
18.720,72.40,0.083,34609.02128,18757.3,23191
7.790,69.83,0.083,22692.01521,18381.1,10084
25.170,83.80,4.918,39661.53163,24812.2,25483.6
20.080,59.04,0.082,27874.62295,16952.3,16615.4
20.600,67.67,4.909,24035.08306,15975.9,18304.3
26.930,76.80,4.924,35167.32519,22592.2,26242
11.460,66.54,0.083,33454.17722,22329.5,16169.6
24.150,89.40,4.910,28147.92453,19338.1,18158.7
29.910,48.82,4.903,48049.01221,35011.6,36359.6
16.320,75.80,0.068,40650.95057,34247.3,16192.1
25.990,63.48,4.919,28723.70861,16476.9,20281.1
20.890,60.79,0.069,31462.81967,17966.6,17454.9
11.820,69.44,0.086,28434.98099,22107.4,7519.81
20.480,75.00,0.071,37058.46154,31180.2,24480
14.190,63.65,0.082,41772.20339,25086.9,24927.2
14.540,73.40,0.074,44499.06383,26619.5,24776.1
19.080,81.00,0.075,26861.53846,23043,14961
19.860,68.01,0.071,37286.15385,30462.4,16713.3
29.710,49.68,4.905,47614.29523,34688.5,36293.4
8.330,82.20,0.075,23076.45570,14994.5,15371.6
12.340,65.85,0.082,23309.61702,13781.7,14121.3
24.150,48.18,0.070,33943.08197,21180.2,16667.9
16.040,70.60,0.099,35050.21277,21998.8,16461.3
27.970,70.90,4.914,38750.83056,26517.7,30667.8
27.690,67.29,4.922,40895.36071,26914.5,27415.7
16.290,84.10,0.071,34907.21206,17208.1,17600
21.100,79.00,4.916,26805.66372,15391.7,12855.6
22.020,69.10,4.920,35466.49180,21510.8,18527.6
8.710,83.90,0.081,24881.01266,16738,12248.7
19.760,58.96,4.919,35239.86885,22744.3,18574.3
16.220,79.50,0.070,37641.50700,19451.7,24709.8
12.010,54.49,0.088,45490.63291,28712.5,26619.8
15.870,84.00,0.071,34994.01507,20203.3,19136
22.480,75.60,0.077,36778.29322,23441.1,14397.1
19.620,76.20,0.069,39261.53846,33281.4,20298.8
21.540,54.93,4.905,30244.79467,21197,22197.4
20.320,68.64,0.082,31497.24289,21409.5,12430.4
21.400,74.80,0.069,28494.83444,15556.3,12855.1
9.310,85.10,0.082,21396.19772,16595.3,9329.17
12.370,80.30,0.084,29559.82979,18043.9,17268.4
13.740,86.10,0.080,18011.62540,9436.25,10618.2
15.960,76.40,4.915,24059.46903,15290.6,8937.12
18.310,91.50,5.375,30665.38293,20778.4,9483.28
22.700,61.75,0.275,27468.31858,16559.3,13249.8
22.190,64.72,4.914,28857.53607,19231.7,21071.8
15.800,86.80,0.077,32172.91712,17963.3,18269.1
23.410,56.29,4.931,33840.00000,18987.9,14508.8
16.190,47.28,0.087,32942.29787,21614.6,14986.5
21.400,67.54,0.068,30240.00000,23749.6,11063.1
14.340,64.22,0.079,22460.33898,13645,13731.4
22.700,79.50,4.910,26911.89369,16310.1,21033.6
19.640,84.00,0.068,38311.86885,23821.7,23844.5
19.940,65.81,4.925,32631.59737,26966.4,12307.8
13.880,62.70,0.078,42583.72881,25579.3,26582.8
5.937,83.10,4.912,27844.86692,21882.8,8620.41
9.590,80.70,0.085,22310.88608,13090.6,13706
23.630,86.80,4.915,33934.88372,23054.4,29517
15.100,66.26,0.082,43370.84746,25641.3,25326.6
27.860,74.10,4.915,36747.90698,22781,30535.2
17.530,75.30,0.073,41219.03122,22377.2,26088.7
19.660,70.90,0.068,35441.31148,22729.4,17489.9
21.710,67.58,4.918,28245.42670,21488,11333.3
17.710,81.30,4.925,40968.39344,25356,24322.6
22.770,50.36,4.919,25770.09967,16860.8,21503.6
10.990,69.61,4.914,22918.48101,13185.4,14168.7
26.990,73.50,4.919,37334.75083,23669.6,26311.6
10.890,73.90,0.085,24034.57627,13969.6,14981.8
16.460,81.20,0.109,26443.06346,16073,11590
20.980,64.02,4.918,27404.60177,15099.8,13532.2
21.140,63.59,4.920,27640.43764,15789.2,12307.8
20.100,78.20,0.064,27901.53846,22466.5,12665.1
24.990,55.54,0.072,36810.59603,22696.5,19814.4
13.420,55.81,0.081,39866.15970,33562.4,15149.1
20.090,80.20,4.913,32196.76149,20042.7,14332.9
18.830,51.40,0.085,39551.15974,32549.4,17005.7
15.150,64.75,0.082,37499.61977,32443.1,16140.2
16.700,58.68,0.083,31850.84746,18218.8,18229.4
4.718,75.80,0.080,20621.77215,12853.5,14105.1
17.120,89.60,4.925,26354.83589,18171.8,9372.4
11.450,65.72,0.085,23589.15254,15344.7,10825.3
17.860,57.91,0.082,22807.60456,17832.5,9311.88
10.140,84.80,0.086,25332.31939,20770.8,11259.5
18.060,66.24,0.083,25333.91685,20707.5,8969.73
21.300,59.82,0.080,45614.16393,26920.1,26398.1
26.790,46.85,4.906,39712.67481,27077.9,24412.3
14.180,68.51,0.082,43865.08475,26075.4,25147.2
23.380,70.90,4.920,30858.05310,20997.5,13626.3
23.690,64.39,4.906,33354.41860,23153.2,27414.2
28.430,63.03,4.908,38942.19269,26684.8,28763.8
9.840,91.10,0.082,25200.00000,14969,15537.5
15.100,71.10,0.076,24455.69620,15286.3,16192.8
9.840,45.98,0.090,30178.98305,17091.8,17164.2
27.980,43.98,4.925,46654.08638,30227.8,39928.4
30.190,65.56,4.906,41681.68701,31575.1,29191.2
26.720,46.25,4.905,40722.75250,27218.6,25646.1
17.280,80.70,0.083,43816.92142,24004.9,28741.8
28.220,35.22,4.917,35157.61589,21843.2,17817.6
9.040,80.10,0.087,26205.56962,17741,17389.9
13.270,87.80,4.925,32141.53846,25021.5,15712.8
32.410,18.14,4.903,39207.63596,28385.6,25417.4
15.390,86.10,0.072,23926.15385,18855.4,11462.2
19.230,72.10,4.924,43385.70492,26247.7,25844.2
28.710,62.32,4.906,39159.06977,27987.3,34294.9
15.900,81.80,0.068,31980.71044,16606.9,19025.5
14.960,61.82,0.084,43436.96203,26910.6,25665.5
20.770,55.59,0.283,29265.13274,17741.8,14503
10.640,75.10,0.075,31507.22433,25918.4,13852.6
26.400,75.10,4.905,24849.18979,18851.5,17942.1
20.220,58.75,4.924,38261.94690,19388.4,21669.1
15.760,81.60,0.081,26739.25602,15565.1,12745.5
31.270,31.42,4.917,32378.47176,22575.9,29041
20.650,84.10,0.285,26869.38053,16102.7,11267
13.320,56.78,4.921,35957.28814,22107,22808.4
24.390,70.40,4.922,37141.19205,20593.3,22189.3
20.590,87.00,0.067,37815.09934,23826.6,23831.6
22.260,68.32,4.937,48303.71681,28403.3,21298.5
18.240,86.70,4.914,24915.93443,15154.2,14370.9
19.500,82.50,4.927,45740.06557,27518.3,25529.4
23.730,65.23,4.922,31928.49558,22217.5,13802.8
30.000,59.89,4.908,38374.48505,26946.8,30372.6
19.800,83.30,4.923,48157.37705,28933.7,26823.6
24.680,86.40,4.919,43529.23418,26732,24731.3
15.940,82.60,0.073,24137.43811,13215.9,15924.4
19.740,52.71,0.080,23129.00662,14987.5,11295.5
26.090,75.00,4.920,31351.49502,26157,21919.3
19.960,75.10,0.070,25741.53846,19331.4,9148.92
25.480,92.90,4.906,27336.02664,17924,17081.4
9.700,83.30,0.082,23003.07692,18316.1,6951.33
14.820,70.40,0.081,22083.14754,14177.1,12913.4
26.310,55.69,4.910,49550.03322,32730.4,39910.3
13.950,85.10,0.077,30057.72152,20341.6,12283.4
9.610,58.43,0.091,26764.55696,17409.1,16748
12.080,82.00,0.086,32255.51331,25207.7,9179.35
23.870,48.32,4.908,30075.74751,20460.8,24763.2
14.590,66.20,4.913,32723.38983,20472.9,15346.5
16.610,53.32,0.084,30296.57795,27332.3,8672.27
12.310,74.90,4.918,27390.50847,16683.3,17129.5
13.440,77.90,0.086,22504.61538,17122.3,11149.9
16.280,68.09,0.075,31945.24715,25796.9,9968.79
17.970,48.60,0.082,34669.83051,20622.5,16081.7
27.040,49.38,4.903,35806.61487,26735.8,28800
29.200,47.19,4.907,39344.05316,28800,30101.4
21.890,45.38,0.081,35051.01639,21198.8,18084.5
11.660,74.90,4.916,28988.35443,17788.4,18772
19.340,41.69,0.084,31018.21277,17645.1,17442.6
20.270,76.50,0.069,26658.37958,17057.2,15522.5
10.280,82.00,0.080,23636.92308,19193.8,9779.28
24.300,53.35,0.090,35637.63676,23381.3,14111.1
17.810,85.10,4.916,22327.87746,11539.4,8292.77
21.650,65.86,0.270,33884.60177,20877.8,13332.1
22.810,64.72,4.924,41013.21663,26884.2,17805.2
23.440,61.55,4.921,27337.94311,15905,12932.3
35.210,24.04,4.905,38881.59822,28674.6,27867.1
24.100,46.36,4.927,31858.40708,17794.2,14079.3
20.650,41.86,0.082,30535.38462,26051.7,14267
17.530,50.82,4.923,23885.61702,14820.7,14754.2
21.250,59.91,2.764,32017.02128,20301.2,15857.4
19.250,70.90,0.079,34491.79763,18802.9,18321.5
26.050,42.91,4.906,27061.13208,18760.3,19434.7
27.760,44.78,4.919,34824.68271,21928.6,12833.1
29.930,25.44,4.905,46936.64817,32392.4,35793.9
17.570,79.70,4.922,36171.54098,23691.6,17437.4
21.690,74.90,4.916,36375.92920,24934.3,10790.4
14.140,66.81,4.917,27488.68085,16086.6,11293.5
23.610,72.20,0.063,30276.75916,19212.7,21661.7
23.600,85.40,4.924,33166.34850,21113.4,22727
19.450,79.20,4.917,23909.67177,17805.8,10942.2
15.350,66.38,0.084,37476.76596,21567.1,22947.1
10.310,59.61,0.084,20527.65957,11041.5,11909
20.460,26.74,0.087,31209.12548,25668,9329.17
28.840,73.60,4.908,32936.20422,25914.7,30268.6
8.790,85.90,0.083,22765.01901,18171.2,9496.28
14.870,86.80,0.083,23139.20344,12633,15342.5
14.050,80.00,0.081,23586.83544,21997.6,15689.6
19.330,91.90,4.922,23102.95082,14775.2,10493.9
24.600,69.05,4.920,35767.94702,20099.4,21344.5
27.050,31.31,4.926,33126.37168,18808.3,16279.8
13.870,63.49,4.916,21612.15190,12674.8,14423.1
17.120,77.70,0.083,31484.63895,26193.4,11234
26.150,80.80,4.918,36260.51054,23318.3,29444
15.760,85.70,0.068,32489.12809,18084.3,17716.4
20.360,90.20,4.917,24699.33775,15350.5,19247.3
14.150,87.90,0.082,22350.76923,17944.2,10664.1
13.220,78.50,0.089,34768.34043,20615.9,16786.5
13.900,68.28,0.085,35260.83650,30329.5,13633.6
15.080,89.40,0.069,23870.82885,13630.1,15418.2
8.930,71.90,0.081,21122.43346,16812.5,9553.9
12.870,73.50,0.086,19704.94297,13668,7127.97
17.760,92.60,0.071,27835.79869,18597.5,13428.3
18.110,56.17,0.089,27449.42966,21890.2,9916.93
14.160,58.90,4.915,32936.94915,20221.3,15763.3
20.480,78.60,4.918,44857.41794,28000.8,19036.6
24.430,57.40,4.918,37398.53821,27360.8,33192.3
11.630,70.50,0.087,43011.64557,26804.9,26249.6
17.230,59.17,0.075,32591.39241,21578.1,16453
24.850,59.29,4.903,42871.49502,28591.1,39337.9
21.840,45.75,4.925,46231.24726,27463.1,20110.4
19.640,89.00,4.919,26304.42013,17006.6,11298.2
27.340,40.81,4.919,36809.80306,23288,12949.8
26.850,83.50,4.915,30471.22924,18824.1,24775.2
18.750,47.70,0.077,36055.14894,22328,17146.5
23.300,58.34,0.076,41396.45902,24668.7,25208.7
24.280,88.60,4.908,25239.15649,16950.8,14884.5
16.740,58.73,0.090,32327.92250,19506.7,16180.4
7.030,63.11,0.087,23040.00000,13575.7,14634.5
18.180,84.80,0.063,22160.00000,17929.3,7205.78
11.830,77.60,0.094,30058.64370,16658.2,13911.3
21.510,65.29,4.918,28749.58425,19437.8,14344.6
24.640,92.90,4.923,30807.36959,19980.6,23058.1
9.770,69.45,0.082,29192.17021,17550,17941.9
11.290,66.81,4.914,21776.94915,13466.3,12700.9
23.200,59.02,4.909,29826.97674,20643,25883.8
23.410,68.25,0.069,38654.30464,21491.5,18993.2
11.690,65.39,0.088,20471.18644,11438.3,10599.6
22.260,81.30,4.918,47008.21192,27452.8,33148.1
20.610,47.75,4.916,46212.34136,27373.4,20682.3
22.150,49.23,0.087,38547.69231,33021.1,19847.7
22.530,41.53,0.082,44452.45033,27969.2,25887.5
19.930,86.00,0.067,23421.45695,13363.4,12831.5
8.190,87.00,0.088,21867.34177,13966,13960.5
25.410,57.71,0.070,51571.49834,34715.1,39778.3
25.040,84.60,4.919,34278.71254,21474.6,21402.9
26.120,33.10,0.072,38730.59603,23721.8,21356.3
13.150,81.40,0.075,23750.57034,19032.8,6955.1
24.140,83.20,4.916,27052.22591,17772.2,20539.6
25.210,69.46,0.262,35579.46903,23231.6,15550.2
12.320,65.41,0.081,20579.24051,10081.5,11843.9
10.320,53.67,0.081,41583.05085,23879.6,25928.7
14.360,79.60,0.073,39628.89734,33013.8,16330.4
23.800,43.34,4.928,48777.80244,33148.9,36185.1
15.910,84.10,0.071,35266.82454,19345.4,19083.6
19.960,88.30,0.068,40447.15232,22737.6,23175.9
20.330,89.00,0.067,41794.96689,26068.2,24883.2
22.140,81.70,4.920,47148.07947,27535.1,33360.7
12.240,86.50,4.922,21735.38462,15419,10612
27.160,53.84,4.921,33409.27152,22370.9,22449.2
11.660,73.20,0.087,25321.67922,14220.4,16157.1
23.020,53.50,0.074,30966.15385,26189.3,10895.4
6.202,87.70,0.086,22333.07985,16853,9807.44
20.090,87.60,0.066,36060.39735,22958.4,22159.8
15.180,55.64,0.080,22911.02662,19386.3,10233.9
28.490,65.53,4.909,42615.04994,28773.4,26970.3
21.520,62.47,0.081,23904.63576,11144.3,11136
8.290,86.60,0.088,22882.02532,14363.5,14949.4
14.400,90.10,0.069,42012.65877,21281.1,28410.2
13.070,78.50,0.087,23762.73764,18823,9703.72
24.220,67.87,4.923,34232.29759,22989.2,11671.7
22.780,86.70,0.280,35127.07965,21753.4,15491.4
25.950,88.20,4.909,23570.61043,17532.4,17412.4
14.570,89.30,0.068,28682.19591,13102.2,15546.2
12.230,70.80,0.082,43126.77966,26866.9,25841.8
12.750,70.40,0.071,31916.96203,21136.8,20755.7
23.380,69.00,0.069,35958.67550,19107.7,16512
10.400,88.70,0.084,20891.25475,16429.6,8804.8
26.690,70.90,4.917,35874.01993,24216.5,25148.8
27.950,49.89,4.903,48662.73030,33722.9,36112.9
27.380,59.05,4.902,34457.71365,26766.2,24797.5
25.360,48.42,4.915,35395.61462,24501.3,32228.3
22.980,74.30,0.069,39887.68212,24960.5,22472.9
23.320,68.56,0.268,29112.21239,17756.8,15673.8
14.870,75.60,0.074,32991.31915,23352.4,17012.9
8.180,50.65,0.092,25999.32203,15658.4,16926.9
10.960,88.60,0.084,20894.72551,10840.3,11822.5
12.490,67.62,0.084,35548.47458,22085.1,24545.1
19.270,89.00,0.073,37080.78775,24830.3,12161.9
16.220,68.73,0.072,33096.74919,20118.9,22254.5
20.340,81.40,4.917,26257.69912,17487.3,10531.6
13.230,80.80,0.082,20836.50190,15509.1,9801.68
24.080,52.88,4.917,33507.57112,19927,15290
22.560,53.35,0.073,34560.00000,21424.4,16583.2
24.220,46.28,4.924,33873.70213,17831.7,15793.5
11.760,85.50,4.917,28635.25424,20713.7,14593.9
27.240,74.30,4.922,38472.45283,24937.7,26681.4
23.610,67.18,4.918,30758.14570,15765.9,17965.3
19.700,75.40,0.069,38972.30769,30923.6,17025.5
27.020,64.12,4.922,36650.47725,22257.7,21144.1
25.410,23.79,4.919,33489.83607,20901.5,17221.7
17.210,57.51,0.078,31093.53612,25310.8,9732.53
23.830,53.95,0.278,37886.01770,23078.2,15650.3
14.980,71.30,0.075,19594.93671,12828,13856.4
20.840,85.70,0.067,42392.58278,26446.2,25113.6
27.380,73.50,4.906,41867.08102,31841.2,27469.8
17.350,78.80,0.077,33034.74704,19422.4,18240
14.590,83.10,0.083,22721.36170,13039,13436.1
10.910,63.25,0.083,24743.48936,14242.7,15061.9
13.520,76.70,0.076,25070.72243,20126.4,7393.04
14.580,61.35,0.082,23093.53612,19209.6,9208.16
16.480,63.89,0.104,32012.16730,25436,9392.56
11.020,72.60,0.083,22820.33898,13097.9,13841.4
17.520,84.80,4.919,24676.72131,15451.4,15035.5
23.240,73.70,0.082,34919.21225,22757.7,11508.3
12.370,77.10,4.916,22765.42373,13185.4,14483.9
19.350,47.40,0.087,40129.23077,33958.3,17881.4
27.610,67.46,4.923,40633.25194,26503.9,27162.9
27.450,50.00,0.069,35617.57377,21822.9,18061.2
12.720,72.40,0.084,23290.16949,11587.8,13424.6
23.690,71.20,4.923,34099.95624,23037.8,11514.2
26.460,58.62,4.907,31026.17940,20635.4,25257.2
24.230,85.80,4.916,28621.39535,18596.2,21949.5
20.560,81.30,0.090,33980.21882,20311.6,15348.3
22.030,60.81,0.076,34018.62295,21551.7,21232.7
21.120,63.47,4.910,32801.95339,23409.5,26097.6
22.430,54.47,4.914,48279.73510,25521.8,28941.8
22.860,69.29,0.273,33687.07965,23317.7,11714.2
14.270,80.80,0.084,25025.36170,14992.7,15091
16.780,75.20,0.072,37076.92308,29763.2,17083.4
25.810,32.76,0.070,40892.18543,25798.8,23347.2
27.220,55.90,4.929,33743.52159,20145.6,25197
20.200,58.55,4.923,41830.08850,21049.9,23451.8
5.138,75.80,0.083,26193.41772,16668.7,16678.6
20.700,61.51,0.082,23714.31072,19381.7,8485.35
22.370,72.10,4.916,23472.31788,12442.8,13457.7
22.180,46.92,0.091,33853.17546,19107.1,18199.3
21.080,58.92,4.920,26888.49558,15975.5,14632.4
18.980,67.80,4.921,34950.29508,22595.7,18154.5
12.410,82.70,0.081,21627.37643,16124,9018.01
28.070,43.80,4.919,45314.55150,29335.4,36921.8
25.340,53.24,0.078,32317.27660,19445.1,15381.3
32.280,35.41,4.908,34713.08970,23270.9,31830.6
14.770,46.94,0.082,38302.78481,23941.6,19477.6
13.980,81.50,0.084,23407.65957,14751.2,11438.7
9.400,80.50,0.086,20949.87342,12415.8,11433.3
18.530,86.30,0.067,23493.24590,13749.8,11275.1
16.040,80.70,0.074,34373.99354,18333.6,18158.5
14.770,54.62,0.085,34693.67089,21352,17528.7
15.860,87.20,0.080,25630.10941,13787.6,11356.6
8.030,78.00,0.083,24558.98734,15147.7,15365.8
11.790,88.70,0.080,32905.53191,19328,16606.5
12.910,55.44,0.087,33861.44681,20004.9,20467.7
16.470,81.10,0.076,42149.06351,22593.5,27653.8
22.710,68.50,0.079,35032.64770,24849,13510
19.080,88.80,4.917,37493.50820,22707.1,21804
13.910,73.30,4.921,36604.06780,22373.3,18634.6
21.350,42.58,0.087,35948.84822,21515.7,19281.5
18.360,53.19,4.916,32488.85106,20462.2,19585.2
11.830,56.53,0.093,22711.89873,13874.8,13914.2
17.750,65.55,0.081,36123.97351,21772.1,21374
18.960,44.89,0.088,29743.65957,17348.8,17001.3
26.000,41.75,0.274,35713.27434,22176.3,14820.7
16.060,84.40,0.081,25932.30769,21559.1,12641.9
27.890,65.56,4.903,29861.22087,22238.6,21439
15.380,67.59,0.074,23573.21851,12842,16331.6
23.120,60.85,4.902,24746.90344,18315.5,16557.7
28.110,64.40,4.912,37570.76412,25283.5,28998.8
16.320,77.20,0.083,25960.30140,14759.3,16896
23.570,82.10,0.276,43142.65487,25592.9,21728
10.730,89.70,0.080,28116.92308,24195.9,10669.9
16.980,53.29,0.090,30466.92015,26386,10055.2
14.540,90.60,0.074,27764.56405,12765,15767.3
14.290,74.60,0.086,31543.72624,26271.9,9646.1
22.500,60.81,4.925,27414.03974,18209.6,14550.6
21.090,41.88,0.083,32352.72336,19972.3,17652.4
24.530,90.20,4.918,25603.55161,15224.9,14643.8
9.390,87.00,4.920,32753.89831,20064.4,15728.6
22.120,70.80,4.912,27054.15929,15747.2,12761.4
12.260,80.60,4.918,22947.52852,17876.6,9144.78
11.440,87.40,0.081,22807.60456,19032.8,8049.94
10.550,88.10,0.086,24400.34043,14107.3,15311.6
15.660,61.55,4.922,29273.92405,17927.1,13972
24.320,93.40,4.934,28007.28080,17182.7,15305.8
18.550,63.32,4.923,25850.67834,16663.1,10066.9
14.620,69.26,0.080,41540.33898,24178.7,25645
5.532,90.40,0.082,21081.35593,12948.3,10402.7
18.690,86.30,0.068,25394.36066,15124.5,11893.1
29.410,41.35,0.069,41515.47170,28792.4,26573
20.780,58.57,4.921,30394.39825,25528.6,12389.5
25.410,85.40,4.922,38037.73585,25564.9,29829.2
27.990,33.88,4.919,47182.30088,27688.6,19798.2
21.340,70.30,0.333,26244.95575,15111,13579.2
22.720,84.70,4.916,27559.77802,17152.3,15185.5
8.420,64.90,4.917,29800.67797,18149.5,18142.6
29.270,49.52,4.906,49666.41509,36437.2,38496.3
30.180,53.13,4.926,42061.39535,22575.9,26034.5
28.500,70.00,4.922,36784.72808,21999.2,17406.4
22.260,89.20,0.310,27162.47788,16723.9,14073.5
20.090,48.98,0.085,30929.23077,26148.3,10270.8
21.170,69.95,0.072,30646.15385,23872.3,11710.8
21.490,69.66,0.079,25860.19672,14340.6,13659.6
5.581,84.30,4.913,23683.65019,19007.1,7450.66
13.730,73.00,0.073,21715.93220,12682.1,14466.6
16.440,60.11,0.076,31116.25532,20787.8,15038.7
16.420,59.18,0.080,33228.89734,27199.8,10297.2
23.720,63.12,0.075,35116.18202,25264.6,23070.1
25.350,86.60,4.929,37379.26748,22983.7,19880.1
20.900,71.80,0.072,32835.14754,21243.3,16061.5
5.455,82.40,0.083,22276.92308,17732.2,7066.99
17.610,70.80,0.071,39649.23077,33504.5,15342.7
18.830,89.90,0.069,29221.77049,17873.7,17985.4
14.800,65.52,0.079,37012.92776,30712.5,15610.1
19.290,44.93,0.087,28885.78723,17162.2,16856.1
8.820,65.24,0.084,31552.40506,20739.2,15227
21.400,81.50,4.921,33142.25166,20986.3,25639.4
16.240,83.30,0.067,33384.61538,26583.5,15388.9
18.410,81.70,0.075,24437.50820,14544.9,14429.1
19.530,85.20,0.071,42982.81967,25304,25750.9
12.950,75.70,0.085,23361.21673,19036.5,8850.9
10.140,71.00,0.085,35969.62025,23011.6,21975.9
21.570,86.90,0.277,38548.67257,25682.7,15832.6
14.550,76.60,4.916,24608.68085,12398.8,13140
32.740,34.92,4.907,42845.98007,34689.9,30908.8
15.700,79.60,0.069,43283.70291,22527.5,27822.5
15.020,88.00,0.069,25929.30032,14235,17134.5
23.060,69.16,0.069,33046.88742,20975.1,15188.7
25.430,77.20,4.933,47448.07991,30457.4,32423.3
14.030,67.09,0.079,24364.06780,15067.5,14698.1
19.490,83.20,4.921,45702.29508,27767.2,25995.8
14.650,73.60,0.072,26189.70936,15389.8,13608.7
11.640,80.10,0.074,39819.66102,24040.1,24765.1
26.710,70.40,4.918,35982.45847,24406.3,25166.9
16.160,87.60,0.066,34870.01076,20346.2,18711.3
13.490,57.29,0.086,33162.53165,20097.3,16401
14.460,63.55,0.086,42364.06780,28285.7,25251.4
20.780,81.80,4.919,27071.36213,16541.8,20666.1
33.960,30.88,4.915,41340.59801,27774.7,32041.5
25.370,62.58,0.070,37497.21854,21237,20363.8
22.740,63.16,4.906,30911.36213,21269.6,26305.6
24.780,83.60,4.928,29699.40199,19272.2,24739.1
7.410,89.60,0.072,22179.66102,13422.5,13986.1
19.720,85.60,4.917,28761.76991,18961.7,10831.6
21.660,83.70,0.066,44961.05960,28190,25668.9
20.670,69.81,4.917,44872.05298,26408.7,27193.1
28.190,69.62,4.926,37366.48169,22124.6,17364.3
24.620,66.19,4.903,30979.97780,21698.8,21589.5
14.180,67.77,4.911,32229.15254,20308.8,14860.2
9.670,68.35,0.082,26520.51064,15706.1,15921.3
12.740,59.01,4.921,23530.21277,12475.6,11903.2
23.240,64.95,0.297,42919.64602,25600.4,22622.3
15.960,55.06,0.084,30789.35361,26846.3,8931.57
17.970,68.62,0.080,39518.94040,23665.7,25131.3
8.010,87.40,0.083,21836.96203,14243.2,14463.6
7.910,79.80,0.091,25488.60759,16362.3,16048.2
22.400,84.90,4.915,33999.29204,20376.3,15473.7
14.840,63.35,0.079,31612.88136,19517.3,14819.7
20.570,77.80,0.071,45323.76368,25913.3,19433.4
15.100,72.80,0.087,38381.74905,32354.7,15846.3
12.130,49.18,0.088,33034.57627,20276,16689.5
14.910,48.10,0.082,42219.57447,25350,24032.9
16.980,62.99,4.927,26468.27133,15509.1,12249.5
13.150,77.10,0.073,29489.49153,19455.3,14171.3
9.400,82.70,4.915,27066.15970,21702.4,8072.99
21.820,67.43,0.078,26791.86885,14990.7,14137.7
28.160,60.66,4.910,41506.44518,27186.1,29263.9
19.840,74.30,0.082,32877.37418,26727.4,11140.7
13.900,90.00,0.069,34510.39828,18476.6,19752.7
11.370,86.10,0.081,21405.56962,14279.6,14342.2
28.620,65.50,4.915,39611.96013,26483.5,30854.6
14.900,70.80,0.073,19898.73418,12820.7,13948.9
16.160,85.70,0.069,23399.61249,12589,15668.4
24.890,50.52,4.907,26018.87043,17540.5,17930.7
10.770,90.50,0.078,26263.14894,15903.7,16339.4
18.760,85.10,0.074,25532.85246,15763.5,15793.4
22.360,67.70,4.906,33609.56811,23312.7,27281.7
18.120,91.30,6.325,29064.68271,19747.7,9033.92
24.180,83.00,4.916,25215.14950,16420.3,19388.8
32.610,28.65,4.909,35529.56811,24057,32487.4
21.830,51.35,0.083,33729.04918,21265.6,16702.8
6.879,63.07,0.084,22411.52542,13232.8,13899.3
13.850,74.40,0.078,23228.35443,15450.5,15232.8
24.500,50.55,4.908,26012.49169,17673.4,23907.6
25.550,50.62,4.913,38680.66445,27603.8,30926.9
22.780,75.70,0.070,46728.47682,26143,27778
13.150,69.90,4.916,23452.30769,16378.5,7963.37
23.690,78.30,0.270,46003.53982,27703.5,23304.8
22.370,67.59,4.919,21134.91676,11826.4,10009.3
16.920,74.60,0.079,34535.38462,29190.5,17985.5
21.680,83.70,4.917,27079.64602,14882.7,13102.7
12.820,74.40,0.078,20187.90097,11547.9,11013.8
16.030,65.96,0.083,43382.27848,25455.3,25399.5
16.620,86.80,0.065,25470.48439,14451.3,15720.7
11.800,82.50,0.083,25749.87342,16759.9,11884.3
13.880,65.09,0.075,29092.88136,17876,17968.9
22.110,60.66,4.920,36284.85246,21098.5,17624
18.650,62.14,0.073,23378.46154,17788,11479.5
17.700,79.50,0.065,21806.16393,9521.98,10225.7
32.870,36.45,4.911,35146.84385,23536.7,32276.5
16.060,85.90,4.917,25281.04918,15258.2,14907.2
23.790,74.60,0.063,28959.46844,18751.9,22118.2
25.080,50.62,4.923,27892.51641,16465.1,12004.4
20.700,80.50,4.927,41587.96460,25439.5,20039.4
11.750,62.97,0.086,34084.06780,21359.3,16266.9
18.430,82.00,4.916,26871.59737,17634,10907.2
11.980,71.60,0.089,44342.27848,26947.1,26186
14.660,73.60,0.079,25507.67213,15655.7,14872.2
18.300,81.20,4.914,25176.36761,15796.7,10848.9
18.650,69.86,0.081,36901.77049,22343,22859.3
24.240,85.70,4.916,28602.25914,19017.7,22353.1
26.140,82.60,4.919,40702.72425,25932.9,35831.3
16.870,69.60,0.081,23821.22713,13366.2,15307.6
11.100,87.50,4.915,21766.15385,15322.3,13474.7
20.650,80.60,4.918,21463.31126,12858.2,13451.8
24.790,64.40,4.922,44070.99338,27662.4,33408
11.060,74.80,4.920,34181.69492,20203,16429
14.490,91.00,0.070,20894.72551,10330.8,12096
17.750,81.00,0.079,24953.70492,15001.9,14913
10.930,81.30,0.079,42288.60759,26855.9,25821.7
23.080,81.30,4.915,34986.90265,21547.6,14650.1
22.570,53.78,0.072,34522.22951,21143,17519
19.030,61.05,0.080,30262.25166,19466.9,18656.5
14.450,73.70,4.916,28157.19912,15845.2,10965.6
16.670,80.40,0.070,23746.82454,13025.3,14266.2
25.340,39.48,4.904,36241.33185,24903.5,28926.4
21.010,59.91,0.072,29649.23077,26025.6,11734
29.930,50.67,0.069,35507.28477,20136.8,23471.3
18.510,76.30,0.075,35814.09190,21155.6,16690.6
14.730,88.20,0.070,29556.42626,13905.1,16448
11.730,83.00,0.071,43370.12658,26250.5,25312.8
26.410,79.50,4.924,37980.19978,24694.4,28715.7
20.310,73.40,4.920,38574.35449,30241.5,17338.4
17.810,73.50,0.071,22547.69231,17940.5,7483.37
8.970,67.21,0.079,23513.92405,14885.1,15423.6
13.870,84.40,0.078,22716.34981,18023.9,9830.49
29.020,47.59,4.911,39567.30897,27303.8,32860.9
18.700,55.94,0.075,34994.01507,20819.1,17879.3
13.870,65.61,0.087,29711.43165,18289.6,14784
21.370,68.53,0.259,26115.36105,15109.5,11642.6
15.320,76.40,0.078,24701.65770,15694.1,15330.9
16.450,78.90,0.072,33220.75350,20459.9,17489.5
8.510,85.50,0.083,27997.97468,18470.5,13353.3
11.920,61.98,0.089,31130.84746,18711.2,19479.8
19.960,85.70,0.074,38676.98361,23650.8,23378.1
25.150,61.97,0.069,39468.07947,19923.5,20411.1
15.280,57.88,0.079,26841.35593,14261.4,12643.1
15.730,83.50,0.067,45509.58019,19404.1,27915.6
25.650,84.00,4.923,47652.65261,31392.6,37009.7
12.170,71.20,0.084,22905.19149,12482.9,12391
28.530,27.52,4.924,37929.53642,22954.7,20157
23.360,64.15,4.924,38750.80963,22010.8,16550.5
13.660,49.93,0.085,42869.10638,25686.6,25072.3
12.170,63.05,0.082,28720.67797,18291.8,12556.2
17.350,61.14,0.084,32839.56236,26447.3,14537.1
25.710,89.40,4.911,31964.48391,22675.8,24219.7
16.800,87.40,4.919,38110.42623,23071.2,22083.9
17.320,66.19,0.075,32821.29278,26212.9,9905.4
20.500,53.91,0.076,30914.27341,16104.7,19648
10.190,65.12,0.085,22231.14894,12940.2,13836.8
23.930,49.05,4.904,30072.18646,20809.3,22594.6
22.080,65.48,4.916,28056.36761,21290,11572.5
10.940,89.40,0.067,28334.29787,16906.1,11984.5
19.940,69.25,4.918,32335.40481,26884.2,11928.5
25.880,37.67,0.072,39595.23179,21005,18703.8
11.730,64.12,4.921,21918.63830,12420.7,13894.8
21.190,60.27,4.914,48254.30464,25076.5,28362.8
20.000,87.20,0.075,29880.79470,19017.9,17864.9
14.440,91.50,0.064,32451.92680,19569,16919.3
24.130,70.40,0.303,33674.33628,18871.9,16344.5
22.070,40.38,0.085,35589.23574,21240.7,18519.3
8.260,90.70,0.082,22265.08475,13061.4,14420.3
33.580,29.78,4.907,50800.26578,34651.9,47441.7
20.910,80.40,4.921,43070.95082,26325.7,25809.2
24.280,79.90,0.322,36280.35398,22000.4,19468.7
30.320,60.02,4.912,36435.34884,24846.8,33276.7
12.100,71.70,0.085,30124.55696,19276.6,18835.7
13.370,70.20,0.088,22657.21519,13783.6,14602.4
30.930,50.52,0.065,39784.18605,27603.8,31179.9
18.470,86.90,0.070,33729.04918,22079.3,15251.2
10.600,84.60,0.081,23230.76923,17431,10207.2
22.040,78.30,4.913,24251.96013,15816.5,16490.7
21.460,51.03,4.917,35944.85106,19543.9,15456.8
15.880,83.10,0.073,32073.71367,16515.3,19066.2
24.960,37.38,4.906,23295.14950,15482.3,18135.6
19.800,76.80,0.071,22449.23077,17271.1,10265.1
14.460,82.40,0.096,27807.31915,17432.9,12420
9.440,50.25,0.089,27543.05085,17077.2,17447.9
20.040,66.61,0.073,29440.00000,24761.2,16695.9
16.430,70.20,0.074,37067.68061,31824.5,15241.3
28.580,42.51,4.927,27812.38938,15492.7,14155.8
20.680,77.40,0.079,45449.80306,27892.5,18855.7
18.170,88.10,0.073,31702.03279,18921.4,19017.3
21.140,83.50,4.925,28327.86885,17126.9,12691.8
34.920,31.12,0.069,34566.37874,23631.6,24841.5
20.810,86.40,0.335,26257.69912,17146.8,11414.1
16.250,91.90,0.074,24110.16393,14292.3,11216.8
17.830,67.11,0.083,29413.82131,20852.1,15371.6
14.180,83.30,0.078,21487.45247,16967.2,9444.42
16.210,68.96,0.080,41055.31915,24980.5,23876.1
21.840,76.80,4.920,35921.22538,24001.2,11473.3
9.850,86.20,4.935,19790.76923,13157.9,7998.07
30.180,45.62,4.904,39137.31410,28427.5,27150.8
27.490,67.24,4.911,35944.18605,26692.4,29227.8
20.620,77.20,4.917,46420.30635,28714.1,19474.3
21.260,73.70,4.922,34043.80328,21143,17274.2
19.880,88.20,0.330,24913.27434,15339.3,12802.6
26.660,60.67,4.919,28348.60927,20690.6,20369.7
12.550,73.80,0.083,30325.06329,19779.9,19373.5
16.920,53.97,0.075,31827.06383,21819.5,17018.7
5.364,87.70,0.087,24972.15190,15826.1,14839.5
8.410,68.57,4.914,22763.07692,18130.2,9368.67
21.060,74.30,4.920,39532.25383,32153.5,16708.1
19.690,45.19,4.910,23334.07325,16582,12844.1
19.480,86.20,0.069,42277.77049,25634.7,25272.9
19.610,82.80,4.914,27237.11160,17380.1,11776.8
14.340,59.91,0.084,41448.81356,24652.9,25193.5
15.840,87.30,0.065,24205.64047,12948.3,15488
23.240,73.80,4.960,35738.76106,22030.4,13785.2
16.090,75.30,0.075,21895.38462,15697.9,10340.2
13.630,63.97,4.919,39538.98305,24477.8,24232.5
15.280,56.49,0.075,28818.22785,21020.1,16655.4
10.880,69.48,0.090,36346.32911,22953.2,22490.6
10.430,81.70,0.087,35969.62025,23434.7,22750.8
14.180,83.10,0.070,43451.10872,22828.1,28992
22.810,64.22,4.916,38024.95006,27142.6,30154.2
12.840,62.14,4.916,28958.64407,18674.8,13731.4
10.130,85.40,0.069,22917.96610,12594.5,13725.6
15.250,73.60,0.075,41079.49367,24780.5,25474.7
24.090,82.80,4.917,22172.49169,15022.8,14406
14.420,53.97,0.083,39829.65779,33742.9,16163.3
23.920,62.79,0.057,35628.07947,22389.6,20269.3
17.520,75.30,4.915,44793.19149,26293.9,25223.2
10.550,51.82,0.089,30490.16949,18463.2,14159.8
19.220,74.20,2.121,31916.06557,20218,14709
26.430,38.74,4.918,33408.00000,20184.1,17640
23.200,86.60,4.918,28940.64373,18498,18393.5
8.400,87.30,0.074,22451.74468,13269.5,14011
25.060,54.63,4.917,40262.59136,29821.5,36295.2
21.530,44.28,0.085,34659.20344,23198.4,16989.1
11.710,81.50,0.080,30095.81749,24832.2,12654
9.700,51.79,0.092,41454.91525,24707.6,24788.3
16.820,83.60,4.914,23008.49015,16819.9,11076.5
25.610,41.08,4.906,27873.02997,19406.5,18225
17.440,69.46,4.923,31600.00000,26360.3,13948.9
23.410,55.92,4.923,29337.00333,19068.2,19699.6
18.090,81.30,0.067,36297.44262,22610.5,21197.7
13.940,48.73,0.075,37426.61597,31846.6,15201
16.430,80.40,0.073,35564.43488,16643.6,19328
20.540,65.92,0.076,40824.15755,25229.9,18190.4
18.030,82.40,4.914,23342.49453,16924.5,11111.5
18.470,74.50,0.070,37243.07692,30380.6,17233.7
12.190,74.40,4.923,21944.61538,16467.8,9686.75
19.970,62.01,0.073,28744.19806,15345.8,18589.1
22.240,64.57,4.908,28398.13953,19705.1,24425.8
21.570,87.90,4.911,33948.31858,21929.3,13208.6
15.590,83.80,0.084,23653.82131,13663.1,11298.9
10.020,70.10,0.085,39106.72340,23546.3,22981.9
25.120,55.85,4.922,49225.30522,32582.5,35511
17.990,72.80,0.079,25457.31148,15291.6,15758.4
29.810,38.38,0.267,34540.88496,21124.7,14738.3
22.590,50.05,4.925,49078.26859,32247.9,34331.3
15.080,87.20,0.074,18609.23077,12856.6,7171.08
9.260,60.40,0.086,25816.70886,16417,16129.2
12.690,64.57,0.083,20937.72152,12977.5,14168.7
26.240,46.18,4.909,35484.91694,25450.6,32607.9
4.807,73.10,0.082,18987.34177,11347.1,10837.6
14.730,75.50,0.079,43996.59574,26454.9,26012.9
23.310,71.00,0.067,37954.96689,23239.1,21291.3
20.810,60.67,0.088,25573.39168,20110,8987.23
16.390,76.20,0.070,34412.93617,21318.3,16072.3
15.640,51.08,4.915,29187.69231,24422.7,10594.7
15.390,62.28,0.081,25444.06780,15877.2,11560.5
22.260,70.80,4.918,26952.45283,15624.1,14992.9
11.190,87.00,0.077,28052.42553,16181.7,17146.5
23.850,67.36,0.069,35666.22517,20286.5,17368.6
22.160,48.15,0.089,34361.59311,21248.1,18216.7
15.930,56.51,0.082,36769.58175,31095.4,15327.7
10.580,62.27,1.437,32536.70886,20487.5,15938.3
13.610,85.10,0.084,24168.43918,13428.5,15778.9
15.930,86.10,4.923,27289.91150,16102.7,12873.2
10.880,88.30,0.089,28150.46809,17648.8,12681.3
15.850,87.50,0.078,26323.32604,14754.8,12459.6
13.860,46.27,0.083,37569.23077,31786.4,16198.6
11.020,78.00,0.081,25520.08611,16181.7,12532.4
13.450,54.44,0.082,39829.65779,33654.5,15598.6
20.910,87.20,0.287,29271.50442,19440.7,12532
11.470,79.30,0.072,22021.01695,14790.3,14125
18.320,90.10,4.915,26544.42478,15417.9,12714.4
20.810,60.26,0.071,30896.26230,17699.1,17390.8
17.380,93.00,0.080,25365.42670,16595.9,12191.1
21.990,61.54,0.069,31329.23077,25590.5,17187.5
8.240,90.40,0.082,22289.49153,13024.9,14426.1
24.380,57.25,4.903,29030.14428,21109.6,20722.8
9.970,82.80,0.077,20056.70886,13418.8,13659.8
14.070,69.32,0.074,35182.37288,21767.8,16243.8
16.330,84.80,4.909,36582.12766,21380.5,22383.9
16.250,87.10,0.065,25098.47147,14158,16302.5
16.240,84.80,0.071,34349.19268,20694.5,18088.7
14.190,62.84,0.083,37105.82278,20768.4,19038.1
13.700,46.67,0.082,39993.84615,33980.6,17014
9.690,86.00,4.936,20227.69231,13373.6,8339.28
9.110,83.80,0.073,38916.45570,25407.9,24294.9
16.400,87.10,4.912,26430.45952,17017.8,11164
23.540,69.22,4.924,34018.40708,18864.4,14220.6
14.740,79.20,0.084,25276.59574,15431.7,15451
31.460,30.12,4.917,39031.49502,26384.8,28649.4
15.240,57.58,0.080,24516.61017,13586.6,12145.2
21.380,61.02,0.267,34897.69912,20941.4,16768.1
17.930,88.30,4.914,25998.68852,17468.7,11496.7
28.250,70.80,4.904,41873.47392,28944.5,27903.2
21.960,69.27,4.920,34238.59956,19411.6,12663.8
15.490,77.70,0.081,18561.21673,12916.8,6211.76
19.290,55.32,4.922,32246.15385,26170.7,10392.3
10.940,82.30,0.086,30290.49430,22726,9669.15
16.300,53.72,0.084,30710.26616,27107.7,8925.81
15.450,57.36,0.083,42273.06781,22802.4,26874.2
29.090,61.72,4.910,39312.15947,27983.5,33620.1
20.760,54.17,0.079,31174.68245,15914.1,18810.2
12.990,69.45,0.082,28089.11392,18244.4,18303.6
21.720,66.89,4.914,34723.85120,19643.2,15453.4
25.730,86.60,4.913,40537.35849,28571.9,31177.4
27.510,35.55,4.926,46806.37168,27407.9,19668.7
14.090,63.47,0.085,37099.74684,20939.8,18558.1
15.380,66.11,4.708,33022.78481,21902.7,16724.8
17.370,87.00,0.077,38738.94510,15481.5,18001.5
25.890,85.60,4.914,46622.19269,29457,40121.2
14.670,75.20,0.085,29000.76046,22365.1,10366.4
21.570,84.40,4.915,26346.90265,14459.9,12667.3
18.410,91.60,0.076,43244.11379,27366,18902.4
10.590,80.80,0.075,42955.93220,25451.7,25309.3
10.670,74.30,0.079,35157.41445,30417.9,15097.2
11.470,67.94,4.919,20500.25316,11226.7,11005.3
22.990,82.50,4.916,44436.10619,26846.6,19704
17.450,55.87,0.086,34962.71186,20611.6,16741.6
6.241,84.10,0.083,20879.08745,16646.8,9778.63
21.090,70.80,4.918,33411.82724,22226.6,26191.1
23.880,62.65,4.923,35398.16193,21338.6,15873.6
20.770,67.47,4.927,36423.34426,23015.5,18230.3
25.150,67.18,4.925,30821.72185,17464.9,21450.8
15.790,51.79,4.921,29569.23077,23347.9,10710.4
10.020,90.60,0.083,28420.08511,17828,12112.3
21.010,86.50,0.067,41362.64901,25959.7,25219.9
24.470,70.10,4.917,37153.90728,20660.7,22165.7
24.540,89.00,4.917,29611.89789,18068.4,18315.2
12.980,71.10,0.077,30331.52542,17974.5,18640.4
18.300,74.70,0.076,34119.78471,20357.2,17669.8
20.300,82.80,0.330,23619.82301,16084,12231.9
20.410,43.66,0.082,28849.23077,24054.5,13052.5
15.320,58.38,0.075,33156.76596,20853.7,15822.6
20.570,47.15,0.082,45851.12583,26726.8,27937.5
27.390,61.62,4.909,49722.25914,33057,45236.5
18.350,61.12,4.923,40012.30769,33526.9,16505.1
19.990,89.10,4.910,31023.71681,19126.4,10608
8.740,76.90,0.085,33843.03797,18955.6,16649.6
15.040,80.30,0.073,24422.64801,13971.1,11671.3
22.720,52.45,0.081,35068.60927,22326,17238.6
12.740,87.40,4.913,27457.68053,22175.1,9745.9
21.130,58.12,4.917,24420.86570,15236.3,14150.2
27.740,61.55,4.907,51297.80731,34674.7,47435.6
17.200,80.00,0.066,22813.37705,13998.8,11065.3
18.420,77.30,0.072,40993.90728,25342.2,25645.3
16.710,51.84,0.082,42756.45570,26024.3,24803.9
12.230,90.80,0.088,28275.25424,15749.5,14727.1
15.160,68.06,0.089,36067.40426,21523.2,16414.8
14.170,70.80,0.080,25796.92308,20454.5,11797.6
13.400,69.52,0.085,21686.15385,16564.5,10132
21.260,83.60,0.067,44427.01987,26491.1,26885.9
17.330,65.19,0.075,30923.19392,25609.1,9651.86
23.950,68.50,4.909,32469.52275,22691,24376.2
19.590,54.45,0.082,44096.42384,27067.4,26691
20.920,59.84,0.072,32430.76923,25136.8,17650.1
12.420,84.50,0.087,28616.17021,18259.8,13912.3
12.400,53.26,0.080,29711.39241,18142.2,16354.7
16.840,75.70,4.912,33794.43038,20279.6,17627
18.730,30.65,0.086,33527.08861,20746.5,16302.7
17.630,81.10,0.065,27005.90164,13233.4,15350.3
20.850,78.10,0.286,32425.48673,18920.6,18262.6
21.490,72.40,4.921,31610.67834,18351,12617.1
20.600,40.34,0.084,38924.95156,23869.2,24308.4
21.020,75.30,4.925,35562.01313,22880.9,13002.3
16.020,60.98,0.084,34596.45570,20531.3,17494
22.140,49.29,4.922,26888.49558,13763.8,15061.9
15.510,74.50,4.917,29768.17021,17301.2,13941.3
34.910,25.01,4.904,38638.66815,27716.6,28577.3
14.930,88.20,0.070,35676.03875,19396.7,18036.4
20.450,66.72,4.916,24792.21239,13887.3,11861.2
25.690,85.20,4.926,36171.00999,22907.7,18574
16.780,67.59,0.076,31561.97719,25178.3,10130.1
12.800,86.10,0.074,32064.40678,18186,17743.1
26.040,58.84,0.066,39480.79470,22494.4,19926.6
25.090,36.28,4.920,35007.43982,21387.1,13568.4
24.900,51.65,0.071,36708.87417,23497.3,18372.9
19.930,69.89,4.922,32961.04918,21886.1,15146.2
18.350,66.62,0.072,31095.38462,27267.8,8478.07
25.500,46.29,0.079,36230.02188,21827.8,13177.4
20.160,76.40,0.072,31107.69231,23329.3,16834.7
24.210,60.82,4.908,25113.08970,17175.9,20846.9
16.790,83.50,0.072,33679.56943,20646.8,18664.7
13.480,61.88,4.923,37403.23404,22013.4,22639.4
14.930,63.87,0.076,34498.98305,20440.1,17245.3
22.320,47.49,4.908,29822.86349,21383.3,20807
26.590,67.72,4.922,37238.62375,23291.7,20656.6
24.510,51.99,4.923,44769.19037,28684.2,18423.8
23.690,60.29,4.925,38300.17699,25447,11537.7
13.460,58.38,0.077,35273.00380,30462.1,14861
15.360,74.80,0.081,35704.94297,28429.6,15195.2
24.630,37.81,4.978,32342.65487,18273.2,15426.7
32.070,34.38,4.918,46526.51163,28974.7,35656.6
12.730,47.60,0.082,43437.26236,31117.5,16267
11.690,65.12,0.083,35759.69582,30657.3,15322
20.630,82.00,4.914,22210.76412,12816.5,15430.3
14.320,89.40,0.069,31249.08504,16174.3,18472.7
13.020,67.81,0.087,20220.75949,12273.6,10704.6
20.440,58.49,4.926,43040.70796,21629.9,24634.4
15.620,85.50,0.070,30009.04198,13938.1,19392
12.490,63.58,0.081,36793.91635,31934.9,14158
13.230,48.45,4.915,32463.79747,21238.9,15157.6
11.910,83.30,0.074,26984.61538,21960.7,11468
16.670,85.90,0.071,22221.53846,17468.2,10288.2
25.150,57.45,4.920,30730.65483,18452.4,15119.2
20.140,59.54,0.073,44292.19672,25029.1,25570.2
22.260,55.32,4.920,38910.63830,19873.2,20281.9
20.590,56.39,0.085,33995.78041,19055.8,18327.3
24.160,45.01,0.077,29855.36424,15219.5,16187.1
7.170,84.00,4.920,22098.46154,17059.1,10045.3
12.390,80.90,4.919,26013.68821,20332.6,7537.09
18.660,65.52,0.073,31273.88590,16819.6,18746.2
18.620,69.79,0.108,29568.84026,18071,13054.8
14.050,89.90,0.069,28241.98062,15375.2,14912
11.410,69.63,0.086,22637.28814,12536.2,14229.2
7.030,86.80,0.088,22365.56962,14804.9,12214
13.680,69.45,0.081,24221.53846,19026.4,11288.7
14.970,83.90,0.069,29004.60710,16057,19194.2
15.860,86.40,0.071,23883.22928,13109.6,15453.1
17.170,80.80,0.070,25822.42623,15540.6,14983
21.290,90.10,4.913,26920.35398,16128.9,13073.3
6.121,83.90,0.086,20921.67300,16436.9,9565.43
17.900,50.28,0.081,31692.25532,20297.6,17181.3
14.490,85.80,0.086,32188.59316,25940.5,9623.05
15.960,81.80,4.916,28621.53846,20525.2,17615.4
25.650,43.05,0.278,35980.88496,19459.5,15414.9
10.490,69.56,0.089,24109.36709,14622.5,15255.9
15.840,89.70,0.068,22016.96448,15877.4,16558.5
20.720,83.10,0.079,40067.92123,25666.8,17215.8
17.050,71.60,0.072,35283.03797,20538.6,16730.6
24.480,86.50,4.911,25443.72919,16251.3,15811.4
20.680,86.40,0.073,35883.41357,23108.7,13229.9
23.380,74.90,0.265,46303.00885,27684.8,23404.8
17.810,63.08,0.076,30266.15970,25366.1,9594.24
25.170,82.10,4.912,25451.16279,16135.4,18298.2
13.490,53.30,0.082,31349.04943,22788.6,9853.54
21.340,72.70,4.916,22715.76159,13939.7,16476.6
27.160,82.10,4.909,50465.52719,35045.8,38911.6
15.620,73.50,0.083,35023.57414,28201.3,15005
16.370,68.13,4.920,28579.43107,17970.1,10382
22.680,84.60,0.282,32419.11504,19882.3,17338.8
10.180,88.90,0.097,22114.72340,14103.7,11281.9
21.540,80.40,4.916,43918.41060,23822.9,29408.5
13.580,73.90,0.073,43016.94915,25528.3,25546.6
27.800,53.55,4.908,31893.68771,21835.4,26890
19.140,41.39,0.086,32157.95745,17872,17581.9
18.810,69.32,0.180,21427.96460,11705.6,9478.41
36.490,21.18,4.934,38999.60133,27410.1,30191.8
26.590,70.20,4.919,36339.66777,24524.1,24727
14.950,88.20,0.072,24180.83961,13542.2,16354.9
20.510,65.94,0.072,27378.46154,20800.4,14764.3
28.760,41.88,4.935,37484.11379,23302.9,13294.1
23.570,60.34,4.920,43876.72131,26923.8,25867.5
24.700,82.70,4.926,46545.64784,28594.9,35036
14.780,67.19,0.082,22290.49430,16400.1,10458.6
13.660,76.20,0.083,21006.84411,15523.8,9784.39
3.541,80.80,0.085,22584.30380,13798.2,14232.3
10.880,43.11,0.087,29660.33898,17281.5,18507.3
25.030,67.26,4.924,39277.95782,25717,24695.2
21.420,60.19,0.271,32623.00885,19511.9,15856.2
25.110,48.35,4.926,36100.68812,24371.3,22293.7
28.370,31.93,0.080,32935.86885,17632.2,18381.9
20.760,86.50,0.069,38997.61589,24582.5,23908.4
14.540,69.24,0.084,32749.36709,21155,15388.9
21.330,66.43,0.081,44630.54705,27702.1,19217.5
15.770,83.50,0.074,38875.34984,21490,25792
22.820,49.95,4.903,29081.28746,20117.4,21649.7
12.880,85.20,0.079,24131.23789,12563.3,16704
23.420,44.60,0.083,39842.58342,23642,26461.1
26.040,47.55,0.322,32336.28319,19077.8,16285.7
25.720,89.50,4.910,30385.43840,21295.9,21709.8
15.630,82.40,0.072,40605.20990,21827.3,27520
13.280,81.50,0.077,22740.68441,18642.5,6816.81
20.570,86.10,0.067,42392.58278,24511.4,26336.5
23.780,49.85,4.924,44006.65208,24404.6,18604.7
20.370,72.50,4.913,32854.03279,20842.1,15344.5
17.600,72.70,4.914,39168.00000,19950,22372.3
10.060,76.10,0.086,21739.74684,13265.7,13937.3
31.690,35.85,4.915,46169.30233,29100,35493.9
7.030,88.30,0.089,26404.08511,16792.7,11491
8.650,86.60,0.082,27109.83051,16599.4,11971.5
23.280,69.59,0.068,33046.88742,21442.8,16222.5
21.360,70.90,4.922,34031.21311,22075.5,16702.8
16.890,86.70,0.073,31042.72340,18153.7,19085.8
17.950,64.42,0.084,31044.86692,26529.6,9000.72
19.860,85.00,0.069,24870.99338,13565.5,12465.2
20.030,58.15,4.924,28315.75221,14429.9,16726.9
22.030,69.76,0.068,32104.91803,20377.7,16253.9
10.160,72.60,0.080,30908.35443,19787.2,14440.5
16.210,67.22,0.072,21481.36882,16915.6,8977.67
12.440,47.40,0.078,21645.62738,17213.9,9427.13
23.620,66.66,0.068,36419.08096,23937.8,12979
13.570,68.48,0.084,40194.67681,34151.6,15581.3
25.690,53.18,0.071,33628.32787,20619.2,15210.4
10.780,88.00,0.084,32261.59696,26702.7,14221.4
20.260,40.03,0.084,39335.38462,33270.2,17083.4
20.480,82.00,0.066,39887.68212,22980.9,23364.9
29.740,59.55,4.901,40754.71698,28298.2,27548.1
22.640,66.79,0.071,32868.87417,18314.3,14875.6
16.020,86.20,0.073,22393.84615,17981.4,8304.58
19.520,65.81,0.076,36572.30769,28703.3,20368.2
21.000,43.58,0.083,32216.31862,19796.3,17576.7
21.510,52.95,0.084,34888.61141,20918.1,17681.5
23.020,82.30,4.915,39243.18584,24795.8,18486.1
24.840,50.16,4.916,27996.27907,17893.7,21118
17.880,72.90,0.071,35576.83531,19924.6,20410.2
12.260,81.20,0.086,32492.77567,25601.7,9490.52
14.880,69.46,4.919,26417.85558,14676.3,12984.8
15.200,88.00,0.068,30616.66308,16548.3,20421.8
21.070,44.94,0.082,46982.78146,27819.5,27116.3
21.180,68.27,4.920,36599.60656,23152.9,18720
13.650,86.60,0.078,22750.76923,17713.6,8356.63
26.240,41.47,0.083,30103.08197,17933.1,17478.2
19.600,49.11,0.083,30916.92308,25449.2,10652.5
12.760,48.26,0.079,43279.08745,31150.7,16278.5
15.460,62.62,0.083,42489.19149,23868.3,26082.6
21.460,66.04,0.072,31901.53846,26460.7,17551.8
22.250,78.00,0.125,35814.09190,22410.4,11415
15.340,60.85,0.074,33052.59574,20220.7,15514.8
12.740,79.50,0.079,24267.64263,16464,11351.3
15.530,82.40,0.072,31521.89451,16258.7,18676.4
10.920,81.10,0.077,23848.85106,15043.9,11049.7
11.260,65.43,0.085,31362.71186,19386,15086
20.930,70.70,4.920,26257.69912,14459.9,12967.4
13.820,65.30,4.912,25663.72881,16187.2,11543.2
14.330,75.00,4.913,21561.76991,10770.1,9960.86
24.630,62.99,4.930,34846.72566,19702.7,14503
24.310,83.70,4.922,41602.12625,27281,32246.4
17.160,53.77,0.085,38567.48936,22576.8,24828.4
24.750,42.31,4.925,46143.71681,25948.4,21592.6
5.481,85.40,4.916,22873.84615,17821.5,9542.17
25.750,45.55,0.084,37099.69365,22272.2,14286.2
20.690,59.35,4.917,26780.17699,15369.2,12473.1
13.320,70.50,0.081,22092.30769,16899.2,10074.2
12.970,75.90,0.076,40143.79747,24477.8,25012
18.470,88.40,0.069,31764.98361,19088.5,18609.2
20.010,42.39,0.087,33747.69231,25947.5,10710.4
22.590,63.58,0.078,44579.60265,23938.9,26401.5
7.760,89.80,0.075,28946.44068,17890.6,18125.2
12.620,86.70,0.070,42882.71186,25316.7,26727.6
31.660,32.19,4.927,34847.04319,23027.8,25251.2
14.180,81.90,0.083,38436.50190,33404.1,15587
19.960,88.30,0.353,27659.46903,16705.2,14344.1
15.900,81.00,0.072,35384.62863,16856.2,23621.8
22.950,56.79,4.923,36589.23414,21719.5,16614.7
16.650,56.84,0.089,31269.96198,25583.3,9363.75
13.390,58.44,0.078,39166.53992,33205.3,16462.9
14.280,74.00,0.076,23123.95437,18451.1,9306.12
22.820,88.10,4.917,23979.75583,13457.2,12717.7
20.600,64.35,4.917,44732.85246,26760.4,25710.1
24.040,81.70,4.914,20730.89701,16158.2,17033
16.680,82.70,0.073,34978.46154,27847.9,16134.9
12.110,82.20,0.085,22229.65779,17243.3,9225.45
23.060,57.73,4.933,34063.00885,19246.2,14514.7
14.100,64.02,0.086,29623.72881,18900.9,18333.6
27.310,43.31,0.078,29093.42193,19803.8,24552.3
17.430,42.93,0.086,31998.63830,19518.3,16298.7
21.540,64.27,4.923,34925.51422,23392.5,12453.7
27.460,56.43,4.923,39572.03108,25815.8,25808.7
21.580,56.95,4.920,27186.69584,15546.5,12179.5
18.040,62.38,0.087,31935.18987,19411.6,16794.2
13.120,75.90,0.074,43114.57627,25754.4,25697.1
11.720,79.20,0.089,42562.72340,25884.1,25409
20.510,60.96,0.070,37367.60656,24037.2,16253.9
17.160,86.90,0.067,38677.78723,21929.3,23318.7
12.720,78.90,0.073,38836.92308,33013.6,16695.9
16.740,63.54,0.082,27534.68852,16302.2,16732
33.630,13.81,4.567,30745.18033,20106.5,17431.6
26.650,75.20,4.911,46819.93355,31021.5,40338.1
15.640,57.74,0.084,28366.77966,18496,13679.3
23.360,63.83,0.083,34906.60832,22354.4,13364.1
21.350,87.20,0.300,37694.86726,25113.9,15320.8
30.150,46.12,4.905,38817.66926,28921.6,26404.5
10.820,87.30,0.079,25484.41065,20049.1,7393.04
25.030,59.69,4.921,43905.82057,25991.7,19089.1
17.450,64.05,4.923,38695.38462,30216.9,16458.8
14.330,67.71,0.085,44426.44068,26458.4,25511.9
12.040,78.80,0.082,25024.06889,13864.8,15988.4
23.960,43.47,0.078,33187.67213,17806.8,17728.9
20.250,84.90,0.246,25416.63717,14852.8,11208.2
18.330,76.90,0.069,44455.86885,26507.7,25628.5
21.230,79.20,4.919,32775.92920,19104,14920.7
24.340,81.60,4.921,31389.12320,20938.5,22997.9
20.360,88.90,0.069,46880.35011,29121.2,19480.1
25.570,87.90,4.909,38459.66704,27043.7,30003.8
15.970,84.40,0.074,24329.64478,11984.1,11525.8
18.720,85.90,4.919,28710.79646,16476.9,13138
21.020,57.66,0.081,35428.03014,21200.4,18565.8
16.690,58.28,0.076,31002.28137,25281.4,9381.03
23.270,60.19,4.908,47799.68923,32806.8,36811
15.520,88.60,0.072,28178.46154,23180.6,14833.7
19.620,68.61,0.069,30258.46154,24318.6,17534.5
25.060,48.85,0.082,39469.23414,24624.9,16731.4
21.430,69.56,0.079,22460.85246,12531.3,11327.6
28.910,37.62,4.920,43860.19934,30186.1,39645.2
16.570,84.20,4.917,28189.37705,18490.4,12767.6
14.570,64.56,0.078,39996.61017,24824.3,23908.3
16.980,79.60,0.080,29624.61538,24314.9,13682.9
32.940,14.50,4.904,47818.86792,32544.5,37268.5
19.220,87.80,0.072,30306.17068,24427,13580.1
14.960,87.10,0.072,27727.36276,14887.6,18164.4
20.140,79.20,4.918,30923.76368,20035.3,13971.1
27.740,45.82,4.924,35921.22538,25237.3,13591.7
21.530,71.70,0.274,27793.27434,16911,13120.3
14.290,65.07,0.083,31625.08475,19871.1,15537.5
29.210,43.08,0.072,40057.89123,27530.3,26037.4
15.560,86.00,0.072,27429.75242,16493.3,14103.3
19.180,74.50,0.069,26012.30769,20030.6,12300.7
26.110,45.12,4.924,32795.44858,22100.4,11228.2
15.590,76.70,0.078,19451.80328,11717.6,13099.9
27.100,56.20,4.921,29372.18543,17741.8,22195.2
14.380,78.50,0.083,33575.66540,27682.1,13939
18.950,78.00,0.070,22713.84615,16780.2,10427
17.820,84.30,4.913,25585.99562,16267.2,11876
14.060,64.57,0.083,29501.69492,15290,11508.4
15.280,67.16,0.080,22191.86441,13283.9,13754.5
12.220,62.16,0.088,32052.20339,19535.6,15659.1
18.630,87.80,4.919,26397.87611,14879,11890.7
10.400,74.10,0.082,21156.45570,12390.3,10039.5
24.060,61.85,0.057,35869.66887,22569.2,20210.2
9.270,80.60,0.082,25028.13688,20568.3,11057.9
10.360,73.80,0.087,22588.47458,13236.5,14304.5
20.720,78.70,0.075,43511.52318,24242,26377.8
18.980,82.40,0.074,42134.96718,24778,17986.1
19.070,93.20,0.069,31616.98031,20711.2,9471.61
26.760,69.66,4.932,37788.41287,23945.5,22709
30.470,44.16,4.908,42450.49834,33930.4,29113.3
24.650,90.10,4.915,30538.86792,21486,23918.7
16.830,72.20,4.911,23586.83544,13955,14804.8
25.210,67.55,4.926,31114.17219,17708.1,21108.2
24.350,89.00,4.916,33332.56382,20786.5,20391.7
17.560,73.70,0.079,42434.27341,21721,28462.5
20.330,60.31,4.917,41375.36424,25229.9,25964.3
27.420,44.85,0.074,28615.01661,19215.2,23919.7
11.510,87.60,0.081,34980.98859,29044.5,15206.7
13.430,69.86,0.076,41608.10127,26874.2,25538.3
15.740,66.24,0.085,37928.13559,22872.9,18055.7
26.340,49.77,0.081,32721.83607,20247.7,14778.9
15.700,83.60,0.085,23269.40797,13652.1,10984.7
18.290,82.50,4.922,40817.31148,24553.6,24497.5
14.500,64.43,0.081,24280.04306,14554,15435.6
16.410,57.03,0.081,33934.97872,21011,16287.1
16.100,86.40,0.072,37511.30248,20613.8,24820.4
29.650,67.06,4.908,37455.98224,25105,27373.5
14.150,75.20,0.081,43102.37288,26104.6,25506.1
18.620,60.81,0.084,28739.16350,21846,9110.2
17.630,60.78,0.087,30892.77567,24950,9536.61
19.710,62.63,4.909,28455.54817,19891.1,22750.8
13.550,66.05,0.082,32503.72881,19944.1,19699.8
15.120,82.90,0.077,43461.26582,26607.9,25486.3
18.880,58.11,0.078,26445.62738,21488.8,11461.2
5.936,88.00,0.082,18500.38023,13598,6569.03
20.570,49.77,4.920,34854.12766,20418.3,18191.6
16.160,57.18,4.915,35477.46835,21253.5,20651.6
13.660,87.10,0.075,34676.80608,29449.5,14492.2
14.130,76.30,0.080,44560.67797,26735.6,25755
13.680,69.01,0.074,42748.47458,25086.9,26577
10.500,58.70,0.084,22146.83544,13699.7,13856.4
20.760,82.30,0.077,32058.11816,19060.6,14659.7
16.710,71.40,0.083,39563.57374,21365.4,25972.4
7.900,78.40,0.083,25861.59696,21514.6,11709
13.200,83.10,0.080,18414.63940,10264.8,10560
17.880,69.11,0.086,22731.20350,17749.8,11239.9
11.880,73.80,0.088,33417.72152,20735.6,15938.3
28.330,29.35,4.921,37024.07002,22556,13031.5
11.940,77.10,4.913,42522.71186,25342.2,25674
13.540,69.11,0.085,40346.76806,34519.8,15517.9
20.730,73.60,4.917,27927.07965,16503.1,13820.5
19.770,77.30,0.073,40381.53846,33586.4,19367.7
15.970,66.01,0.082,25381.77049,15339.9,15356.1
11.770,80.40,0.083,24012.16730,18270.6,7346.94
24.040,85.90,4.915,23556.67774,15645.6,16653.4
27.250,40.25,4.905,29233.75415,19921.5,27022.6
28.440,69.56,4.925,37328.12431,21983.9,17424.5
12.570,74.90,0.089,31181.77215,20421.9,20038.6
8.070,87.90,0.082,21791.63498,16724.1,9369.51
24.150,49.42,4.923,45670.37199,25689.2,19328.4
23.710,66.79,0.272,34732.03540,23684.4,11873
15.730,74.50,0.073,21390.11407,15962,9000.72
19.390,87.90,4.916,37078.03279,22172.1,22439.5
9.900,76.10,0.083,23775.18987,14826.7,15047.7
22.080,57.60,0.086,44731.91489,23315.9,27673.5
22.170,65.93,4.918,36158.95082,23977.7,17938.8
18.250,61.29,0.089,44455.54360,26996.3,26082.9
14.850,89.30,0.067,28942.60495,16995.5,17768.7
21.430,58.61,4.920,29921.75055,24602.5,10685.5
19.010,69.83,0.074,31484.69322,18956.8,17815.3
24.550,92.40,4.916,32226.59267,19820.9,15642.9
17.090,50.23,0.081,19005.56962,13397,14076.1
26.630,36.18,4.920,45315.39823,25671.5,19798.2
28.290,48.18,0.068,39559.24528,26640.8,28824.1
24.530,92.60,4.924,38293.45172,23265,18074.5
13.950,68.98,0.081,32675.28517,26978.8,10210.8
17.320,85.70,4.916,25044.02626,15916.2,11549.2
23.590,42.43,0.083,44783.21311,26407.4,25803.4
15.720,86.90,0.070,33412.96017,20111.6,17937.5
11.370,80.00,0.083,29045.10638,17411,17431
13.720,83.40,0.084,26313.44262,16592,11572.5
25.740,64.82,0.267,34840.35398,21296.9,15903.2
21.930,91.50,4.919,35891.68142,23265.3,14020.5
9.430,75.10,4.922,28886.15385,23734.7,13087.2
36.960,19.61,4.908,42782.19269,30440.5,32740.4
12.540,71.30,4.918,23138.04255,12497.6,14469.7
29.180,42.38,0.072,42544.72808,28891.2,26976.3
7.140,89.50,0.082,23184.79087,18281.7,9893.88
17.420,51.03,0.086,33791.18644,20524,15688
28.600,45.82,4.924,34048.56826,19368.5,16991.1
13.410,52.04,0.087,39694.97872,23323.2,23481.3
33.100,33.31,4.911,39809.70100,28500,30137.6
20.060,86.60,0.068,38247.41722,21772.1,22821.4
11.550,85.80,0.068,37538.04255,19803.7,24503.2
28.160,31.11,4.908,44242.92359,29240.5,41109.3
12.910,68.22,0.087,21698.46154,16609.1,10166.7
13.010,56.59,0.082,32513.36170,21113.4,16200
26.340,71.00,4.926,35465.78073,23878.5,24642.7
25.920,82.40,4.921,44110.98779,28925.4,36720.8
21.980,78.60,4.915,23027.28477,16798.8,16151.6
10.100,74.30,0.081,26503.29114,17263.2,12451.1
20.420,80.50,4.915,44561.22538,27168,18750.6
17.390,81.90,4.921,37115.80328,23658.2,17769.7
15.900,54.69,0.079,35286.10169,23015.2,17395.8
15.320,63.25,0.078,36140.33898,27786,24568.3
23.850,86.20,4.914,30649.83389,20502.5,24425.8
29.380,55.83,4.910,36620.33223,24360.8,26896.1
15.330,59.16,0.076,29292.15190,19728.9,19072.8
20.130,89.80,0.073,45348.97155,28019.5,19223.3
22.760,75.50,0.070,29995.23179,23302.7,16352.5
23.080,77.80,0.279,44563.53982,25435.8,22545.8
29.260,67.99,4.906,37590.23307,24523.3,26031.3
19.610,53.71,0.081,44210.86093,27157.2,26820.9
32.090,35.45,4.909,34598.27243,23213.9,31842.7
17.600,67.37,0.085,29054.20883,20679.8,15127.3
20.250,73.10,0.073,32039.21225,25024.5,10259.5
19.060,52.12,0.080,30916.92308,25605.4,10016.4
20.530,89.60,4.917,21011.92053,11810.4,14172.6
10.160,78.40,4.920,24768.00000,14030.5,12019.4
21.910,60.35,0.270,40383.71681,23676.9,19704
15.850,83.10,0.076,34789.40797,21453.4,18746.2
14.650,55.30,0.086,24855.38462,19855.8,11074.7
18.250,71.50,0.079,26477.11475,15715.2,16306.4
23.220,52.86,4.924,29284.78405,20624.1,20611.9
9.170,59.77,0.082,21691.13924,13812.8,13839
28.540,57.93,4.910,37239.06977,24854.4,28908.5
21.370,70.00,4.917,32366.91466,18324.9,11730.1
12.620,80.00,0.077,23436.81378,16046,11136
18.480,70.70,0.199,22084.24779,12659.9,10308
16.180,63.94,0.087,21329.27757,15660,9248.5
12.000,53.16,4.915,34541.69492,21184.2,16573.7
10.290,86.90,0.083,21152.85171,16735.2,9081.39
21.480,63.53,4.923,31399.86885,21886.1,14977.2
24.040,47.96,0.086,36513.61050,23724.9,12237.8
11.230,66.84,4.919,22948.47458,13240.1,14264
16.540,89.80,4.919,23644.32787,14726.9,14277.6
16.510,76.60,0.070,27032.93864,16628.9,13300.4
13.360,68.56,0.086,37067.79661,23204.9,22542.2
22.110,58.14,0.074,39329.23077,32444.6,17974
20.300,89.20,0.066,40052.98013,25016.6,24298.3
9.080,67.28,0.079,24109.36709,15366.6,15348.4
18.170,88.00,0.072,32595.93443,19660.7,19437.1
16.930,78.70,4.911,27400.96280,17690,11304.1
16.900,63.84,0.079,35193.84615,29205.4,15678.1
21.880,68.94,4.919,34182.29508,22302.2,17309.1
19.850,53.10,0.084,32378.55319,15922,16531
17.770,89.80,0.072,21541.77049,13500.9,11864
19.220,61.20,0.088,34808.00861,21343.4,17198.5
18.320,89.60,0.070,24108.07947,14807.9,13475.4
15.380,87.70,0.069,24676.85684,15089.2,11659.6
19.710,46.88,4.904,28199.06770,18623.4,19290.3
10.990,56.05,0.085,40863.05085,23412.8,25164.5
18.000,69.05,0.082,23166.03939,17951.5,10988.9
19.890,72.90,0.350,26270.44248,14968.8,13338
19.900,61.15,0.080,42856.91803,25664.4,25517.7
24.700,34.67,4.920,33817.18033,22837.2,16755.3
28.570,43.60,4.921,32309.40397,20073.2,19666.7
26.600,63.80,4.911,39152.69103,28424.1,30661.8
28.190,61.82,4.908,41346.97674,29206.3,38199.2
28.610,34.29,4.918,37980.39735,23029.5,20830.5
17.530,74.60,0.076,45025.96340,23986.6,28782.5
22.650,71.80,4.922,33593.64238,20802.9,15761.7
15.780,69.93,0.077,34061.77215,20958.1,16620.7
14.030,70.10,0.085,38825.85551,33168.5,16249.7
12.580,48.85,0.086,41668.86076,25433.4,24908
7.330,88.60,0.085,23841.82510,18664.6,9461.7
19.580,87.00,0.073,30872.58278,19032.8,17805.8
19.990,64.08,0.087,31058.46154,25233.5,11045.8
18.460,85.70,4.920,38651.80328,23747.4,23553
20.770,84.90,0.068,44897.48344,25723.9,27961.1
20.570,69.56,0.274,26996.81416,15990.4,13061.5
12.220,80.50,4.928,24358.93536,18999.7,7127.97
16.500,66.69,0.072,31898.73418,20768.4,16227.5
20.340,77.70,4.917,23059.11504,12195.8,9725.52
11.120,79.60,0.083,23201.20560,14429.3,11915.6
19.780,81.70,0.068,24880.00000,19710.7,11352.3
14.270,71.40,4.918,26153.17287,14478.4,12908.9
28.170,30.66,0.077,36209.31148,22287.3,17320.8
11.440,84.10,0.075,43800.51064,22536.6,24404.5
20.790,68.30,4.922,37166.16393,20266.3,19571.2
20.980,85.30,0.068,45940.13245,27404.2,27707.1
28.110,73.90,4.904,43260.73252,34350.2,37292.5
14.430,56.04,0.083,24266.44068,12645.6,15902.2
15.050,50.20,4.918,31649.36170,17015.9,16397.4
21.870,75.70,4.918,30845.30973,18157.2,16362.2
23.570,66.13,0.068,34750.72848,22453.2,18573.8
13.620,69.08,0.081,36662.27848,20615.2,18506
9.920,86.60,4.938,19556.92308,12652.1,7818.8
24.180,73.40,4.910,30483.98671,19541.8,24763.2
9.960,53.09,0.082,24449.49153,15224.3,11496.8
19.300,84.20,0.070,45803.01639,27343.7,26141.5
22.630,70.40,0.070,30198.67550,17090.6,16447
17.720,77.30,0.067,25847.60656,15945.5,15321.1
12.070,81.80,0.072,43807.59494,26451.1,25364.8
19.420,70.80,0.071,28567.08197,16227.9,14983
15.780,92.40,0.076,22370.37675,16057,11706.2
20.150,70.50,0.082,33690.32823,26346.5,10609.6
8.710,75.00,0.084,21886.77966,12711.2,14182.9
9.560,84.60,0.088,20611.40684,16425.9,9444.42
15.230,87.20,0.069,24664.45640,13311.2,16209.5
15.480,75.70,0.080,18683.80328,10933.7,10330.7
23.070,44.68,4.920,30870.79646,17060.7,14838.3
19.150,68.88,0.076,36252.30769,29837.6,16863.6
27.020,56.84,4.918,28946.22517,17509.8,21970.7
22.300,88.40,4.916,36197.52212,23478.6,14044
20.820,79.50,0.071,22315.23179,12147.2,11679.5
26.800,86.10,4.909,39591.20977,27747,26085.5
15.020,79.30,0.081,23932.83100,12845.6,15872
16.480,56.68,0.081,28076.96203,17460.2,17574.9
17.800,56.39,0.083,33591.82979,20323.2,17268.4
10.700,68.16,0.075,24662.27848,15454.1,15250.1
17.820,77.80,0.080,43661.91604,23645.6,28736
22.090,42.94,0.087,33146.35091,17728.7,18123.6
8.090,68.49,0.079,34920.15209,29445.8,16053.8
13.980,46.81,0.085,32731.13924,20633.4,16441.4
16.360,87.40,0.073,36356.92308,30592.6,19009.2
24.320,47.45,0.068,33552.78689,21005.6,16557.1
17.940,85.40,4.919,28416.00000,17829.1,17338.3
28.080,29.58,4.921,36696.36761,22485.1,12786.4
8.750,79.90,0.079,23385.55133,18955.5,10418.2
25.840,39.02,4.909,38159.20089,26363.3,29305.6
21.410,86.80,0.348,32731.32743,19957.2,17927.2
12.560,77.00,0.082,21987.69231,17074,11612.5
15.600,75.30,0.080,36344.61538,29346.7,15944.1
13.550,90.20,0.070,23455.41442,11463.5,15005.1
23.430,82.10,0.282,45920.70796,27276.9,23169.4
22.500,70.70,4.911,42666.19312,28784.8,29726.9
12.770,86.50,4.912,22220.74398,17888,8876.35
33.680,24.97,4.905,40275.24972,28746.8,27518
24.560,46.09,0.084,34094.29787,21497.6,16687.7
13.280,82.80,0.073,28168.10127,19192.7,11624.1
15.890,89.20,0.066,23374.81163,16665.6,17541.8
24.340,37.78,4.923,37844.42553,19639,16722.6
19.920,71.80,4.915,43549.66887,25738.9,26885.9
13.680,86.20,0.083,23230.76923,17944.2,12011.6
12.800,74.30,0.073,28946.00760,24736.4,12826.9
18.030,56.56,0.079,32881.02128,20604.9,17384.5
21.650,65.46,0.290,31208.49558,18946.8,15291.4
13.700,80.80,0.086,35675.23404,21285.4,22772.9
16.860,68.40,0.080,19753.96721,11851.4,12581.1
21.560,59.04,4.923,48330.59603,25331,28492.8
21.670,56.85,0.082,44147.28477,25686.5,28303.8
17.130,63.42,4.918,26209.89059,15329.9,12243.6
19.930,76.10,0.071,40332.30769,33995.5,19298.3
15.470,62.98,0.079,22527.45763,13634,14316.1
13.770,76.20,0.074,34828.47458,19856.5,17199
14.390,62.02,0.083,24937.62712,15472.3,15410.2
18.810,86.90,0.069,20246.15385,16066.1,8697.83
20.350,80.80,0.075,30834.43709,17565.9,18467.4
21.130,79.40,0.068,27210.59603,13206.2,12559.8
17.080,83.20,4.917,26565.24590,17275.5,12406.2
16.680,68.02,0.072,32721.70213,21153.7,19155.5
19.200,79.60,0.069,22541.53846,17747.1,9576.87
14.850,75.60,0.089,34805.10638,21014.6,15967.7
22.600,80.50,0.257,40479.29204,23673.2,20668.9
25.080,93.40,4.908,28831.96448,19398.9,19621.3
11.390,81.50,0.089,27059.74468,17114.6,12367.7
21.790,44.31,0.080,30859.86755,19897.3,14940.6
16.050,84.70,0.072,25309.27879,12314.1,14423.3
19.840,75.00,0.069,22024.61538,17765.7,7581.69
12.970,54.57,0.082,43749.15254,25564.7,24718.8
23.850,40.55,4.905,24060.59801,15957,18322.3
25.420,89.50,4.914,25527.70764,14403.8,18695.9
15.450,71.40,0.082,26301.31324,16093.7,17437.1
13.650,83.60,0.071,42798.98734,25790.9,25249.2
10.420,88.80,0.080,24290.04255,13719.5,15085.2
12.030,80.00,0.085,36069.96198,31301.6,15431.5
25.540,33.80,0.071,46359.73510,29050.7,27388.1
19.370,84.30,4.921,41157.24590,25081.1,24427.5
14.960,69.44,0.076,21162.53165,12638.3,14070.4
26.940,66.59,4.907,48095.68106,31819,43314.5
9.530,50.45,0.090,27225.76271,16570.2,17117.9
28.100,64.94,4.923,39446.11296,25629.1,25920
15.800,91.50,0.067,22060.36598,15378.8,15458.9
27.380,27.68,4.906,29661.12957,19986.1,24522.2
25.980,42.39,0.082,38032.38512,24016.2,13615.1
19.100,66.51,0.085,39169.23077,32790.5,17598.1
16.290,59.45,4.922,26977.21519,16110.6,16771.1
12.940,63.05,0.078,21158.93536,15973,9818.97
14.330,87.10,0.070,23598.01938,12831,15214.5
16.050,59.70,0.079,32271.86441,21049.2,16290.1
20.120,85.90,0.067,36708.87417,20963.8,23660.3
17.400,55.01,0.086,27857.03422,23223.1,11443.9
18.130,48.13,0.076,36042.89362,21870.7,16798.1
16.810,49.87,0.080,38406.07595,23281.5,20663.1
19.510,67.42,0.160,28398.58407,17023.3,14879.5
13.980,53.99,0.087,37944.30380,22756.2,24375.9
21.180,58.88,0.072,31286.55738,20255.1,18002.9
14.930,74.80,0.072,32194.72340,23722,17105.8
17.720,65.80,4.914,31453.12910,17772.2,12261.2
14.980,87.00,0.083,32768.13778,18461.9,23092.4
17.290,89.70,4.937,26871.59737,17716.2,10656.3
11.770,69.81,0.084,23076.61017,13243.8,14015
13.030,65.19,0.086,37726.77966,23449.2,26160.2
16.570,89.70,4.915,22170.32823,12036.1,7446.57
14.750,62.99,0.085,43704.30380,26928.9,25613.5
22.940,79.80,0.257,42250.61947,24765.9,21233.7
25.050,31.33,4.921,32356.72131,22157.3,15682.6
17.540,50.01,4.917,32105.31646,17288.8,16828.9
26.250,89.40,4.908,41425.97114,28754.4,27951.3
27.100,65.59,4.920,39469.74473,25017.5,22769.2
24.070,63.59,0.263,45697.69912,25944.7,22045.7
18.740,60.39,4.923,33123.15098,20289.2,14811.4
6.094,87.80,0.086,23507.22433,19095.4,7571.67
12.910,73.20,0.085,22917.96610,11533.1,13395.6
13.290,40.10,4.922,34370.84746,21122.2,16996.3
21.000,85.70,0.068,45189.93377,27089.8,27394
19.120,91.40,4.920,21541.77049,13240.9,9992.55
22.120,72.70,0.068,28990.72848,16106.4,15767.6
16.260,65.61,0.081,26905.18033,16031,16236.4
15.800,69.10,4.921,26840.08753,16577.2,9401.58
9.650,58.43,0.083,23750.88608,15129.5,15163.4
18.350,89.50,4.918,22322.36066,13467.5,10324.9
16.850,90.30,4.913,25478.86214,14653.9,11327.4
29.680,48.86,4.907,41994.93896,29932.8,25658.2
20.840,89.00,4.918,24343.31126,14991.3,18520.6
25.370,75.70,4.927,37967.41398,24006.3,24346.1
14.160,81.60,0.074,38308.74525,32807.6,16555.1
21.070,88.70,4.911,28385.84071,16675.3,13449.8
28.000,49.17,4.927,33956.02649,21899.4,22390.2
27.330,30.09,4.924,37497.21854,22625.4,20718.3
24.570,55.85,4.918,34050.26549,20634.5,12985
12.430,68.46,0.080,38649.42966,33466.7,16704.9
15.340,60.20,0.085,33593.92405,21913.7,16985.1
13.910,81.60,0.080,35246.29787,18270.7,20322.6
20.950,58.69,4.922,26257.69912,15638.7,14479.4
18.040,88.10,4.919,31264.07002,18948.5,13766.8
20.090,69.72,4.922,26632.12254,17932.8,11525.8
12.850,78.50,0.078,27439.65957,16620.7,16507.7
9.830,82.50,0.074,23150.29787,13503.7,14289.7
26.300,43.78,4.936,31998.58407,17577.1,16450.4
17.360,53.92,0.075,25569.23077,20971.5,11745.5
10.740,92.50,0.081,19415.59322,10125.2,9870.15
25.800,87.80,4.922,38395.73807,23565.4,17942.1
13.460,63.89,0.074,40936.88213,34556.6,16290
21.700,78.20,0.066,43180.92715,26131.8,26407.4
18.010,62.15,0.089,33788.35443,20535,19489.2
10.830,72.90,0.080,24869.96198,20229.5,6909
21.010,81.70,0.065,42481.58940,25390.9,26862.3
18.970,77.70,0.071,23249.23077,17371.5,10698.8
13.870,58.53,0.082,24644.74576,16836.5,11699.5
13.500,45.06,0.077,31793.15589,25958.9,9623.05
22.120,48.92,0.089,34063.98278,20181.3,18333.1
8.520,89.00,0.082,24138.30508,15268.1,11803.7
21.650,67.32,0.284,30488.49558,17367.6,13685.1
10.080,68.16,0.082,22320.00000,18130.2,7315.66
10.920,71.80,0.085,22990.11407,18800.9,6759.18
21.450,88.30,4.912,29532.74336,19339.7,11455.3
19.850,90.30,4.915,20299.86755,11103.1,13428.2
26.440,44.42,0.075,25521.32890,17434.2,19310.5
21.290,62.36,0.090,46861.44420,28721.6,19976.2
14.470,89.70,0.071,37498.90205,19994.3,25925.8
15.500,57.51,0.076,29031.86441,15479.6,13621.4
19.580,54.25,0.080,25837.35099,18467.8,13493.2
10.520,80.70,0.086,22754.79010,12874.9,12084.4
13.210,89.40,4.922,26195.90958,16189,13207.3
13.040,58.20,0.086,34657.21519,21530.7,17690.6
16.700,59.20,0.082,33593.92405,21665.7,17158.6
15.390,74.30,0.081,32819.74468,21161,15352.3
14.860,87.80,0.071,33766.37244,18201.6,22743.3
15.900,78.20,0.074,25354.17219,16424.5,14905.1
29.320,54.60,4.908,36237.60797,20119,28390.3
33.530,33.52,4.908,42284.65116,27945.6,28077
16.450,89.50,4.920,21818.75410,14009.9,10855.4
28.190,29.88,4.915,44262.05980,29145.6,36241
14.400,90.00,0.069,27237.54575,12306.7,14504.7
22.090,74.80,0.069,29016.15894,21319.3,18780.6
16.060,77.80,0.093,34425.19149,21230.5,15932.9
23.710,87.30,4.911,25878.53821,17548.1,16376.2
19.070,69.82,0.075,22070.55738,13415.5,10826.2
19.340,71.70,4.917,29107.69231,21451.2,18870.4
14.970,78.30,0.072,38868.44106,33105.9,16272.7
25.250,86.60,4.923,38357.38069,23496.9,19404.6
21.640,84.00,4.916,26353.27434,14407.5,12802.6
21.330,55.91,0.080,32243.74468,19913.4,15421.9
25.380,87.10,4.907,36209.36737,25777.8,24273.9
19.160,85.30,0.068,44405.50820,26805,25593.5
14.960,87.30,0.065,42149.06351,22839.1,27549.1
20.870,69.47,0.070,40055.38462,33017.4,17355.2
15.840,77.70,0.082,26499.72013,19048.5,13707.6
15.690,71.50,4.915,25038.98734,15337.4,11138.3
16.530,63.65,0.083,29000.76046,22678.1,10412.5
13.400,62.45,4.918,23076.61017,13225.5,14101.9
23.270,57.65,4.924,39009.19037,23127.4,17367.5
9.110,79.20,0.093,23878.48101,14936.2,15579.8
25.570,32.72,4.917,30782.95082,17401.9,17326.6
33.460,33.05,4.913,39937.27575,25602.5,31631.8
22.480,75.80,4.917,36114.69027,22434.5,12755.5
22.670,70.20,0.068,28189.66887,16061.5,16145.7
4.769,75.60,0.082,21776.20253,13626.7,14625.5
20.530,76.50,0.291,36809.20354,21218.3,20015.9
10.860,53.50,0.076,22022.81369,18679.3,7012.73
21.240,63.58,0.070,29126.15385,21362,17898.8
25.050,93.00,4.909,24190.72142,16167.7,16768.4
16.910,63.49,4.920,27457.68053,16046.9,12517.9
21.410,65.74,4.921,34200.78775,22488.8,12302
13.130,78.90,0.076,29760.00000,24032.2,13035.2
20.990,69.28,0.072,39944.61538,32827.7,17187.5
13.780,47.50,0.085,42516.61017,24572.6,25575.6
23.680,67.44,4.919,29283.17881,15058.6,17197.3
7.850,88.30,0.082,21770.84746,13097.9,13934
15.170,86.50,0.073,22903.59526,10785.3,15133.1
17.370,50.38,0.084,39086.15716,23011.4,23982.5
32.230,26.98,4.923,35904.42478,22453.2,13261.5
21.850,77.40,0.068,36276.55629,21895.6,19678.5
30.050,31.11,4.918,49556.41196,31875.9,42615.6
20.610,66.03,0.072,36511.47541,23747.4,17658.9
15.100,61.23,0.082,44096.94915,26841.3,24846.2
27.300,41.55,4.921,35757.37418,22746.5,12576.3
13.320,77.60,4.922,34401.35593,21698.5,16585.3
15.470,77.40,0.082,33650.84746,22340.4,17534.7
25.960,47.88,0.077,23448.23920,15421.5,18099.4
20.730,79.70,0.310,26996.81416,18224.5,9296.02
14.380,75.90,0.082,29925.47529,23421.9,9150.54
11.060,70.10,0.089,22802.03390,12485.1,13905
17.350,66.82,4.924,43101.95745,24354.9,26309
11.170,77.80,0.076,20129.62025,13615.8,13596.1
8.390,86.70,0.085,23653.67089,15264.4,15238.6
12.200,79.50,4.920,23875.93220,14593.3,14483.9
17.980,57.87,0.087,33741.57158,19902.6,16727.3
17.330,74.70,0.084,31402.71335,26241.9,11420.8
23.180,82.30,4.920,46914.69027,28223.7,20298.3
17.770,64.25,4.922,39126.15385,33300,17135.4
15.290,77.90,0.065,43789.36709,25980.5,25023.6
6.793,80.70,0.083,21049.42966,16775.7,9651.86
16.800,65.10,0.080,44777.95479,24719.8,28288
13.780,47.35,0.085,34584.30380,19086.9,18344.1
10.310,84.60,0.085,23738.55319,13532.9,11131
9.300,86.30,0.086,32326.77966,20520.4,20226.6
24.270,82.80,4.916,23645.98007,15216.5,16147.3
29.040,43.88,4.920,34317.06992,20102.2,16329
27.480,76.40,4.909,37225.83796,30354.8,32628
27.060,64.32,4.926,36880.62153,22748,21547.3
23.520,83.00,4.917,26620.02220,17361.4,17821.7
23.690,53.62,0.092,46596.76149,28266,19427.6
20.840,57.39,0.085,35087.01830,21163.7,18763.6
25.600,36.64,0.071,36382.86329,22256.2,19211.6
25.500,55.95,4.906,48637.15871,34137.3,40259.8
20.370,76.20,0.067,39760.00000,33329.8,20252.5
11.880,80.80,0.083,23491.52542,13316.7,14837.1
16.100,41.69,0.086,30746.44068,17686.3,15919.6
13.480,72.30,0.086,30753.06781,18179.6,15034.2
22.090,78.10,4.917,29418.05310,16447,12073.1
16.050,62.15,0.085,31434.22053,25196.7,9974.55
16.640,84.30,0.070,34972.30769,29566.1,16574.5
8.040,80.40,0.087,21745.82278,14680.9,15105.5
23.940,48.92,0.082,36949.78723,19302.4,22883.2
12.210,79.70,4.923,22813.68821,18325.9,6857.14
24.100,53.65,0.278,37089.55752,23759.3,14202.9
24.890,61.32,4.925,47296.28009,27866.4,19450.9
14.790,62.58,0.077,33873.70213,20762.2,17773.5
19.860,84.60,4.915,30290.97345,20335.1,11590.6
22.560,46.09,4.933,25257.34513,14313.9,12714.4
19.240,70.90,0.070,37113.84615,30797.1,17071.8
24.280,50.00,0.084,32905.53191,17590.2,18348.4
21.580,52.68,4.918,26652.74336,15298.1,12390.8
8.470,86.90,0.089,21678.98734,13980.5,14116.6
19.620,78.10,4.919,33653.50820,21614.9,15636
11.850,67.08,0.085,44081.01266,27698.5,26914.7
24.430,78.20,4.913,29846.11296,22784.8,21907.3
14.580,84.50,4.915,24218.46827,18373.4,10854.7
14.270,56.96,4.917,32870.88608,19907.6,15718.6
21.220,41.81,0.085,32451.92680,20016.3,17629.1
27.220,36.05,4.905,29739.75583,21204.6,21625.6
20.490,67.90,4.918,29813.50820,20760.4,14161
20.380,78.90,4.910,28269.38957,17920.2,18273.1
26.890,62.99,4.910,48051.02990,31291.1,39711.5
20.380,71.70,4.922,35302.81967,21351.1,19757.7
21.390,74.40,4.911,31587.30300,21421.3,22245.5
20.920,63.51,0.073,29366.15385,21209.5,17939.3
23.270,66.42,0.314,41396.81416,25327.2,23322.4
9.680,94.10,0.086,31415.96958,24346.1,8689.56
16.090,86.30,0.072,42583.07858,22817.1,27828.4
20.240,88.40,0.067,39150.19868,22834.9,23949.8
8.800,85.00,0.084,28107.34177,18838.9,13642.4
21.770,80.00,0.065,43842.11921,25480.7,28705.5
26.540,47.40,4.914,33640.91803,21499.7,17793
27.820,66.92,4.925,40991.25416,26686.4,27403.6
19.930,59.15,4.924,29672.92035,15410.4,18097.8
19.280,82.00,4.918,26802.27571,17309.1,12453.7
17.110,84.50,4.921,27761.31148,17866.3,16522.1
20.260,71.30,0.348,25646.01770,14617,12637.9
24.470,91.70,4.915,30366.25971,18501.8,17809.7
27.510,40.65,0.075,27996.27907,19674.7,20419.1
24.650,67.41,4.919,35704.37086,20252.8,23311.8
16.960,56.14,0.087,23126.15385,18048.3,10386.5
26.840,71.10,4.921,36059.00332,23878.5,25215.1
24.610,75.10,0.298,32170.61947,20802.9,15403.1
12.550,71.70,0.082,42060.25532,23480.5,25083.9
17.050,85.30,0.068,38332.30769,32392.6,20032.8
9.790,83.00,0.084,22693.67089,13269.3,13943.1
22.500,52.66,4.919,30260.73090,19648.1,24980.1
23.300,43.82,4.926,40351.50985,24281.3,18511.4
17.790,84.60,4.917,25897.96721,16331.9,15793.4
21.170,51.72,0.087,30641.46394,15844.4,18053.8
19.180,87.80,0.069,39277.35099,23751.8,24794.6
22.120,67.42,4.917,35385.55799,23780.9,16731.4
8.630,88.90,0.086,24626.44068,14655.3,13650.3
11.830,83.50,0.076,24135.38462,16575.6,11508.4
15.180,56.21,0.079,31856.94915,19962.3,14958.6
18.980,89.40,4.920,35705.70492,20764.1,20900.4
20.440,58.71,0.072,31230.76923,25668.6,17465.1
15.440,85.80,0.065,34497.99785,20148.3,18955.6
14.910,78.50,4.913,24155.23404,11820.7,14667.1
13.870,85.60,0.083,24240.00000,18974.4,9085.3
21.420,68.83,0.080,32108.53392,21570.1,12570.5
10.700,87.70,0.079,23701.78723,13701.2,14173.5
17.390,57.81,0.078,29625.55799,23960.2,13288.3
15.590,67.29,0.073,28915.58935,23053.7,8689.56
16.400,83.20,0.070,27070.13994,14616.3,18711.3
15.130,76.10,0.078,44168.17021,22189,25031.6
6.205,88.00,0.083,24431.93916,19518.9,7698.44
14.250,66.68,0.086,31269.96198,25542.8,11011.8
25.590,57.34,0.073,34191.25828,21850.7,16098.5
24.430,60.19,4.905,33086.51163,22629.1,30348.5
22.640,70.30,0.088,34686.03939,21995.9,12908.9
22.930,71.60,4.917,33323.89381,21899.4,15585.5
34.810,22.14,4.908,38485.23862,27526.5,26187.8
18.880,81.30,0.068,25920.00000,19937.6,11086.3
13.310,88.10,0.079,19357.07212,10059.5,10688
15.700,67.33,0.079,36283.65985,20390.2,23453.1
11.800,71.70,0.082,20025.19149,11114.6,10776.8
23.290,57.33,4.931,33961.06195,19126.4,14550
20.540,73.90,4.917,24645.66372,14456.1,12761.4
18.110,79.30,0.078,21063.34426,13482.4,10989.5
11.400,85.20,0.075,22500.76596,13869.5,13807.7
19.230,66.86,0.296,25550.44248,15930.6,9749.05
13.180,87.80,4.918,31243.07692,24314.9,15180.7
19.950,81.50,4.913,28774.51327,20294,8337
12.250,85.30,0.081,23040.00000,12267.1,13912.3
8.920,56.03,0.086,41900.33898,24817,25095.1
27.330,77.10,4.925,36567.36959,22839.3,17833.7
24.800,85.60,4.914,42660.99668,27660.8,35795.1
16.280,67.72,4.923,29526.15385,22578.1,8298.8
19.720,84.50,0.068,44972.06557,25448.9,26036.6
10.690,72.70,0.084,22631.18644,12948.3,13806.6
20.260,85.90,0.068,24273.37748,15795.8,12258.5
20.180,66.24,0.072,32892.30769,27066.9,17025.5
14.540,90.20,0.072,22637.11475,14095.4,13257.3
15.660,58.01,0.083,43712.54237,26210.3,25326.6
25.660,92.70,4.908,30398.22420,18205.3,18032.4
16.210,59.33,0.080,32174.23729,20958.1,16232.2
16.700,91.10,0.072,22460.85246,12754.2,10598.9
30.770,61.22,4.903,49621.66482,35809.9,39934.8
20.810,50.76,4.910,26631.22924,17255.7,17310.1
7.800,93.90,0.080,25307.98479,19677.2,7110.68
18.080,77.70,4.921,31513.18033,20303.4,14726.5
15.320,66.84,0.083,31272.91139,21570.8,15701.2
16.450,60.17,0.082,39410.84746,23234,18067.3
15.040,80.90,0.086,30926.67384,18586.6,15412.4
14.800,53.58,0.079,37864.63878,32376.8,16146
14.800,76.90,4.910,24375.82979,11926.8,14701.9
12.090,77.40,0.073,21932.30769,17397.5,9449.64
18.080,87.20,4.916,25356.59016,16016.1,15408.6
21.510,53.11,0.077,42542.16393,25047.7,25832.6
21.720,53.48,0.295,47099.46903,31341,18721.5
8.330,89.70,0.079,23168.13559,13564.7,14611.3
11.960,64.20,4.921,39661.53846,33274,17204.8
33.820,31.14,4.907,40371.02990,27000,27739.6
20.140,88.00,0.067,23917.35099,14886.5,14267.1
29.820,41.63,4.919,34528.10631,22473.4,27215.4
20.860,78.30,4.921,43376.45514,25480.1,18558.1
13.980,70.90,0.073,33876.61017,20338,18680.9
25.680,76.40,4.919,30904.98339,24896.2,21069.8
22.210,71.60,0.072,39091.11597,24610,17151.6
15.760,84.20,0.074,33288.95587,19514.1,18007.3
21.860,82.50,4.917,36085.07659,22899.6,11152.3
24.450,60.49,4.901,26441.02109,17821.3,17135.5
16.670,81.90,0.098,27545.90810,16995.4,11450
7.340,87.30,0.082,21165.01901,16676.3,9755.58
23.780,77.50,4.911,26447.41398,17247.3,19103.7
15.780,55.37,0.085,31030.46809,17652.4,16414.8
11.610,90.40,0.082,24179.74468,14367.1,15120
21.090,61.44,0.072,30110.76923,24534.3,11832.3
22.050,82.20,4.920,47326.09272,27632.4,33248.5
19.780,43.22,0.085,32809.12548,25550.2,9790.16
17.840,62.15,0.086,33806.29787,19496.3,17018.7
7.090,89.20,0.084,22114.06844,15170.3,9530.85
19.500,91.70,0.066,26915.71116,16905.8,11817.6
16.230,80.80,0.083,26392.64770,15505.4,12862.2
17.830,72.60,0.069,29015.38462,25713.2,12237.1
27.890,35.91,4.903,38159.20089,24941.5,26362.4
18.680,74.10,0.069,26489.70492,16658.8,12458.6
26.420,79.40,4.918,37922.66371,24770.4,28186.1
17.840,65.13,0.071,31667.69231,26988.8,8373.98
13.230,59.95,0.085,23199.31915,13265.9,14591.6
10.840,91.50,0.083,22149.15254,12207.9,14235
16.180,83.70,0.081,31396.92308,20019.4,10930.1
27.150,75.60,4.919,37634.98335,24679.2,27867.1
13.960,71.10,0.085,27595.43726,22170,12636.7
20.760,83.70,0.082,33677.72429,25846.1,12348.7
20.000,57.39,0.084,45990.99338,27965.5,27949.3
13.190,50.22,0.082,29984.81013,19626.7,17424.6
18.490,76.40,0.070,25797.24590,16201.9,12149.6
32.480,31.38,4.905,40332.75748,27827.8,30426.8
16.830,64.49,4.923,37784.61538,31652.5,16285.3
16.550,64.51,0.078,27005.90164,16079.3,16527.9
21.560,65.33,4.924,32385.82057,18433.2,13440
13.470,84.30,0.079,34878.63830,20831.7,20676.8
22.240,64.68,0.081,44859.33775,23545.9,25905.2
21.470,45.18,0.083,41769.53642,24979.2,23884.8
24.280,38.14,4.918,37194.89362,20154.9,16554.2
16.200,65.05,0.075,37243.91489,22474.4,17663.2
29.290,39.81,4.904,42397.69145,28743,27433.7
25.500,62.50,4.908,35708.17276,25781,28384.3
22.900,74.90,0.070,30300.39735,24410.4,16925.5
20.500,80.10,4.917,36381.26915,23019.1,13247.4
15.640,66.63,0.079,23802.91391,14617,11531.8
21.640,70.50,4.923,36933.24590,22703.4,18259.4
17.840,57.68,0.077,32304.18251,25697.5,10066.7
11.890,67.81,4.919,23973.55932,14133.7,15155.5
23.610,66.86,4.989,34419.82301,23553.4,14355.9
26.470,58.51,4.922,29855.36424,17696.9,21888
14.640,81.40,0.080,34987.11864,22438.9,17430.5
24.050,49.22,4.921,44668.35886,24834,18931.6
11.520,86.00,4.915,19563.07692,13031.4,9698.31
13.060,67.81,0.080,27214.17722,17460.2,17765.8
13.400,73.40,0.085,39159.49367,24328.3,23849.6
24.300,68.58,4.918,29232.31788,16342.2,20133.4
22.210,50.48,0.071,33028.08511,20509.8,15514.8
21.430,70.40,0.066,33024.00000,20574.6,16271.4
24.270,67.55,4.924,35373.77483,20054.5,20659.2
12.530,61.85,0.083,29526.10169,18040.1,18420.4
17.710,66.45,0.081,21742.96578,16322.8,9444.42
16.180,68.19,0.072,21481.36882,17659.4,9236.97
26.720,50.18,4.924,36639.64989,25237.3,13264.9
31.390,33.68,0.077,42730.12209,29301.8,27168.9
20.060,63.69,0.072,31425.04918,19839,19209.7
27.030,45.08,0.075,31919.20266,22150.6,27890.2
21.970,67.77,4.917,34270.42623,22413.6,17536.5
25.240,52.95,4.924,39922.97593,23265.6,17513.4
8.150,87.60,0.079,22655.51331,17935.6,8689.56
21.050,41.52,4.910,26818.20200,20254.3,15739.2
21.350,78.80,0.079,44147.28477,26958.8,26401.5
18.450,67.18,0.072,25520.00000,20175.6,13717.6
33.010,26.18,4.904,40185.74917,28857,31977.9
21.660,63.33,0.077,33716.45902,21923.2,15589.3
24.800,53.55,4.907,27843.18937,18539.2,18183.8
21.900,63.71,0.081,25824.63576,12027.4,11886.3
9.030,79.80,0.086,23696.20253,14830.4,11196.1
18.290,67.07,0.073,43133.90164,24910.2,26024.9
18.310,78.20,0.069,40993.57377,25032.8,23786.2
18.090,84.90,4.913,28038.29508,17858.8,17414.1
17.430,82.20,4.918,26326.03279,18189.5,12184.6
15.030,53.34,0.085,35966.53992,30973.9,15408.4
25.530,67.69,0.260,36936.63717,22142.6,16256.3
29.120,44.36,4.920,34076.82119,22707.7,21905.7
22.590,73.20,0.066,34641.92560,22522.4,12990.6
12.030,50.98,0.084,32204.74576,19116.1,17280
16.360,55.99,0.082,34378.70722,30274.3,14486.4
24.370,91.90,4.918,39789.38957,24264.8,19175.9
23.620,85.90,4.916,37917.87611,23025.8,13585.1
14.450,35.95,0.077,30588.59316,26621.7,10401
22.570,72.90,4.922,42806.83685,25466.1,22624.7
12.080,86.30,4.917,32070.50847,21012.8,16903.7
28.550,47.62,4.908,42020.51054,28727.8,26326.3
21.080,67.41,0.070,31673.84615,26297.1,17199
18.280,87.20,4.913,21818.75410,13783.3,10977.8
7.480,73.30,0.084,21736.88213,17320.7,9692.2
23.200,50.73,4.926,46525.03311,27546.4,28209.2
15.030,86.80,0.072,24453.64909,14839.9,12433.5
17.790,69.18,0.084,22592.56018,17518.3,11099.8
21.790,67.89,4.920,32952.99781,22548.5,16007.8
9.110,91.30,0.081,22844.10646,18377.4,9421.37
13.810,57.74,0.073,41747.74468,24362.2,25409
25.940,87.80,4.913,29816.47059,20702.9,23052
26.770,84.70,4.910,51085.63818,35125.7,40314
10.990,66.15,0.089,35671.89873,23044.4,22461.7
17.950,43.87,0.088,35027.84810,22107,16626.5
18.070,87.90,0.238,23033.62832,13924.7,9925.56
21.100,67.73,4.919,34396.32787,21990.1,17134.3
11.440,80.70,0.085,24022.37288,14545.9,13777.7
28.860,47.62,4.924,37507.12542,24435.9,24960
15.510,83.00,0.082,24718.97872,15014.6,14597.4
22.370,65.93,4.919,43899.51860,28449,18540.5
26.450,77.80,4.902,49033.51831,34464.2,38321.8
27.970,39.18,4.904,38402.13097,25314,26633.2
8.840,51.22,0.082,44469.87342,26680.9,25758.1
10.600,87.30,0.081,22721.36170,13254.9,13941.3
12.030,67.11,0.083,23544.30380,10942.2,12069.4
15.640,63.57,0.075,29778.22785,17693.6,16979.3
22.700,71.20,0.066,36015.75492,23172.2,13229.9
23.230,39.01,4.923,36612.19672,25623.5,17775.5
10.610,73.00,0.087,29025.76271,18481.5,12868.8
24.430,58.85,4.925,36720.00000,21551.4,14591.2
9.500,86.30,4.912,41479.32203,24787.8,25286.1
23.280,39.92,4.918,36853.91685,22556,13632.6
18.850,62.53,0.071,32116.92308,26981.4,10820.2
11.630,88.70,0.071,40033.22034,24900.9,24915.6
25.930,52.05,4.924,33192.47265,17798.3,13194.9
23.140,71.90,4.928,35808.84956,22202.5,13726.3
18.030,81.70,4.914,25201.57549,16110.4,10784.7
16.210,56.64,0.083,39530.12658,24609.1,24786.5
21.900,72.50,0.105,44914.13567,28445.2,19100.8
20.920,87.50,0.065,36619.86755,22906,23175.9
24.070,61.72,0.306,37083.18584,22988.4,22181
20.760,70.10,0.069,39895.38462,32965.3,17563.4
19.980,79.90,4.914,26361.13786,16636.9,12471.2
27.420,74.10,4.905,41451.54273,31677.7,27837
12.260,62.70,0.092,31817.49049,27181.3,8908.52
20.320,79.30,4.916,39242.36324,24333.6,17274.2
27.920,33.31,4.906,50219.80066,34181,46604.2
18.040,72.60,0.076,25923.14754,15462.5,16044
15.270,78.40,0.080,25495.28525,16269.7,15976.7
17.710,80.60,0.085,41693.82932,34002.1,19818.6
16.000,80.90,0.073,24317.24435,13175.6,15470.5
30.770,30.48,4.908,34081.59468,23175.9,33481.5
15.270,77.50,0.084,23759.22497,12885.9,15598.5
18.970,81.10,0.069,20987.80328,11847.7,10896.2
24.290,51.92,4.916,32997.20930,22640.5,29324.2
11.240,90.20,0.085,22655.59322,12612.8,14651.8
16.540,89.20,4.916,22876.14880,12760.6,7843.4
16.190,80.60,0.070,24763.65985,14696.9,11863.3
24.370,89.80,4.918,27988.10211,17311.9,16636
19.430,83.10,4.924,45765.24590,27354.8,25692.6
28.960,60.30,4.917,40817.54153,22063.3,24052.2
15.770,78.10,4.918,25104.78689,15117,15006.3
13.790,89.30,0.072,23467.81485,13164.6,15348.4
27.030,50.72,0.256,34005.66372,22004.2,12296.6
15.610,76.10,0.083,20921.67300,15475.9,6678.51
8.930,53.09,0.081,39075.25424,23212.2,24967.7
18.570,66.88,4.911,38284.46389,30835.3,17793.6
16.640,71.90,0.072,33685.06329,21370.2,16296.9
19.390,87.10,4.914,33747.04595,21622.4,11263.2
15.010,58.31,0.082,22789.83051,13641.3,13441.9
15.660,58.24,4.916,39505.82278,22913.1,24694
13.360,78.40,0.084,22874.52471,18395.8,9842.02
11.230,63.75,0.083,23357.28814,14148.3,14721.3
18.470,74.50,0.070,23644.32787,10974.6,11671.6
13.730,48.45,4.916,34145.08475,20721,16967.4
14.070,66.28,0.081,34547.84810,23172,21605.8
11.240,66.11,0.083,34016.94915,21355.6,15664.9
19.790,85.20,4.916,28264.77876,18677.3,10225.6
15.290,49.72,0.089,31957.41445,26039.9,10262.7
17.060,89.60,4.965,24867.57112,17701.2,7837.57
13.700,41.89,0.076,30174.90494,25583.3,9726.77
22.750,79.50,4.910,27269.10299,16769.6,21202.3
21.250,48.52,0.081,35208.47682,20054.5,16730.6
30.100,34.92,4.905,43311.62791,30486.1,29029
25.110,58.81,4.924,42316.54485,26441.8,33734.6
15.180,87.50,0.067,25135.67277,13952.7,16797.1
31.080,41.38,4.910,41417.14286,26346.8,34939.6
13.140,89.70,4.922,34801.80840,17402.4,17099.6
20.930,63.87,0.109,26966.12691,17066.4,12039.4
13.490,71.70,0.081,42077.28814,25535.6,25071.9
24.880,68.59,0.265,46863.71681,28186.3,23716.6
27.280,68.65,4.919,31306.84385,19815.2,25082.5
19.330,60.42,4.902,29746.14872,20725.7,22937.7
25.580,42.21,4.919,36898.03063,22922,12944
24.640,56.92,0.067,32432.26230,18876.8,17699.8
15.800,88.50,0.072,29023.20775,17563.7,14464
20.820,66.70,0.083,26695.14223,20968.9,12868.1
22.310,78.40,4.919,48036.10619,28414.6,21110.2
16.680,76.70,4.912,33180.75949,19535.6,16337.3
25.480,68.22,0.291,34222.30088,21139.7,16079.8
10.620,82.90,0.075,37031.18644,21793.3,22507.4
10.890,43.64,0.090,31008.81356,17204.9,17135.3
13.440,74.70,0.076,43328.13559,25619.5,25963.4
15.340,87.40,0.067,34336.79225,18483.9,22469.8
11.710,90.80,0.074,23714.04255,13756.1,14423.2
13.020,54.06,0.080,35690.12658,22657.8,16273.7
13.250,66.72,0.083,24760.67797,14950.8,14981.8
13.520,76.60,0.090,20749.36709,13043.2,14105.1
15.640,55.35,0.077,28556.96203,21669.3,16800
24.440,91.30,4.916,32245.77137,19619.4,18923.1
23.730,58.35,4.910,36682.44173,24333.3,21529.3
14.850,87.00,0.074,23343.81055,13138.9,15569.5
28.500,72.90,4.904,38197.55827,26177,27235.1
13.630,75.50,4.920,22371.99125,11800.8,8607.9
19.320,78.50,0.067,20975.21311,11476.2,10184.9
19.050,74.70,0.068,26741.50820,14838.4,14271.7
17.980,66.84,4.925,39366.35762,20993.8,23406.3
23.470,81.40,4.925,37096.68874,22079,30265.1
21.630,81.60,0.065,46410.59603,28407.1,29059.9
9.210,78.50,0.084,25622.27848,17328.9,16863.6
14.440,79.40,0.080,21782.27848,13185.4,13642.4
25.660,45.32,4.904,37615.80466,26120,25038.2
29.580,63.92,4.907,36856.34551,25105.1,33656.2
28.480,31.26,0.071,32772.19672,20938.7,16277.2
10.270,71.50,0.082,23403.80228,19025.5,10274.2
20.690,85.20,0.066,44198.14570,25506.9,27317.2
16.900,70.80,0.080,23128.13115,13322.6,14983
14.370,79.20,0.081,23526.07595,14407.3,14492.5
23.190,59.65,4.923,35844.97225,24173.6,26524.9
12.110,84.00,0.084,28258.55513,23723.8,11979.8
20.460,76.10,0.070,25149.65594,16312.1,15378.1
13.060,72.10,0.084,28927.75665,24773.2,12170
16.490,74.80,4.913,43084.55696,25652.3,25532.5
17.940,88.60,0.066,29687.60656,19931.9,13508
8.720,86.80,0.084,23580.75949,15807.9,15267.5
25.350,48.12,4.942,36835.01094,22231.1,11957.7
21.950,53.42,0.295,47099.46903,31471.9,19027.4
22.560,59.62,4.921,35908.62144,22604.6,12337
18.610,76.10,0.073,27218.46154,19628.9,15654.9
11.430,87.60,0.080,33469.27660,19690.2,16972.3
5.578,78.60,0.084,27153.41772,18014.6,12954.2
24.020,37.37,0.082,35704.37086,22011.6,18715.6
20.710,85.10,0.066,44833.90728,25690.2,27606.6
8.690,48.44,0.091,28275.25424,17015.2,18628.8
9.230,69.22,0.080,22341.44681,12848.8,13772.9
20.440,83.10,0.067,39302.78146,22550.5,23311.8
16.750,57.68,0.094,38935.36122,32627.2,15201
16.340,73.60,4.913,33365.10638,22832.9,16281.3
9.610,86.20,0.085,28812.25532,17297.6,13732.3
25.700,67.86,0.315,34286.01770,22299.8,16685.8
21.840,70.40,4.920,36247.08197,23357.3,17536.5
30.350,46.62,4.908,36505.51495,24979.7,28932.6
21.260,54.54,0.073,32073.84615,24333.5,16828.9
29.610,65.12,4.904,39853.31853,29107.9,28426.8
18.910,90.80,4.916,22498.62295,13757.3,10610.5
11.760,67.54,0.083,23253.55932,13309.4,14142.4
19.810,76.00,0.069,25852.30769,20250,7974.94
20.070,84.70,0.070,38514.43709,20338.9,22006.2
15.510,65.34,0.084,31758.98734,21636.5,16065.5
20.650,71.00,4.921,35328.00000,21310.2,19792.7
13.490,85.80,0.085,22225.02128,13620.7,13651
12.050,78.90,0.084,23229.95745,13990.2,10381.9
13.630,77.80,0.083,33358.97872,19862.2,15718.1
19.810,47.02,4.914,23749.61154,15274.3,15937.8
22.950,45.18,0.087,32699.93541,19734,17797.8
15.540,54.14,0.083,39288.21293,33297.3,15771.4
32.840,31.85,4.904,41104.58472,28526.6,30619.6
26.310,62.20,4.906,33060.99668,21839.2,25040.3
10.190,89.70,0.078,22488.51064,12318.3,14214.2
13.810,64.66,0.075,42181.01695,25758.1,25291.9
13.080,54.55,0.082,33677.61702,19390.2,16734.2
15.960,74.00,0.080,27590.95802,14927.9,18181.8
14.970,73.30,0.082,38381.74905,32527.8,15685
10.340,76.40,0.076,30010.64639,24408.7,12965.2
26.330,58.89,0.264,33693.45133,20125.6,15968
20.310,81.10,4.916,35942.65487,24578.8,9631.38
25.530,38.18,4.906,48259.97780,33179.3,37900.4
16.370,88.30,4.919,33300.98361,20470.6,19839.4
20.090,59.56,0.085,34299.59096,19169.5,18810.2
18.970,81.60,4.913,29802.01313,19180.1,13918.5
8.490,55.63,0.095,26341.01695,16263.8,12145.2
10.740,84.00,0.078,24012.15190,15665.7,14862.7
31.400,31.22,4.910,34693.95349,23510.1,31282.3
23.150,64.68,0.070,35462.78146,21891.9,18827.8
16.260,69.13,0.074,37856.68085,23381.7,21698.7
16.080,73.20,0.075,39902.66160,32811.3,15587
10.570,68.23,0.076,22936.70886,14400,14851.1
22.210,73.80,4.921,28170.59603,17315.2,20895.5
13.610,67.11,4.919,32265.76271,20013.4,15855.9
22.600,36.98,0.081,35328.82670,20907.1,18833.5
21.120,70.30,4.914,35689.03654,23555.7,28034.8
10.090,83.50,4.918,33675.25424,20604.3,16400.1
29.740,44.38,4.908,41099.93341,27834.4,25995.2
17.320,80.80,0.072,32526.32939,18498.6,17664
30.490,63.55,4.906,40818.64595,30499.3,28866.2
13.870,75.10,0.070,34023.05085,19841.9,16816.9
21.300,60.36,0.075,32759.60656,19746.1,17501.5
18.960,61.39,0.070,29778.46154,26628.1,9981.69
14.100,85.60,0.070,30288.05167,16035,21509.8
25.410,37.75,4.922,38892.74336,21951.8,17427.1
17.640,84.00,4.922,34371.14754,21525.7,19956
14.670,67.18,0.081,44339.74468,26517.1,25368.4
10.520,85.80,0.083,22451.74468,13350,13604.5
16.110,67.26,0.074,26141.44487,20951.2,7848.26
19.290,68.75,0.069,29686.15385,23411.2,13729.2
15.430,85.80,0.067,34187.98708,20162.9,18944
15.220,74.40,0.069,41650.63291,24641.9,25723.4
15.890,68.26,4.913,21083.54430,13163.5,10490.6
20.170,46.00,0.080,24443.07692,19874.4,11132.5
23.350,69.32,0.069,35144.90066,20469.9,17209.1
31.920,24.91,4.914,48752.69103,31116.5,39886.2
15.670,83.40,0.075,32042.71259,17780,18146.9
14.020,62.26,0.084,24949.83051,12569,13650.3
31.010,44.62,4.908,42329.30233,30751.9,32439.2
12.440,70.10,0.087,22316.96203,12922.8,11861.2
11.480,87.70,0.088,22261.78723,13478,13633.5
20.580,69.67,0.084,30646.47702,24830.3,14572.2
18.130,64.39,0.073,31803.07692,27368.2,8680.48
17.920,74.40,0.070,38777.70492,23275.5,23308.2
19.160,89.80,4.920,21214.42623,13014.2,10406.5
25.910,33.67,0.082,36238.41060,20024.5,17238.6
28.820,66.52,4.930,34790.14428,21915.5,17075.4
11.180,70.90,0.081,22649.42966,18904,7577.43
13.430,89.30,0.071,23796.42626,12988.6,14929.5
27.640,40.62,4.910,43847.44186,30869.6,39018.6
18.840,90.20,4.921,37153.57377,22187,21425.1
25.590,92.90,4.909,27674.85017,18307.9,17310.1
26.000,37.74,0.072,30077.90164,18003.7,17180.9
6.151,91.40,0.084,22996.19772,18690.4,9974.55
24.660,55.55,4.905,47831.65372,30263.6,31869.6
19.800,91.40,0.068,29266.34573,18336.1,13440
13.390,74.30,4.916,22873.84615,17259.9,10282.4
25.140,37.75,4.937,32737.69912,18662.4,15826.8
14.890,82.20,0.082,22304.68085,11967.1,14463.9
13.460,43.56,0.079,29749.04943,24710.6,9617.29
14.550,64.11,0.077,27645.56962,20618.8,16325.8
18.170,41.74,4.925,29790.76923,25642.6,9547.95
24.190,74.70,4.922,37153.27434,23302.7,13991.1
12.560,81.60,0.079,23852.30769,16597.9,11693.5
23.630,63.92,0.070,32233.11258,18639.9,18733.3
12.160,84.30,0.073,41435.23404,23619.5,24991
22.690,50.28,4.901,28544.28413,19661.2,20981.6
22.600,90.60,4.918,37267.96460,22947.2,13302.7
14.200,80.90,0.084,23370.89362,14696.3,11427.1
21.040,61.31,0.070,31840.00000,25352.5,18627.5
20.040,55.67,0.084,27612.30769,22198.8,9218.31
25.620,34.89,4.917,30354.88525,17078.6,16906.9
12.960,71.30,0.079,32834.43038,21253.5,21305.1
17.450,47.85,4.918,32190.37975,17711.9,16886.7
18.730,86.50,4.913,28118.23009,15859.5,12614.3
12.360,64.97,0.088,42312.91139,26166.6,25677.1
21.050,81.20,4.916,21730.33113,12813.3,13605.4
19.490,76.60,0.068,27686.15385,22671.1,14388.4
15.840,87.20,0.080,27003.93873,14717.4,12004.4
4.045,76.70,0.245,23744.81013,14801.2,10999.5
20.370,85.10,0.069,37586.22517,22737.6,22348.8
26.160,80.10,4.923,34905.21643,22740.4,28414.8
17.730,84.00,4.918,31202.12389,21992.9,8537.04
21.480,78.10,0.080,43943.84106,27074.8,26330.6
23.950,38.89,4.917,42277.77049,23799.4,25010.5
22.440,78.80,4.918,46855.62914,25488.1,31222.2
19.640,84.80,0.077,46823.63239,28953.1,19818.6
19.020,86.80,0.069,35403.54098,22469.3,21273.5
22.490,42.98,0.089,33183.55221,18311.6,17815.3
13.540,85.40,4.911,26208.00000,15611,16112.9
35.380,20.91,0.080,31953.83607,18806.2,17297.5
30.620,60.49,4.906,38406.37874,27132.9,31710.1
14.820,71.90,4.920,43730.84746,26753.8,25037.2
13.110,56.98,0.085,38996.19772,33245.8,16313.1
6.420,88.20,0.087,25125.47529,20082.2,7946.22
17.820,69.86,0.079,21844.76821,13790,11271.9
23.080,48.99,4.931,35229.02655,18920.6,15038.4
11.330,75.10,4.915,32674.57627,20341.6,16000.6
9.820,76.60,4.918,31113.84615,25493.8,13573
20.960,63.10,0.082,43861.78723,23089,27644.5
12.710,78.90,0.072,38664.61538,32519,16308.4
23.300,57.02,4.916,39853.65427,23874.3,17525.1
18.760,76.20,4.920,38147.69231,29138.4,18176.4
26.310,47.08,4.907,31542.85714,21269.6,28071
15.240,79.20,0.075,25104.67169,15705.1,12986.2
13.280,84.10,2.654,23635.22067,12684.3,15738.2
17.770,68.72,0.078,21101.11475,13155.4,11292.6
21.280,78.70,4.917,33285.66372,19530.6,15150.2
22.820,53.07,4.919,46525.03311,27744.7,28138.3
21.990,80.70,0.069,35831.52318,22704,18638.8
18.210,77.70,0.070,42957.63934,25991.3,24963.9
13.090,66.81,0.080,25512.91139,16278.4,16863.6
15.280,57.08,0.079,23113.22034,13539.2,14223.4
19.980,52.25,0.082,23421.45695,15548.9,11455
15.070,84.50,0.071,44790.35522,24173.5,28538.2
17.010,80.30,0.075,31968.31001,17208.1,17832.7
11.750,70.70,0.079,40216.70886,24671.1,26191.8
19.950,79.40,4.919,42680.65574,25790.7,24713.2
19.070,67.26,0.074,32203.91819,17912,18327.3
25.170,48.38,0.083,37597.54923,23045.2,14548.8
17.860,78.70,4.919,35126.55738,22279.9,16609.6
34.160,36.79,4.926,36435.34884,24975.9,24968
6.927,85.30,0.084,25251.64557,16727.1,11612.5
7.150,75.60,4.912,24498.30508,15041.9,15201.8
26.360,82.70,4.911,43861.66482,30164.7,34854.9
13.890,80.70,0.081,21158.93536,16702.1,9323.41
19.960,73.40,0.080,38082.11921,23328.9,23152.2
22.290,47.23,0.085,31396.92308,26200.4,11728.2
22.750,69.79,0.071,36047.68212,20353.8,17610.8
14.610,86.70,0.080,20876.12487,11155.6,14498.9
18.020,85.90,4.921,31702.03279,19114.6,17979.6
14.220,90.20,0.070,31317.28741,15855.4,18333.1
15.900,80.90,0.079,26638.42451,15285.1,12687.2
28.610,62.06,4.912,39554.55150,27243,28878.3
28.260,49.79,4.909,42367.57475,30053.2,40066.9
18.540,85.30,4.917,42290.36066,25556.7,25517.7
26.160,84.40,4.908,34822.10877,24789.4,28234.2
18.680,62.79,0.100,26846.38950,16129,11846.8
10.550,65.61,0.080,34069.78723,20926.8,16914.2
11.260,65.34,0.085,32570.84746,20607.9,15103.4
12.300,76.60,0.090,29413.67089,17784.8,14070.4
11.460,72.60,4.919,32003.38983,19790.9,15659.1
26.340,67.92,4.935,38235.91565,24470.1,22383.9
16.780,74.50,0.069,39710.76923,33716.5,16123.4
7.450,78.60,4.918,21673.84615,17178.1,9709.88
14.380,72.90,0.072,41827.40426,28774.4,24776.1
6.955,81.20,0.082,30028.89734,24110.5,9294.6
15.810,64.96,0.080,31531.55894,24467.6,9058.34
21.200,75.20,0.078,27846.35762,16024.1,12991
22.350,44.48,4.918,25735.22124,15518.9,9401.92
26.220,38.38,0.085,31888.34043,19123.2,17343.9
23.840,78.60,4.924,36235.75221,22228.7,14132.3
24.480,84.60,4.918,28972.22591,18865.8,21871.1
20.800,46.09,0.077,33346.72340,20831.7,15880.6
13.500,61.24,4.922,41229.15254,25247.4,24823
30.800,21.47,4.907,48592.40844,33559.5,37382.8
19.070,62.29,4.918,31550.76923,26687.6,10542.7
23.780,66.39,4.947,37987.96460,23875.3,14032.3
23.330,57.36,0.073,35505.29540,23119.9,12850.6
13.640,89.10,0.071,23870.82885,11925.5,14976
15.550,58.70,0.075,30039.49367,18335.6,16869.4
18.700,68.79,0.073,33195.95264,18088,19392
27.410,75.20,4.905,38574.73918,31042.9,33428.5
25.840,75.70,4.924,46949.43396,28636.5,28529.2
9.860,72.00,0.085,27090.49430,22788.6,12204.6
12.140,86.00,0.083,25503.31915,15987.8,11171.6
15.180,72.90,0.073,41608.10127,24817,25659.8
10.340,78.00,0.083,29919.39163,24011,10326.1
18.360,59.59,0.081,44802.75565,24543.8,27962.2
23.480,63.10,4.925,28174.88372,19067.1,17358.3
26.200,47.58,4.912,31893.68771,21281,25365.7
12.160,75.80,4.916,28031.18644,16982.4,17413.1
19.330,81.90,0.261,26334.15929,14946.4,13685.1
15.780,84.40,0.069,35062.21744,20327.9,19141.8
14.210,63.53,0.091,43661.77215,27432.2,25839
19.780,69.05,0.070,39760.00000,32831.4,20281.4
13.050,79.40,0.082,30302.66160,22751.8,10118.6
6.360,77.40,0.084,23562.53165,15001.8,10698.8
11.130,69.37,4.915,21643.07692,17479.3,10334.5
19.910,91.20,0.069,31396.41138,19781.3,14624.7
19.940,82.70,4.917,23243.44371,11907.7,13782.6
18.470,89.50,4.916,21982.42623,13032.8,10429.8
9.320,83.40,0.081,23922.38298,14264.6,14272.3
22.590,84.00,4.911,40345.48673,23953.8,18303.7
20.490,59.36,0.084,35397.02906,21017.1,18833.5
19.980,87.10,0.067,21081.85430,10126.4,11183.3
13.820,85.80,4.908,29847.82979,18537.8,18011.6
22.440,49.67,0.085,31784.61538,26148.3,10970.6
19.120,82.20,4.923,46696.91803,27369.7,26468
20.550,79.50,0.071,25964.50331,14358.8,11549.5
19.120,57.12,0.080,38895.89404,22801.2,24162.5
14.410,64.84,0.079,33760.67797,19914.9,17372.6
17.940,84.70,0.066,29511.34426,18219.2,17361.6
14.640,67.99,0.084,40503.82979,23465.9,24903.9
17.480,48.00,0.088,22012.30769,20235.1,7911.33
8.960,83.40,0.083,24340.25316,16289.4,11774.5
13.380,49.77,0.079,38485.17110,33271.6,16520.5
27.110,57.89,4.903,32846.70366,25819.6,23653.9
23.640,82.90,4.920,24548.72364,16114.5,15715.1
18.950,61.49,0.078,44833.90728,27011.2,26915.4
25.630,74.00,4.924,38127.23640,24135.6,23924.8
14.350,44.87,0.084,34304.81013,22245.6,16395.2
19.810,28.87,0.086,40146.00760,33864.4,15431.5
14.060,86.30,0.070,22898.46154,17204.1,12844.3
22.000,51.39,4.923,32501.10638,19511,15247.7
10.370,66.81,0.082,34426.32911,23117.3,17453.5
26.650,77.10,4.905,32060.37736,24778,26928.2
24.250,68.18,4.923,35717.08609,20181.7,20895.5
19.390,65.45,0.080,27998.94040,14830.4,17303.6
11.620,60.83,0.082,35106.83544,21822.5,17199
13.300,63.12,4.918,30141.95745,17952.4,18174.2
19.050,76.40,0.070,24215.38462,18249.2,11340.7
25.550,40.97,0.088,29158.81967,17331.3,16976.8
24.780,58.62,4.925,37663.00885,21794.6,15156
18.990,74.90,4.914,42367.15232,25854.9,25952.5
22.920,62.32,4.911,28347.10963,18596.2,23829.3
12.180,87.50,0.080,22036.92308,17148.3,8587.95
14.610,58.64,0.083,22417.62712,13320.4,14194.5
24.920,73.10,4.916,28621.39535,16925.3,21618.1
14.730,87.50,0.076,23052.40043,12328.7,15115.6
18.360,63.48,4.920,33959.48936,19456.1,19881.3
14.690,68.12,0.076,21636.45570,14597,15319.5
14.660,67.12,0.085,31397.71863,25531.8,14261.7
28.490,31.30,0.078,35894.55738,22187,17256.7
21.810,63.70,4.922,32316.49891,18537.8,13270.8
16.590,82.30,0.079,23554.72340,13697.6,14301.3
16.640,78.50,0.082,27804.28884,18675.9,11117.3
13.900,86.70,0.071,21963.07692,15549.2,12578.3
29.240,68.89,4.907,39111.74251,25409.1,28089.8
24.450,56.90,4.920,44395.23179,27718.5,33089
11.580,86.50,0.089,23334.12766,12128,13482.6
12.580,56.69,0.082,34033.02128,19467.1,16769
11.630,60.53,0.086,33589.83051,21519.8,16301.7
7.250,89.90,0.074,22704.40678,13480.9,14229.2
17.250,85.80,0.079,27312.73523,15968.5,11981
24.180,42.48,0.081,28164.23841,14351.4,15200.5
22.630,79.30,0.070,35055.89404,22475.7,18089.4
21.740,60.10,4.905,27613.55482,18224.1,20455.2
16.440,81.40,0.071,36506.86760,16944.2,18909.1
20.290,61.35,4.923,29483.07692,21254.1,12104.1
10.300,78.40,4.921,25123.40426,14469.5,12373.5
27.720,53.62,0.067,46634.95017,30797.5,40518.8
22.340,71.10,0.067,26434.96689,15144.7,15318.6
16.340,68.74,0.080,43285.78723,26623.2,24497.4
37.630,20.08,0.074,38042.79070,27432.9,30691.9
25.730,89.50,4.910,30506.90344,21619,22269.6
19.330,62.81,0.078,40363.07692,33657,17418.8
17.760,79.90,0.082,40912.38512,33916.2,19684.4
5.934,79.30,4.918,27643.07692,21782.2,9039.04
10.890,75.70,0.077,24309.87342,15490.6,11421.7
15.370,63.12,0.080,22923.19392,18226.4,8499.4
19.270,54.71,4.924,32350.76923,26393.8,10357.6
21.860,54.38,4.921,26933.09735,14564.7,12990.9
24.860,61.39,4.931,34868.79650,22070.5,13101.5
13.450,53.76,0.080,34359.49367,21636.5,16100.2
13.320,75.60,0.084,41924.05063,26476.6,25341.7
18.890,55.91,0.084,27668.44106,22983.7,9507.8
24.650,67.17,4.925,43295.36424,27557.6,32309.2
17.100,37.53,0.091,31251.71103,26367.6,10135.9
23.210,69.46,0.073,33962.38411,18722.2,16488.4
22.740,52.42,4.918,30228.83721,20077.2,25419.9
25.820,92.60,4.910,40543.75139,26937.3,26615.2
25.750,89.10,4.908,34432.14206,25295,28162
30.750,63.59,4.906,42359.33407,32187.1,29462.1
24.340,69.51,4.920,37052.18543,20597.1,21888
11.400,87.80,0.080,34177.94677,28587.9,15039.6
10.730,83.20,0.085,31580.22814,25841.1,13316.7
12.970,84.80,0.086,22028.89734,17210.2,9329.17
30.220,45.86,4.905,38619.48946,28819,26434.6
16.560,75.20,0.074,39766.15385,33571.5,16088.7
11.790,83.50,0.081,24776.06028,13366.2,15901.1
9.070,78.90,0.088,25794.67681,20321.6,11443.9
17.720,85.30,4.917,25255.86885,15826.6,15466.9
11.720,83.00,0.082,29020.59574,17359.8,17239.4
29.130,66.92,4.905,40268.85683,28617.5,30039.9
15.080,87.50,0.086,23393.41227,12464.4,13678.5
14.820,82.20,0.075,31778.04255,19767.1,14945.8
16.510,53.19,0.079,34688.13559,22628.6,16232.2
14.270,80.60,0.073,43054.17722,25987.8,25087.2
21.130,64.09,0.269,28060.88496,17057,14102.9
11.410,82.70,0.084,21061.59696,15181.3,6465.31
27.110,72.00,4.905,38913.56271,30320.6,25718.4
26.130,66.89,0.256,36834.69027,23748,16373.9
26.470,84.40,4.910,39795.78246,27796.4,25116.5
28.450,63.39,4.902,38555.56049,27013.3,28673.6
11.420,71.20,0.076,40283.54430,24919.1,26469.4
21.670,86.20,4.920,25443.72919,15095.7,13861.3
12.160,65.98,0.086,43935.18987,27461.4,25763.9
25.980,69.76,4.922,35808.84956,22101.5,13732.2
26.320,40.78,4.904,28052.03108,19433.2,19856.1
10.030,76.60,0.086,22019.24051,13269.3,13954.7
10.290,71.80,0.082,42835.44304,27880.9,26590.8
21.490,71.60,0.070,25323.07692,21529.3,11485.3
9.960,70.90,0.086,37452.25532,22785.4,22105.2
22.110,75.80,4.920,30649.83389,19841.8,24648.7
14.490,74.40,0.072,26958.53606,16474.9,14324.4
26.610,38.69,4.912,39309.92231,27017.1,25411.4
14.060,75.00,0.075,32341.78723,18629.3,16351
20.190,67.58,0.074,35600.00000,27769.8,19732
26.960,63.40,4.908,42546.17940,30227.8,33216.4
10.020,82.20,0.070,23101.27660,13558.5,14138.7
18.050,67.13,3.152,37103.21311,22837.2,17845.5
15.070,86.50,0.082,24776.06028,13806.1,17268.4
14.430,86.70,0.074,34326.15385,27866.5,19865.1
29.500,49.55,4.913,39924.51827,27710.1,29547.1
28.630,61.12,4.907,39433.35548,28154.4,34584.1
16.270,86.30,0.071,26164.90850,29338.9,19310.5
20.490,68.76,0.298,24926.01770,15077.3,10925.8
30.690,29.98,4.907,50260.95450,34813.9,38285.6
25.770,77.90,4.923,48464.55050,30525.9,30425.1
17.690,79.10,0.069,20182.03279,12546.1,10150
15.650,56.20,0.087,27058.46154,21611.2,11867
20.320,58.66,0.086,33989.58019,18927.5,18466.9
10.000,72.60,0.084,25130.12658,16048.6,16614.9
20.090,88.80,4.919,25570.33113,16061.5,20003.4
18.600,78.30,0.078,29638.16193,17955.2,13819.3
24.450,37.81,4.922,28347.61062,15825.8,12955.6
22.250,83.40,4.911,39429.93377,24036.2,29692.1
20.680,66.66,4.919,33173.56674,20894.2,11549.2
16.140,68.19,0.082,38552.09125,31625.7,15183.7
25.070,93.20,4.910,25367.01443,16616.3,17039.2
27.160,54.24,4.924,33733.50993,22337.2,22384.2
13.870,56.88,0.075,41539.40426,24029.3,25147.7
17.970,92.80,0.064,25176.36761,17678.8,9477.45
26.120,38.34,4.921,33126.12766,21025.6,15921.3
28.220,65.60,4.914,38081.06312,25606.3,28643.3
9.800,82.20,0.073,22941.95745,13375.6,14051.6
15.110,61.10,0.082,41943.05085,26680.9,24927.2
22.860,64.33,0.070,32293.77049,21009.3,16172.3
10.540,48.25,0.085,22411.52542,13247.4,14304.5
21.370,46.08,4.923,46344.68271,27395.9,20349.7
19.990,79.90,4.919,40332.60394,24979.7,18003.6
10.200,64.60,0.084,20824.33460,16842,9559.66
24.070,72.50,4.923,42437.08609,27082.3,31807
10.840,68.48,4.917,21331.52542,13152.6,10310.1
19.950,68.65,0.080,39587.69231,32444.6,18078.1
20.060,74.90,0.068,40393.84615,34333.9,19171.1
27.850,55.96,4.910,39790.56478,26411.4,33089.9
17.500,68.06,0.080,23228.85246,13846.4,15309.5
10.840,74.10,0.081,34427.37643,29810.4,14665.1
5.836,71.30,2.660,25920.00000,15837.1,14428.9
21.690,68.59,4.919,31005.68928,21163.1,15161.6
15.850,77.00,0.074,21563.07692,15831.8,10236.1
33.810,22.54,4.911,48051.02990,31226.6,43236.2
21.170,77.60,4.917,39315.49669,21626.2,26307
18.090,69.05,4.922,23853.77483,14452.4,12187.6
10.390,81.50,0.078,42416.20253,27151.4,26076.1
36.040,28.08,4.905,41410.76412,30106.3,33318.8
16.230,75.60,0.077,33521.01266,20491.2,16505.1
25.800,36.22,4.919,30014.95082,17015.5,16971
13.220,86.10,4.909,22390.46809,13715.9,13999.4
20.520,62.65,4.919,27755.04425,15777.1,12490.8
29.340,45.65,4.904,40486.21532,27199.6,26230
16.530,73.30,0.073,34194.18730,19796.3,17041.5
18.450,71.40,0.084,37587.69231,31559.5,17204.8
22.520,74.50,0.065,38984.90066,22988.4,23376.7
24.760,44.71,0.073,38776.14639,22267.2,26088.7
13.770,69.98,0.072,22411.52542,12988.4,14368.2
16.920,66.31,0.080,35649.23077,29149.6,16846.3
12.890,73.80,0.080,20758.32078,11940.1,12392.7
24.340,90.50,4.917,36637.69145,22550.4,21150.1
23.660,68.62,4.919,31289.27790,19956.8,10866.4
12.740,79.20,0.072,39645.95745,23846.3,23649.7
25.850,59.97,4.921,29423.04636,17038.3,21155.4
21.660,79.90,0.068,42290.86093,27033.7,24440.1
21.470,53.78,4.925,27009.55752,15234.5,12473.1
15.100,50.33,0.085,32601.35593,21454.1,15809.6
24.540,57.49,0.083,37143.80744,22339.4,14373.7
9.270,79.60,0.087,27220.25316,16931.3,16771.1
13.700,73.10,0.072,38701.53846,33080.6,16961.9
32.810,34.18,4.908,42737.54153,34883.5,30902.8
14.190,71.10,0.072,32758.46809,18450,17390.3
32.790,26.68,4.917,36388.67257,23706.9,13644
21.800,64.79,0.117,38479.82495,23045.2,17128.3
20.580,66.08,0.073,31796.92308,26453.3,12150.4
14.110,66.59,0.081,43450.16949,26447.4,25025.6
23.140,43.93,0.082,42516.98361,25463.8,24468.3
12.590,70.40,0.082,42992.54237,26531.3,25668.2
27.450,47.98,0.259,33699.82301,18119.8,15314.9
11.260,67.99,0.090,29192.17021,17367.1,17343.9
24.310,64.14,4.925,34903.31126,19945.9,20381.5
7.090,81.20,0.083,22473.00380,18281.7,10285.7
5.361,74.80,0.084,26886.07595,17022.5,17071.8
14.540,37.48,0.077,30041.06464,26323.4,10337.6
26.920,56.31,4.921,45856.24861,26994.3,23954.9
27.060,43.98,0.080,29520.79734,20206.3,24811.4
12.210,61.15,0.088,32912.54237,20100.9,20319.2
18.280,87.50,4.915,33482.36324,20334,14706.4
11.900,71.40,0.081,20748.25532,11111,11078.7
16.180,53.02,0.080,35682.71186,23259.6,17378.4
17.150,38.47,4.916,30166.15385,25315.3,10461.7
14.210,76.20,0.083,30203.07692,24988,15643.4
23.150,46.70,0.082,32055.38462,24660.7,12179.3
25.620,58.35,4.924,43849.10284,26279.3,18429.7
15.010,75.20,0.073,34572.25532,20992.7,16438.1
16.360,78.10,0.068,32365.12379,14359.7,17850.2
26.990,62.95,4.907,35453.02326,25249.4,32240.3
12.940,71.10,0.082,33697.21519,21745.9,21536.4
24.240,80.20,4.919,38096.28319,22984.6,13773.4
30.910,25.44,4.911,45442.12625,29692.4,39452.4
35.290,24.54,0.076,37762.12625,26559.5,28167.4
24.000,77.40,4.923,37057.69912,23538.5,14214.7
8.510,76.10,0.086,22904.94297,18594.7,10377.9
17.760,46.20,0.083,33559.32203,22136.2,16371.1
26.280,81.90,4.909,43541.26246,27129.1,37831.6
22.430,71.70,0.069,37313.96061,23900.4,12938.1
21.430,73.70,4.924,44913.98230,25982.1,19968.8
11.850,50.02,0.087,22906.32911,13805.5,14394.2
24.370,48.82,4.907,30464.85050,21436.7,26112.8
23.320,58.19,4.911,29508.03987,20232.9,25691
28.390,67.14,4.915,39611.96013,26794.9,31204
17.960,70.70,0.071,21784.61538,16445.5,11872.8
12.880,83.40,0.072,26365.42373,14896,12232
23.810,63.75,0.272,43964.60177,25506.9,22128
23.980,86.00,4.914,22765.71429,15045.6,15339.9
12.630,86.20,0.071,29889.23077,24571.5,12740.2
21.430,52.29,0.085,32823.93972,20302.2,16634.2
30.410,61.22,4.906,38849.63374,25074.6,26645.3
28.220,54.53,4.907,35886.77741,24087.3,26347.8
14.380,90.00,0.069,26946.13563,11914.5,14225.5
18.660,66.73,0.086,44722.15285,24404.5,27752.7
19.920,51.97,0.079,35442.38298,21439,20537.4
13.330,54.94,0.083,32243.34601,25933.1,9369.51
11.860,85.90,0.088,27059.74468,17670.7,11926.5
23.740,59.82,0.271,48087.07965,29832.8,22422.2
20.890,88.00,0.071,39633.37748,23785.4,24339.7
17.710,76.50,0.079,27218.20569,17469.7,11455.8
20.050,90.10,0.070,43634.83589,27044.8,18692.3
28.510,63.67,4.136,40862.19269,30516.5,27317.8
21.570,61.67,0.086,23764.76821,11260.3,11331
29.440,53.13,4.905,36458.69034,32601.5,25501.7
23.750,62.26,0.069,36594.43709,20918.9,18857.4
27.780,67.83,4.912,36352.42525,24577.2,27209.4
6.886,78.10,0.085,23331.64557,14472.9,14295.9
14.070,62.13,0.082,40918.63118,34435.1,16359.2
16.180,84.70,0.085,30102.04521,17079.8,20491.6
22.630,65.06,0.070,32306.36066,21102.2,16084.9
21.050,77.90,4.910,26149.38053,14961.3,12602.6
15.850,76.30,0.069,21882.88973,16764.7,9502.04
20.870,65.68,4.923,29581.44420,24524.1,11006.4
18.480,60.19,0.089,44182.73412,27143,25995.6
19.080,63.52,4.919,26335.92998,15580.1,11905.2
27.210,43.28,0.075,31007.04319,21129.1,26444.2
11.230,74.90,4.916,27517.97468,16785.4,18054.9
21.130,76.50,0.067,32633.70492,20637.8,16522.1
15.730,85.00,0.070,29435.80328,18609.3,13333.1
18.130,49.30,0.077,36496.34043,22335.4,17738.7
12.970,62.38,0.085,34894.17722,21672.9,16163.9
26.660,85.80,4.911,42960.26637,30058.3,33368.3
24.430,43.34,4.915,35417.87234,19317.1,15619.4
23.050,65.89,4.905,39490.76412,26445.6,31698.1
21.480,63.67,0.094,40754.83589,25341.9,18102.9
12.950,69.06,0.081,31601.01266,20173.9,14642.9
13.300,66.15,0.084,42504.40678,27176.9,26125.5
21.920,63.99,0.110,39525.95186,23422.4,17402.6
20.730,47.58,4.923,46439.21225,27343.6,20734.8
20.650,72.10,4.919,35164.98906,23560.6,10942.2
14.770,85.80,0.069,41609.64478,21141.8,27665.5
25.950,70.10,4.921,35095.22124,21884.4,13502.8
27.870,50.13,4.917,33943.31126,21790.9,22443.3
20.680,66.64,0.073,29716.92308,26267.4,10941.7
15.840,83.20,0.097,26064.94530,16211.2,10382
22.360,67.79,4.933,48189.02655,28526.8,21251.4
25.560,55.79,0.290,31992.21239,17169.2,14608.9
15.880,36.64,4.919,29975.38462,25114.5,9478.55
23.870,47.98,4.910,36186.57807,25959.5,34481.7
13.460,67.07,0.084,29277.41658,17904.7,14272
19.360,68.94,0.079,39927.82979,20820.7,25670.3
15.660,74.00,0.069,21225.85551,15976.7,9115.97
29.760,22.61,4.965,34069.38053,20125.6,14491.2
10.780,79.50,0.081,27392.55113,16639.9,12916.4
7.040,65.68,0.088,28391.18644,17598.8,17853.1
16.350,72.50,0.084,21477.54575,12189.4,11252.4
24.230,62.79,4.924,32266.19469,17057,13820.5
18.590,81.60,4.916,24829.75930,15580.1,11455.8
18.630,44.41,0.082,35118.98734,22468.1,16973.5
34.340,29.38,4.912,43598.67110,28150.6,31915
25.220,41.27,0.082,31739.80328,18694.7,18294.4
10.980,87.10,0.089,23554.72340,15051.2,10236.8
14.830,61.93,0.082,29892.20339,19586.6,13876.1
21.830,68.06,0.071,29575.62914,19332.2,13865.4
9.780,87.70,0.081,23174.80851,13404.9,13918.1
25.630,85.70,4.915,31657.67442,20407.6,27113
21.250,70.00,0.071,31329.23077,24028.5,11427.5
19.810,81.70,0.066,27673.84615,22418.2,14290.1
11.860,49.18,0.086,34511.18644,20830.4,16741.6
23.140,61.52,4.903,34668.67925,25557.3,28667.6
25.740,55.44,0.080,34094.16393,19794.4,17880.5
12.980,51.00,0.083,36449.62025,23095.4,21316.6
21.780,39.91,0.088,35775.24220,21281.1,18624
13.440,52.27,0.082,38273.36170,22456.1,22738.1
18.120,65.75,0.082,23946.49180,14492.9,15810.9
17.270,61.66,0.080,20597.50820,12315.8,9922.59
19.100,83.80,4.918,27950.16393,17635.9,17081.8
24.620,65.36,0.073,34229.40397,21476.5,16677.4
15.240,52.49,0.079,37433.89831,23069.9,17534.7
21.150,79.80,4.921,43741.59292,25679,19780.5
22.840,62.32,4.908,40690.78801,28834.2,32032.1
13.310,47.76,0.081,30917.11027,25564.9,9553.9
11.950,86.00,4.916,21649.23077,15545.5,10739.3
28.030,43.58,4.909,41841.50943,28222.2,26013.3
20.850,82.90,0.070,38908.60927,23931.4,25863.9
10.610,85.00,0.071,32770.72340,19745.1,19515.5
15.690,85.60,4.921,27289.91150,16166.3,12949.7
18.250,89.00,4.918,24802.62295,15440.2,14738.1
23.800,74.20,0.267,46398.58407,27707.3,23598.9
19.300,85.10,0.066,22529.23077,17405,10351.8
21.840,54.01,0.070,31261.37705,20344.3,17740.6
22.420,79.10,4.917,26625.69536,15451.6,18892.8
20.640,90.00,0.067,21895.62914,13367.2,11088.7
17.220,79.90,0.074,32172.91712,19088.8,18240
22.110,72.10,4.922,33614.70460,21618.7,12821.4
13.800,73.30,0.086,33480.00000,23934.3,17175.8
21.880,61.42,4.925,30816.63020,17536.9,14548.8
15.870,81.20,0.072,33319.95694,16119.3,20002.9
18.470,86.90,4.917,26947.22101,18100.8,8275.26
13.530,69.41,0.086,21686.15385,16493.8,10178.3
30.940,62.49,4.905,41451.54273,31521.9,28986.6
10.840,90.40,0.087,31961.87234,17817.1,13337.4
19.150,76.90,4.918,32180.45902,21094.7,15840
12.060,85.70,4.920,18886.15385,13273.1,10201.4
8.490,74.70,0.087,27384.40678,16832.8,13436.1
21.040,67.93,4.918,33540.19672,21440.2,17017.7
14.310,64.54,0.083,37604.05063,25035.9,23710.8
18.680,92.90,0.067,27224.50766,18190.5,11059
18.680,86.80,0.067,25671.34426,15042.7,15886.6
15.800,82.70,0.075,30387.25511,15195.5,18536.7
11.440,77.50,0.079,22954.93671,15403,14874.2
23.820,61.13,0.070,36538.81838,23706.2,13136.5
22.580,69.23,0.074,38501.72185,24118.5,21273.6
15.220,37.16,4.922,30843.07692,26044.2,11173
18.860,58.59,4.917,43175.48936,25653.7,24799.4
26.740,73.50,4.913,34744.98339,25279.7,32180.1
10.260,88.90,0.081,22353.70213,14231.7,10527.1
11.180,84.80,0.085,24731.23404,15779.3,11851
20.280,54.93,4.902,29311.43174,19779.1,18977.3
13.780,67.56,0.078,24467.79661,15610.9,11352.1
14.730,76.00,0.081,34805.10638,21812.2,16612.3
24.680,67.12,0.069,37641.37625,26367.1,24225.7
13.670,71.90,0.072,23991.86441,14075.4,12631.5
13.560,68.03,0.080,24602.45425,14286.4,15505.5
24.420,67.18,4.926,36073.11258,20705.6,23790.3
19.800,86.80,0.067,21539.60265,10044.1,10947
22.560,42.53,4.916,43700.45902,24624.1,26106.6
16.390,68.09,0.072,31900.59574,20114.6,17041.9
22.360,76.80,4.916,32196.10619,17981.3,13090.9
15.580,81.40,0.083,22024.61538,17676.4,10097.3
12.080,90.30,0.082,24057.19149,14498.8,14638.1
28.790,65.33,4.912,39994.68439,26324.1,30902.8
21.540,54.45,4.923,38382.95228,26682.6,27301.3
18.690,86.50,0.063,25633.57377,15120.7,15624.3
14.040,40.15,0.080,31720.15209,27063.5,9888.12
17.030,75.10,0.070,39346.56620,21262.7,26653.1
20.160,59.02,4.923,39262.30088,19897.3,22245.7
12.480,55.17,0.081,43400.50633,26910.6,25266.5
24.950,47.22,4.912,46981.18162,26835.7,19818.6
13.460,58.88,0.076,34348.28897,29718.3,14567.1
25.220,60.42,4.908,46979.40199,30843,43585.6
21.370,50.16,4.911,23850.09967,15869.6,17147.4
15.340,63.49,0.078,23324.71483,18679.3,9000.72
14.040,80.40,0.078,28726.46809,17857.3,15636.8
19.070,83.30,0.070,21532.30769,16757.9,9709.88
24.420,48.72,4.906,30554.15282,21197.5,25938.1
24.470,59.66,4.933,37866.90265,23287.7,13914.6
15.290,76.90,0.074,37889.62025,23573.3,23982.7
29.960,41.33,4.924,40071.22924,26324.1,33879.2
17.360,54.09,0.080,25120.00000,20432.2,11716.6
7.260,78.50,0.084,22809.11392,14290.6,14573.5
25.180,62.31,0.071,39073.90728,20937.6,20068.4
19.490,79.10,0.077,37820.85246,21774.6,22509.5
14.140,79.40,0.083,27243.74596,14777.6,18257.5
14.800,58.95,0.080,21560.45627,17663.1,9674.91
21.520,57.47,0.082,29991.07221,23366.4,8998.91
23.850,44.08,4.928,28443.18584,15983,13691
9.980,85.10,0.087,23248.34043,13254.9,14591.6
15.840,55.09,0.080,35212.88136,22614,17390
9.420,91.00,0.080,24156.61017,14294.2,15184.4
14.050,82.10,0.081,36720.91255,31007.1,15103
18.750,74.20,0.079,28012.25383,17253.1,12360.4
12.000,84.80,0.082,35270.80851,20385.4,17436.8
9.350,86.20,0.084,21365.77947,16510.6,9703.72
20.540,65.50,0.118,26518.68709,16558.5,11607.5
26.670,83.10,4.913,40281.64262,28473.1,25230.8
18.000,51.70,0.083,22558.17490,18145.4,7312.36
11.410,64.37,0.085,34535.69620,22639.5,18373
18.750,65.43,0.071,29618.46154,25798.8,12052
18.050,70.80,0.074,30988.67600,17336.5,17704.7
22.920,75.50,4.907,30190.56478,20468.4,24534.2
18.000,91.00,4.988,26272.91028,17746.1,8146.87
22.080,56.59,4.902,41483.50721,28838,31544.6
15.620,71.30,0.072,37746.91066,20459.9,25797.8
14.440,76.50,0.082,22387.11864,13641.3,13887.7
14.060,48.06,0.085,42534.91525,24558.1,25575.6
15.150,49.00,0.085,31478.64407,19174.5,14593.9
13.310,69.05,0.085,30184.85106,19082.9,13865.8
15.290,87.50,0.068,30071.04413,17296.1,18519.3
29.460,39.45,0.073,42685.37181,29107.9,27090.7
13.420,84.60,0.078,32709.44681,19441.5,19643.2
16.760,85.60,0.078,27060.65646,15647.3,11776.8
30.540,47.26,4.909,36913.75415,25211.4,28878.3
20.910,82.00,0.068,24578.54305,14227.9,12051.7
21.210,71.40,4.917,23987.28477,15200.8,15271.4
8.630,90.60,0.080,22515.25424,13065,14345
28.420,75.80,4.902,42026.90344,29222,32351.1
24.880,84.60,4.916,34253.82060,22302.5,26829.8
16.310,82.40,0.068,43017.09365,23110.4,27572.4
13.840,86.10,4.915,32580.76596,19525.6,19736.1
23.890,46.70,0.086,33993.84615,24091.7,12988.9
20.010,56.05,4.905,32865.88235,23325.9,26717.5
13.400,59.85,0.076,39288.21293,33363.6,16232.4
23.360,81.30,4.922,46640.70796,28212.5,20310
20.290,68.41,4.923,32102.23195,26600.4,12354.5
23.670,58.42,0.070,33568.21192,22355.9,17067.3
28.010,74.30,4.904,40952.89678,27640.5,32345.1
18.850,51.07,0.083,29978.73418,17642.6,16805.8
20.930,64.23,0.070,36700.32787,24442.1,16574.6
15.790,70.40,0.074,30637.26236,26172.4,12533
15.680,86.00,0.065,26250.49180,16625.4,12108.8
20.530,70.20,0.297,26996.81416,16024.1,12832
20.070,79.50,0.068,26566.15385,21332.2,12173.5
13.940,65.93,0.078,22802.03390,13962.3,14721.3
12.740,74.60,4.918,42815.59322,25499.1,25344
21.270,70.30,0.072,30387.69231,22425.6,9987.47
28.170,54.54,0.066,35539.07285,19721.4,22910
16.380,73.90,0.073,33077.46835,20341.6,16256.4
26.850,47.60,4.924,36549.93377,23560.9,29059.9
13.340,54.57,0.078,26007.60456,21348.9,10447.1
20.050,59.19,4.907,25406.51163,17411.4,20346.8
20.650,83.80,0.067,41972.98013,25259.9,26425.1
14.870,71.40,0.084,35871.86441,21782.4,17667.9
10.300,87.80,0.083,22978.72340,13148.8,13709
24.440,85.80,4.915,43554.01993,27638,32891
20.130,77.60,0.068,31796.92308,25899.2,14255.4
25.860,35.79,0.079,31790.16393,19515.8,20090
24.390,38.47,0.074,37770.49180,22016.1,24246.8
19.460,77.30,4.924,34560.00000,21666.9,21576.7
22.840,70.90,0.067,35007.43982,19568.5,13159.9
11.730,67.69,0.087,22588.47458,12259,13951.4
9.940,84.60,0.081,23358.63830,13822,14289.7
27.850,51.23,4.925,34725.29801,22902.3,22461
11.280,88.20,0.091,29069.61702,20667.1,14115.5
30.910,38.35,4.905,40179.66777,32453.2,30999.2
21.580,54.65,4.927,42575.57522,22385.9,25352.2
9.130,85.40,0.073,25595.23404,15307.3,15729.7
27.000,50.18,4.902,37213.05216,27731.8,29763
24.130,40.95,4.929,31641.76991,17786.7,15020.7
23.600,62.91,0.067,45817.89123,31183.5,34373.4
13.360,83.40,0.070,33146.35091,18315.3,23080.7
34.110,32.85,4.926,29240.13289,30736.7,26739.4
12.960,76.80,0.072,41006.58228,24962.9,25335.9
12.340,77.20,4.916,22503.05085,13054.1,14333.4
27.850,79.00,4.906,37622.19756,30484.1,36377.7
24.670,89.40,4.921,40313.60710,25200,22835.4
16.970,67.16,0.073,33481.53191,19990.2,17105.8
22.510,58.66,4.919,35982.68852,22361.6,18067
11.290,62.90,0.079,35001.19149,20487.8,17663.2
26.640,64.83,4.907,41110.96346,29483.5,32210.2
15.590,88.70,0.074,31181.53846,25568.2,15955.7
10.830,76.00,0.078,33204.56274,26868.4,14313.6
15.810,87.20,0.080,26613.21663,14325.3,11695.1
24.220,82.30,0.082,28863.78738,18816.5,22413.4
28.070,35.75,4.915,35535.94684,25051.9,26757.5
25.050,56.77,4.919,35516.85246,21470,17454.9
20.020,90.80,0.065,33287.00219,23706.2,12016
17.970,73.10,0.070,40641.04918,24118.9,24526.6
15.420,45.08,4.915,31212.30769,24247.9,11254
21.210,66.46,4.924,33552.78689,22198.1,17110.9
17.070,76.30,4.918,33399.49367,19929.5,16366.3
9.600,82.60,0.085,22436.92308,18145,8616.87
27.920,40.69,4.905,41889.16944,29491.1,26703.3
16.080,59.58,0.082,40052.65823,24514.3,24717.1
15.290,82.30,0.074,44245.06329,26739.2,25561.4
25.990,56.02,4.908,30815.68106,22336.7,23196.7
19.490,82.80,4.923,40485.66372,24279.4,19451
24.580,88.90,4.919,29234.71698,17935.4,18375.4
18.290,79.10,0.067,38223.73770,23264.4,23150.8
30.370,25.51,4.911,43630.56478,29289.9,38367.9
26.330,64.76,4.905,50749.23588,34834.2,41615.4
15.460,48.06,4.921,32292.76596,17678,16803.9
16.190,80.90,0.073,37390.76923,30860.3,21669.4
13.570,86.20,0.075,33702.12766,20820.7,15932.9
5.895,83.90,4.913,27692.77567,21617.7,8384.15
13.440,90.50,0.065,25532.48654,12589,16704
30.360,44.05,4.907,44332.22591,28701.3,40295.9
6.013,71.40,0.084,30379.74684,19641.3,19020.7
10.480,55.03,0.091,30489.11392,20046.2,19414
16.580,88.70,4.911,26993.31148,17632.2,11904.8
18.800,54.35,0.085,44795.80328,27143,26199.8
15.100,83.50,0.071,43716.45570,26812.2,25596.1
15.670,84.90,0.079,24535.38462,20201.7,12023.1
16.170,59.63,0.074,29554.37262,24055.2,10781.3
14.050,86.00,4.915,22649.27790,17678.8,10440.4
17.010,45.17,0.077,35896.70886,22161.7,17731.1
8.620,86.20,4.916,26366.53992,20737.6,7715.73
25.530,86.70,4.920,30413.82060,18478.5,24781.3
18.830,47.43,0.082,33071.18644,20943.5,16156.9
21.680,78.30,0.066,31610.06623,21809.6,19808.5
27.590,71.20,4.916,38540.33223,26419,30179.7
18.170,59.42,0.084,32117.46835,17916.1,17603.9
23.050,63.75,4.921,41971.11597,28392.9,18534.7
11.170,80.70,0.074,41912.54237,24988.4,25367.2
24.100,65.61,4.926,33911.52318,19223.7,19087.8
27.450,36.64,4.919,36360.39344,23130.7,18597.6
6.438,67.45,0.087,23149.83051,13805.5,14987.6
16.640,27.34,0.091,31532.93617,19946.3,15642.6
17.470,58.31,0.083,27607.60456,20866.5,8856.66
21.090,67.76,0.273,34101.23894,20237.8,16497.5
13.440,73.00,0.086,31588.47458,19521,14211.9
11.720,85.90,4.915,28513.22034,20494.8,14356.6
23.570,62.33,4.926,37796.81416,22741.4,13220.3
14.330,90.10,0.069,43153.49839,21530.3,28916.4
27.440,40.59,4.915,44134.48505,31264.6,38795.6
25.740,43.81,4.936,29774.86726,17285.2,15209
21.500,71.80,4.925,37301.35667,23463.5,12220.3
23.820,84.60,4.917,40575.71587,26142.8,27379.6
13.910,75.60,0.071,41674.93671,25309.4,25827.5
11.720,83.40,0.074,44756.42553,23004.9,24590.3
18.540,80.40,0.070,38790.29508,23379.6,21460.1
21.960,49.93,4.923,31131.72867,25752.7,11257.4
13.800,81.80,0.081,22481.98062,13512.8,14702.5
18.850,48.90,0.081,30950.88608,18138.6,17679
13.560,73.90,0.082,30966.10169,19900.3,14489.7
15.020,80.20,0.080,25797.24590,15852.6,15624.3
13.230,81.30,0.073,38434.57627,22019.5,24342.5
22.900,62.10,4.905,31906.44518,21372.2,26522.5
11.480,85.70,0.074,32540.33898,19612.2,20550.8
19.350,82.10,0.268,26576.28319,15245.7,13908.7
9.770,46.78,0.083,38288.13559,22234.7,23213.7
17.800,74.60,0.079,30014.95082,18312.1,19098.9
16.080,79.40,4.907,43543.14894,25858.5,25002.6
20.600,80.50,4.917,23014.56954,11937.6,13369.1
22.630,86.20,4.914,37471.78808,22161.3,28959.5
25.830,42.62,0.083,32795.23404,19273.2,17442.6
16.270,85.50,0.075,35496.23251,19132.8,20334.5
26.750,78.10,4.909,31529.76693,21193.2,21655.7
13.070,61.08,0.082,34180.08511,19990.2,20943.9
22.900,39.01,0.082,35490.03229,20943.8,18891.6
7.690,51.65,0.086,24284.74576,13940.4,14032.4
14.790,56.36,4.923,32369.23077,24947.1,10785.5
14.270,90.00,0.069,31056.87836,15631.8,18379.6
14.840,85.70,0.088,33394.35953,19026.5,22196.4
18.990,70.30,0.070,24301.53846,19193.8,11739.8
10.890,85.90,0.070,23528.13559,12747.7,13962.9
10.110,84.80,0.085,25466.15970,20619.8,11127
27.400,52.12,4.909,36696.87708,25910.1,31270.3
19.300,75.40,0.079,23650.33113,15335.6,12802
14.960,57.74,0.079,23888.13559,13119.8,12284.1
16.590,78.20,0.073,19784.61538,15921.1,8813.49
16.760,86.30,0.072,29339.23404,17531.7,18110.3
13.930,65.85,4.917,36708.74525,30005.5,15817.5
15.420,53.14,0.082,23991.86441,14374.5,14773.4
15.910,55.11,0.083,36708.74525,31717.7,15546.7
19.750,68.25,0.071,37593.84615,30626,16788.4
24.350,60.46,0.081,35940.13129,23512,13154
24.820,77.20,4.903,38517.20311,26979.1,31008.9
14.000,89.90,0.066,27820.36598,14913.2,14411.6
20.660,63.03,0.081,24628.09628,19908.3,11385.8
12.500,86.50,4.916,32949.15254,21009.1,16400.1
13.480,89.40,0.085,32541.44487,26124.6,9473.23
15.840,83.90,0.072,23672.42196,14253.4,11805.1
18.130,66.80,0.072,42756.19672,24854.5,25704.3
13.500,59.65,4.923,40289.36170,23154.9,23818.1
23.950,56.43,4.912,34247.44186,24953.2,30607.5
16.300,35.46,0.090,30552.51064,19485.4,14696.1
14.940,69.57,0.079,21849.11392,12988.4,14729.6
13.370,50.40,0.078,38692.01521,33514.6,16370.7
28.230,32.19,0.074,34408.91803,20775.2,17303.3
18.100,81.10,4.917,31514.33628,19092.7,14573.6
19.430,80.30,4.912,25533.22974,15118.5,13867.3
21.740,87.10,4.911,26244.95575,15032.4,12920.3
27.340,49.58,0.070,40575.71587,28096.7,25598
28.730,60.80,4.912,39567.30897,28051.9,28727.7
17.380,77.70,0.084,32590.76923,26892.1,14752.8
13.150,55.61,0.081,43932.20339,25688.8,24562.5
22.260,60.02,0.270,43301.94690,25506.9,20627.7
19.770,66.74,4.921,31156.92308,22325.2,19055.4
19.790,84.90,4.916,27684.95575,18595,10025.6
17.530,87.60,4.915,24802.62295,15299.1,15297.8
17.630,61.68,0.082,31117.87072,25579.6,12556.1
24.390,72.60,4.911,31038.93688,19948.1,25432
13.910,81.30,0.083,37213.68821,31147,15621.6
25.660,51.52,0.321,32750.44248,19627.9,16356.3
22.220,56.36,4.922,25706.31229,16249.4,17822.3
16.510,74.10,0.073,34659.20344,20533.2,19141.8
8.700,76.20,0.084,24328.51711,20200.1,11190.4
20.890,62.75,0.270,31170.26549,19931,12526.1
10.390,66.61,0.086,34401.35593,20443.8,16602.7
9.510,76.80,0.079,25652.65823,15869.9,13335.9
22.580,50.42,4.902,26952.45283,18262.3,20151
20.440,74.60,0.068,36322.62295,22896.6,17443.2
17.900,76.80,0.081,29265.70213,17396.3,17785.2
16.540,26.87,0.088,33457.02128,20546.3,17221.9
22.430,86.90,4.920,28787.21421,18125.4,17978.2
27.010,50.75,4.931,34585.20788,24117,13358.3
20.940,64.18,4.920,31635.88621,26708.7,12325.3
20.400,67.59,0.132,36267.83370,22731.5,15966.9
20.260,63.27,4.916,31925.10638,19050,15654.2
24.410,78.40,0.065,47953.11876,31970.4,36648.5
23.220,73.20,0.090,35637.63676,23127.4,10843
16.920,51.44,0.078,18944.81013,13415.2,14203.4
22.740,85.50,4.918,38050.33113,22370.9,29479.4
17.190,56.78,0.082,34138.98305,21421.3,16897.9
25.300,75.30,4.910,33941.26246,23365.8,23588.3
21.960,48.32,0.086,34659.20344,21295.7,18298.2
21.340,62.33,0.073,32394.49180,18575.9,17909.6
21.030,62.03,0.071,37606.81967,24271.2,16988.5
19.860,70.40,4.925,33149.90164,21481.1,15799.2
26.330,35.74,0.071,29699.03122,17043.2,17960.7
18.980,68.12,0.109,30161.22538,18985.9,13224.1
11.000,64.64,0.079,33371.23404,22046.3,16136.1
12.080,71.10,0.090,44439.49367,27100.3,26232.3
23.060,72.70,4.925,35968.14159,22296,13749.9
16.050,58.56,0.079,28696.27119,23048,15850.1
24.470,92.40,4.917,22260.06659,16840.5,16407.3
10.120,69.30,0.078,22001.01266,14097.3,14764.3
10.300,71.90,0.082,43193.92405,27939.2,26874.2
14.540,64.02,0.074,41644.55696,27206.1,25497.8
28.900,64.20,4.907,42205.90455,28781,27271.2
16.900,52.22,0.076,31740.75949,21001.8,16163.9
23.240,63.89,4.921,32597.52212,24900.6,14485.3
14.330,84.00,0.090,26561.72228,14378,15726.5
11.080,66.24,0.088,31105.70342,24839.5,9265.79
20.840,81.30,0.070,44355.14754,26849.5,26806.2
23.370,80.00,0.341,31998.58407,20593.3,13673.4
23.510,57.55,4.920,30762.61931,20600.2,18610.2
14.300,85.90,0.085,24947.69231,19751.7,13150.8
35.920,23.35,4.929,42291.02990,29601.3,31240.2
21.770,51.85,4.905,46278.17980,31164.5,35462.8
22.690,90.50,4.918,29138.82353,17851.7,18387.5
18.260,75.10,0.079,32419.67213,19850.2,20445.7
23.040,66.49,4.941,35337.34513,22195,14291.2
15.840,63.89,0.076,35240.50633,21370.2,16337.3
23.980,86.20,4.916,31644.91694,21296.2,25618.7
22.700,52.77,4.918,48368.74172,25615.4,29148.6
30.060,37.52,4.919,32818.01325,21296.9,22189.3
18.700,66.04,0.077,41330.63509,21193.1,28066.9
23.220,42.15,4.921,44442.47788,23553.4,21316.1
19.530,74.70,0.082,29295.89404,18557.6,17492.7
24.470,89.30,4.919,28499.53385,17205.5,17099.4
16.430,75.70,0.070,33977.18631,28764.7,14111.9
24.400,47.16,4.912,31038.93688,21770.9,20617.9
25.000,84.90,4.908,42686.51163,29567.1,37897.9
20.400,63.99,0.183,42059.46903,24298.1,21775
23.000,52.23,4.906,45018.77913,30917.4,33663.2
27.430,67.54,4.925,31504.58472,19739.2,25215.1
15.340,87.60,0.069,33276.55544,18143,22033.5
15.060,54.37,0.081,25733.84030,22173.7,11369
16.240,62.38,0.080,27378.30508,20556.8,15039.7
23.300,50.99,0.084,43898.55319,23067.1,27017.4
6.249,91.00,0.085,21596.95817,17092.4,9859.3
13.790,71.40,0.082,30099.06383,17465.9,18400.6
22.290,50.40,0.073,33058.46154,24437.6,17904.6
23.730,53.05,4.921,41536.28009,23635.3,17641.8
23.530,85.80,4.917,32578.20200,20683.8,22137.2
26.640,59.62,4.903,28697.71365,21805.3,21908.5
26.710,32.98,4.909,40358.27243,26996.2,37934.1
18.390,49.83,0.082,24395.43726,19629.3,7381.51
23.970,74.80,4.908,29693.02326,18288.6,23516
4.832,86.30,0.085,26141.44487,20752.4,8274.67
15.450,86.40,0.082,25879.69860,14169,16605.1
18.170,62.15,0.087,31892.65823,19473.6,17008.2
17.280,72.50,0.071,40270.76923,33850.4,15707
14.050,87.20,0.079,20067.69231,16002.9,8223.61
17.790,76.90,0.070,26376.39344,15990.1,15507.7
22.920,68.72,0.067,45673.11258,28403.3,28392.4
25.740,69.29,0.065,40773.89567,28606.1,27897.2
23.660,67.93,0.070,35437.35099,19968.4,17132.3
14.440,90.30,0.070,27423.55221,14975.6,18763.6
24.360,81.90,4.915,23071.89369,15186.1,15014.6
20.090,73.30,0.100,34352.03501,20584.2,15575.9
26.330,58.15,4.909,44695.81395,29365.8,39500.6
16.370,85.00,0.073,26456.31862,29683.5,20788.4
14.490,72.30,0.074,22935.36122,18660.9,6983.91
22.600,73.90,4.911,29177.18091,20159.2,17984.2
15.540,77.60,0.074,32216.31862,19154.8,16436.4
23.290,65.59,4.930,34840.35398,22299.8,14185.3
27.830,39.12,4.912,37289.76693,25796.8,26422.6
20.100,79.60,4.918,37742.49453,23597.9,16889
17.600,60.67,0.081,31752.91139,20998.2,16111.8
32.820,26.28,4.907,39465.24917,26700,28794
17.780,76.90,0.087,28471.38859,14935.2,16593.5
17.130,87.00,0.065,38138.55319,21896.3,22790.3
29.740,54.19,4.910,35134.08638,19568.4,27462.4
14.910,64.42,4.921,34737.70213,20012.2,17239.4
13.700,49.55,4.918,35432.54237,21906.4,16892.1
28.950,50.83,4.925,33313.90728,19283.6,21710.8
22.110,80.30,4.918,36836.02649,23022,26891.8
5.852,81.70,0.086,24121.51899,15654.7,11473.7
15.220,46.97,0.087,33791.18644,20312.5,16660.6
17.980,87.70,4.916,25155.14754,16265,11368.4
24.000,68.90,4.910,34342.64151,24405.5,26320.3
10.780,77.30,0.092,33010.63291,20305.2,15730.1
22.170,65.53,4.931,36272.26230,22606.8,17793
14.750,58.70,0.086,36139.74684,20575.1,18748.9
33.940,29.51,4.906,50685.44850,34651.9,47507.9
26.350,52.25,0.261,32323.53982,20417.5,13202.7
13.910,81.50,0.082,21049.42966,16860.4,9317.65
8.570,79.00,0.088,31777.21519,22128.9,16117.6
23.280,43.96,0.083,41635.67213,24913.9,24130.2
14.430,68.69,0.071,40844.74576,24641.9,22206.4
13.270,81.90,0.082,21207.60456,15895.7,8948.86
16.840,73.60,0.074,33824.81013,21479.6,16308.4
23.440,57.48,4.923,27118.66815,17483,17562.9
21.090,53.77,0.083,30756.92308,23269.8,12283.4
24.210,68.86,0.322,33661.59292,18755.9,15991.5
33.250,26.24,4.909,39210.09967,26639.2,28661.4
10.600,85.10,0.077,22036.92308,16423.1,9825.54
18.220,70.90,0.077,25658.75410,14901.5,14854.7
27.460,48.23,4.923,34685.90164,21826.6,18411
27.080,75.60,4.927,35570.07769,22698.6,25941.1
15.630,70.20,0.076,30096.95364,18669.9,17504.5
16.490,72.60,0.069,33326.58228,20527.7,15394.7
10.540,81.50,0.083,22492.30769,18040.9,9513.25
15.520,64.69,0.083,25064.63878,20789.2,10729.4
30.300,49.53,4.912,36473.62126,19807.6,27619.1
26.740,29.29,0.079,43713.04918,25474.9,26013.3
18.320,49.77,0.085,26275.28517,20881.3,7761.82
17.350,61.46,0.078,42409.47255,23495.3,27159.3
21.430,74.30,4.917,34786.62295,21704,16662
20.860,75.80,0.068,28614.60599,20216.3,17454.5
19.770,42.42,0.085,32863.87833,25340.3,9674.91
6.840,86.60,0.086,21317.11027,15744.7,9283.07
15.540,63.42,4.920,32390.88608,19707,16759.5
23.130,88.60,4.912,30515.88040,20711.4,25636.8
29.000,40.15,4.905,42506.37070,28461.7,27078.6
19.190,67.55,0.085,39658.80795,24346.8,24995.4
11.350,86.10,0.084,26574.12271,16658.2,13056
22.350,73.40,4.908,25967.84053,17126.6,20907.1
15.510,83.80,0.084,25138.55580,15486.7,8666.26
27.460,49.98,4.907,33947.64120,24736.7,25130.7
21.430,79.20,0.069,43486.09272,25005.4,27222.6
12.060,57.43,0.085,22426.32911,13732.5,13787
24.110,93.40,4.925,31894.16204,21162.8,15606.8
19.060,59.89,0.080,26562.11921,17000.8,12672
11.420,50.47,0.079,20416.73004,17070.3,9559.66
16.900,65.95,0.087,31561.97719,26231.4,9490.52
17.680,88.70,4.918,28239.12473,16689.2,12506.3
14.040,44.31,0.084,32834.43038,20753.8,16296.9
18.740,79.90,0.069,35126.55738,22016.1,18119.5
14.350,71.80,0.082,42504.40678,25699.7,24713
18.920,89.30,0.331,24320.70796,15339.3,10896.3
30.050,40.39,4.903,43152.15947,30307.6,29932.7
11.650,70.50,4.920,22018.46154,18070.7,10097.3
14.970,79.80,0.078,23139.20344,14018.7,15266.9
22.030,86.30,4.915,35369.20354,21278.2,16238.6
25.760,80.90,4.908,47942.59136,31196.2,40091
25.520,88.10,4.918,28372.62458,17062,23630.5
26.470,44.45,0.315,38440.35398,24459,14750.1
15.350,86.10,0.071,22072.76642,12710,11031.3
19.350,60.49,4.914,25125.95186,15919.9,8934.71
18.100,92.20,0.077,33305.90810,21260.2,15494.2
19.900,85.70,0.065,26867.28477,14729.3,15029.2
17.770,66.39,0.077,31800.79470,19702.7,19247.3
24.580,44.54,4.920,34658.04255,18881.7,15369.7
21.180,71.20,4.920,26805.66372,15968,13220.3
22.430,71.80,0.072,35719.56236,23232,13311.6
18.900,62.53,0.069,41729.36170,24406.1,24671.6
11.770,80.60,0.086,25855.51331,21245.8,11173.1
22.550,54.55,4.907,32123.32226,22743,29089.2
15.170,63.95,0.080,21286.69202,16985.6,9115.97
16.970,83.10,0.078,35335.02691,18920.2,20718.5
15.540,59.25,0.083,37292.93617,21109.8,22778.7
11.250,78.70,0.080,23309.61702,12230.5,11694.2
24.320,36.42,4.924,36910.63457,22544.8,14035.3
12.010,87.70,0.081,30969.19149,17798.8,16409
13.590,76.20,0.086,20712.91139,13006.7,14307.5
20.020,89.00,0.265,27621.53173,18093.4,11362.4
17.230,77.00,0.075,42837.28741,22439.5,28084.4
21.250,66.50,4.922,37065.44262,20596.9,20334.9
6.026,89.30,0.083,24529.27757,19714,7289.32
19.340,59.59,4.905,30200.04440,21136.2,23389.1
26.440,30.46,0.081,31462.81967,22539.9,17571.5
29.480,46.86,4.908,42431.36213,33778.5,28631.3
17.330,84.40,0.072,38683.07692,32738.4,19865.1
19.510,41.47,0.083,44095.93111,26387.8,26274.9
28.560,41.45,4.903,38472.45283,26853.6,26302.2
16.710,85.20,4.921,27551.15044,16334.7,13261.5
26.250,68.59,4.932,36879.29204,23362.6,13638.1
9.370,89.20,4.918,38581.01695,23715.5,23728.9
9.970,54.16,0.076,43844.05063,26644.4,25445.8
13.950,56.17,4.919,23717.28814,14097.3,15062.8
11.520,78.30,0.083,23690.12658,15333.7,15423.6
17.990,89.20,4.913,24791.94748,16289.6,10732.2
11.690,54.66,4.919,34517.28814,21414,16469.5
21.360,70.20,4.919,33910.89716,21712,12897.3
19.220,87.00,0.072,37723.58862,31115.4,16708.1
15.900,62.15,0.082,36824.33460,29858.2,16509
34.740,17.08,4.817,31148.06557,19705.3,17379.1
26.540,39.69,4.911,38990.27747,26644.6,25387.3
23.770,45.36,4.915,47376.95364,27677.3,29124.9
18.440,78.60,4.919,30216.39344,19032.8,14038.5
11.710,70.90,0.081,38984.03042,33960.1,16514.8
18.990,77.00,0.080,31232.56018,18705.8,14163.6
19.150,83.90,4.925,31110.29508,19437.8,18620.9
25.660,57.95,4.920,46218.64333,27481.7,18721.5
22.150,75.70,4.925,42358.93805,26970.1,19774.6
20.190,74.00,0.080,32833.26039,26813.3,11228.2
18.130,68.98,0.087,23304.68271,17861.8,11088.1
15.330,60.35,0.075,34633.53191,21424.4,16594.8
21.900,90.40,0.302,25301.94690,15167.2,10308
29.580,39.59,4.922,33737.14286,22519,24070.3
18.110,43.24,0.084,35787.34177,21771.4,16418.3
27.160,39.63,4.917,35526.35762,22471.9,17876.7
22.170,87.10,4.915,35012.38938,21596.3,12890.9
19.370,86.30,0.073,38565.29801,23119.3,23081.4
17.220,79.60,0.102,26493.47921,15927.4,11584.2
14.600,86.40,0.072,41014.42411,21431.4,27374.5
20.440,67.01,0.069,29132.30769,25891.7,10924.3
11.220,81.40,0.079,24144.40678,14855.9,14252.4
10.760,80.50,0.086,39451.13924,24959.3,24150.4
25.400,51.36,4.904,33851.96013,23084.8,25154.8
25.870,50.62,4.919,31450.61947,21820.8,12549.6
24.150,36.82,4.915,31986.38298,21929.3,15613.5
16.580,50.35,4.919,31649.62025,17412.8,16481.9
7.580,60.37,0.090,21490.16949,12612.8,14402.9
24.310,93.10,4.917,27892.20866,17068.6,15697.1
17.070,63.86,4.916,27174.09190,16106.6,12868.1
24.760,53.52,0.280,39236.81416,24436.6,15008.9
22.380,47.79,4.923,28430.44248,15189.6,14544.1
30.260,41.61,4.925,34125.28302,20030,16985.1
21.970,45.95,4.061,43711.51776,25167,27485.1
20.140,84.90,0.248,22727.78761,13423.3,10490.4
16.840,78.10,0.078,27182.29787,14634.1,17994.2
20.430,89.10,0.065,43002.91391,26550.9,25290.8
11.930,50.65,0.085,34077.96610,19167.2,18102
26.220,39.94,4.923,36284.85246,23762.2,18562.6
8.140,91.90,0.083,20891.25475,15490.6,9525.09
10.030,88.90,0.080,27528.51711,22306.2,11985.6
13.640,81.10,0.080,21548.28897,17066.6,9444.42
12.020,77.50,0.074,42516.61017,25181.8,25621.9
17.440,87.70,4.917,25054.42623,15013,15227.9
12.800,70.60,4.912,23522.03390,13914.9,14507.1
17.210,46.36,0.086,29384.03042,25469.2,9669.15
7.780,88.80,0.082,22892.77567,15170.3,9576.95
33.300,32.25,4.910,42520.66445,34811.4,30402.7
11.960,88.50,0.080,37787.79661,25116.1,25245.6
8.540,78.60,0.085,23398.48101,15541.6,15626
13.980,89.70,0.263,26648.52530,15437.5,12695.3
23.560,77.90,4.915,24634.68439,14582.3,17894.6
7.560,62.90,0.087,31423.72881,19145.3,19717.1
25.540,63.49,4.904,27553.38513,21166.6,18881
13.130,89.70,4.924,30920.47363,15375.2,14830.5
22.700,55.32,0.191,32865.13274,18748.4,14532.4
21.990,83.40,4.921,47313.37748,27404.2,33437.5
19.770,79.50,0.069,27175.38462,21934.7,12514.7
17.480,67.59,0.083,43304.17021,25715.9,24770.3
21.210,93.70,4.915,30533.09735,21180.9,12414.3
14.910,88.00,0.071,23957.63186,11184.9,15889.5
20.530,66.49,0.290,25206.37168,14830.4,9784.35
10.740,87.30,0.080,26396.95817,20594,7467.95
23.580,43.10,0.075,23808.00000,14778.9,15548.5
13.160,56.58,4.916,38886.10169,23365.3,24226.7
26.650,72.30,4.920,28442.79070,29221.5,25347.6
13.910,82.00,4.920,22010.76426,12790.6,12834.9
19.320,42.99,0.082,32863.72881,20954.4,16353.8
17.740,46.60,0.082,34767.45763,22745.3,17152.6
11.780,87.20,0.078,21219.77186,17339.1,9277.31
11.320,80.10,0.071,43883.38983,26713.7,25859.2
23.020,66.96,0.069,37370.06623,21031.2,19058.2
20.130,84.50,0.283,25843.53982,15769.6,11214.1
20.250,58.58,4.920,32672.68085,20732.9,17756.1
17.130,84.60,4.922,26980.72131,17037.8,16061.5
17.970,70.90,0.069,21883.07692,16519.8,11814.9
20.160,78.10,4.918,37200.52516,23743.6,16848.1
15.490,57.18,0.076,21874.57627,13389.7,13835.6
27.440,55.72,0.059,37999.37847,25462.3,27403.6
12.010,57.93,0.083,35580.75949,22723.4,17609.6
17.780,80.50,0.083,35328.00000,23100.9,16697
25.500,76.00,4.923,36033.48837,23943,23208.7
14.160,38.79,0.083,32129.62025,20983.6,16464.6
37.900,18.01,0.071,37653.68771,27113.9,30649.7
19.400,75.10,0.071,31643.07692,24865.3,14561.9
24.150,44.29,4.906,49078.26859,33255.3,37479.1
13.530,75.80,0.072,29196.61017,16738,13430.4
19.420,72.70,0.069,30732.30769,24675.6,17858.3
20.130,70.10,3.090,35401.06195,22928.5,14732.4
18.560,47.93,0.075,36545.36170,22393.9,17564.5
22.160,61.20,4.920,32789.14661,18433.2,13848.5
24.890,62.71,0.070,35233.90728,20829.1,19530.8
11.770,64.39,0.078,21960.00000,14294.2,11589.5
21.750,60.72,0.079,37392.78689,22265,20206.6
25.810,49.48,4.912,40339.13621,28272.2,31806.5
18.080,50.80,0.080,22314.82890,18502.6,7900.12
15.550,61.04,0.076,31285.06329,16424.3,17014
13.130,84.30,0.088,22205.32319,17814.1,9576.95
14.520,47.51,0.084,37986.83544,24142.2,19032.3
24.270,63.34,4.923,38450.36066,24163.5,21361
23.950,58.89,4.907,30911.36213,20434.2,22793
7.250,77.20,0.087,22724.05063,14148.3,14365.3
13.210,59.58,0.083,25662.63830,14524.4,15392.9
18.340,73.50,0.073,40338.60065,21149.1,26193.5
17.570,67.69,4.926,36793.84615,31395.9,16499.3
18.000,80.00,0.079,26783.36980,15647.3,12004.4
28.640,48.02,4.909,39950.03322,28287.3,34795
16.050,58.96,0.091,27811.52542,23073.6,16232.2
15.940,75.80,0.083,39780.58127,20654.2,27066.2
12.350,77.30,4.915,22326.10169,13119.8,14287.1
23.740,40.37,0.081,36123.97351,21974.2,19566.3
17.760,82.80,0.075,39390.76923,33225.6,19622.2
27.260,75.60,4.923,36650.47725,23329.7,25977.2
26.460,52.48,0.262,32004.95575,20200.4,13067.4
8.630,87.30,0.075,23003.23404,13741.5,14150.3
14.950,75.20,0.070,35221.78723,20934.1,16629.7
24.740,79.50,4.923,47454.47281,30206.5,32567.8
6.165,78.90,0.088,24419.24051,15829.8,12133
9.280,60.66,4.922,21446.15385,17691.3,7413.98
13.720,65.33,0.076,42724.06780,25590.3,26160.2
23.300,48.82,4.909,25451.16279,16762,18762.2
15.630,81.10,4.921,27457.68053,21708.3,13043.2
26.880,46.95,4.912,45174.21927,31070.9,35524
27.540,49.55,4.924,32712.45283,19573.8,15703.1
10.660,82.20,4.924,24498.46154,16847.1,10091.6
23.940,81.70,4.911,25763.72093,18934.2,18955
17.770,57.94,0.077,33849.19149,21651.2,16014.2
15.460,76.50,0.079,20647.90875,14894.1,6620.89
19.370,75.70,0.068,29643.07692,22600.4,15163.4
26.680,57.79,0.257,33916.46018,20204.2,15456.1
15.090,86.90,4.908,23995.91489,13441.5,14620.6
15.180,57.20,0.078,29152.40506,20429.2,17170.1
21.350,70.30,0.314,26028.31858,15286.9,13485.1
23.730,66.46,4.922,29042.12389,21229.5,13696.9
22.430,77.40,0.070,35844.23841,22052.8,18562
15.410,75.70,0.082,35944.61538,28844.6,15620.2
16.890,63.22,4.918,22486.15385,18446.3,7917.11
29.420,55.10,4.908,36486.37874,20088.6,28083
19.240,90.40,4.922,21390.68852,12906.5,10155.8
18.660,62.62,4.921,31335.38462,26535.1,10721.9
14.800,87.90,4.921,24500.45902,15432.8,14808.1
14.860,64.12,0.079,30789.35361,25347.7,13916
9.800,69.58,0.089,29780.42553,18428,18603.9
23.710,50.22,4.910,35453.02326,25177.2,33885.2
10.990,85.10,0.075,28738.72340,17315.9,17030.3
24.420,46.05,2.449,30182.65487,17869,16803.4
20.060,82.20,4.922,41144.65574,25779.6,24042.8
19.940,88.00,0.075,27111.07221,16573.4,11257.4
28.800,42.82,4.907,38476.54485,26673.4,25311.5
23.950,59.95,5.007,34107.61062,23710.6,14750.1
9.420,88.70,0.081,24979.46768,19909.2,11242.3
13.860,71.20,0.074,33772.88136,20841.3,15566.5
18.560,82.00,4.914,21365.50820,13805.6,10820.4
23.290,62.32,4.924,43130.67834,29132.4,19369.2
26.850,37.35,0.265,38930.97345,23620.8,19398.1
12.950,85.50,0.069,39116.96203,24259,24017.3
20.900,81.30,4.914,21501.45695,12633.7,13575.9
23.830,76.60,0.261,46570.61947,28377.1,23769.6
20.430,61.87,4.917,45558.67550,24155.9,27577.1
14.400,88.70,0.075,22636.98601,13377.2,11438.5
7.880,87.40,0.083,22231.89873,14633.4,14417.3
14.560,56.09,4.915,33449.49153,20699.1,16539
14.110,70.60,0.085,30947.52852,27431.7,9870.83
16.150,55.11,4.915,39414.68354,23055.3,24699.8
23.540,63.26,4.909,46456.34551,30801.3,36349.5
23.240,74.60,4.912,31414.69478,19896.9,17292
12.870,77.20,0.076,40034.43038,24838.9,25457.3
13.230,79.70,0.075,22778.73418,15052.9,15030.4
14.200,77.50,0.073,34634.40258,20203.3,18228.4
25.290,62.71,0.068,37853.24503,21682.3,20192.5
28.020,38.65,4.907,30547.77409,20950.6,28366.2
20.880,67.16,0.275,25493.09735,15743.5,10637.5
21.930,90.50,0.298,25894.51327,15717.3,10619.8
16.270,88.20,0.075,22295.38462,16014,8524.34
13.920,60.05,0.080,35725.42373,21187.8,21778
19.940,77.30,0.072,27735.38462,23667.8,15955.7
16.970,85.50,4.923,30262.05689,22929.5,10142.7
13.010,72.50,0.080,27023.57414,20870.2,9046.82
13.550,50.30,0.076,38886.69202,33551.4,16071.1
27.380,32.92,4.920,46830.19868,28220,28912.2
14.030,56.88,0.082,39537.64259,33525.6,16232.4
14.420,64.80,0.081,24850.46286,14748.3,15656.7
5.695,82.10,0.087,25312.40506,16559.3,11676.1
25.190,58.92,4.912,30668.97010,21516.5,26926.2
38.170,15.97,0.068,35880.39867,25257,30529.2
13.930,82.50,0.086,24550.81967,15243.3,11211
24.480,55.35,0.286,33808.14159,18984.2,14991.3
20.330,85.30,0.066,38082.11921,21809.6,22632.4
16.930,57.59,0.080,21698.46154,16932.6,9675.18
12.100,84.90,0.078,22856.17021,13492.7,13981.9
14.230,86.50,4.926,35975.38462,28573.1,17592.3
25.610,36.58,4.904,35800.22198,24523.3,28511.1
24.270,67.95,4.921,35615.36424,18419.1,22472.9
13.740,60.65,0.087,39498.89362,22993.9,24102.6
11.510,87.80,0.085,23519.39163,19043.9,9069.87
15.840,64.55,0.084,22335.18987,13736.2,14307.5
17.290,83.60,4.923,25772.06557,17030.3,11759
28.470,26.66,0.077,30858.49180,22866.9,17192.6
15.380,68.06,0.077,36520.85106,19269.5,16089.7
19.890,28.50,0.083,39884.41065,33385.7,14832.2
8.730,74.90,0.085,23452.47148,19205.9,10602.6
25.790,64.55,4.900,23103.92897,17064.8,15600.8
16.750,51.92,0.079,35926.77966,23445.6,17031.1
26.940,35.35,4.927,31590.79646,18018.7,16097.4
13.690,75.00,0.072,31570.16949,18007.3,15004.9
11.260,83.60,0.082,24316.34981,19776.6,10602.6
23.950,81.60,4.912,23518.40532,16857,17394.5
20.730,81.70,4.914,34591.50985,25734,12156.1
14.410,79.00,0.084,41704.85106,23941.5,25600.6
28.760,44.55,4.926,33818.42397,19676.5,16828.6
6.993,66.14,4.918,28149.87342,17164.7,15244.3
13.440,65.61,0.087,31799.23954,24854.2,10343.3
16.100,66.81,0.083,32537.87234,20436.6,15091
10.400,85.00,0.088,23432.17021,13368.3,14899.4
20.070,84.00,4.916,34356.10619,20237.8,15673.8
21.650,52.32,4.904,31210.12209,22253.9,16118.4
17.030,89.20,4.918,25054.42623,16031,11111.9
23.330,68.84,0.071,35132.18543,22408.3,19341.8
18.130,79.20,4.919,26527.47541,17550.5,12068
25.860,89.10,4.907,31056.69256,21630.4,22498.3
15.050,75.50,0.088,20812.16730,15387.5,9127.49
23.070,69.81,0.070,37064.90066,20353.8,18000.7
18.530,89.10,4.919,29335.08197,18063.2,16627
19.260,76.10,0.071,23692.30769,17445.9,8466.51
19.010,80.60,4.919,46936.13115,28521.4,26765.3
21.400,62.32,4.908,31664.05316,21994.9,27245.5
20.420,84.30,4.911,29513.62832,16787.5,13844
11.540,87.10,0.083,23640.51064,12351.2,13645.2
12.770,57.02,4.920,30935.38462,23344.2,11473.7
22.950,64.81,0.071,36797.88079,22172.6,19489.5
6.656,59.63,0.092,21294.91525,12634.7,14402.9
18.300,85.80,0.316,23333.09735,14063.2,9531.36
14.880,60.79,0.084,36147.25511,19756,23650.9
29.960,56.46,4.915,35752.82392,23206.3,25474.1
26.370,81.10,4.922,36490.65483,22364.1,17665.2
21.370,70.90,0.072,36401.15427,25983.1,28011.5
15.860,83.80,0.072,41175.62971,22633.8,27118.5
28.330,61.33,4.909,40568.77076,28051.9,29185.6
26.290,64.49,4.903,31056.69256,24139.4,20638.5
23.900,62.36,4.925,38427.61062,22928.5,13326.3
18.430,87.10,0.070,26728.91803,15562.8,16341.4
10.310,89.10,0.084,16763.54430,17299.7,14255.4
11.350,65.19,4.922,26849.23077,21819.4,8651.57
11.150,64.79,4.921,27507.69231,22191.3,8726.75
10.480,71.10,0.082,21934.17722,13440.7,14186
18.380,62.11,4.919,30007.94702,19130.1,19087.8
10.670,64.37,0.086,22632.91139,13378.7,13798.6
9.990,80.80,0.079,38046.63830,22800,21965.8
13.950,64.77,0.081,27744.40678,14480.2,11074.3
21.080,87.20,0.304,27538.40708,17932.6,11731.8
15.840,59.97,0.084,23883.07692,19446.7,8084.82
10.900,54.12,0.090,35568.60759,23190.3,22716.1
9.640,82.50,0.074,35160.51064,21102.4,20305.2
6.383,83.50,0.087,25415.69620,15538,14168.7
14.760,59.95,0.081,20769.58175,17018.7,9565.43
28.520,29.21,4.925,37269.84683,22451.5,13054.8
17.180,66.72,0.073,31251.71103,26065.7,11755.1
20.800,52.29,4.906,28314.13984,18862.9,18562
23.380,57.95,4.921,24152.36404,14825.8,14457.2
15.230,88.30,0.071,24056.83531,13065.6,15941.8
21.940,75.50,0.072,44948.34437,27572.6,26880
34.220,28.71,4.909,39050.63123,28055.7,28432.5
18.410,67.48,0.069,23304.61538,17457,12271.8
14.950,87.70,0.069,23102.00215,10671.7,15272.7
20.860,73.90,4.921,45742.30088,27849.5,20027.6
22.380,43.24,0.080,36276.55629,20615.8,17463.1
28.430,32.08,4.907,31702.32558,22219,25058.4
11.190,48.80,0.078,20526.23574,17445.8,9594.24
8.410,73.20,4.922,29587.69231,23325.6,9825.54
22.380,42.11,0.074,32935.54360,21094.1,18356.4
17.570,69.10,4.924,42454.03279,26251.4,24806.5
12.230,88.90,0.072,28236.25532,15076.8,17512.3
14.550,86.70,4.915,24424.91803,15325.1,11391.7
20.970,61.07,0.072,32313.84615,25359.9,17904.6
21.500,62.60,4.927,35509.38053,21427.9,14644.2
17.740,47.61,0.080,31513.30798,26408.1,10153.2
5.122,93.70,0.083,25393.15589,17077.6,8199.76
10.750,67.88,0.082,22917.44681,13291.5,13947.1
13.450,62.00,0.081,32216.94915,20327.1,14391.3
18.950,60.31,4.916,33643.07692,26669,10814.5
9.670,74.90,4.923,31809.23077,26587.2,14024.1
24.940,39.83,0.072,44999.20530,27407.9,28002.5
5.611,73.70,0.085,28095.18987,17992.7,17881.4
21.640,50.52,4.922,25550.44248,13210,14514.7
9.900,90.60,0.082,26446.97872,16467.1,11136.8
17.570,58.61,0.075,33640.85106,21391.5,15898.1
12.150,77.70,0.086,42586.32911,26290.6,25474.7
15.120,74.50,0.068,33787.91489,20886.6,16136.1
19.060,68.49,0.173,25843.53982,14957.6,14108.8
16.780,64.94,0.081,32868.76596,20173.2,16525.2
20.170,86.30,0.067,39112.05298,23680.7,23808
13.450,85.90,0.089,28341.18407,16423.6,19409.5
25.830,90.20,4.908,31088.65705,21368.1,21029.7
21.620,43.19,0.075,31643.23404,20400,15143.2
14.540,61.21,0.081,18799.65957,10057.3,9412.26
27.380,54.94,4.926,40646.03774,24683,22540.4
24.970,84.80,4.917,35768.25749,22402.1,22233.5
12.870,59.31,0.084,39441.35593,22949.5,24145.7
10.020,66.90,0.078,25834.21277,16635.4,11084.5
14.220,72.90,0.071,41177.87234,28496.3,24764.5
11.160,87.60,4.915,21150.76923,14768.2,13220.2
16.410,88.60,4.917,25520.26230,15462.5,14965.5
13.230,64.51,0.083,36291.64557,15100.3,17436.1
14.620,81.50,0.070,22378.21277,13492.7,14754.2
8.520,89.10,0.080,24480.00000,15125.8,11439
13.380,83.00,0.072,30492.65877,16944.2,21224.7
22.160,80.90,4.916,36054.03974,22580.5,26342.4
7.890,90.80,0.083,20587.07224,15394.9,9392.56
9.700,90.50,0.081,22365.95745,14023.2,10126.5
15.660,59.91,0.077,24431.18644,14786.6,14981.8
9.730,85.10,0.079,21919.39163,17103.4,9899.64
18.500,78.60,0.078,38726.15385,32786.8,20518.6
15.290,88.70,0.071,25963.07692,21053.3,13289.6
21.030,44.01,0.076,35192.42196,21673.3,19554.9
11.670,88.50,0.085,33493.78723,19569.5,17100
22.090,42.88,4.923,46414.00438,28419.1,20005.3
22.810,71.80,4.926,35069.73451,23194.2,17450.6
21.230,67.16,0.152,31207.35230,18377.2,14297.9
25.790,45.85,4.917,34731.57447,20176.8,18598.1
16.690,66.69,4.922,34492.88136,21505.2,16203.3
11.540,68.86,0.089,22460.33898,12335.6,13951.4
14.710,81.20,0.079,26086.15385,18435.1,12532
18.450,60.49,4.919,31711.50985,19378,14274.5
14.040,84.60,0.084,24541.53846,19416.9,9241.45
21.830,58.72,0.077,42290.86093,23205.4,23843.4
14.560,84.30,0.070,36141.05490,20562.5,24418.9
23.660,63.86,4.911,47891.56146,31940.5,38590.8
27.170,58.59,4.904,29215.53829,22303.3,22347.8
18.480,88.10,4.918,26748.31858,15253.2,12167.2
13.410,71.80,0.074,23680.67797,14666.3,14316.1
10.840,74.00,4.922,35513.84615,29766.9,15452.5
19.010,68.03,4.926,35025.83607,22878,18183.6
14.820,86.40,0.083,22252.57266,12226.1,14737.5
21.200,60.42,0.271,27506.54867,16087.7,13055.6
25.480,85.10,4.922,49423.48502,33483.4,40127.4
17.550,65.45,0.076,21450.95057,16274.9,9438.66
16.540,58.61,4.922,27669.87342,16493.6,17008.2
22.990,62.52,0.271,47532.74336,29174.2,22334
24.370,59.21,4.924,34774.03279,21224.8,18329.4
14.100,56.89,0.086,34663.29114,15384.8,17135.4
27.080,52.28,4.908,39597.60266,25595.4,23088.2
15.550,63.08,4.921,32433.41772,19564.7,17147
13.270,88.20,4.919,23833.62756,14220.4,12462.5
33.180,34.26,4.936,40843.05648,27360.8,29649.5
13.960,61.50,0.084,32803.04183,25874.2,9790.16
25.670,81.50,4.910,47700.19934,31146.8,39819.9
18.460,52.49,0.077,29520.00000,24121.5,9409.16
17.130,51.67,4.917,30628.86076,16796.4,16239
16.820,49.63,0.082,37452.15190,23183,23144.1
31.060,45.53,4.922,41551.09635,28644.3,30806.4
21.470,60.78,0.081,32292.76596,22576.8,16403.2
20.060,60.75,0.078,43436.06557,25957.9,25646
22.400,62.75,0.069,45317.08609,27759.7,28776.4
20.980,73.40,0.079,22171.27869,12471.8,11146.9
11.310,87.70,0.067,29780.42553,15881.7,19381.9
15.330,73.80,0.075,42294.68354,26141,25237.6
21.000,66.22,0.271,25136.28319,15911.9,11867.1
10.750,81.70,0.073,43846.77966,26742.9,25801.3
19.930,75.40,0.072,30892.25383,23665.1,9903.47
34.910,20.31,4.909,37245.01665,26393.7,28246.3
27.860,33.71,4.909,34726.21532,25865.3,28053.7
16.340,58.51,0.087,22756.92308,17750.8,10346
16.930,70.30,0.078,23933.90164,15157.9,11211
12.260,88.80,0.080,25396.92308,19610.3,9761.93
14.400,85.10,0.073,28383.31915,16961,17320.6
9.250,77.70,0.086,23253.55932,15556.2,11074.3
25.150,76.30,4.928,30139.53488,20798.7,21726.5
26.730,42.21,4.919,34290.38298,20407.3,18569
24.310,72.00,4.927,36554.58380,23744,23009.9
17.330,67.89,0.083,43659.57447,26103.7,25124.5
13.820,64.17,0.083,29657.87234,16715.9,16246.5
19.600,54.89,0.085,45736.68874,25619.1,26212.4
24.080,85.90,4.913,40071.22924,26460.8,34385.3
28.320,44.81,4.908,43439.20266,29791.1,38633
11.030,75.40,4.914,32637.96610,20210.3,16070.1
25.740,49.48,4.902,29842.04218,22022,22456.2
31.000,48.13,4.919,41193.88704,28348.1,30481
24.360,48.48,4.919,34069.78723,18362.2,15619.4
8.610,84.60,0.086,23793.41772,15311.9,15186.5
16.370,83.70,0.066,32489.12809,18531.6,22033.5
12.360,81.60,0.071,36238.97872,21922,21925.2
12.610,60.10,0.084,32791.89873,21093,16152.3
18.560,63.03,0.073,32916.92308,28160.3,9253.01
18.080,88.60,4.916,29455.40481,17439.8,13119
22.080,82.50,4.925,47211.65563,27490.2,33354.8
18.220,66.92,0.079,37853.24503,23377.5,24197.9
21.040,81.70,0.069,24858.27815,16271.1,11082.8
22.160,73.60,0.077,45215.36424,27688.6,27069
17.640,76.70,0.073,35347.42734,20540.5,20206.5
12.550,83.30,0.083,23821.22713,12666,15965.1
18.110,68.90,4.918,26574.12271,16163.3,15860.4
14.060,51.85,0.085,36795.94937,24306.4,19402.4
13.170,77.30,4.915,34450.16949,21589.1,16602.7
18.390,59.15,0.074,34057.53191,20820.7,16711
15.840,65.79,4.920,28718.07440,16506.2,14251.2
18.700,74.20,0.068,36504.61538,30440.1,16904.1
14.250,90.30,0.069,31875.30678,15752.7,18967.3
12.330,77.50,0.077,24985.55133,20907,11334.5
26.880,36.55,0.273,36471.50442,23343.9,14773.6
24.750,84.70,4.915,29705.78073,19891.1,24190.8
17.790,82.40,0.071,28340.45902,14284.8,16417.2
32.050,29.01,4.909,39618.33887,26927.8,29920.7
25.340,60.42,4.909,46411.69435,30979.7,37066.4
10.390,81.50,0.074,20214.68354,13280.2,13648.2
9.850,87.70,0.078,21630.63830,11517.1,12187.7
10.370,85.90,0.079,22022.80851,12139,10771
12.670,86.70,0.082,21963.07692,17646.7,11757.1
27.160,70.60,4.909,39687.10322,27359.2,25471.6
22.590,69.97,0.071,35354.04814,19590.9,13259.1
18.130,69.09,4.700,40203.07692,34006.6,16088.7
23.240,70.70,0.070,33936.95364,21192.1,16003.9
7.010,89.30,0.085,21746.44068,13801.8,13986.1
10.480,80.00,0.080,23690.12658,16077.8,11762.9
21.860,74.70,4.915,36344.07080,24855.7,10890.5
28.330,70.10,4.908,48708.03987,32043,46477.7
15.520,87.90,0.074,23046.15385,17133.5,10606.3
16.210,78.40,0.083,28800.00000,17070.1,10411.2
20.100,67.51,0.071,28529.23077,23028.1,9547.95
11.320,78.40,0.084,22611.06383,13306.1,15218.7
11.600,62.74,0.088,34936.70886,23230.4,18089.6
22.890,48.38,4.915,38824.85106,22972,22726.5
10.990,67.93,4.918,38609.23077,32374,16383.6
13.930,84.70,0.089,27880.85106,17191.5,17314.8
10.840,82.70,0.085,37269.87342,24138.6,23288.7
10.830,78.50,0.076,20299.74684,13626.7,13578.8
25.910,36.87,0.071,29863.86885,17780.8,16918.5
23.030,61.84,4.924,43829.40397,27392.9,32521.8
14.310,81.50,0.085,38850.19011,33617.7,15725.3
13.790,37.73,4.921,32784.40678,19776.3,16052.7
18.310,72.80,0.082,40981.70678,33247.7,19585.2
24.240,40.45,4.909,28825.51495,19055.7,25751.3
13.430,87.70,0.073,25879.69860,14356,16855.3
16.230,86.80,0.072,34398.79440,20027.3,18653.1
28.240,64.67,4.912,41155.61462,22902.5,28179.4
13.960,70.80,0.079,24814.17722,14553.2,14353.7
19.740,29.17,0.088,40164.25856,33989.6,15396.9
24.300,56.55,4.922,26619.51860,15610,12027.7
17.600,69.86,0.081,22811.12583,13969.6,12240.7
14.510,61.11,0.078,21960.00000,13659.6,12573.6
23.540,69.77,4.908,30420.19934,19982.3,24100.4
16.380,85.50,4.920,25255.86885,15499.7,14784.8
18.630,84.60,4.913,25281.04918,15206.2,14965.5
19.820,55.76,4.916,42452.42553,25039,23887.7
8.180,87.80,0.079,23087.45247,18708.8,7116.45
15.330,57.52,0.083,41442.23897,22435.8,26798.5
15.060,86.80,0.074,29655.62971,16661.9,19781.8
15.370,61.34,0.084,31050.67815,18674.5,15691.6
17.130,50.68,0.084,38329.73089,22644.8,23650.9
21.680,69.73,4.926,32108.53392,18929.9,12768.9
16.470,73.70,0.073,33144.30380,20363.5,16100.2
12.760,53.34,0.081,42890.12658,26695.4,25058.3
20.350,59.75,0.079,36416.42384,19541.8,21645.8
19.750,71.20,0.069,35353.18033,22487.9,17618.1
14.390,78.60,4.913,29351.48936,20740.2,14434.8
17.380,86.90,0.071,21772.30769,17215.3,8535.9
26.870,49.97,4.919,41195.01639,26121.4,22462.8
17.490,56.59,0.077,32488.10127,21702.1,16453
21.850,54.48,4.913,26926.72566,14602.1,12902.6
18.510,73.80,0.069,24198.29508,11167.8,11928.1
18.500,59.53,0.080,30777.86868,20001.6,15860.4
12.850,88.30,4.925,27821.53846,21547.9,13781.2
22.940,65.97,0.072,31009.57377,17892.3,16108.2
16.640,86.60,0.071,38283.07692,32466.9,20148.4
10.080,84.20,0.086,40570.16949,25138,24516.2
16.790,65.79,4.919,33363.03797,19845.6,15174.9
12.330,69.69,0.089,24192.00000,13522,13093.5
25.510,56.05,0.070,38581.13208,27302.2,24490.5
10.460,80.20,0.080,26350.91496,16145,12369.5
19.940,81.20,4.917,28157.19912,17973.9,12348.7
15.930,62.20,0.086,39349.83051,23044.4,18275.7
31.060,57.82,4.908,38572.22591,26532.9,32324.7
26.940,66.16,4.922,37673.34073,23325.9,21824.2
18.670,63.89,0.081,25948.32787,15700.3,17110.9
19.090,81.90,0.070,23408.74172,14852.8,11236.4
16.160,57.11,0.081,37342.37288,22694.2,22160.1
13.110,79.20,0.087,34596.76596,20689,16832.9
21.110,71.70,0.274,26869.38053,16765.1,12496.7
20.220,75.60,0.072,34473.84615,28279.3,15759
13.710,59.61,0.084,21944.61538,16824.8,10201.4
25.940,78.60,4.919,46143.78738,29050.6,34951.6
12.940,68.18,0.082,26576.20253,17055.3,17384.1
24.130,42.11,0.073,32377.52422,19642.4,18501.8
16.930,64.16,4.920,27079.56236,16166.4,12658
20.800,70.00,0.070,31292.30769,25977.3,16904.1
22.120,60.59,4.922,35562.01313,22593.4,12173.6
16.460,38.23,0.094,31470.72243,25723.2,9916.93
23.470,47.26,4.920,46397.88079,27239.5,28368.7
22.460,68.52,0.072,32538.27815,18160.9,14834.2
25.540,34.88,4.912,35567.84053,24440.5,33632.1
12.250,53.36,0.082,29128.10127,18131.3,14047.2
13.610,53.34,0.080,39793.15589,33842.3,15356.5
12.320,73.70,0.078,42697.53191,24043.9,25269.7
17.370,76.40,0.083,28736.98031,20083.8,11846.8
23.460,69.23,4.924,36006.37168,22254.9,13885.2
11.700,73.80,0.084,19142.80851,10598.8,10910.3
21.150,61.69,0.275,32259.82301,20915.2,12849.7
17.310,69.24,0.072,40400.60280,24888.4,26519.3
25.530,61.79,0.309,34438.93805,19145.1,16168
22.330,77.40,0.070,46741.19205,29424.9,28026.1
29.140,47.96,4.907,41557.47508,28982.3,32764.5
25.710,52.32,4.923,26225.84071,14699.4,13567.5
17.620,88.70,4.923,28416.00000,18698.5,12948.3
25.280,79.20,4.917,33328.90365,22063.3,21154.1
21.670,77.90,4.919,42269.73451,26101.9,20357.1
7.820,78.90,4.916,23212.30769,18282.6,10432.8
13.900,89.20,4.921,21743.21311,13445.2,10254.9
7.830,88.20,0.090,28070.80851,17659.8,12054.2
29.470,52.55,4.913,40919.60133,27801.3,30101.4
14.370,77.30,4.913,25393.02128,12625.6,12094.8
21.450,57.95,0.081,45803.01639,27050.2,26094.9
16.860,70.90,4.923,25557.61589,13408.3,14296.6
16.570,79.60,0.067,28730.67834,17331.5,13154
22.090,74.20,4.919,33343.00885,19410.8,17533
28.260,43.91,4.911,48688.90365,33505.1,38229.3
23.390,64.58,4.924,42403.67213,27154.2,24462.5
20.740,75.20,4.921,21396.10619,11320.2,9037.14
13.770,45.04,0.082,35908.86076,22800,16817.3
21.620,68.96,0.072,34862.16393,21655.7,17548.2
22.390,62.69,4.926,44983.45733,25170.1,19626
17.330,70.40,4.921,24565.82781,12476.5,12872.9
16.100,63.47,0.084,21523.95437,15917.8,9404.08
9.280,79.30,0.091,23586.83544,14677.2,15354.2
18.640,63.69,0.081,25227.01987,16304.8,12093
26.080,44.09,4.920,33526.47702,22339.4,11660.1
16.860,71.60,0.075,39963.49810,33628.7,15201
13.620,81.70,0.083,18873.84615,12689.3,10565.8
16.420,84.70,0.083,31113.84615,26230.2,14961
15.120,82.40,0.081,22098.46154,17520.2,10230.4
28.120,36.39,4.923,34928.74172,21817,17640.4
23.000,60.19,4.917,34994.71698,23717.4,26103.6
24.380,56.84,0.083,30631.86885,19285.4,13805.3
11.480,38.93,0.086,27317.28814,16110.6,16058.5
19.800,87.60,4.912,35272.12254,22593.4,11741.8
9.930,67.26,0.085,22709.10638,12991.5,13970.3
6.820,65.88,0.088,23149.83051,13688.8,14767.6
24.540,40.68,4.910,28882.92359,19158.2,25998.3
13.840,69.35,0.075,33028.47458,19590.3,18704.1
25.660,55.08,4.906,49039.91121,31240.5,33530.8
15.520,48.68,0.077,34275.28517,28963.5,14088.8
14.330,90.20,0.069,23771.62540,12328.7,15918.5
23.050,88.80,4.920,23826.32630,13415.4,12513.1
14.440,65.67,4.916,25221.44681,13975.6,11229.7
9.650,69.43,0.079,22948.86076,13524.6,10629.4
12.920,80.60,4.919,27297.33840,21713.4,7905.88
9.790,82.60,0.085,23160.45627,17258.1,7854.02
18.530,73.30,0.080,27861.00656,17324.1,12173.6
19.580,78.70,0.072,30028.88403,23448.5,9693.37
10.370,84.90,0.081,22990.97872,12768.3,10747.7
19.690,89.10,4.909,28207.43363,17659.5,9913.79
15.940,58.93,0.079,28171.52542,23018.8,16122.2
5.843,83.70,4.917,22430.41825,18104.9,7174.07
21.750,71.50,4.917,34874.75410,22138.7,16603.7
22.930,63.05,4.923,45581.35405,30157.1,31628.8
29.270,68.72,4.905,37973.80688,25196.2,27084.6
27.760,48.28,4.906,51278.67110,34253.2,42037.2
25.020,83.90,4.920,45308.17276,28264.6,33927.4
22.160,85.80,0.291,43544.07080,28339.7,17950.7
13.230,53.91,4.921,43389.15254,25510,26166
13.260,63.12,0.082,27237.96610,17416.4,12440.4
25.630,91.40,4.918,35224.86127,22763.3,17123.5
18.590,88.80,4.916,27194.75410,16781.4,15630.1
9.600,71.90,0.082,36164.05063,22705.2,21773.5
15.770,83.80,0.073,29413.82131,15752.7,18594.9
25.860,76.40,4.913,44829.76744,31275.9,42320.3
16.580,57.18,0.082,38935.36122,32225.8,14878.3
19.740,87.10,4.919,35013.24590,22083,21582.5
10.770,84.80,0.088,22758.12766,13481.7,13889
21.460,81.90,0.065,44884.76821,26173,29786.6
26.140,86.00,4.910,40479.82242,28731.6,31983.9
10.560,48.25,0.086,22911.86441,13382.4,14565
18.260,79.40,0.073,46646.55738,27874.9,26147.4
12.840,76.50,0.077,40490.12658,25108.8,25636.6
27.250,81.70,4.908,42474.40622,29590.7,29353.7
15.430,68.88,0.086,36884.74576,22391.5,17731.5
12.590,75.90,0.082,21889.23077,17308.3,11710.8
4.562,87.30,0.083,21815.96958,18285.4,8078.75
11.530,53.22,0.087,36109.83051,20389.1,22270.1
21.610,60.11,4.927,46436.02649,27557.6,27848.9
12.890,69.39,4.921,23285.10638,12548.8,14510.3
14.710,85.40,0.081,23846.02799,13369.9,15284.4
16.890,67.95,4.918,22510.76923,17397.5,9438.07
19.330,68.38,0.073,37746.91066,20566.2,23412.4
35.460,17.25,4.406,31953.83607,19504.6,17565.7
18.310,60.25,4.917,31156.93654,19008.3,14455.4
19.340,72.60,0.079,34484.45902,22696,17221.7
22.180,51.68,4.920,48055.40511,31354.6,33043.3
29.030,49.52,4.911,36862.72425,24975.9,27570.9
20.550,68.55,0.071,32814.35449,26779.7,11070.6
26.460,38.71,4.920,36020.45902,23606.2,18679.2
15.070,81.30,0.084,24890.75410,15157.9,15303.6
24.560,62.42,4.921,37777.69912,23594.6,14002.9
15.460,72.30,0.085,29864.63878,24206.2,12896
11.090,66.05,0.087,31753.53191,19064.6,19178.7
16.370,72.20,0.071,32998.48101,20472.9,15747.5
15.700,83.40,0.092,25428.44639,16173.9,9687.54
14.540,87.20,0.073,21950.76923,16426.9,10502.2
8.140,67.24,4.916,22930.16949,13429.8,14350.8
23.120,50.62,0.081,35017.74834,22689,17386.3
22.830,53.92,0.070,33892.72131,20600.6,17227.5
15.370,65.01,0.084,34863.79747,22034,17042.9
14.290,82.50,0.070,43327.10441,22322.2,28800
16.160,59.21,0.081,30844.10646,25918.4,9703.72
21.760,71.30,4.920,35038.42623,22175.9,17857.2
9.140,84.00,0.073,39347.84810,25947.7,24734.5
22.000,87.40,4.918,29151.60932,17673.1,17069.3
18.870,83.80,4.914,26086.81967,16064.4,15700.1
15.030,71.30,0.080,42685.27660,25628,24654.2
26.240,39.17,4.918,35655.34426,23483.6,18702.5
20.730,67.65,0.081,40704.00000,24962.2,24410
16.390,71.10,0.070,38625.09506,33142.7,15385.4
24.470,44.71,4.916,34658.04255,18969.5,15468.4
14.420,76.50,4.917,25772.93617,12900,15607.7
6.922,90.50,0.075,25822.37288,15972,15908
19.910,84.90,0.068,23307.01987,12551.4,10994.2
19.720,70.60,4.916,24691.11597,17133.6,8981.4
16.240,65.32,0.074,37354.21277,22500,17750.3
17.650,53.14,0.083,26701.53846,22213.6,12399
13.800,73.60,0.073,42577.62712,24587.2,25349.8
24.390,38.18,4.911,30828.43854,21281,29161.5
20.230,61.24,4.918,41184.63576,24968,25598
20.070,87.80,0.068,37776.95364,23927.7,23099.1
16.870,65.12,0.082,29536.12167,22619.2,9692.2
10.960,48.36,0.078,20745.24715,17942.9,7197.12
20.240,85.40,4.921,39620.48140,25607.1,16743.1
3.953,79.90,0.087,22383.79747,13856.5,14272.8
16.040,74.80,4.914,35179.74684,21279,17216.4
13.590,83.10,0.077,29292.15190,20009.7,12138.8
20.690,77.70,0.278,31832.92035,18755.9,18074.3
17.840,80.10,0.074,38566.15385,29034.3,17991.3
8.660,89.20,0.084,24118.46809,14476.8,14823.9
22.600,79.30,0.070,34966.88742,22625.4,18266.6
15.950,81.20,0.073,43079.09580,22054.6,28101.8
14.040,41.66,0.077,30552.09125,25936.8,10164.7
21.530,53.22,4.921,27907.96460,19560.5,11555.3
12.680,82.20,0.081,36382.78481,22311.2,23433.3
13.730,89.90,0.069,21744.15501,11305.9,12061.1
22.180,79.00,4.919,28118.23009,15825.8,11902.4
13.860,87.20,4.928,35058.46154,26602.1,17077.6
13.700,73.10,0.073,32143.72881,20527.7,15259.7
19.980,52.80,0.084,32256.00000,15870.7,16728.4
11.870,58.80,0.086,24054.68354,14947.1,15169.2
23.740,60.49,0.081,34843.58862,22160.2,13072.3
17.660,80.40,0.083,31087.61488,19800,10866.4
21.340,74.30,4.919,32215.66740,18758.1,12675.5
7.920,78.10,0.089,23162.03390,13539.2,14501.3
20.430,64.49,0.272,28188.31858,17696.9,11214.1
20.390,66.38,0.082,32889.97812,25685.5,9868.45
24.080,42.88,4.923,35020.04376,21080.9,14023.6
28.680,44.51,0.070,42359.33407,28940.7,26868
23.110,77.60,0.303,45003.18584,25716.4,22834.1
24.670,47.11,0.075,30455.60656,18546.1,17606.5
18.220,80.00,0.068,19938.46154,13912.8,7506.51
7.500,88.80,0.083,21264.40678,13342.2,13436.1
22.280,70.20,4.920,41043.93443,25378.3,22690.2
19.350,52.69,0.083,25544.90066,15212.1,11573.2
18.640,81.90,4.915,24791.94748,15621.2,11444.1
23.830,61.35,4.923,34979.60265,21457.8,16571.1
13.940,73.80,0.085,35542.37288,22635.9,17384.2
26.880,51.88,4.906,33577.67442,24201.3,24558.3
11.850,56.33,0.088,23641.51899,15041.9,15146
19.970,73.80,0.073,27335.38462,20402.5,9524.82
13.670,56.46,0.085,32536.70886,14381.8,16776.9
22.710,41.21,0.082,37128.47682,21094.8,18355.2
28.720,52.33,4.922,30592.84768,21435.3,21539.4
11.530,66.51,4.923,22881.35593,13422.5,14368.2
13.740,69.39,0.090,37202.03390,22201.8,22542.2
14.840,56.03,0.082,43370.12658,28927.7,26937.8
16.100,79.50,0.071,35031.21636,18645.2,18664.7
15.690,54.04,0.079,30758.64407,18419.5,18096.2
22.230,55.72,0.071,34786.62295,22053.3,18381.9
25.020,62.21,0.070,38781.45695,19957.2,21291.3
11.960,80.00,0.073,32800.00000,27141.3,13937.3
26.910,52.01,0.083,34950.29508,20578.3,19227.2
25.350,71.80,4.906,48854.75083,32529.1,38235.3
24.570,84.30,4.919,45805.71429,28507.6,34403.3
16.260,74.60,0.073,33853.17546,20580.9,18740.4
26.310,50.75,0.285,35037.87611,20600.8,16715.2
20.730,63.32,4.918,27249.23077,20990.1,10907
8.540,86.50,0.086,21560.45627,16083.5,6701.56
13.560,67.40,0.083,29674.23036,16863.5,19915.6
15.600,85.30,0.070,24923.07692,19033.9,12017.3
16.130,72.00,0.073,37134.60076,31618.3,15166.4
29.720,48.59,4.909,36084.51827,24941.8,28986.8
14.510,89.30,0.067,23368.61141,12255.4,15412.4
20.970,66.76,0.270,26225.84071,16316,10584.5
22.350,88.00,0.323,27595.75221,16551.8,14373.5
16.110,79.10,4.917,28365.16411,22436.5,13480.9
27.490,66.97,4.912,36467.24252,27322.8,29444.7
7.660,79.50,0.086,23993.92405,14855.9,15174.9
17.630,80.00,0.071,21378.09836,9544.27,10225.7
19.700,64.98,0.081,38104.61538,32269.8,19633.7
11.160,60.77,0.085,34438.48101,20888.8,16401
21.560,66.58,0.084,26892.71523,17341.4,11703.1
23.160,72.30,4.927,46035.39823,26187.9,21092.5
11.380,84.00,0.082,25739.92395,21521.9,10896.5
25.740,55.08,4.905,47933.94007,30476.5,32983.1
5.496,78.20,0.085,25446.07595,16661.4,17459.3
21.310,75.10,0.074,31555.33851,21767.3,19717.6
10.510,88.70,0.094,22684.59574,13745.1,13894.8
20.520,63.76,0.071,32696.65574,18185.8,17151.7
13.470,49.57,0.083,39324.71483,33455.7,16261.2
19.340,58.51,4.920,35120.00000,26974,11034.2
13.510,66.89,0.086,33345.76271,20629.8,20128.2
8.580,92.90,0.077,21104.18251,16473.8,9732.53
23.240,86.90,4.923,37852.34184,24451.1,25279
17.960,55.81,0.088,32336.20253,20214,16909.9
24.230,83.00,4.916,24462.45847,16162,18804.4
18.050,64.79,4.918,30652.30769,23128.5,10756.6
16.270,71.00,0.081,43347.06383,24102.4,26314.8
23.110,60.91,0.085,44427.01987,24642.4,26572.8
20.430,54.69,4.924,35579.80328,22736.8,17501.5
26.320,54.42,4.908,32085.04983,23046.8,23793.1
24.810,89.10,4.918,43490.87680,26294.8,24207.6
14.350,81.50,0.080,22531.58235,13512.8,14935.3
23.950,49.74,0.082,34446.68852,21700.3,15641.8
30.860,45.69,4.910,37366.64452,25762,29113.3
18.400,70.30,0.075,40475.00538,21251.7,26554.2
15.930,81.80,0.074,27900.96878,15045.2,17472
8.740,86.90,0.083,40063.72881,24259,24203.6
17.600,61.55,4.922,38184.61538,32039.3,16383.6
9.390,63.51,0.081,21976.70886,13794.5,14417.3
17.760,45.26,0.086,22043.54430,13338.6,13706
3.441,82.80,0.086,22906.32911,13904,14376.9
25.170,38.41,4.906,27855.94684,18497.5,22943.6
11.090,84.90,0.083,25111.14894,14736.6,15201.3
20.400,88.80,0.077,46930.76586,29166,19550.2
10.850,85.20,0.078,21986.31179,17519.5,9427.13
16.180,80.30,0.072,34504.19806,17827.7,20235.6
10.230,85.40,0.080,21698.46154,16319,9600
23.060,66.86,4.934,36146.54867,22187.5,14467.7
22.580,56.69,4.908,22823.12292,14555.7,18346.4
14.850,59.05,0.081,22570.34221,19286.9,10003.4
23.940,72.60,4.921,38654.30464,20649.5,23441.7
10.560,87.00,0.084,28946.00760,22755.4,8142.14
25.290,25.33,4.923,31815.34426,20537.5,15700.1
6.942,87.40,0.093,23276.04563,16900.9,7859.78
22.290,66.23,4.916,36020.45902,23717.6,17629.8
17.250,69.25,4.917,24654.83444,12644.9,13132.8
16.360,79.50,0.073,33629.96771,14473.3,18612.4
26.410,50.68,0.275,36223.00885,22864.9,15114.9
25.290,43.95,4.906,25782.55272,18296.5,16858.7
26.070,49.62,0.304,38230.08850,25080.2,15203.1
14.220,57.06,4.916,33699.66102,20680.9,16255.4
23.080,51.00,0.081,30695.38462,26200.4,11045.8
17.350,88.00,4.916,24928.52459,14901.5,15134.6
17.660,72.40,0.120,28686.56455,17458.5,12850.6
13.590,56.61,0.085,41906.44068,24740.4,24967.7
20.800,63.61,0.073,29058.46154,24062,15944.1
20.320,47.56,4.922,33187.40426,20780.5,18168.4
23.770,52.31,0.069,34191.25828,22760.1,16801.5
24.570,42.91,0.080,28405.82781,14516,15395.4
19.600,78.50,0.071,24546.17068,18724.5,11292.4
16.060,87.00,0.066,39532.57266,29316.9,29032.7
20.830,68.59,4.924,36070.81967,21845.2,18731.7
24.120,69.43,4.907,37078.80133,26215,28270.3
21.870,76.80,0.069,35373.77483,20080.7,20363.8
26.480,83.80,4.908,29599.11210,21250.3,23009.9
14.610,83.90,0.080,24584.17021,15640.2,10457.4
20.390,73.40,0.072,30258.46154,22648.8,11375.4
11.780,65.98,0.079,31522.02532,22059.6,16152.3
15.490,54.97,0.080,30838.02281,25012.6,13685.5
21.170,84.60,0.080,29423.04636,19261.1,13753.1
14.660,85.40,0.071,31556.92308,26486.8,17366.7
26.480,71.50,4.923,35893.15615,27812.7,25980.3
18.470,88.10,4.916,26589.02655,14894,12249.6
26.950,70.40,4.924,33890.23256,29183.5,25582.6
10.880,84.90,0.083,23032.69962,18219.1,10066.7
16.480,83.10,0.068,34092.30769,27543,15932.5
28.050,37.51,4.903,37066.01554,24454.9,26639.2
13.010,75.90,0.087,42106.32911,26407.3,25393.7
20.970,48.82,0.080,27871.78808,19321,14172.6
15.650,57.84,0.089,36422.80851,19068.3,15474.2
17.990,80.20,0.078,26524.98906,15658.5,11957.7
29.600,38.31,4.904,42193.11876,28993.9,27301.3
19.690,58.92,0.073,40414.42623,23060.1,25191.3
32.130,39.63,4.937,40147.77409,27079.7,29173.6
10.520,85.90,0.086,22231.14894,13339,13616.1
30.430,15.84,4.904,37014.87236,25796.8,29046.8
22.420,76.40,4.914,28685.56291,15320.6,15052.8
15.890,45.96,4.922,31012.08511,17901.2,16554.2
17.020,74.70,4.915,30356.42553,15984.1,17309
30.340,54.10,4.923,42118.80399,23054.4,25841.7
23.930,47.77,0.078,32716.29139,19732.6,19495.4
12.920,70.70,0.083,17624.33460,12637,6718.85
28.200,29.15,4.922,43193.64238,27101,25485.8
5.153,87.20,0.084,22351.33080,18377.4,10124.4
18.860,75.20,0.079,33741.57158,18505.9,17995.6
13.260,47.88,0.085,24729.11392,15720.4,11664.6
13.720,62.58,0.085,40430.29787,23436.6,24375.5
16.690,58.33,0.079,27366.10169,22778.1,16573.7
19.570,71.10,4.916,25170.06565,17802.1,9716.72
17.670,77.20,0.081,26972.42888,17622.8,10907.2
9.520,90.30,0.082,24326.80851,14842.7,14220
15.810,81.60,0.082,22406.15385,17814,10241.9
25.410,66.32,4.902,23327.68036,17471.6,15763.3
9.420,76.20,4.916,24283.07692,21577.7,8235.18
19.950,63.63,0.071,33250.62295,20823.5,15810.9
16.550,71.30,0.070,32694.68354,19765.3,15296.4
19.120,86.40,0.078,30451.11597,23624.1,11438.3
20.150,88.20,4.922,43559.21225,28262.2,18050.3
7.070,76.50,4.914,22008.81356,13809.1,12035.2
10.720,61.23,0.086,22383.79747,13809.1,14145.5
21.780,51.78,0.078,37188.89128,22699.8,25146.2
19.230,86.40,4.917,31125.42670,20169.7,10066.9
18.930,44.59,0.081,37942.46809,22968.3,17994.2
19.290,56.51,0.080,40574.30464,24795.8,25397.2
23.640,59.59,4.924,27786.90265,16316,12737.9
11.730,73.30,4.919,23616.00000,12845.1,14887.7
11.480,88.90,0.075,28750.97872,15384.1,18754.8
13.320,81.90,0.082,28313.92405,20141,21189.4
30.690,47.79,4.909,37934.35216,25955.7,29227.8
13.580,72.40,0.073,21044.74576,13167.2,13661.9
16.650,72.20,0.085,23846.02799,14403.7,12509.1
32.020,30.35,4.906,35083.05648,24136.7,32210.2
9.760,80.70,0.075,34462.37288,21348.3,15693.8
16.210,51.35,4.918,30523.07692,25761.6,9310.84
13.190,68.37,0.084,28955.00538,17695.7,14016
18.470,66.51,0.075,36166.15385,28710.7,19974.9
19.230,80.00,0.078,26426.75410,15607.4,15245.3
23.090,70.40,4.922,44424.23973,26005.9,23298.8
16.500,51.82,0.084,32509.83051,20768.4,16133.8
15.100,58.33,0.076,29826.83544,19604.9,19009.2
24.720,63.62,4.907,43643.32226,29996.2,34999.8
10.400,85.00,0.088,23211.57447,13368.3,14713.5
16.160,77.00,0.082,24918.66523,14077.4,16279.3
11.600,62.45,0.085,37755.94937,26214,24774.9
29.030,56.06,4.931,36824.45183,25200,26679.2
24.810,82.90,4.925,43866.57807,26886.1,35198.7
20.960,74.50,4.917,32713.52298,27141.9,10878.1
21.190,87.00,0.283,29698.40708,19710.2,12543.7
16.500,75.00,0.081,36978.08396,22930.8,22592
9.690,76.50,0.079,24996.45570,15129.5,14590.8
9.970,66.47,0.088,22967.08861,14013.4,14706.5
20.790,80.90,4.906,26420.73090,16511.4,17129.4
12.450,73.00,0.081,26053.30463,14455,17076.4
24.140,87.10,4.917,29233.75415,19974.7,23413.6
15.330,58.70,0.086,34082.04255,20520.7,17024.5
19.290,81.50,0.069,44720.26230,26693.5,25220.4
20.040,58.92,4.920,31699.11504,16256.1,19086.3
15.910,62.58,0.085,36532.31939,29670.5,16399.5
21.090,72.40,0.071,33162.49180,21804.3,16044
16.140,29.90,4.921,33864.61538,22938.8,11045.8
18.560,87.10,4.919,32272.38512,21771.8,9973.5
13.920,64.30,0.076,41338.98305,25280.2,24886.7
8.220,78.20,0.085,27260.83650,22888,12302.5
21.460,76.50,4.918,42109.75930,26899.2,18348
15.990,68.71,0.082,23027.59957,14850.9,11787.6
24.620,65.47,4.912,34361.82020,24569,21902.4
20.310,47.76,4.911,24145.97114,18387.8,14108.1
19.290,74.90,0.078,38855.38462,31916.5,18020.2
16.450,83.20,0.068,29289.81701,16042.4,20637.1
12.450,66.64,0.081,22608.60759,13283.9,14203.4
16.760,78.10,4.919,21415.86885,13489.8,11111.9
22.630,43.02,4.924,46130.41575,28023.2,19917.8
15.120,73.90,0.084,25557.41445,20273.7,11305.6
28.050,36.42,4.922,37624.37086,23003.3,18951.9
6.599,86.60,0.092,21986.31179,16234.4,7508.28
10.790,59.07,0.085,27589.35361,21831.2,9421.37
26.490,66.79,0.335,31463.36283,20627,16262.1
16.810,86.20,0.074,38541.53846,32630.6,20235.2
22.680,26.89,0.087,32997.54575,19261.1,17664
20.930,74.90,4.917,21593.62832,11533.5,9572.54
23.960,59.05,0.071,35221.19205,21899.4,18089.4
25.040,84.80,4.913,29246.51163,19701.3,24335.4
17.050,78.40,0.078,28566.82713,18212.9,9553.31
17.830,55.81,0.077,31987.83270,25958.9,9628.81
23.650,82.60,4.920,27578.95671,18262.3,18616.2
23.790,49.10,4.921,28545.69536,18325.6,14343.9
15.990,77.50,0.075,33387.34177,21089.4,16372
15.700,61.77,0.075,30233.92405,17077.2,16788.4
12.610,87.20,0.081,22750.76923,17773.1,11259.8
15.000,84.40,0.071,25978.90205,14469.7,17146.2
18.420,54.87,0.085,30107.98479,22512.4,9346.46
20.690,65.22,0.303,28475.04425,18407.9,11396.4
20.030,88.40,0.267,27237.11160,18257.7,8543.71
10.410,44.81,0.081,31997.28814,19597.6,20174.5
22.670,71.90,0.073,33135.89404,20859,15472.2
11.360,77.90,0.077,22122.53165,14648,14810.6
14.580,70.60,0.080,20962.62295,14091.6,10628
22.580,77.30,0.070,35157.61589,21615,18780.6
29.370,55.99,4.909,35350.96346,19701.3,27643.2
21.410,47.30,0.080,31193.84615,25817.4,10866.5
21.290,77.20,4.922,44699.86871,28071.8,18902.4
29.080,53.32,4.904,45690.03330,33806.5,35583.2
20.090,77.90,0.068,38523.07692,32559.9,19309.9
25.570,67.16,0.261,36420.53097,21970.5,17338.8
30.430,42.18,4.922,34240.35516,19965.4,16569.8
20.620,67.48,4.923,31806.03939,26708.7,12161.9
14.840,88.70,0.078,39458.17008,21057.4,26158.5
21.650,72.00,4.921,35700.65646,23146.1,12144.4
26.260,71.80,4.916,35376.47841,23392.4,25016.2
20.950,45.68,0.084,42756.19672,25538.1,24952.2
24.000,61.07,4.920,35856.78689,21826.6,18813.3
21.980,72.70,0.071,45609.53642,27931.8,27411.7
17.700,65.25,0.082,31209.12548,26606.9,8856.66
33.480,23.28,4.925,37105.11628,23593.7,25106.6
24.030,65.34,0.069,34153.11258,20395,18508.8
9.890,57.53,0.084,24322.02532,15807.9,15672.3
14.450,61.42,0.080,22959.69582,19725.1,8470.59
14.820,62.44,0.079,32688.60759,20677.2,17401.4
18.080,85.50,4.918,27799.08197,17684.2,17198.4
11.720,69.63,4.916,21435.94937,12401.2,14267
4.058,76.40,4.920,28283.54430,17383.6,12676.6
17.380,44.19,0.084,30748.59574,17722,15410.3
13.170,81.80,0.081,21152.85171,15818.3,8977.67
16.950,57.62,4.918,34929.23077,28833.5,14955.2
14.880,59.89,0.082,37300.49516,19968.6,24244.4
26.540,59.35,4.902,28512.31964,21440.3,21451
18.840,61.99,0.081,25875.49669,16787.5,12258.5
25.910,49.05,4.921,33583.19475,18261.4,13527.5
20.070,82.60,4.912,26824.77876,16705.2,10502.1
15.130,85.40,0.082,22630.78579,12515.7,14516.4
14.190,64.44,0.081,27973.67089,13619.5,14498.3
16.940,65.12,4.918,23470.76923,18725.2,9727.23
16.130,77.60,4.914,25699.40426,13452.4,14794.8
15.120,63.89,0.082,23656.27119,15523.4,11867.3
29.220,30.91,4.923,36387.57112,22922,13352.5
20.730,87.40,0.273,26761.06195,17337.6,10861
30.950,58.39,4.908,38253.28904,27136.7,30902.8
23.240,58.65,4.923,24446.43729,15137.5,14366.9
18.260,68.99,0.071,31435.09150,17681.1,17227.6
28.630,68.96,4.907,47209.03654,31291.1,45579.9
21.900,54.78,4.923,47090.07769,30658.9,32327
26.000,87.80,4.907,25686.65927,17741.5,17442.5
28.090,39.45,0.078,30809.30233,22032.9,23582.3
22.070,77.30,4.917,30838.93805,17296.5,12890.9
26.870,62.30,4.908,36205.71429,24782.3,24793.3
24.360,61.09,4.905,30890.47725,23709.8,20253.3
23.700,50.73,4.907,48931.23196,32958.8,36738.8
22.150,43.32,4.911,27760.26578,17851.9,23955.8
14.510,72.50,0.065,25054.42623,15221.1,14790.6
22.630,83.40,4.916,28043.44371,17524.7,20375.6
26.260,52.48,0.269,37185.13274,24900.6,12743.8
15.490,72.40,0.075,36106.46388,31132.2,16664.6
12.940,82.80,0.084,19270.26911,10943,11904
11.510,78.60,0.078,26728.10127,16854.7,12104.1
21.790,65.79,4.912,28576.24861,18836.3,19627.3
25.910,36.95,4.918,41638.93805,23568.4,18603.8
13.600,62.88,0.083,27835.93220,17890.6,12700.9
15.710,38.14,4.920,31052.30769,26126,10635.2
23.810,75.70,4.909,29291.16279,17886.1,22678.5
18.150,54.53,0.083,33481.16254,20848.5,16686.5
27.010,70.50,4.924,31185.64784,19594.9,24793.3
14.330,82.30,0.074,24596.42553,14926.8,15915.5
17.180,51.45,0.083,35371.52542,22851.1,17581
20.020,84.00,4.916,31010.97345,21270.7,11884.8
23.840,57.57,0.071,35170.33113,21237,18142.5
25.610,61.81,0.069,37865.96026,21637.4,20606
14.500,79.20,0.076,21940.25316,13207.3,13717.6
19.350,85.50,4.920,45954.09836,27666.9,26211.5
15.560,63.21,0.140,32706.83544,21778.7,16678.6
16.170,51.82,0.083,42074.66093,22454.2,27182.5
19.250,64.90,4.922,46080.00000,23553.7,25287.1
26.310,58.82,4.906,30496.74419,20221.5,24251
13.850,67.52,0.081,41613.55932,25003,24823
27.310,47.25,4.905,37213.05216,24504.3,24544.7
27.800,65.82,4.920,41176.64817,26720.6,27265.2
14.380,89.80,0.070,42930.29064,21673.3,28706.9
18.040,78.30,0.079,34094.98385,20562.5,18961.5
22.180,58.05,0.205,40912.56637,24676.1,22904.7
9.030,83.60,0.089,25841.01266,17234,12323.9
21.770,85.60,4.916,45545.96026,26580.9,32167.4
18.650,89.30,4.917,27105.13274,15429.1,12920.3
13.300,86.60,0.079,23125.78723,14487.8,13941.3
28.530,61.96,4.905,39098.95671,26914.5,27361.5
12.590,83.20,0.084,26488.21293,19868.7,9190.88
19.620,77.00,4.910,27131.45394,17038.2,17460.6
14.370,90.10,0.069,26357.11518,11404.9,13969.5
9.760,63.77,0.081,22320.91255,19084.4,7421.85
8.710,48.91,0.089,29867.79661,18251.7,19636.1
27.030,47.22,0.282,37503.71681,24462.8,15173.7
8.110,82.90,0.082,22132.31939,17869.3,10343.3
10.140,83.70,4.913,25273.22034,15804.3,12087.3
18.170,79.80,0.070,20676.92308,14916.9,7680
15.520,61.65,0.078,30904.94297,26503.8,13777.7
15.470,81.50,0.071,42124.26265,22443.2,27490.9
17.530,45.49,0.090,36692.42553,21665.9,16705.2
21.520,87.00,4.910,26678.23009,15964.2,13167.4
19.700,57.56,0.107,29134.00438,17088.8,8263.59
21.040,87.60,0.065,39658.80795,25035.3,26035.2
18.600,56.98,0.083,29822.05323,24125.2,9576.95
14.230,38.82,0.076,32158.17490,27052.5,9623.05
11.200,74.40,0.082,23113.53191,14436.6,10730.3
12.130,71.00,0.085,29568.81356,19247.4,13355.1
15.300,84.40,0.094,24464.24508,15356,8071
16.010,86.80,0.066,23436.81378,12556,15400.7
22.170,69.42,0.069,31958.09101,21915.5,23340.9
11.600,72.00,4.917,22954.21277,12501.2,14434.8
23.690,64.49,0.054,35602.64901,18729.7,23022.3
11.870,53.62,0.083,27511.89873,17175.7,13226
12.420,85.70,0.074,23267.69231,18557.9,10317.1
14.430,70.30,0.074,38715.25424,23325.2,18165.7
22.870,70.90,0.068,34610.41575,21831.5,12932.3
26.860,39.59,4.908,39047.81354,26956.3,25700.3
15.420,54.21,0.080,25370.84746,15910,15612.8
18.410,64.68,0.081,22247.90875,16992.9,9772.87
16.620,52.12,0.082,35969.49153,23434.7,16984.8
36.420,24.18,4.928,41289.56811,28644.3,30559.3
27.860,50.08,4.908,41419.57825,28381.8,25856.8
21.010,79.70,4.920,43927.08197,26961,25885
24.340,61.83,4.925,37656.63717,23310.2,14091.1
15.850,72.90,0.078,21105.53283,12838.3,12317.1
23.320,70.80,4.911,29484.03996,20330.3,20807
29.830,44.81,4.907,41975.76027,28511.1,26801.8
11.300,77.30,0.088,33126.07595,19342.2,16690.1
12.250,64.16,4.920,38381.53846,32106.2,16279.5
26.820,75.20,4.904,39751.03219,28199.4,29732.9
20.680,53.30,0.075,31025.87729,16313.6,19758.5
22.030,75.80,0.068,29626.49007,19519.3,14964.2
21.020,59.47,0.071,32418.46154,25653.7,18245.8
9.020,86.70,0.082,23629.36709,18102.1,13474.7
19.120,69.55,0.082,40726.88742,24911.9,25332.2
21.000,73.50,4.920,38372.69147,24281.3,16795.6
26.710,70.90,4.924,36767.04319,24789.9,25028.3
28.510,68.90,4.918,36014.35216,22283.5,30336.4
18.040,64.65,0.084,37047.82979,17663.4,22929.7
10.330,84.00,0.067,41290.16949,25404.3,24805.6
21.580,51.75,4.904,23685.68257,15308.6,16124.4
8.760,85.90,0.087,22661.59696,18399.5,9934.21
27.880,37.41,4.903,36452.29745,24470.1,26356.4
25.710,74.90,4.916,30885.84718,21091.1,19093.6
14.910,67.02,0.087,39853.99240,33982.2,16146
24.290,63.72,4.928,35980.88496,19916,15879.7
8.650,84.50,0.088,24164.05063,15136.8,15267.5
27.340,70.50,4.914,36256.74419,24820.3,31017.2
30.040,44.51,4.908,42448.83463,28705,27439.7
17.950,75.50,0.070,23014.81967,10476.8,11141.1
20.620,50.40,0.076,31397.89020,16090,19013.8
20.090,62.06,4.920,36310.03279,22866.9,19186.4
22.200,68.46,0.065,44479.29978,25711.6,19404.3
23.660,69.45,0.067,37382.78146,23111.9,20417
26.990,83.70,4.909,49327.59156,34304.5,37924.5
16.100,78.70,4.910,42574.17722,25630.4,25538.3
22.760,72.70,4.910,30647.54717,21166.6,19200
12.980,69.78,0.086,21827.69231,16616.5,10137.8
13.930,52.84,4.920,32003.38983,19681.5,20215
12.280,80.80,0.086,27929.87234,17257.3,16583.2
20.710,58.03,0.086,36358.06243,20690.8,18298.2
27.750,32.78,4.909,30649.83389,21497.5,24727
23.230,63.10,0.067,34162.97593,22022,12891.4
25.860,44.05,4.905,25533.22974,17882.2,18712.5
24.020,56.62,4.924,31718.23009,18767.2,14397.1
7.250,84.20,0.085,27504.18251,21971.2,8689.56
11.400,79.30,0.088,23266.72340,13229.3,12826.5
20.680,57.96,0.070,30782.95082,17468.7,17245
20.400,42.53,0.084,35076.92308,29703.7,16059.8
16.510,68.96,0.076,31519.39163,25259.3,9369.51
13.740,36.83,4.919,33925.42373,20812.2,16481.1
10.320,84.90,0.076,23260.59574,13661,14121.3
26.170,41.34,0.084,30254.16393,17728.8,17379.1
27.050,73.90,4.904,39367.45838,27959.9,29028.7
17.530,84.50,4.917,32067.14754,20377.7,18994
23.250,51.38,0.272,47322.47788,28466.9,21869.2
21.090,62.52,0.272,31864.77876,20597.1,12785
28.590,73.10,4.904,43567.59156,34563,37268.5
21.010,74.70,4.919,33646.21444,27567.6,10971.4
12.320,78.00,0.090,34894.17722,22821.9,22004.8
28.870,41.38,4.929,37685.77681,23493.4,13253.3
19.980,86.70,0.067,30389.40397,17506,18585.6
25.690,52.31,4.924,46073.60710,27032.3,22468.2
15.580,86.10,0.070,28607.79333,17193.5,15127.3
12.350,83.00,0.073,42513.70213,23912.2,25687.7
19.870,61.95,0.076,28744.19806,15232.2,18274.9
11.390,56.85,0.081,23591.48936,14700,10596.8
16.870,49.44,0.086,18086.15385,17773.1,7546.99
14.140,85.20,4.916,36471.82979,21768.3,22023.9
6.354,89.80,4.921,30032.54237,18652.9,14426.1
29.560,33.14,4.923,35330.97345,21745.9,13749.9
20.410,83.10,4.919,33107.25664,22924.7,12637.9
21.060,87.20,0.293,28264.77876,18576.3,11920.1
22.620,68.53,0.068,33854.17943,19064.3,13410.8
14.530,80.30,0.087,26302.78481,16187.2,15955.7
27.380,39.81,4.902,34508.85683,25093.6,23064.1
12.960,89.70,0.084,33107.22433,26220.3,9634.57
13.340,87.00,0.080,18408.43918,9403.26,10507.6
21.170,73.70,4.919,33381.53173,27212.9,10778.8
32.600,26.01,4.923,36426.90265,22939.7,13967.6
20.730,81.60,0.067,44910.19868,27572.6,26885.9
14.770,58.78,0.077,43763.74468,25672,25612.3
14.260,67.26,0.080,43132.88136,26783,25378.7
21.180,82.30,4.916,26282.38411,14463.6,14137.1
15.460,67.56,0.074,28562.73764,22722.3,8315.01
23.960,48.32,0.283,46940.17699,28912.3,21592.6
14.890,66.98,0.072,33077.46835,21107.6,19789.9
20.050,65.91,0.082,42507.01987,25604.2,26815
8.070,88.10,0.085,21302.27848,13732.5,13896.9
21.160,67.16,4.919,33376.52459,21678,16965.2
21.370,66.48,0.072,29249.23077,22860.7,11213.5
13.580,75.90,0.088,20615.69620,13061.4,14365.3
20.490,62.73,0.072,32809.96721,18122.6,17373.3
17.150,85.30,4.916,25201.57549,15878.8,11467.5
17.980,88.10,4.918,30961.57549,21066,9588.33
27.680,67.23,4.919,40652.43063,26728.2,27469.8
18.660,81.00,0.072,23968.21192,15432.8,11413.7
12.780,42.90,0.086,33333.55932,20458.4,16371.1
16.980,74.00,4.913,38205.56962,22975.1,22831.8
16.600,57.14,0.085,39385.55133,32660.3,15183.7
17.730,80.30,0.085,41322.01313,34259.8,19684.4
17.300,79.30,0.078,35211.02260,19063.1,21242.2
15.390,90.70,4.911,24550.81967,15295.4,11036.1
10.270,89.60,0.080,24743.48936,15790.2,11165.8
33.700,36.05,4.908,38184.77248,27655.8,27939.3
12.870,63.75,0.085,38581.01695,23576.9,23798.4
19.500,81.40,4.916,25762.45077,16341.9,11362.4
13.120,69.83,0.079,26218.98305,15206.1,16469.5
15.460,62.18,0.082,34261.01695,21479.6,16753.2
10.180,78.30,4.919,24265.53191,13306.1,11763.9
18.090,51.65,4.924,42051.14754,25586.4,24497.5
22.990,73.10,0.072,30033.37748,23355.1,16334.8
29.130,43.58,0.069,39642.35294,26598.9,26169.8
9.970,86.00,0.069,22789.83051,12412.2,13661.9
25.820,61.21,4.926,35901.45695,22707.7,27907.9
22.780,69.93,0.068,35196.49891,22279.7,12856.4
16.210,59.50,0.073,28751.33080,23355.6,10424
26.630,81.30,4.905,48215.22752,32464.6,37804.1
21.910,51.33,0.085,31852.30769,26516.5,11028.4
25.330,79.00,4.914,27906.97674,23445.6,19503.3
25.710,62.74,4.924,32887.94702,22127.7,21303.1
21.090,83.50,0.070,36526.21444,23568,12681.3
19.100,82.40,0.070,21532.30769,16795,9837.11
25.630,51.48,0.280,38561.41593,24777.1,15450.2
17.760,45.34,0.085,36552.91139,21840.7,17118.1
26.690,71.40,4.916,36103.65449,23627.8,22883.3
14.890,84.30,0.079,24106.21277,15303.7,10428.4
11.780,68.21,0.081,22681.51899,10519.1,11525.8
25.740,48.85,4.918,32014.00438,17406.2,12745.5
16.400,77.00,0.074,38584.61538,32612,20079
16.260,63.59,4.918,30350.28446,17428.6,14881.5
22.090,45.92,4.914,28595.88040,19074.7,22383.3
21.150,43.54,0.075,32588.33154,20250.9,17256.7
14.360,86.30,0.067,33859.37567,19272.1,23668.4
17.450,83.70,0.082,41656.01751,34681.7,19818.6
16.820,36.49,0.087,40824.30380,25386,23664.6
16.540,44.57,0.085,32047.65957,20714.6,14434.8
12.410,84.40,0.077,22684.59574,13404.9,14127.1
23.150,66.29,0.069,33008.74172,15807.1,21752.1
18.060,67.24,0.082,22296.36761,19471.4,9103.95
8.080,86.20,0.085,21861.26582,14283.3,14162.9
20.620,64.26,0.075,31398.12766,18976.8,14765.8
25.290,24.12,4.917,32268.59016,20589.5,15910
10.700,88.40,0.084,17808.60759,17821.3,14671.8
20.290,83.40,0.067,23472.31788,11567.2,12843.3
10.500,83.80,0.089,35035.74144,29033.4,15160.6
21.100,48.30,0.082,32246.15385,25943.8,10907
13.920,66.10,0.077,35286.10169,22023.1,21569.6
22.650,41.91,0.081,37039.47020,20952.6,17882.6
22.110,79.00,4.924,48157.16814,28713.9,21092.5
11.780,80.40,0.081,30740.68441,25535.4,13149.6
11.720,86.30,0.082,25625.87234,15000,15845.8
17.100,45.43,0.086,30594.67681,25822.6,9801.68
17.770,75.70,0.069,31022.16393,19523.2,18731.7
21.920,51.78,4.917,26907.61062,14534.7,12937.9
20.590,81.00,0.070,42100.13245,25701.5,26289.2
14.350,66.40,0.084,32476.72766,17633.4,21317.8
10.910,85.80,0.077,22572.15190,14815.8,14966.7
15.730,73.70,4.914,26200.35398,13812.5,11996.6
20.750,51.42,4.903,40435.07214,28233.6,31857.6
13.350,47.41,0.084,27274.93671,17354.4,12503.1
12.730,63.05,4.920,23377.02128,12976.8,14562.6
15.890,86.60,4.917,24672.21007,18933.6,8000.97
11.830,81.40,0.080,37311.02662,30646.2,15742.6
10.040,89.20,0.081,22770.38298,13708.5,13459.4
25.270,54.85,0.233,35229.02655,20002.1,16426.9
8.880,85.70,0.083,26102.27848,17179.3,16713.3
25.410,86.20,4.920,30943.25581,19367.1,26106.8
15.710,58.79,0.083,45168.60759,27257.1,25445.8
14.590,89.50,0.070,32141.91604,17692.1,22341.8
19.590,59.20,4.923,32934.09190,18526.6,12786.4
22.990,59.25,4.916,32482.30855,21881.3,23834.5
25.280,35.46,0.069,30745.18033,18371.5,16959.4
13.050,78.00,0.075,46766.29787,23974.4,25229
24.400,39.74,0.072,33158.75135,20305.9,18449.5
22.070,64.93,4.906,26777.94020,17426.6,19370.7
19.340,62.74,0.073,32972.74489,19712,18135.3
16.590,86.80,0.070,24776.06028,14103.1,15389.1
15.790,86.30,4.907,28971.57447,16862.2,17761.9
13.990,63.08,0.079,23882.03390,14239.5,15051.3
23.260,81.80,4.921,46914.69027,28253.6,20263
20.840,72.30,4.919,31153.75415,20536.7,23769
28.010,46.50,4.921,36184.13115,21945.5,19466.2
26.130,90.40,4.910,36286.08213,25397.7,24171.5
19.780,84.00,0.084,33061.77049,20392.6,16481.3
18.280,67.35,0.079,37624.37086,23171.7,24221.5
17.890,86.20,4.914,26577.83607,17086.1,16580.4
20.590,85.60,4.922,45638.86214,29897.9,19340.1
14.840,80.00,0.080,27125.94187,16277,12869.8
26.190,42.02,4.919,30968.77076,19435.4,19949.1
17.820,71.80,4.923,26385.13274,14908.9,10308
15.580,83.10,0.074,32365.12379,21526.7,18629.8
11.450,83.80,0.078,22519.18192,12438.7,15034.2
19.780,84.50,0.067,23472.31788,12469,10651.6
6.940,86.80,0.087,23137.21519,14852.3,11687.7
19.830,80.20,0.064,33765.95186,20767.2,12984.8
25.530,70.60,4.925,47469.02655,28324.7,19980.6
25.410,43.21,0.276,35770.61947,22307.3,14914.8
16.170,70.10,4.913,31078.48101,18499.7,14723.9
26.220,43.48,0.272,38453.09735,23927.7,15014.8
14.930,85.10,0.086,33753.97201,18168.6,22562.9
7.930,83.80,0.089,22869.87342,14958.1,12173.5
22.810,75.30,0.072,46308.87417,26498.5,28203.3
24.350,67.81,4.921,35157.61589,19040.3,22656
16.340,68.16,0.072,21420.53232,16753.6,8983.43
22.430,66.53,0.072,32973.63934,21711.5,17046.8
18.380,75.10,0.084,33867.54098,20686.1,21180.2
10.410,67.98,0.085,34578.22785,22351.4,17071.8
32.790,39.02,4.926,34017.80731,27132.9,23618.4
8.140,52.39,0.089,25511.18644,14578.7,14426.1
10.510,77.20,4.919,33986.44068,20903.3,16388.5
24.130,61.95,4.928,33769.91150,19440.7,14485.3
11.760,51.92,0.081,26618.73418,17609.7,12283.4
19.090,63.15,4.917,26178.38074,15277.6,11543.3
19.220,69.61,0.072,21790.76923,16821.1,10536.9
19.990,89.30,4.915,25945.43046,16327.2,20334.3
27.960,51.92,4.907,45059.40199,32130.4,43591.6
19.150,90.00,4.922,23442.88525,14968.4,10878.7
18.120,29.15,0.087,34693.67089,21800.6,16707.5
23.160,75.10,0.092,35297.33042,22589.6,11654.2
10.780,91.70,0.083,23509.83051,13221.9,14981.8
13.620,73.80,4.915,27022.84464,14534.4,12453.7
27.570,41.88,4.923,37610.15317,23157.3,12967.3
19.930,87.10,0.068,21272.58278,10186.3,11242.3
14.720,72.10,0.083,42379.74684,26994.5,24445.3
19.280,73.20,0.069,44581.77049,26686.1,26683.7
19.390,84.90,4.919,40962.80088,24654.8,17595.1
7.980,94.00,0.078,19990.87452,13973.6,6995.44
26.110,52.07,4.920,43955.88040,27459.5,34969.7
22.840,67.60,0.070,35095.66740,19486.3,13142.4
14.830,86.90,0.072,23957.63186,13553.2,15621.8
21.140,58.41,0.071,31538.46154,26222.7,17181.7
11.270,72.10,0.081,35558.93536,30683,15293.2
24.200,38.21,4.920,37084.59574,19986.6,16507.7
35.730,26.84,4.908,41251.29568,29901.3,33849
21.910,47.16,0.075,24487.86885,14336.8,14924.7
26.750,43.41,4.920,34106.25821,18485.5,13428.3
16.750,78.90,0.070,42930.29064,23165.4,27921.5
16.470,76.90,0.073,31796.92308,25594.2,15105.5
15.350,63.15,0.078,21341.44487,17258.1,9213.93
11.270,69.16,0.088,22808.13559,12452.3,13777.7
26.180,59.87,4.919,36702.51656,23617,29166.3
6.358,69.52,0.090,33885.56962,21322.8,20524.3
16.770,84.20,0.075,35372.22820,19180.4,20893.1
29.700,36.75,4.906,42225.08324,29191.6,27102.7
24.900,59.44,4.925,35214.68852,21808,17653.1
26.050,57.35,0.262,32004.95575,20305.2,13020.3
24.680,89.20,4.918,36957.33629,22200.6,19007.4
40.010,14.54,0.070,37889.70100,26753.2,29408.5
20.090,73.00,0.074,28135.38462,21075.6,9750.36
10.240,70.50,0.087,28599.23954,24103.1,12654
18.810,80.10,0.074,39846.15385,33571.5,19703.1
16.590,62.53,0.083,19351.08197,11234.7,10260.7
16.730,73.50,4.912,23355.94937,13882.1,14822.2
18.040,89.10,0.070,28541.90164,16640.2,17285.8
13.210,47.33,0.083,33915.94937,21424.9,16800
10.500,79.90,0.086,22114.06844,17744.1,10095.6
16.170,70.20,0.083,30486.15385,23980.2,16753.7
27.210,42.91,4.906,40332.78579,27378.2,25459.6
24.650,41.25,4.904,29106.17940,19291.1,26293.6
19.020,76.00,0.080,22671.25828,14400,11431.4
24.460,62.12,4.924,35273.62832,19796.3,15214.9
21.930,65.91,0.072,44109.13907,27407.9,27459
20.930,57.62,4.922,44437.78723,26429.3,25594.8
20.050,83.50,0.068,30147.81457,15732.2,17669.9
21.530,56.43,4.911,30737.04772,21603.8,22660.8
12.970,71.00,0.074,25821.95745,14729.3,15247.7
27.270,71.70,4.923,37864.18605,24079.7,26522.5
24.770,48.53,4.919,31254.03974,20290.2,15933
19.430,50.05,4.921,40369.02128,24120.7,23986.5
24.820,77.60,4.926,24430.56478,15789.9,17063.1
15.890,88.60,0.073,25451.88375,18593.9,19147.6
15.380,67.15,0.071,22527.75665,16558.5,7266.27
28.830,49.72,4.910,50844.91694,31488.6,43971.2
13.220,81.90,0.081,21913.30798,16201.3,9260.02
25.920,88.50,4.910,35621.22087,26184.6,29016.7
9.870,88.30,0.072,25590.50847,14710,15329.1
10.570,69.96,0.082,28362.53165,17850.5,17384.1
19.930,71.50,0.078,23367.34426,14834.7,10622.2
8.390,74.20,0.086,25596.61017,15629.2,12208.9
14.000,89.70,0.082,26127.70721,15536.5,12474.2
16.630,75.20,0.079,35544.30380,22107,15018.8
28.670,54.66,4.912,39407.84053,26088.6,31601.7
18.440,87.20,0.235,27369.45295,16629.5,11665.9
18.470,71.40,0.072,38455.38462,31648.8,21761.9
22.720,60.05,0.274,44729.20354,26169.2,20869
13.690,71.80,0.074,26865.76271,15906.4,14362.4
16.340,66.79,0.075,32324.05063,21005.5,16597.6
22.240,73.30,0.069,40854.03974,25136.4,22786
21.290,77.80,4.916,34761.66302,23336.5,10936.4
15.130,58.18,0.082,23802.71186,13039.5,12139.4
22.990,65.92,4.930,36739.11504,22524.3,14750.1
9.010,53.11,0.089,36622.37288,22107,24001
17.820,63.89,4.922,39360.00000,32939.3,17019.8
16.490,68.76,0.073,32868.76596,20528,16786.5
22.080,65.73,4.925,36360.39344,23550.5,17857.2
22.000,77.80,4.926,45563.89381,25289.8,20027.6
15.880,86.00,0.071,22338.46154,17988.8,10652.5
7.040,89.10,4.916,30984.40678,19039.5,14732.9
16.960,76.70,4.923,26716.32787,17030.3,15735.1
21.480,64.57,0.071,36769.23077,30696.7,16013.5
15.720,65.69,0.086,37779.46768,31872.4,15333.5
19.360,66.09,0.287,25818.05310,15672.3,9837.3
20.850,61.82,4.922,31040.00000,26074,15608.7
22.740,77.20,0.071,27604.76821,21768.4,15058.7
28.890,74.10,4.905,39182.06437,30613.3,29528.3
13.680,87.00,0.070,32216.31862,17934,18850.9
27.230,36.78,4.907,30180.86570,22029.6,22498.3
23.250,69.61,0.070,34636.29139,20436.2,20972.3
17.730,58.01,0.082,28988.59316,22166.3,10343.3
19.790,47.68,0.080,45702.29508,27328.8,26304.8
20.470,79.20,0.086,36727.87746,21846.5,16130.3
18.470,69.01,0.082,29247.43982,25058.1,15745.2
24.710,38.30,4.924,34903.14894,20096.3,17924.5
18.660,61.77,0.075,23969.23077,18353.3,11994.2
28.450,68.36,4.925,36791.12098,21790.1,17249.9
19.160,80.70,4.911,25044.02626,16020.7,11129
17.920,65.79,0.080,24324.23841,15485.2,14420.7
27.230,71.40,4.922,37857.80731,24155.7,26564.7
20.250,86.00,0.068,35844.23841,21832,20600.1
21.580,51.73,4.905,29707.79134,20911.9,21414.9
15.990,79.10,0.075,43990.52745,22751.1,27805.1
20.510,86.10,0.069,35070.45952,22346.9,12197
14.340,86.50,4.917,21063.34426,13378.3,12557.7
17.200,80.80,0.080,32613.13240,18029.3,18914.9
26.780,72.30,4.908,37590.23307,26104.8,24219.7
7.650,86.80,0.085,21856.27119,14119.1,11878.9
8.090,77.40,0.079,23088.81356,13502.7,14373.9
24.480,75.90,4.903,34566.39290,23972.1,28276.4
20.710,46.52,4.919,45181.59292,25278.6,21710.3
19.450,63.93,4.923,28558.19160,17083.5,16849.5
13.090,71.50,0.082,31515.25424,19506.4,19607.2
15.820,41.97,0.088,44591.39241,27501.5,25665.5
21.670,77.80,4.915,24282.47788,15343,9560.78
18.270,69.24,0.086,27596.32385,22201.2,14286.2
12.620,48.10,0.077,43193.91635,31077,16065.3
28.330,72.40,4.906,41668.90122,28400.8,27770.8
15.950,60.58,0.085,40062.63830,23228,24480
16.460,52.85,0.086,30339.16350,27369.1,8678.03
21.060,80.00,4.912,31482.47788,18276.9,14438.2
19.280,78.20,4.919,41505.13274,24986.7,18321.4
19.060,72.90,0.073,21827.69231,17159.5,11392.8
19.690,89.60,0.271,26209.89059,16117.8,11957.7
26.230,67.69,0.066,40562.93008,28275.4,27168.9
8.930,72.50,0.088,21526.77966,12466.9,13881.9
26.950,51.32,4.918,39891.67592,25705.6,28601.4
14.970,61.72,0.075,26053.67089,16088.8,12364.3
20.650,62.86,0.106,26272.91028,16580.9,11870.2
12.910,77.60,0.086,35037.95745,21581.7,16861.9
20.780,70.60,0.173,27445.07659,16383,11841
19.590,68.85,0.071,37316.92308,30495.9,16782.7
19.430,71.20,4.916,28978.46154,21354.5,18720
18.130,79.00,4.919,25495.08197,16577.1,11753.2
19.640,66.12,0.073,33629.96771,19829.3,18350.5
19.940,57.82,4.916,24161.41593,12435.3,13744
20.150,85.20,0.068,25188.87417,15694.8,11549.5
21.440,66.78,0.080,39226.49007,24489,24339.7
10.360,50.88,0.086,22197.96610,13338.6,13169.8
18.630,45.56,0.084,34487.08861,20706.4,19292.5
23.930,60.49,4.940,34094.86726,23257.8,14826.6
16.780,64.39,4.920,26644.72648,15639.8,12372
16.060,58.07,0.083,32473.84615,26546.3,14232.3
13.830,71.80,0.072,30689.23077,25627.7,12948.4
15.720,68.62,0.077,34128.60759,20761.1,16244.8
18.170,80.70,4.923,32355.39823,19459.5,15020.7
14.070,69.31,0.082,31586.31179,25380.8,10850.4
23.870,72.60,4.918,38132.98013,20645.7,23105
19.100,59.73,4.921,30392.92035,16237.4,13461.6
6.804,77.20,4.920,24370.16949,15045.6,15508.6
15.770,59.19,0.085,37469.20152,32546.2,15327.7
23.460,53.86,4.925,31730.97345,17666.9,13755.8
26.360,50.38,0.279,36159.29204,23059.5,15044.2
26.540,32.91,4.914,36894.61794,25112.7,30776.2
22.380,54.05,0.073,34939.91489,21292.7,15363.9
25.700,89.60,4.909,30084.97225,21067.8,21493.2
24.790,77.60,4.908,32238.13953,22143,22564
15.870,73.30,0.073,23081.36882,17961.3,9853.54
19.820,67.41,0.071,36412.30769,28844.6,16921.4
38.800,15.31,0.069,38636.01329,27387.3,30420.8
27.390,44.04,0.081,36410.75410,21555.4,20334.9
20.950,74.50,0.066,29347.69231,24091.7,14856.9
22.430,63.22,4.907,43548.41287,27724.2,29534.3
22.610,67.20,0.073,30808.13115,17405.6,16055.7
10.540,88.30,0.087,19878.12766,12201.2,11020.6
23.060,73.80,0.068,39048.47682,24200.8,21935.3
17.120,51.02,0.081,33334.46809,20202.4,16670.3
14.600,77.70,0.075,35209.53191,21596.3,16594.8
3.835,78.10,0.805,26120.50633,16223.7,11635.7
20.450,47.83,0.083,29009.23077,23533.9,9125.78
13.610,72.30,0.076,43518.63830,23802.4,26732.9
21.800,84.80,4.917,47364.23841,27576.3,32858.6
16.740,64.99,0.081,31937.36170,20667.1,15857.4
27.750,74.30,4.907,46934.75083,31211.4,44664.1
22.770,70.30,0.070,38489.00662,23302.7,21273.6
21.130,52.02,4.905,44430.63263,30320.6,34247
9.470,71.10,0.081,32048.66920,27291.8,13985.1
16.070,56.71,0.077,37292.77567,31294.3,15177.9
26.340,67.19,0.066,40652.43063,28267.8,27439.7
24.890,35.94,0.078,34497.99785,21633,18949.8
22.010,67.12,4.921,25423.00885,13973.4,12961.5
7.690,62.50,0.085,33907.11864,20538.6,20747.6
14.140,66.69,4.914,42452.65823,25214.6,25868
22.420,36.97,0.077,32303.12164,20514.9,16721.5
35.320,31.21,4.908,39139.93355,27512.7,34216.6
15.850,89.70,4.913,25910.55738,16592,11560.8
21.080,93.50,4.917,25435.75221,16039.1,9672.56
14.080,81.90,0.080,25033.84615,17103.7,11953.7
24.440,92.20,4.918,23749.61154,14000.8,11459.8
12.410,46.24,4.923,34810.16949,20753.8,17239.5
24.330,40.00,0.076,40729.18033,23918.3,25098
27.270,55.87,4.923,30357.61589,18333.1,22596.9
9.320,85.60,4.920,41918.64407,24904.6,25384.5
23.960,66.18,4.923,36070.81967,22209.3,18929.9
17.520,86.30,4.919,26600.61269,19150.2,9815.93
13.650,85.80,0.086,23701.78723,14831.7,11287.7
18.180,80.60,0.069,43420.59574,25653.7,24822.6
10.560,88.40,0.082,23370.89362,14059.8,13761.3
16.470,75.30,0.071,33400.55974,18040.3,19287.3
16.870,64.26,0.084,43959.52637,23711.6,27595.6
15.290,59.33,0.081,37616.94915,22781.8,18339.4
13.680,87.60,4.919,34553.84615,26468.2,16672.8
15.190,56.51,4.927,34572.25532,19064.6,19016.1
14.050,50.83,0.093,32322.43346,26297.6,9329.17
21.440,66.48,0.067,29938.46154,22068.6,11525.8
24.350,80.30,4.925,27721.99336,17787.3,22286.9
16.750,89.60,4.913,21584.24508,11797.1,7697.51
27.870,75.60,4.904,45741.17647,31366,37057.8
17.270,69.90,0.083,42725.68353,21937.3,27822.5
16.870,72.40,4.916,41036.96203,25251.1,24977.3
22.350,48.62,4.918,27589.38053,15141,13373.3
20.700,69.31,0.071,39273.84615,32593.4,17436.1
19.160,54.10,0.081,22387.69231,17918.2,10392.3
13.420,62.02,0.075,43653.44681,25865.9,25798.1
17.800,80.80,0.080,26165.77681,15531.5,11823.5
20.360,84.20,0.066,42863.04636,23392.5,25320.4
26.450,49.92,4.907,31421.08768,23470.3,25134.5
24.240,81.00,4.920,25865.78073,16784.8,15153.1
7.870,93.70,0.080,24851.71103,19622,7081.87
14.860,69.36,4.912,32666.55319,18940.2,16333.5
24.810,56.85,4.925,37350.79646,21757.2,14761.8
14.670,65.55,0.084,42565.42373,26669.9,25002.5
22.940,60.09,4.903,30257.58047,21413.7,23413.2
15.340,42.49,0.089,33949.83051,21147.7,15572.3
21.140,41.51,4.920,29378.46154,22280.6,10872.3
19.770,79.60,4.912,28522.71335,17996.3,12984.8
25.350,58.27,4.917,36108.59016,22257.6,17892.1
19.940,91.10,0.072,33072.73523,23474.7,11911
11.990,85.50,0.076,24290.04255,15153.7,11485.2
21.020,86.30,0.070,39226.49007,24358,24067.9
16.550,67.39,0.079,30746.44068,23277.8,17100.5
21.600,80.70,4.915,44350.72848,24084.8,29420.3
21.890,71.50,4.922,35441.31148,22881.7,17175.1
20.550,64.65,0.268,29265.13274,18684.8,11843.6
28.710,30.44,4.912,43369.41176,30457.4,33693.3
18.170,87.00,4.916,22297.18033,13482.4,13251.5
11.090,65.05,0.085,32220.75949,20283.3,19772.5
15.120,61.21,0.078,35993.87234,20952.4,16031.6
25.670,50.45,4.918,32467.74617,17578,13002.3
15.410,59.21,0.076,34486.46809,21234.1,16304.5
15.980,84.20,0.073,28806.20022,13666.8,13626.2
13.670,69.04,0.076,42156.61017,25477.2,26368.6
14.550,71.20,0.096,33480.00000,23897.9,17511.6
19.330,84.80,0.067,22369.23077,17375.2,11548.9
15.770,70.60,0.069,44802.75565,24107.5,29079.3
23.780,86.00,4.918,30082.12625,20210.1,23931.7
31.370,24.97,4.903,39840.53274,27830.6,28065.7
9.860,56.58,4.914,42937.62712,25539.2,25778.2
19.030,61.53,0.075,28498.46154,26628.1,9889.16
26.110,40.41,0.083,30405.24590,18196.9,17962.1
21.640,54.77,0.089,31845.44681,20261,15956.1
24.120,82.00,4.921,32392.80799,20471,17936.1
22.820,53.78,0.079,37535.36424,19523.1,19619.4
12.830,67.79,0.086,24833.89831,14841.3,14923.9
27.200,51.15,4.914,40115.42730,27233.8,25212.8
14.960,63.30,0.087,32638.78327,26776.3,10153.2
17.920,78.20,0.071,23115.54098,14151.1,11111.9
35.580,31.01,4.906,39286.64452,27710.1,34674.5
12.190,85.80,0.073,24277.78723,14045.1,14754.2
23.810,84.30,4.927,35135.36071,22710,24291.9
10.320,80.50,0.083,24689.25727,14447.7,12096
20.300,70.10,0.071,39396.92308,33385.5,20397.1
23.570,67.44,4.922,31813.50993,15852,18461.5
25.230,65.39,0.310,33699.82301,19014.1,15779.7
19.490,65.71,0.076,36615.38462,28658.7,20414.5
20.270,72.80,4.902,30279.86711,21334.2,20756.5
16.310,78.20,0.079,28750.39828,16482.3,18775.3
13.750,57.56,0.085,33284.05063,15767.8,18534.9
20.000,73.20,0.073,37629.05908,22571,16801.5
24.120,37.55,4.922,36633.34792,22608.3,14093.6
31.660,32.52,4.920,40740.99668,28192.4,29107.3
11.810,63.97,0.078,35155.44304,22190.9,16198.6
23.840,77.80,0.309,33769.91150,22049.1,14597.1
13.520,85.80,0.071,35986.04952,19235.4,22510.5
22.120,58.06,0.197,31934.86726,18437.8,14238.2
16.620,71.50,0.080,33411.64557,20797.6,14556.1
8.900,90.70,0.079,23332.88136,13681.5,14709.7
22.080,50.03,0.085,32012.30769,26245,10641
15.910,82.90,0.073,29723.83208,14685.9,18472.7
22.320,58.93,4.920,34786.87090,19900.8,14169.5
10.540,47.31,0.084,24150.50847,14509.4,14929.7
28.060,72.70,4.918,35338.20598,22135.4,29830.3
18.790,82.90,4.915,28125.68928,18130.7,13685.1
20.930,87.60,0.069,41667.81457,25716.4,26242
9.730,88.90,0.078,20860.83650,16540,8770.23
30.110,37.68,4.902,39405.81576,27260.4,27162.9
15.490,85.80,0.066,33884.17653,19862.3,18653.1
8.140,87.10,0.084,21788.35443,13984.2,14110.8
25.680,48.25,4.926,40236.89234,27553.1,24749.3
12.320,67.13,0.074,40431.93916,34206.8,16635.8
23.460,55.92,4.915,31045.31561,21531.6,22485.7
17.590,84.80,4.916,30252.74336,21394.2,8713.54
25.590,86.60,4.921,38555.56049,23842.9,18080.5
12.730,82.40,0.077,28652.93617,17279.3,17297.4
20.210,83.10,4.925,39255.92920,22591.7,17533
34.790,32.68,0.070,34808.77076,23783.5,24178.7
14.790,70.50,0.072,34956.81378,20573.5,19328
29.390,56.03,4.911,36039.86711,19731.6,27836
8.420,82.30,0.089,23142.20532,17663.1,10297.2
21.390,87.10,0.351,32024.07080,19564.2,17680.1
18.090,57.81,0.083,30898.85932,24408.7,9749.82
19.840,87.60,0.067,22455.09934,14235.3,11112.4
26.500,62.65,0.261,35560.35398,21753.4,16321
21.570,88.70,4.913,26971.32743,15975.5,13296.8
19.780,69.13,0.115,26046.03939,16304.6,11619.2
14.220,89.50,0.271,23846.02799,13703.5,12090.2
12.870,71.40,4.910,26127.45763,15698.5,15803.8
25.710,50.41,4.917,33489.83607,21347.4,17192.6
27.230,54.97,4.921,30027.01987,18056.1,22354.7
15.940,75.00,0.072,34204.59574,22430.5,16246.5
5.724,87.90,0.083,18482.12928,13222.5,6280.91
11.750,61.68,0.086,38412.16730,33091.1,16324.6
18.580,81.00,4.915,26613.21663,17163.5,11076.5
16.940,60.31,0.083,32961.35593,20381.8,15774.9
11.750,71.70,0.087,42981.26582,28092.4,25937.3
27.710,64.71,4.921,31995.74751,20027.8,25148.8
13.040,78.10,0.080,23672.42196,14623.6,12177.5
20.880,59.36,0.070,31211.01639,17609.9,17466.6
24.830,50.95,0.082,45525.42670,28295.9,18896.5
26.990,75.10,4.906,31798.26859,23698.4,24839.6
9.330,83.60,0.089,34114.57627,20998.2,15427.5
29.150,52.46,4.907,41521.86459,33160.3,24249.8
28.880,52.59,4.910,38789.10299,25769.6,30444.9
20.930,62.47,0.072,29581.53846,24359.5,16366.3
17.400,77.80,0.069,31106.52079,18728.2,14046.9
19.280,44.01,4.916,29729.23077,22143,10386.5
24.500,93.20,4.922,34937.18091,21409.9,17033.2
28.980,71.80,4.904,41617.75805,28853.2,31785.3
15.950,55.41,0.082,31829.65779,27225.5,10187.8
24.110,80.50,4.919,25042.92359,16279.7,17310.1
28.760,47.46,4.918,34229.40397,22973.4,22266.1
23.200,48.71,0.084,40958.62217,23161.7,26682.2
20.570,81.40,4.924,43020.59016,26448.3,25133
25.350,76.80,4.924,35395.61462,23232.9,22552
18.620,87.40,0.071,24295.38462,17538.8,9021.69
21.510,87.10,4.912,27289.91150,16143.9,12985
23.880,66.99,4.955,44901.23894,25099,21098.4
20.250,80.50,0.069,40553.17287,33023.7,17110.8
30.700,49.16,4.923,39273.88704,21030.4,25082.5
34.690,35.38,0.068,35433.88704,24406.3,24184.8
23.310,69.66,4.904,24730.36545,15243,17135.4
17.690,69.42,0.082,24110.16393,14396.3,14813.9
19.780,69.41,0.075,30455.38462,24556.6,17638.6
12.100,90.00,0.084,22169.87234,13368.3,13081.9
21.230,71.50,4.920,30759.91247,22563.5,11905.2
17.880,58.59,0.084,43473.83607,26102.8,25465.3
23.950,38.95,4.921,27347.25664,14792.9,12473.1
26.920,71.30,4.905,37641.37625,29853,25230.8
